matchid,team_home,team_home_id,score_home,team_away,team_away_id,score_away,mu_coach_player_all_t1,mu_coach_player_all_t2,mu_coach_player_suc_t1,mu_coach_player_suc_t2,mu_rel_all_t1,mu_rel_all_t2,mu_rel_suc_t1,mu_rel_suc_t2,seasonyear,mean_goals_t1_bin_5,mean_assists_t1_bin_5,mean_goals_t2_bin_5,mean_assists_t2_bin_5,mean_goals_t1_bin_3,mean_assists_t1_bin_3,mean_goals_t2_bin_3,mean_assists_t2_bin_3,mean_goals_t1_bin_1,mean_assists_t1_bin_1,mean_goals_t2_bin_1,mean_assists_t2_bin_1
2222535,borussia-dortmund,16,2,sv-werder-bremen,86,1,67.277779,37.888889,42,15.333333,30.379086,9.4509802,19.477123,3.3856208,2012,1.5023539,1.0013214,1.0316324,.80979246,1.3117039,1.1573124,1.0331876,.8489418,1.5268519,1.2203704,.82910055,.7962963
2222536,hannover-96,42,2,fc-schalke-04,33,2,45.444443,13.294118,19.888889,7.5294118,27.464052,11.551471,11.20915,5.6323528,2012,.98547709,.80837655,1.2601135,.92465615,.95337284,.85125661,1.1738344,.80357152,.65985447,.68518519,1.4145424,.99831933
2222537,borussia-monchengladbach,18,2,tsg-1899-hoffenheim,533,1,28.444445,7.7777777,13.944445,2.5555556,24.202614,11.156863,10.673203,3.8300653,2012,1.5350652,.78247023,1.117285,.89267123,1.3833214,.85097432,1.106125,.81417346,2.2231481,1.1448413,1.4480159,1.212963
2222538,vfb-stuttgart,79,0,vfl-wolfsburg,82,1,28.555555,23.166666,13.055555,10.555555,25.026144,10.281046,11.019608,3.8169935,2012,1.1578835,.88878447,1.3405219,.86771381,1.274822,.84054631,1.3046187,.88066375,1.3888888,.84722221,1.8186508,1.4203703
2222539,sc-freiburg,60,1,1-fsv-mainz-05,39,1,10.777778,38.833332,4.3888888,14.444445,11.993464,21.38562,3.8888888,7.5490198,2012,1.1286147,.63692713,.93488026,.61849582,1.1188167,.75462961,.94569904,.78302467,1.2555555,1.0888889,1.0324074,.97500002
2222540,fc-augsburg,167,0,fortuna-dusseldorf,38,2,0,.27777779,0,.055555556,3.993464,.22222222,1.0784314,.052287582,2012,1.2194582,.59191895,1.2304012,1.0033679,1.2347262,.64874738,1.3770987,1.1189755,.93703705,.5138889,1.9296297,1.5092592
2222541,hamburger-sv,41,0,1-fc-nurnberg,4,1,15.222222,33.277779,3.8333333,12,11.091503,13.254902,2.8300653,4.5947714,2012,1.1115843,.55124807,1.1175438,.56476837,1.0244354,.55343515,1.1528178,.57727075,1.4636244,.61018521,1.0148149,.87037039
2222542,eintracht-frankfurt,24,2,bayer-04-leverkusen,15,1,.33333334,2.8888888,.16666667,1.8888888,5.2549019,22.045752,1.5424837,10.477124,2012,1.2398468,.83424884,1.1677604,.86243767,1.4206117,1.1070106,1.151473,.98078108,2.3055556,1.75,1.0574074,1.0092592
2222543,spvgg-greuther-furth,65,0,fc-bayern-munchen,27,3,.83333331,18.722221,.5,11.944445,0,14.261438,0,8.6274509,2012,1.3742784,.92410862,1.5874865,1.2604651,1.2904259,1.0319885,1.702968,1.446184,2.0354939,1.5343915,2.2657406,1.7777778
2231384,borussia-monchengladbach,18,3,bayer-04-leverkusen,15,3,17.388889,2.3888888,8.333333,1.6111112,14.189543,18.045752,6.2026143,8.4771242,2012,1.6494606,.77402496,1.2767239,.89415658,1.5471442,.84464115,1.282666,.97260207,2.3990741,1.1865079,1.2481482,1.0833334
2231385,vfl-wolfsburg,82,0,hannover-96,42,4,22.166666,43.055557,10.055555,18.777779,7.0784316,25.065359,2.6928105,10.287581,2012,1.4515698,.95362419,1.3170247,.89864832,1.4658368,.97788602,1.3405967,1.0337963,2.0501323,1.3703704,1.1917989,.94444442
2231386,tsg-1899-hoffenheim,533,0,eintracht-frankfurt,24,4,7.7777777,.33333334,2.5555556,.16666667,8.7581701,5.2549019,2.9150326,1.5424837,2012,1.2895072,.91918635,1.2398468,.83424884,1.3098286,.85429692,1.4206117,1.1070106,1.7202381,1.2407408,2.3055556,1.75
2231387,1-fc-nurnberg,4,1,borussia-dortmund,16,1,33.388889,71,12.388889,44.611111,11.54902,30.490196,4.4313726,19.941177,2012,1.0316852,.48446533,1.5063943,1.022055,1.1059924,.49790564,1.297815,1.175831,.93148148,.73148149,1.5546297,1.3037037
2231388,1-fsv-mainz-05,39,0,spvgg-greuther-furth,65,1,42.166668,.83333331,15.777778,.5,23.777779,0,8.4771242,0,2012,.76398075,.54627365,1.3390932,.86379117,.77638686,.69770724,1.2918148,.99880952,.79166669,.63425928,2.1651235,1.6640211
2231389,fortuna-dusseldorf,38,0,borussia-monchengladbach,18,0,.27777779,22.222221,.055555556,10.722222,.22222222,19.392157,.052287582,8.5686274,2012,1.1698632,1.0681827,1.5217801,.74543321,1.1314638,1.0949014,1.3962183,.83510131,.95740741,1.3425926,2.2601852,1.1448413
2231390,sv-werder-bremen,86,2,hamburger-sv,41,0,38.222221,14.722222,15.333333,3.7222223,9.4836597,13.20915,3.3856208,3.5555556,2012,1.0316324,.74705982,1.2066997,.62577909,1.0217237,.75370371,1.1114826,.59686947,1.0050265,.76296294,1.5324074,.65833336
2231391,fc-schalke-04,33,3,fc-augsburg,167,1,14.388889,0,8.1111107,0,14.111111,5.346405,7.0457516,1.3790849,2012,1.3119763,1.0615728,1.1897866,.63737351,1.2263023,1.0372347,1.0958374,.60024649,1.2472222,1.0916667,.8759259,.47222221
2231392,bayer-04-leverkusen,15,2,sc-freiburg,60,0,2.8888888,10.055555,1.8888888,4.2777777,23.261438,10.797385,10.830066,3.986928,2012,1.1677604,.86243767,1.2395358,.73913169,1.151473,.98078108,1.137247,.75154322,1.0574074,1.0092592,1.2,1.0888889
2231393,fc-bayern-munchen,27,6,vfb-stuttgart,79,1,20.833334,24.111111,13.611111,10.444445,20.59477,14.48366,12.601307,6.2810459,2012,1.442098,1.2619359,1.118891,.88335186,1.4897525,1.4495791,1.2243168,.85990661,2.1787038,1.9990741,1.2703704,.88796294
2231394,1-fc-nurnberg,4,0,vfb-stuttgart,79,2,32.111111,31.722221,11.777778,14.944445,9.8235292,27.718954,3.6274509,12.196078,2012,1.0502361,.43513873,1.1200073,.94394076,1.1420153,.54949296,1.2835761,.93368608,.94074076,.75925928,1.3583333,1.0129629
2231395,sv-werder-bremen,86,0,fc-bayern-munchen,27,2,39,22.5,15.555555,14.777778,9.9215689,22,3.5294118,13.457517,2012,1.113536,.80631912,1.4513572,1.3174915,1.0811373,.83009261,1.492839,1.5120791,1.0883598,.8740741,2.175926,1.9990741
2231396,tsg-1899-hoffenheim,533,0,fc-augsburg,167,0,6.0555553,0,2,0,7.7908497,3.6666667,2.6862745,.97385621,2012,1.2817543,.9622128,1.2110828,.597691,1.3175006,.92407209,1.127403,.5454846,1.7063493,1.212963,.75555557,.41666666
2231397,fortuna-dusseldorf,38,2,fc-schalke-04,33,2,.27777779,13.222222,.055555556,7.5,.37908497,12.405229,.084967323,6.3006535,2012,1.0836259,.69159544,1.2979288,.95362318,.97841132,.66106302,1.1164075,.78998441,.60092592,.4861111,1.2523148,.88822752
2231398,eintracht-frankfurt,24,2,sc-freiburg,60,1,.33333334,11.333333,.16666667,4.8333335,6.006536,14.555555,1.7843137,5.1111112,2012,1.2030413,.78542733,1.3404974,.77061319,1.3357352,1.0213624,1.2173256,.79398149,1.9444444,1.5,1.3759259,1.3388889
2231399,hamburger-sv,41,1,hannover-96,42,0,13.277778,44.529411,3.3333333,19.470589,9.2352943,29.066177,2.4248366,12.051471,2012,1.4931475,.7559973,1.2697093,.88704741,1.3073159,.75540125,1.2464058,.98273808,1.6120371,.71388888,1.0100141,.84313726
2231400,hannover-96,42,4,1-fc-nurnberg,4,1,42.388889,33.055557,18.555555,11.888889,24.437908,12.830066,10.084968,4.4444447,2012,1.2863128,.86356062,1.1080741,.57032388,1.258238,.94004631,1.1194845,.57727075,1.0253307,.7962963,1.0148149,.87037039
2231401,fc-augsburg,167,1,bayer-04-leverkusen,15,3,0,3.1111112,0,2,4.1176472,23.79085,1.1437908,11.111111,2012,1.173256,.55668569,1.2480073,.93095618,1.1218474,.51991141,1.2632155,1.0425096,.71481484,.45833334,1.1222222,1.0462962
2231402,fc-bayern-munchen,27,2,tsg-1899-hoffenheim,533,0,20.777779,5.2777777,13.666667,1.7222222,21.915033,5.006536,13.411765,1.7058823,2012,1.4513572,1.3174915,.96587104,.7091825,1.492839,1.5120791,1.0267599,.79054034,2.175926,1.9990741,1.5322751,1.1722223
2231403,eintracht-frankfurt,24,3,borussia-dortmund,16,3,.33333334,71,.16666667,44.611111,6.006536,30.490196,1.7843137,19.941177,2012,1.2030413,.78542733,1.5063943,1.022055,1.3357352,1.0213624,1.297815,1.175831,1.9444444,1.5,1.5546297,1.3037037
2231404,spvgg-greuther-furth,65,0,fortuna-dusseldorf,38,2,.83333331,.27777779,.5,.055555556,.16993465,.37908497,.05882353,.084967323,2012,1.2184281,.84504551,1.0836259,.69159544,1.1870681,.97445142,.97841132,.66106302,2.0375817,1.5098039,.60092592,.4861111
2231405,vfb-stuttgart,79,0,tsg-1899-hoffenheim,533,3,31.111111,5.8888888,14.444445,1.8888888,25.601307,8.2679739,11.333333,2.7712419,2012,1.1812564,1.0568376,1.1045163,.90782273,1.1668553,.97158289,1.1619451,.91018319,1.0805556,.81851852,1.5998677,1.212963
2231406,fc-schalke-04,33,3,vfl-wolfsburg,82,0,13.388889,21.555555,7.6111112,9.7222223,11.888889,6.6339869,5.7843137,2.4313726,2012,1.346625,1.0499649,1.4066725,.9119575,1.1613101,.96163344,1.4228168,.94547862,1.2634259,.95674604,1.8742063,1.3648148
2231407,bayer-04-leverkusen,15,2,spvgg-greuther-furth,65,0,2.7222223,.83333331,1.7777778,.5,20.647058,.16993465,9.640523,.05882353,2012,1.2855451,.99594736,1.1811733,.7811799,1.3069164,1.1091762,1.1885388,.93932074,1.0851852,1.0277778,2.1748366,1.6470588
2231408,borussia-dortmund,16,5,borussia-monchengladbach,18,0,68.833336,22.444445,43.333332,10.888889,30.784313,20.82353,20.339869,9.0522881,2012,1.4501443,.94228297,1.5285298,.69719011,1.2589262,1.0739791,1.3579935,.75970447,1.5685185,1.3592592,1.9861112,1.0707672
2231409,vfl-wolfsburg,82,1,spvgg-greuther-furth,65,1,23.222221,.83333331,10.444445,.5,7.8039217,.16993465,2.8692811,.05882353,2012,1.3772109,.866503,1.2184281,.84504551,1.3825034,.88066375,1.1870681,.97445142,1.8279101,1.175926,2.0375817,1.5098039
2231410,bayer-04-leverkusen,15,1,borussia-monchengladbach,18,1,3.2222223,24.944445,2.0555556,12.111111,27.973856,20.254902,13.196078,8.973856,2012,1.1752949,.87381333,1.0890317,.74756992,1.1237093,.90917617,.974922,.83818775,.89999998,.87962961,1.3157407,1.1587301
2231411,vfl-wolfsburg,82,0,1-fsv-mainz-05,39,2,21.5,35.722221,9.6111107,13.5,6.8169932,14.816994,2.3856208,5.4967322,2012,1.4154053,.92205852,.86211914,.62029582,1.420965,.94547862,.86405724,.78131038,1.8742063,1.3648148,.85648149,1.0046296
2231412,fc-bayern-munchen,27,3,vfl-wolfsburg,82,0,15.333333,22.555555,10.611111,10.166667,15.797385,7.3986926,9.9934645,2.7058823,2012,1.5686412,1.4736376,1.3549886,.96764255,1.6595056,1.599537,1.357812,.99408972,2.3537037,1.9074074,1.9556879,1.3981482
2231413,sv-werder-bremen,86,2,vfb-stuttgart,79,2,38.222221,34.888889,15.333333,16,9.4836597,30.287582,3.3856208,13.300653,2012,1.0316324,.74705982,1.0893108,.86110669,1.0217237,.75370371,1.2650577,.84795374,1.0050265,.76296294,1.4555556,.92962962
2231414,hamburger-sv,41,3,borussia-dortmund,16,2,13.277778,73.666664,3.3333333,46.333332,9.2156858,36.248367,2.4183006,23.61438,2012,1.438874,.71559322,1.395896,.99692279,1.2540753,.72206789,1.2483201,1.1480532,1.5564815,.7027778,1.5240741,1.3148148
2231415,sc-freiburg,60,5,tsg-1899-hoffenheim,533,3,11.833333,6.5,5,2.0555556,15.150327,8.0588236,5.4117646,2.7058823,2012,1.2996024,.78709668,.91419643,.61287326,1.1066029,.82731479,.9582414,.67341071,1.3851852,1.3388889,1.3239418,.97777778
2231416,vfb-stuttgart,79,0,fortuna-dusseldorf,38,0,34.166668,.27777779,15.555555,.055555556,29.69281,.1633987,12.738562,.039215688,2012,1.0054077,.79546088,1.2237816,1.1101581,1.1507479,.74711198,1.2850353,1.1967533,1.3703704,.83333331,1.0648148,1.5277778
2231417,borussia-monchengladbach,18,2,hamburger-sv,41,2,22.222221,13.277778,10.722222,3.3333333,19.392157,9.2156858,8.5686274,2.4183006,2012,1.5217801,.74543321,1.438874,.71559322,1.3962183,.83510131,1.2540753,.72206789,2.2601852,1.1448413,1.5564815,.7027778
2231418,fortuna-dusseldorf,38,0,sc-freiburg,60,0,.27777779,11.833333,.055555556,5,.37908497,15.150327,.084967323,5.4117646,2012,1.0985831,.71011394,1.2996024,.78709668,.99230021,.67958152,1.1066029,.82731479,.63425928,.54166669,1.3851852,1.3388889
2231419,borussia-monchengladbach,18,2,1-fc-nurnberg,4,3,22.222221,33.764706,10.722222,12.588235,19.392157,11.301471,8.5686274,4.4264708,2012,1.5217801,.74543321,1.0063998,.37570837,1.3962183,.83510131,1.144907,.49778244,2.2601852,1.1448413,.90784311,.65686274
2231420,tsg-1899-hoffenheim,533,3,hannover-96,42,1,5.8888888,45.235294,1.8888888,19.705883,8.2679739,29.279411,2.7712419,12.125,2012,1.1045163,.90782273,1.2310047,.84209126,1.1619451,.91018319,1.2632626,.99964988,1.5998677,1.212963,.98984593,.82352942
2231421,fc-augsburg,167,0,vfl-wolfsburg,82,0,0,22.722221,0,10.277778,3.9281046,7.6209149,1.0718955,2.8692811,2012,1.2124717,.56594497,1.4515698,.94352317,1.177403,.53842992,1.4639848,.95010823,.82592595,.4861111,2.0223546,1.2592592
2231422,spvgg-greuther-furth,65,0,fc-schalke-04,33,2,.83333331,13.166667,.5,7.4444447,.16993465,14.013072,.05882353,7.0392156,2012,1.2525896,.81299752,1.3471946,1.0760213,1.1844617,.91800046,1.2534187,1.0276387,2.0354939,1.5555556,1.3513889,1.1048942
2231423,fc-schalke-04,33,0,fc-bayern-munchen,27,2,13.166667,20.444445,7.4444447,13.166667,14.013072,14.69281,7.0392156,8.9150324,2012,1.3471946,1.0760213,1.4112338,1.1016332,1.2534187,1.0276387,1.5345056,1.3018939,1.3513889,1.1048942,2.1731482,1.7407408
2231424,eintracht-frankfurt,24,3,hamburger-sv,41,2,.33333334,12.722222,.16666667,3.1666667,5.2549019,7.3267975,1.5424837,1.9673202,2012,1.2398468,.83424884,1.4770948,.7381053,1.4206117,1.1070106,1.317898,.75712484,2.3055556,1.75,1.6120371,.74722224
2231425,hannover-96,42,3,sv-werder-bremen,86,2,43.055557,37.444443,18.777779,14.944445,25.065359,7.1830068,10.287581,2.4313726,2012,1.2358078,.87087059,1.1149658,.78495157,1.2411815,.97824073,1.0842237,.80231482,.93485451,.77777779,1.0050265,.81851852
2231426,1-fc-nurnberg,4,1,eintracht-frankfurt,24,2,33.277779,.33333334,12,.16666667,13.254902,5.2549019,4.5947714,1.5424837,2012,1.1175438,.56476837,1.2398468,.83424884,1.1528178,.57727075,1.4206117,1.1070106,1.0148149,.87037039,2.3055556,1.75
2231427,1-fsv-mainz-05,39,2,fc-augsburg,167,0,41.666668,0,15.5,0,16.470589,3.862745,5.6732025,1.0457517,2012,.90353441,.6372745,1.2124717,.56594497,.93627948,.78748322,1.177403,.53842992,.97222221,.7962963,.82592595,.4861111
2231428,borussia-dortmund,16,3,bayer-04-leverkusen,15,0,74.222221,3,46.833332,1.9444444,35.38562,27.313726,23.496733,12.836601,2012,1.4501443,.94228297,1.095048,.80529481,1.2589262,1.0739791,1.0119669,.84744775,1.5685185,1.3592592,.83518517,.8425926
2231429,fc-bayern-munchen,27,3,1-fsv-mainz-05,39,1,18.833334,37.388889,12.222222,13.722222,16.169935,20.366013,9.7973852,7.2745099,2012,1.405061,1.163352,.69130963,.54302686,1.4804933,1.3421717,.67982602,.67306519,2.0537038,1.6796297,.69907409,.6574074
2231430,1-fsv-mainz-05,39,1,fortuna-dusseldorf,38,0,37.888889,.27777779,14.166667,.055555556,16.424837,.22222222,5.980392,.052287582,2012,.89071393,.62214768,1.1518077,.54745966,.90047699,.77359432,1.2093637,.59161854,.73148149,.74074072,.67500001,.55092591
2231431,spvgg-greuther-furth,65,0,hamburger-sv,41,1,.83333331,12.555555,.5,3.0555556,.16993465,8.3660135,.05882353,1.862745,2012,1.3292124,.92604029,1.4410642,.67636764,1.3011671,1.0818278,1.2499086,.6690917,1.7454249,1.4313725,1.6305555,.72777778
2231432,fc-augsburg,167,3,sv-werder-bremen,86,1,0,39.277779,0,15.777778,3.2026143,7.6274509,.84967321,2.640523,2012,1.1937218,.57388145,1.0316324,.74705982,1.2199956,.54795372,1.0217237,.75370371,.75185186,.43055555,1.0050265,.76296294
2231433,borussia-monchengladbach,18,2,eintracht-frankfurt,24,0,21.444445,.33333334,10.388889,.16666667,16.51634,5.4640522,7.2875819,1.6013072,2012,1.4322778,.70305425,1.3898468,.83424884,1.3878313,.76332003,1.5634689,1.1070106,1.9814814,.96891534,2.3888888,1.75
2231434,sc-freiburg,60,3,1-fc-nurnberg,4,0,11.055555,33.888889,4.6666665,12.333333,12.816994,11.777778,4.3398695,4.2810459,2012,1.3994578,.77757967,1.1183254,.56022286,1.2368863,.8057099,1.1370771,.56801146,1.3203703,1.2314814,.98240739,.87037039
2231435,hannover-96,42,1,borussia-dortmund,16,1,46.166668,73.666664,20.277779,46.333332,27.20915,34.908497,11.104575,22.522877,2012,1.3129265,.96078283,1.395896,.99692279,1.3125226,1.0650463,1.2483201,1.1480532,1.0539021,.94444442,1.5240741,1.3148148
2231436,vfb-stuttgart,79,2,bayer-04-leverkusen,15,2,29.444445,3.0555556,13.444445,1.8888888,21.82353,24.196079,9.5294113,11.372549,2012,1.1623876,.95755732,1.170048,.88198322,1.2993169,.93267596,1.1250982,.9433642,1.3212963,.98518521,.84907407,.8425926
2231437,sc-freiburg,60,1,sv-werder-bremen,86,2,11.388889,42.055557,4.8333335,17,15.836601,10.143791,5.6601305,3.8496733,2012,1.2154974,.77545649,1.1209434,.87753123,1.087411,.80015433,1.0408443,.9253307,1.3481481,1.3018519,1.0328043,.94814813
2231438,fc-schalke-04,33,3,1-fsv-mainz-05,39,0,13.333333,39.555557,7.6111112,14.388889,14.091503,17.82353,7.1307192,6.0980392,2012,1.3640512,1.0528733,.90353441,.6372745,1.2472458,1.0199226,.93627948,.78748322,1.3328704,1.0678571,.97222221,.7962963
2231439,hamburger-sv,41,3,fc-schalke-04,33,1,14.611111,14.055555,3.5555556,7.9444447,14.03268,13,3.7908497,6.5294118,2012,1.2626885,.66110259,1.3715217,1.0733556,1.0759888,.63915342,1.2426603,.9722774,1.425926,.67500001,1.4069444,1.1373016
2231440,sc-freiburg,60,0,fc-bayern-munchen,27,2,11.611111,21.833334,4.7222223,14.388889,12.686275,18.411764,4.4575162,11.352942,2012,1.3354794,.70845711,1.7811549,1.3023019,1.2532688,.79596561,1.877872,1.5394841,1.4685185,1.2833333,2.6740742,2.0462964
2231441,1-fc-nurnberg,4,4,tsg-1899-hoffenheim,533,2,34.333332,5.2777777,12.611111,1.7777778,11.69281,6.0392156,4.3660131,2.1307189,2012,1.0556474,.43564376,1.6072313,1.2941993,1.1309043,.54023367,1.6314336,1.2214266,.92685187,.75925928,2.1730158,1.6574074
2231442,fc-schalke-04,33,1,borussia-monchengladbach,18,1,14.333333,22.833334,8.0555553,11.055555,13.928104,20.568628,6.7124181,9.1111107,2012,1.3096817,1.0272136,1.0468829,.68707609,1.1734732,.92509925,.8547883,.75838172,1.3263888,1.0456349,.96388888,1.0013227
2231443,bayer-04-leverkusen,15,1,1-fc-nurnberg,4,0,2.5,34.333332,1.6666666,12.611111,18.888889,11.69281,8.7777777,4.3660131,2012,1.1714509,.89896953,1.0556474,.43564376,1.2050645,.9800095,1.1309043,.54023367,1.1,.97222221,.92685187,.75925928
2231444,sv-werder-bremen,86,1,bayer-04-leverkusen,15,4,31.611111,2.5,13.055555,1.6666666,4.5947714,17.346405,1.6274509,8.0196075,2012,1.2791198,.87225562,1.3460541,.8582288,1.2530475,.9748016,1.3919332,.92939222,1.1716931,1.0962963,1.7388889,1.175926
2231445,eintracht-frankfurt,24,1,1-fsv-mainz-05,39,3,.33333334,31.388889,.16666667,11.666667,6.0915031,14.215686,1.7777778,5.2418299,2012,1.5250363,.84381676,.84544271,.56688452,1.7135541,1.155681,.81845838,.68679965,2.1944444,1.6111112,.75,.83333331
2231446,fc-bayern-munchen,27,1,borussia-dortmund,16,1,21.944445,70.333336,14.444445,44.333332,21.640522,30.751635,13.202615,20.006536,2012,1.8277318,1.4192001,1.4535114,.9416517,1.9462481,1.6202922,1.2850204,1.0850902,2.7203703,2.0879629,1.5546297,1.3453704
2231447,1-fsv-mainz-05,39,2,hannover-96,42,1,34.444443,48,12.944445,21.111111,13.588235,30.235294,5.019608,12.372549,2012,.96002603,.6092456,1.140276,.92408252,.93671238,.7431488,1.1254001,1.0055225,.8425926,.87037039,.82208997,.83333331
2231448,fc-schalke-04,33,2,sv-werder-bremen,86,1,13.444445,27.333334,7.5555553,10.222222,11.882353,6.2745099,5.9019608,1.9738562,2012,1.3456796,1.0420928,1.2313362,.82495415,1.2401911,.99340755,1.2081596,.87116402,1.3791667,1.1095238,1.0050265,.76296294
2231449,tsg-1899-hoffenheim,533,1,sv-werder-bremen,86,4,2.8333333,26.166666,.8888889,9.7222223,4.346405,4.5294118,1.5359477,1.503268,2012,1.6042851,1.3043003,1.2269078,.72503835,1.6648631,1.2723324,1.1273454,.83220899,2.2146826,1.6574074,1.1216931,.88518518
2231450,fc-augsburg,167,1,sc-freiburg,60,1,0,10.222222,0,4.1666665,5.7973857,10.555555,1.4248366,3.6928105,2012,1.3408036,.59356236,1.1474583,.72770518,1.3546337,.63287437,1.0970519,.80908287,1.0518519,.52777779,1.2314814,1.2
2231451,vfl-wolfsburg,82,1,hamburger-sv,41,1,2.3333333,14.666667,1.2222222,3.6111112,8.6013069,13.366014,3.1699347,3.503268,2012,1.3906525,.89952767,1.147419,.58770931,1.3728491,.91399711,1.0383906,.57588184,1.8556879,1.2314814,1.4212962,.67500001
2231452,vfl-wolfsburg,82,1,sv-werder-bremen,86,1,3.7777777,38.722221,2,15.111111,16.607843,8.3660135,6.5424838,2.8431373,2012,1.2662904,.79573977,1.2103524,.85273194,1.2513781,.79733044,1.1924468,.91560847,1.7519841,1.0648148,1.0050265,.8740741
2231453,fc-schalke-04,33,1,eintracht-frankfurt,24,1,14.333333,.33333334,8.0555553,.16666667,13.928104,5.9281044,6.7124181,1.7254902,2012,1.3096817,1.0272136,1.4006773,.83918715,1.1734732,.92509925,1.6007897,1.1626256,1.3263888,1.0456349,2.2777777,1.7222222
2231454,sc-freiburg,60,3,vfb-stuttgart,79,0,11.666667,32.777779,4.8888888,15.222222,14.130719,26.627451,5.1176472,11.79085,2012,1.2780924,.74807554,1.1186898,.89369565,1.1973826,.76818782,1.2632058,.89109349,1.4777777,1.3111111,1.3490741,.98518521
2231455,spvgg-greuther-furth,65,0,vfb-stuttgart,79,1,.83333331,30.277779,.5,14.055555,.03267974,23.542484,0,10.464052,2012,1.404387,1.2120155,1.1554583,.86448812,1.2699294,1.240862,1.2946873,.8579846,1.6410494,1.4814814,1.3953704,.98518521
2231456,fortuna-dusseldorf,38,4,eintracht-frankfurt,24,0,.27777779,.33333334,.055555556,.16666667,.20261438,4.9019608,.045751635,1.4379085,2012,1.5049199,1.1207978,1.4867895,.85633481,1.4940314,1.1044853,1.5295184,1.0687983,1.9851851,1.625,2.1111112,1.7222222
2231457,tsg-1899-hoffenheim,533,1,bayer-04-leverkusen,15,2,5.2777777,2.7222223,1.7777778,1.8333334,6.0392156,14.48366,2.1307189,6.6666665,2012,1.6072313,1.2941993,1.4207506,.81748807,1.6314336,1.2214266,1.4695346,.91087371,2.1730158,1.6574074,1.9055556,1.2314814
2231458,eintracht-frankfurt,24,4,fc-augsburg,167,2,.33333334,0,.16666667,0,5.2549019,5.5816994,1.5424837,1.3725491,2012,1.2398468,.83424884,1.1440443,.54726613,1.4206117,1.1070106,1.1324114,.5742324,2.3055556,1.75,.86296296,.43055555
2231459,fc-bayern-munchen,27,5,hannover-96,42,0,21.944445,47.111111,14.444445,20.555555,21.640522,30.379086,13.202615,12.366014,2012,1.8277318,1.4192001,1.3177282,.94332254,1.9462481,1.6202922,1.2303383,.98435849,2.7203703,2.0879629,.97764552,.83333331
2231460,hamburger-sv,41,1,1-fsv-mainz-05,39,0,14.944445,37.277779,3.5555556,13.944445,13.470589,16.437908,3.4379084,5.993464,2012,1.4028401,.67869866,.89070028,.62126261,1.190495,.64270282,.86978114,.77637208,1.5888889,.74444443,.7037037,.7962963
2231461,tsg-1899-hoffenheim,533,1,vfl-wolfsburg,82,3,4.5,3.7777777,1.5555556,2,3.3464053,15.79085,1.2091503,6.2156863,2012,1.5527055,1.2740805,1.3536431,.83894968,1.5733846,1.2249539,1.3309388,.84362674,2.0824075,1.574074,1.800926,1.1259259
2231462,borussia-monchengladbach,18,2,vfl-wolfsburg,82,0,22.833334,2.3333333,11.055555,1.2222222,20.568628,9.6993465,9.1111107,3.6732025,2012,1.495031,.6946519,1.3844559,.89784414,1.2992327,.76393729,1.3795831,.90844154,1.9453703,1.0383598,1.8279101,1.1203704
2231463,borussia-dortmund,16,1,fortuna-dusseldorf,38,1,64.111115,.27777779,40.388889,.055555556,26.09804,.045751635,16.869282,.013071896,2012,1.2964852,.87657905,1.5568378,1.03701,1.163519,1.0091643,1.617785,1.0825998,1.4638889,1.2314814,2.0129631,1.6296296
2231464,hannover-96,42,2,spvgg-greuther-furth,65,0,46.555557,.83333331,20.333334,.5,30.130718,0,12.130719,0,2012,1.0450379,.82884443,1.5432492,1.2946742,1.0363349,.8963955,1.5136322,1.3534781,.7387566,.7037037,2.5823529,1.862745
2231465,vfb-stuttgart,79,2,fc-augsburg,167,1,31.722221,0,14.722222,0,23.254902,4.4575162,10.385621,1.0849674,2012,1.1631744,.9103986,1.3648536,.62615019,1.2946873,.89425004,1.4629669,.76481885,1.3814815,.97129631,1.0333333,.6111111
2231466,1-fsv-mainz-05,39,1,borussia-dortmund,16,2,29.888889,71.611115,11.222222,45.166668,14.104575,32.130718,5.2810459,21.013071,2012,.87013406,.62323374,1.4797739,1.0197402,.85152715,.75983769,1.2887241,1.1869421,.77777779,.9074074,1.5268519,1.3175926
2231467,fortuna-dusseldorf,38,2,hamburger-sv,41,0,.27777779,13.611111,.055555556,3.2222223,.22222222,11.921569,.052287582,2.9346404,2012,1.3938552,1.0993115,1.4033884,.6810329,1.539412,1.2006253,1.1775881,.65504849,2.0824075,1.5648148,1.5333333,.77222222
2231468,fc-augsburg,167,1,borussia-monchengladbach,18,1,0,22.833334,0,11.055555,3.7777777,20.568628,.94117647,9.1111107,2012,1.3576485,.57059461,1.0468829,.68707609,1.4157448,.66991144,.8547883,.75838172,.93148148,.47222221,.96388888,1.0013227
2231469,spvgg-greuther-furth,65,0,1-fc-nurnberg,4,0,.83333331,35.833332,.5,13.111111,.16993465,13.09804,.05882353,4.8235292,2012,1.3032068,1.0879976,1.229889,.52973419,1.2445767,1.1945657,1.24903,.52039242,1.9790124,1.4814814,1.1050926,.87037039
2231470,vfl-wolfsburg,82,3,bayer-04-leverkusen,15,1,3.7777777,2.2222223,2,1.5,16.019608,10.274509,6.3202615,4.7581701,2012,1.1903952,.81719363,1.4325166,.86777341,1.1673585,.83668232,1.5232981,.97099042,1.800926,1.1481482,1.9588236,1.2254902
2231471,1-fsv-mainz-05,39,2,1-fc-nurnberg,4,1,30.166666,30.166666,11.333333,10.888889,13.078431,8.2483664,4.7777777,2.9281046,2012,.86051869,.64248174,1.1021217,.5652734,.8370651,.79674244,1.1055956,.56801146,.72222221,.74074072,1.0009259,.87037039
2231472,hamburger-sv,41,0,fc-bayern-munchen,27,3,13.611111,21.111111,3.2777777,13.722222,10.091503,17.679739,2.6470587,10.803922,2012,1.4056916,.65551567,1.6078395,1.4540584,1.2127172,.62811249,1.7169551,1.6743326,1.6120371,.75,2.4287038,2.1435184
2231473,fc-augsburg,167,1,borussia-dortmund,16,3,0,64.944443,0,41.055557,5.986928,27,1.3986928,17.830065,2012,1.4158036,.65308619,1.4606541,.92028415,1.4018558,.68049341,1.2739092,1.1036087,1.0518519,.52777779,1.4574074,1.1601852
2231474,sc-freiburg,60,0,hamburger-sv,41,0,12.166667,13.888889,5,3.2777777,15.176471,12.385621,5.4117646,3.2745099,2012,1.288242,.76103848,1.2634952,.63328421,1.2208394,.77436066,1.1484075,.62480158,1.3944445,1.1722223,1.6490741,.77222222
2231475,fc-bayern-munchen,27,2,eintracht-frankfurt,24,0,20.611111,.33333334,13.5,.16666667,19.712418,4.9542484,11.960784,1.5294118,2012,1.6485802,1.4618556,1.2667089,.88054514,1.7661976,1.6814874,1.4206117,1.1125661,2.4592593,2.1518519,2.3055556,1.75
2231476,eintracht-frankfurt,24,1,spvgg-greuther-furth,65,1,.33333334,.83333331,.16666667,.5,4.9542484,.16993465,1.5294118,.05882353,2012,1.2667089,.88054514,1.305683,.91427559,1.4206117,1.1125661,1.2815593,1.0687559,2.3055556,1.75,1.7042483,1.4019607
2231477,bayer-04-leverkusen,15,2,fc-schalke-04,33,0,2.8333333,14,1.8888888,7.8888888,17.673203,12.986928,8.2352943,6.4836602,2012,1.1873239,.8397103,1.4017528,1.0756704,1.1855841,.89976257,1.2426603,.97845024,1.1833333,.9537037,1.4069444,1.1373016
2231478,vfb-stuttgart,79,2,hannover-96,42,4,31.17647,46.222221,14.705882,20.333334,26.485294,27.457516,11.772058,11.222222,2012,1.1518153,.89111894,1.3338658,.92559767,1.319865,.89775908,1.3167582,.98700398,1.4284314,1.0431373,1.0628307,.83333331
2231479,1-fc-nurnberg,4,1,fc-bayern-munchen,27,1,27.611111,19,10.111111,12.611111,10.568627,17.784313,3.862745,10.647058,2012,1.2071637,.54840833,1.4466634,1.2301772,1.2305956,.55928129,1.47411,1.412969,1.0939815,.87037039,2.0703704,1.6935185
2231480,hannover-96,42,1,sc-freiburg,60,2,48.444443,11.333333,21.277779,4.7222223,29.777779,14.300653,12.222222,4.9607844,2012,1.3670692,.9887771,1.2650938,.74693596,1.3573744,1.0888559,1.1447353,.75429893,1.0469577,.94444442,1.2555555,1.2092593
2231481,sv-werder-bremen,86,2,fortuna-dusseldorf,38,1,27.333334,.27777779,10.222222,.055555556,6.2745099,.37908497,1.9738562,.084967323,2012,1.2313362,.82495415,1.390879,1.0153167,1.2081596,.87116402,1.3964785,.98411494,1.0050265,.76296294,1.1888889,1.4398148
2231482,spvgg-greuther-furth,65,2,borussia-monchengladbach,18,4,.83333331,21.111111,.5,10.388889,.16993465,16.960785,.05882353,7.7908497,2012,1.305683,.91427559,1.0115293,.69970238,1.2815593,1.0687559,.82701057,.80467802,1.7042483,1.4019607,.99166667,1.1124339
2231483,fortuna-dusseldorf,38,1,tsg-1899-hoffenheim,533,1,.27777779,3.8333333,.055555556,1.1666666,.065359481,5.4509802,.013071896,1.8692811,2012,1.4286877,1.1298671,1.6285275,1.293077,1.4265873,1.1668952,1.6516356,1.2275994,1.2629629,1.5185186,2.2146826,1.6574074
2231484,spvgg-greuther-furth,65,1,sv-werder-bremen,86,1,.83333331,33.444443,.5,13,.16993465,7.3856211,.05882353,2.6013072,2012,1.4331452,.91903806,1.1866032,.84049422,1.4643298,1.0834546,1.1414928,.86005288,2.4429011,1.6018518,1.0050265,.76296294
2231485,borussia-dortmund,16,3,spvgg-greuther-furth,65,1,71.611115,0,45.166668,0,35.117645,0,23.117647,0,2012,1.4797739,1.0197402,1.6615323,1.325817,1.2887241,1.1869421,1.5687675,1.4135271,1.5268519,1.3175926,2.6787581,2.1274509
2231486,fc-augsburg,167,0,hamburger-sv,41,2,0,14.777778,0,3.6111112,5.5751634,12.24183,1.2941177,3.2026143,2012,1.0333682,.49363455,1.4306179,.74219072,1.027866,.44918832,1.2293839,.72063494,.69999999,.33333334,1.5703703,.73055553
2231487,borussia-monchengladbach,18,1,vfb-stuttgart,79,2,22.833334,30.888889,11.055555,14.222222,20.568628,23.477123,9.1111107,10.313725,2012,1.0468829,.68707609,1.1361189,.90758455,.8547883,.75838172,1.2699398,.90498239,.96388888,1.0013227,1.4601852,1.0407407
2231488,sc-freiburg,60,0,borussia-dortmund,16,2,10.444445,64.333336,4.4444447,40.5,14.614379,29.457516,5.1372547,19.254902,2012,1.3371023,.83277571,1.4872745,.92259896,1.1593808,.87515432,1.2830002,1.0924976,1.3851852,1.3388889,1.4851851,1.1462963
2231489,vfb-stuttgart,79,2,eintracht-frankfurt,24,1,29.277779,.35294119,13.777778,.17647059,21.320261,4.8897057,9.5098038,1.4191177,2012,1.191882,1.0400801,1.286041,.84588915,1.3302252,1.0251323,1.4453536,1.0897759,1.4046296,1.0129629,2.4411764,1.8529412
2231490,hannover-96,42,2,borussia-monchengladbach,18,3,50.444443,24.055555,22.166666,11.555555,32.620914,19.79085,13.248366,8.6143789,2012,1.3483102,.98300505,1.0644825,.67199677,1.3494378,1.0888559,.90755123,.73849809,1.0469577,.94444442,1.0287037,.97222221
2231491,fc-schalke-04,33,1,1-fc-nurnberg,4,0,14.777778,28.055555,8.3888893,10.388889,11.686275,7.0326796,5.8692808,2.6797385,2012,1.336549,1.0631161,1.0535105,.53352737,1.215114,1.0394393,1.0603576,.53097445,1.2009259,1.0777777,.92685187,.81481481
2231492,1-fsv-mainz-05,39,3,tsg-1899-hoffenheim,533,0,28,4.5555553,10.611111,1.3333334,9.8300657,5.5882354,3.5947711,1.862745,2012,.86866003,.63736111,1.4800707,1.1070501,.82383758,.82121336,1.507135,1.1328022,.75925928,1.0462962,2.0137565,1.6166667
2231493,hannover-96,42,2,fc-augsburg,167,0,46.277779,0,20.277779,0,29.437908,4.4444447,12.052288,1.0718955,2012,1.2665641,.90443367,1.2238774,.64045995,1.2541997,.97509921,1.1583374,.62141055,.99140209,.83333331,.85740739,.44444445
2231494,fc-bayern-munchen,27,1,bayer-04-leverkusen,15,2,22.277779,2.8333333,14.5,1.8333334,20.607843,18.163399,12.542483,8.5686274,2012,1.3645666,1.1201751,1.223316,.90971434,1.4417026,1.3208534,1.2575337,1.0425096,2.1185186,1.75,1.1037037,.97222221
2231495,bayer-04-leverkusen,15,3,fortuna-dusseldorf,38,2,2.6666667,.27777779,1.7777778,.055555556,14.326797,.22222222,6.6732025,.052287582,2012,1.5808616,.96263438,1.3532851,.95023739,1.6691686,1.0886375,1.3853674,.95802069,2.0470588,1.3823529,1.1518519,1.4768518
2231496,1-fc-nurnberg,4,1,vfl-wolfsburg,82,0,25.277779,3.7777777,9.166667,2,5.3921571,16.856209,1.9542483,6.6013074,2012,1.3671129,.82198888,1.2248018,.7530911,1.3807279,1.0111332,1.2002084,.74362677,1.1976852,1.1481482,1.6916667,1.0314815
2231497,tsg-1899-hoffenheim,533,3,fc-schalke-04,33,2,3.7777777,14.944445,1.1111112,8.4444447,5.2091503,12.091503,1.7124183,6.0588236,2012,1.4910135,1.1398783,1.3119763,1.0615728,1.5296218,1.2002625,1.2263023,1.0372347,2.0026455,1.5833334,1.2472222,1.0916667
2231498,sv-werder-bremen,86,2,1-fsv-mainz-05,39,1,33.444443,26.222221,13,9.5,7.3856211,12.24183,2.6013072,4.2810459,2012,1.1866032,.84049422,.93753886,.70449072,1.1414928,.86005288,.91643018,.90256256,1.0050265,.76296294,.81944442,1.0648148
2231499,borussia-monchengladbach,18,1,sc-freiburg,60,1,22.833334,10.888889,11.055555,4.6111112,20.568628,14.738562,9.1111107,5.2941175,2012,1.0468829,.68707609,1.231796,.80230832,.8547883,.75838172,1.0425004,.84318781,.96388888,1.0013227,1.3296297,1.3481481
2231500,fortuna-dusseldorf,38,1,vfl-wolfsburg,82,4,.27777779,3.1111112,.055555556,1.6666666,.22222222,12.091503,.052287582,4.6209149,2012,1.2366625,1.1196818,1.3333268,.84273756,1.2940975,1.1795815,1.3050129,.83251566,1.1009259,1.5416666,1.7842592,1.175926
2231501,eintracht-frankfurt,24,3,hannover-96,42,1,.35294119,50.444443,.17647059,22.166666,5.9632354,33.575165,1.7426471,13.699347,2012,1.0738084,.79241323,1.3483102,.98300505,1.2247654,1.0446779,1.3494378,1.0888559,1.8823529,1.5294118,1.0469577,.94444442
2231502,fortuna-dusseldorf,38,0,fc-bayern-munchen,27,5,.27777779,23.055555,.055555556,15.222222,.37908497,23.20915,.084967323,14.248366,2012,1.3054456,1.1085707,1.2420175,1.2478033,1.2843753,1.1332853,1.2055914,1.3952361,1.0870371,1.449074,1.2092593,1.4712963
2231503,borussia-dortmund,16,0,vfb-stuttgart,79,0,64.333336,31.277779,40.5,14.666667,29.457516,25.183006,19.254902,11.130719,2012,1.4872745,.92259896,1.1186898,.89369565,1.2830002,1.0924976,1.2632058,.89109349,1.4851851,1.1462963,1.3490741,.98518521
2231504,borussia-dortmund,16,1,fc-schalke-04,33,2,56.777779,13.388889,36.111111,7.5555553,20.725491,10.986928,13.601307,5.5686274,2012,1.6138132,.87400991,1.2962178,1.0478027,1.4423156,1.0309236,1.1801813,1.0061059,1.9314815,1.6111112,1.2773148,1.0400794
2231505,hamburger-sv,41,0,vfb-stuttgart,79,1,12.333333,31.722221,3.0555556,14.722222,7.4640522,23.254902,1.9346405,10.385621,2012,1.4655207,.69591975,1.1631744,.9103986,1.2729024,.6614458,1.2946873,.89425004,1.6675926,.76111114,1.3814815,.97129631
2231506,tsg-1899-hoffenheim,533,3,spvgg-greuther-furth,65,3,5.3888888,.83333331,1.7222222,.5,5.0980392,.11111111,1.7647059,.05882353,2012,1.5038362,1.1220613,1.5383039,1.0857047,1.5511867,1.1744689,1.5769842,1.2547508,2.0582011,1.6944444,2.7391975,2.1018519
2231507,hannover-96,42,3,bayer-04-leverkusen,15,2,43.222221,2.7222223,18.944445,1.7777778,26.967319,17.575163,10.849673,8.2418299,2012,1.2382573,.87261546,1.2746255,.93173307,1.2455578,.97179234,1.3320487,1.0170466,.90806878,.7962963,1.2666667,1.0277778
2231508,1-fc-nurnberg,4,2,fortuna-dusseldorf,38,0,35.833332,.27777779,13.111111,.055555556,13.09804,.37908497,4.8235292,.084967323,2012,1.2051213,.5166623,1.2008634,1.1085707,1.2090144,.50187391,1.1216769,1.0737615,.97175926,.72222221,1.0592593,1.5416666
2231509,vfb-stuttgart,79,3,fc-schalke-04,33,1,26.333334,13.555555,12.388889,7.6111112,16.980392,11.117647,7.4183006,5.3986926,2012,1.3366739,.94644034,1.2768993,.92824841,1.4831793,.96732807,1.1067806,.77695113,1.7657408,1.3925925,1.3050926,.95674604
2231510,sc-freiburg,60,1,spvgg-greuther-furth,65,0,11.277778,.83333331,4.4444447,.5,14.287581,0,4.5294118,0,2012,1.3600554,.70662254,1.4244584,1.0557195,1.3690299,.72674161,1.3904295,1.1338702,1.4166666,1.2370371,2.2539215,1.2352941
2231511,bayer-04-leverkusen,15,2,1-fsv-mainz-05,39,2,2.6111112,33.555557,1.7222222,12.666667,18.862745,15.496732,8.7516336,5.7189541,2012,1.4300829,.89330184,.76222807,.60235828,1.4444023,1.0030034,.7444725,.75970542,1.7240741,1.2314814,.5925926,.62962961
2231512,1-fc-nurnberg,4,0,fc-augsburg,167,0,31.722221,0,11.777778,0,9.8888893,4.0849671,3.7647059,.96078432,2012,1.0535105,.53352737,1.3008264,.63809502,1.0603576,.53097445,1.3199956,.61338586,.92685187,.81481481,.91851854,.4861111
2231513,vfl-wolfsburg,82,0,sc-freiburg,60,2,21.5,11.722222,9.666667,4.8888888,6.1176472,13.503268,2.2679739,4.6928105,2012,1.4066725,.9119575,1.4195111,.77366877,1.4228168,.94547862,1.3149965,.81033951,1.8742063,1.3648148,1.5333333,1.3055556
2231514,sv-werder-bremen,86,4,borussia-monchengladbach,18,0,30,21.888889,11.611111,10.722222,6.0457516,15.542483,2.0261438,7.0653596,2012,1.2699364,.8783859,1.5371454,.7381072,1.2039928,.90866405,1.3809983,.79664904,1.0050265,.81851852,2.0972223,1.087963
2231515,eintracht-frankfurt,24,4,sv-werder-bremen,86,1,.33333334,28.611111,.16666667,10.388889,5.6666665,6.3006535,1.7581699,2.0261438,2012,1.386428,.87591553,1.2356058,.82781613,1.545722,1.1347884,1.1524777,.88644183,2.3055556,1.6944444,1.060582,.8740741
2231516,fc-bayern-munchen,27,1,borussia-monchengladbach,18,1,21.333334,26.944445,14.111111,13.166667,22.359478,21.169935,13.647058,9.4640522,2012,1.8540475,1.4357119,1.0525922,.71485388,2.0106421,1.6425986,.86173278,.80467802,2.7648149,2.1101851,.9546296,1.1124339
2231517,hamburger-sv,41,2,tsg-1899-hoffenheim,533,0,14.777778,0,3.6111112,0,12.058824,6.1699347,3.137255,2.1764705,2012,1.1371346,.54101622,1.39715,1.2678646,.93539238,.52186948,1.4020883,1.2218674,1.2361112,.46203703,1.8194444,1.5185186
2231518,sv-werder-bremen,86,1,1-fc-nurnberg,4,1,37.888889,33.388889,15,12.388889,8.2810459,11.529411,2.8758171,4.3986926,2012,1.1824261,.84263092,1.1626376,.48635927,1.1566443,.90449733,1.2309924,.4965829,1.0328043,.8740741,1.0217593,.73148149
2231519,fortuna-dusseldorf,38,2,hannover-96,42,1,.27777779,47.111111,.055555556,20.5,.37908497,31.679739,.084967323,12.751634,2012,1.3419569,.66555083,1.253072,.88776696,1.3432378,.65078163,1.2603726,.97972882,1.6518519,.79166669,.96362436,.81481481
2231520,vfl-wolfsburg,82,0,eintracht-frankfurt,24,2,3.7777777,.33333334,2,.16666667,17.934641,5.6666665,7.1895423,1.7581699,2012,1.0569116,.79932487,1.4393721,.92684144,1.1177123,.82321429,1.5741311,1.1695106,1.8001323,1.0925926,2.4722223,1.8055556
2231521,bayer-04-leverkusen,15,3,hamburger-sv,41,0,2.5555556,14.111111,1.7222222,3.4444444,14.084968,10.104575,6.5228758,2.6732025,2012,1.490802,.83354944,1.1111605,.57496685,1.5213671,.88798392,.99207026,.59964728,1.9,1.1274509,1.3657408,.67500001
2231522,fc-schalke-04,33,1,sc-freiburg,60,3,13.611111,10.611111,7.6666665,4.2222223,12.738562,12.437908,6.1830068,4.0588236,2012,1.3810254,1.0540653,1.3058498,.68165618,1.2302375,.97293878,1.3609611,.82242066,1.3606482,1.0863757,1.3851852,1.1907407
2231523,fc-augsburg,167,0,fc-bayern-munchen,27,2,0,22.666666,0,15.055555,3.9346404,23.418301,.94117647,14.392157,2012,1.4825402,.72098744,1.6349118,1.3373322,1.4772527,.77705425,1.7025611,1.4821048,.98703706,.6111111,1.7648149,1.5546297
2231524,spvgg-greuther-furth,65,1,fc-augsburg,167,1,.83333331,0,.5,0,0,3.4183006,0,.91503268,2012,1.5042572,1.1700243,1.2459662,.71066606,1.4619981,1.2619748,1.1796336,.73031706,2.3617647,1.4117647,.79285717,.56944442
2231525,1-fsv-mainz-05,39,3,vfb-stuttgart,79,1,32.5,25.111111,11.666667,11.833333,13.071896,15.418301,4.4967322,6.7843137,2012,.8368957,.571935,1.3345371,.98198503,.81568062,.69791073,1.4179436,.9586159,.75,.83333331,1.837963,1.4074074
2231526,borussia-monchengladbach,18,2,1-fsv-mainz-05,39,0,22.833334,37.388889,11.055555,13.5,20.568628,14.392157,9.1111107,4.9542484,2012,1.0468829,.68707609,.83784539,.56082392,.8547883,.75838172,.81105101,.68509024,.96388888,1.0013227,.75,.83333331
2231527,borussia-dortmund,16,2,vfl-wolfsburg,82,3,65.888885,4.5555553,41.277779,2.4444444,29.947712,16.464052,19.379086,6.5620914,2012,1.5138017,.9578554,1.1349208,.78383344,1.3479834,1.112868,1.2032317,.81719577,1.6240741,1.3453704,1.7603174,1.0962963
2231528,tsg-1899-hoffenheim,533,1,borussia-dortmund,16,3,0,59.111111,0,37.5,7.5098038,23.294117,2.6535947,15.287581,2012,1.2806319,.97096699,1.700502,1.0273659,1.3175006,.9277758,1.4918106,1.1693494,1.8396826,1.2685186,2.2444444,1.8824074
2231529,tsg-1899-hoffenheim,533,0,vfb-stuttgart,79,1,0,23.722221,0,10.888889,2.006536,15.882353,.71895427,6.9215684,2012,1.2012113,1.0186981,1.0486743,.73516738,1.2899874,1.1086259,1.2122872,.7666266,1.7202381,1.5092592,1.2816137,.63333333
2231530,eintracht-frankfurt,24,2,tsg-1899-hoffenheim,533,1,.33333334,0,.16666667,0,4.7385621,2.2352941,1.3921568,.80392158,2012,1.3523819,.83077365,1.2492822,.92461991,1.4713974,1.076918,1.3248639,.98977071,2.2083333,1.5833334,1.7202381,1.287037
2231531,1-fsv-mainz-05,39,2,fc-schalke-04,33,2,30.166666,0,11.111111,0,13.607843,7.7385621,4.8692808,3.4575164,2012,.79892486,.62025148,1.481901,1.3023661,.77870804,.7934134,1.3776361,1.2426307,.73346561,.8611111,1.0155864,1.3641534
2231532,spvgg-greuther-furth,65,0,1-fsv-mainz-05,39,3,.83333331,31.388889,.5,11.5,0,13.856209,0,4.8300653,2012,1.3999275,1.0249326,.85159397,.61306858,1.5555089,1.2036648,.82339668,.7911647,1.5529412,1.0882353,.86574072,.93518519
2231533,vfl-wolfsburg,82,1,fc-augsburg,167,1,0,0,0,0,11.712419,3.2941177,4.5294118,.82352942,2012,1.3367383,.95813411,1.2533087,.64944363,1.3433534,1.0072664,1.1287078,.70132273,2.0603175,1.3648148,.71560848,.56084657
2231534,fortuna-dusseldorf,38,1,spvgg-greuther-furth,65,0,0,.83333331,0,.5,.065359481,0,.013071896,0,2012,1.0804597,.52324587,1.5294881,1.1929404,1.0163784,.5005672,1.6894958,1.3906502,.81574076,.69444442,2.5823529,2.2647059
2231535,hamburger-sv,41,1,borussia-monchengladbach,18,0,14.277778,25.222221,3.3888888,12.388889,12.477124,18.699347,3.2810457,8.026144,2012,1.514344,.73127198,1.0171019,.70947468,1.2587049,.68055558,.88006586,.76038361,1.5796297,.72777778,1.1675926,1.0462962
2231536,bayer-04-leverkusen,15,2,borussia-dortmund,16,3,2.3888888,63.611111,1.6111112,40.166668,18.633987,21.967319,8.6209154,14.24183,2012,1.1274966,.72992194,1.5042703,.96840602,1.077904,.76334286,1.2804508,1.0908951,.98888886,.83333331,1.5240741,1.2944444
2231537,hamburger-sv,41,0,eintracht-frankfurt,24,2,13.333333,.33333334,3.1111112,.16666667,10.849673,6.2222223,2.7189543,1.7973856,2012,1.4310106,.69926143,1.3850209,.74405199,1.2235197,.66369045,1.5838144,1.0089065,1.6074075,.72777778,1.9972222,1.3611112
2231538,tsg-1899-hoffenheim,533,2,sc-freiburg,60,1,0,11.388889,0,4.6666665,2.8823528,13.777778,1.0130719,4.7516341,2012,1.1947298,1.0097755,1.1999347,.66588861,1.2390615,1.0666506,1.0858899,.75165343,1.6424603,1.537037,1.3666667,1.3111111
2231539,sv-werder-bremen,86,2,hannover-96,42,0,25.444445,31.166666,10.055555,13.444445,4.2091503,12.745098,1.4575163,5.2026143,2012,1.2651986,.83159906,1.2839667,.82303631,1.2705526,.89894181,1.2708851,.8752315,.97591037,.76862746,1.4034392,.89814812
2231540,spvgg-greuther-furth,65,0,vfl-wolfsburg,82,1,.83333331,0,.5,0,0,15.647058,0,6.3267975,2012,1.3299083,.77594692,1.3028915,.88128221,1.50824,.99639249,1.330655,.96097004,2.3333333,1.7941177,2.0047619,1.2259259
2231541,borussia-dortmund,16,3,eintracht-frankfurt,24,0,68.5,.33333334,42.166668,.16666667,33.503269,6.2222223,21.052288,1.7973856,2012,1.1527271,.84925467,1.3850209,.74405199,1.0009896,.97901237,1.5838144,1.0089065,1.2215686,1.1941177,1.9972222,1.3611112
2231542,1-fc-nurnberg,4,2,borussia-monchengladbach,18,1,0,21.388889,0,10.444445,10.535948,19.032681,3.8954248,8.2222223,2012,1.0849696,.57879919,1.5794456,.76277697,1.0360881,.54872131,1.402303,.82656354,.9123016,.75925928,2.1305556,1.1309524
2231543,fortuna-dusseldorf,38,3,vfb-stuttgart,79,1,.27777779,21.833334,.055555556,9.9444447,.065359481,10.156863,.013071896,4.6143789,2012,.88529372,.59238172,1.1337805,.98158818,.73542607,.54223382,1.0065653,.82635283,.68611109,.62962961,.82791007,.68888891
2231544,fc-augsburg,167,1,1-fsv-mainz-05,39,1,0,32.666668,0,12.055555,3.9346404,14.627451,.90849674,5.3333335,2012,1.1671976,.58374697,.81828833,.55493164,1.073549,.64576721,.77279973,.6856634,.71560848,.56084657,.84920633,1.0694444
2231545,1-fsv-mainz-05,39,0,fc-bayern-munchen,27,3,30.944445,20.722221,10.833333,13.5,15.575164,26.241831,5.2810459,16,2012,.76860029,.6018452,1.9403948,1.4518961,.81803781,.76948178,2.1864877,1.6646104,.67791003,.8611111,2.8648148,2.0962963
2231546,fc-bayern-munchen,27,4,fc-schalke-04,33,0,21.166666,0,14,0,25.90196,8.0457516,15.882353,3.6535947,2012,1.7143145,1.3958446,1.4202127,1.1660025,1.8861229,1.551465,1.330017,1.1315197,1.8759259,1.5407407,.97854936,1.1974868
2231547,vfb-stuttgart,79,1,sv-werder-bremen,86,4,24.055555,35.294117,11.222222,14.647058,13.111111,6.9558825,5.8954248,2.6102941,2012,1.2096205,.7839691,1.0525408,.80119401,1.3132131,.80033869,1.0436867,.8812325,1.3834656,.66111112,1.0053221,.88627452
2231548,1-fc-nurnberg,4,2,hannover-96,42,2,0,41,0,17.944445,11.124183,21.392157,4.0849671,8.7516336,2012,1.135114,.62818187,1.2956129,.8799808,1.1358355,.63282627,1.3122652,.97179234,1.0326719,.87037039,.97751325,.81481481
2231549,borussia-dortmund,16,1,hamburger-sv,41,4,65.444443,14.444445,41.055557,3.4444444,26.490196,12.601307,16.993464,3.3529413,2012,1.4777272,.85835314,1.4367296,.6675154,1.2452657,.99429011,1.1752291,.61886722,1.5833334,1.1787037,1.5796297,.66296297
2231550,eintracht-frankfurt,24,0,1-fc-nurnberg,4,0,.33333334,0,.16666667,0,6.2222223,9.8888893,1.7973856,3.6470587,2012,1.3850209,.74405199,1.0103344,.57879919,1.5838144,1.0089065,.96321648,.55048501,1.9972222,1.3611112,.94933861,.81481481
2231551,hannover-96,42,1,tsg-1899-hoffenheim,533,0,38.833332,0,16.888889,0,20.895424,2.8823528,8.5294113,1.0130719,2012,1.2956129,.8799808,1.2010261,.90388322,1.3122652,.97179234,1.2483207,.95430493,.97751325,.81481481,1.7480159,1.425926
2231552,sc-freiburg,60,1,fortuna-dusseldorf,38,0,11.333333,.27777779,4.6111112,.055555556,13.712419,.065359481,4.6862745,.013071896,2012,1.396516,.88255525,.88529372,.59238172,1.3425037,1.0109127,.73542607,.54223382,1.7277777,1.7555555,.68611109,.62962961
2231553,bayer-04-leverkusen,15,2,fc-augsburg,167,1,2.6666667,0,1.7777778,0,23.660131,3.6797385,11.084968,.81045753,2012,1.1565971,.760423,1.0704333,.52538556,1.0812711,.78186136,1.0148188,.56812572,.94259262,.91666669,.70634919,.44973546
2231554,vfl-wolfsburg,82,0,fc-bayern-munchen,27,2,0,24.166666,0,15.833333,16.581699,26.705883,6.6143789,16.450981,2012,1.4158545,.84388906,1.7661028,1.4758074,1.341766,.88226634,1.9146824,1.643777,1.9630952,1.0685185,1.9685185,1.6888889
2231555,sv-werder-bremen,86,2,sc-freiburg,60,3,26.944445,9.5,9.8888893,3.8888888,4.6339869,8.8169937,1.5424837,3.1568627,2012,1.2384862,.78961468,1.24113,.57150829,1.177727,.81560844,1.2304786,.66307318,.897479,.65098041,1.4222223,.98703706
2231556,fc-bayern-munchen,27,2,spvgg-greuther-furth,65,0,22.444445,.83333331,14.722222,.5,23.568628,0,14.444445,0,2012,1.8231834,1.4743829,1.4376725,1.09356,1.9803389,1.6432159,1.4347105,1.1966619,2.0287037,1.6935185,2.3764706,1.6470588
2231557,fc-schalke-04,33,5,hannover-96,42,4,.16666667,35.222221,.11111111,15.166667,10.196078,16.457516,4.9411764,6.647059,2012,1.2901282,1.1772135,1.2858703,.8346104,1.1268424,1.1062721,1.2486628,.88316798,.80509257,1.1280423,1.3895502,.89814812
2231558,bayer-04-leverkusen,15,3,eintracht-frankfurt,24,1,2.3888888,0,1.6111112,0,18.633987,6.2614379,8.6209154,1.8431373,2012,1.1413856,.83706474,1.33933,.84466249,1.1556818,.92445391,1.4669882,1.0967592,1.1,.97222221,2.2638888,1.6666666
2231559,vfl-wolfsburg,82,2,vfb-stuttgart,79,0,0,26,0,11.888889,12.235294,17.875816,4.647059,7.8496733,2012,1.2161849,.8896817,1.2924453,.94780296,1.2001435,.94152558,1.4041109,.94380111,1.8103175,1.2074074,1.949074,1.3564814
2231560,borussia-dortmund,16,3,1-fc-nurnberg,4,0,70.722221,0,44.333332,0,28.124184,13.183006,18.418301,4.8823528,2012,1.3780078,.98243523,1.1229551,.5652734,1.1954341,1.1117284,1.1417067,.56801146,1.5148149,1.3222222,1.0009259,.87037039
2231561,vfb-stuttgart,79,0,fc-bayern-munchen,27,2,25.888889,22.444445,11.666667,14.722222,17.48366,23.568628,7.7450981,14.444445,2012,1.2512386,.91820961,1.8231834,1.4743829,1.3427793,.85529101,1.9803389,1.6432159,1.3287038,.93518519,2.0287037,1.6935185
2231562,tsg-1899-hoffenheim,533,0,borussia-monchengladbach,18,0,0,21.222221,0,10.388889,6.8300653,18.751635,2.4444444,8.1111107,2012,1.3699956,1.1675439,1.1024863,.75206733,1.4341673,1.1212522,.93334872,.8350088,1.8637567,1.4074074,1.1398149,1.1574074
2231563,1-fsv-mainz-05,39,0,sc-freiburg,60,0,31.055555,9.7222223,11.222222,4.1111112,11.934641,8.6078434,4.0849671,3.1241829,2012,.98931736,.66210592,1.1466346,.65702617,.98600692,.85941869,1.1289302,.7337963,1.0185186,1.1296296,1.3388889,1.2925926
2231564,hannover-96,42,2,vfl-wolfsburg,82,1,31,0,13.333333,0,12.562092,11.313725,5.0980392,4.3202615,2012,1.2003148,.74849927,1.2452854,.86091185,1.146811,.75701058,1.2512898,.91004413,1.3339947,.78703701,1.8519841,1.1703703
2231565,borussia-monchengladbach,18,2,fortuna-dusseldorf,38,1,23.277779,.27777779,11.277778,.055555556,18.333334,.065359481,7.7843137,.013071896,2012,1.1341361,.72984511,.88529372,.59238172,.96617699,.79565698,.73542607,.54223382,1.1675926,1.0648148,.68611109,.62962961
2231566,sv-werder-bremen,86,0,borussia-dortmund,16,5,33.333332,70.722221,13.833333,44.333332,6.1830068,27.444445,2.3202615,17.59477,2012,1.2162884,.84927583,1.3780078,.98243523,1.2190375,.93227512,1.1954341,1.1117284,1.0053221,.88627452,1.5148149,1.3222222
2231567,fortuna-dusseldorf,38,2,fc-augsburg,167,3,.27777779,0,.055555556,0,.065359481,4.4901962,.013071896,1.0980393,2012,1.1194208,.60199708,1.1264569,.58066058,.94309801,.54501164,1.0592632,.64675927,.72314817,.6574074,.6785714,.56084657
2231568,1-fc-nurnberg,4,1,hamburger-sv,41,1,0,14.444445,0,3.4444444,11.777778,11.261438,4.2810459,2.8104575,2012,1.1183254,.56022286,1.4306179,.74219072,1.1370771,.56801146,1.2293839,.72063494,.98240739,.87037039,1.5703703,.73055553
2231569,sc-freiburg,60,0,bayer-04-leverkusen,15,0,10.444445,2.3888888,4.3333335,1.6111112,8.7058821,18.633987,3.2679739,8.6209154,2012,1.253947,.61403674,1.1274966,.72992194,1.2472656,.73776454,1.077904,.76334286,1.4222223,1.2555555,.98888886,.83333331
2231570,fc-augsburg,167,0,fc-schalke-04,33,0,0,.16666667,0,.11111111,3.6862745,13.026144,.88235295,6.7320261,2012,1.1783087,.58991981,1.4392685,1.1737947,1.0814855,.65370369,1.3799288,1.1673832,.71560848,.56084657,1.4439815,1.294709
2231571,hamburger-sv,41,3,sv-werder-bremen,86,2,14.388889,26.944445,3.4444444,10.055555,12.169934,5.1764708,3.1895425,1.7908497,2012,1.4371538,.74219072,1.2236681,.81114948,1.2355567,.72063494,1.1758752,.85449737,1.5888889,.73055553,1.0347339,.76862746
2231572,fc-schalke-04,33,1,spvgg-greuther-furth,65,2,0,.83333331,0,.5,11.581699,0,5.7647057,0,2012,1.3893998,1.1255143,1.3884645,1.0203913,1.329576,1.0849918,1.5628618,1.2397399,1.3736111,1.2993386,2.1803923,1.5294118
2231573,bayer-04-leverkusen,15,1,sv-werder-bremen,86,0,2.3333333,34.444443,1.5555556,14.388889,18.169935,7.4901962,8.6013069,2.8300653,2012,1.1405685,.75910026,1.1299857,.68142802,1.0905303,.79420704,1.1449965,.72956347,.99814814,.9074074,1.1621848,.90588236
2231574,1-fc-nurnberg,4,0,spvgg-greuther-furth,65,1,0,0,0,0,9.5620918,0,3.490196,0,2012,1.15728,.58748585,1.613254,.87100416,1.1609228,.58212084,1.7690243,.99089634,1.075,.92592591,2.7470589,1.8823529
2231575,hamburger-sv,41,2,fortuna-dusseldorf,38,1,14.388889,0,3.5555556,0,11.366014,.065359481,3.1111112,.013071896,2012,.99573326,.52540779,.99420029,.6755963,.96794009,.49444443,.90162975,.70192599,1.3898149,.51481479,.85277778,.74074072
2231576,fc-bayern-munchen,27,1,sc-freiburg,60,0,16,11.294118,11.055555,4.647059,12.222222,11.632353,7.9346404,4.1617646,2012,1.7419574,1.1291183,1.3076519,.62859476,1.9098585,1.2217793,1.3038274,.62850142,2.7601852,1.6935185,1.5941176,1.2607843
2231577,fc-schalke-04,33,2,fortuna-dusseldorf,38,1,0,.27777779,0,.055555556,7.8823528,.065359481,3.6928105,.013071896,2012,1.6250365,1.209058,1.178334,.60584325,1.5813397,1.196103,1.0542091,.54517996,1.6143519,1.3919312,.88148147,.6574074
2231578,fortuna-dusseldorf,38,2,sv-werder-bremen,86,2,0,18.333334,0,6.3888888,.065359481,2.1503267,.013071896,.66013074,2012,1.122062,.68951571,1.4527609,.94805002,1.0812594,.71904159,1.6111425,1.0767857,.89999998,.71296299,1.1817927,.92156863
2231579,fc-bayern-munchen,27,6,sv-werder-bremen,86,1,17.944445,25.166666,12.388889,10.055555,17.993464,4.1372547,11.477124,1.4444444,2012,1.9395695,1.3959838,1.2769704,.87519264,2.1399372,1.6532468,1.268131,.93227512,2.9407408,2.199074,1.1033614,.82745099
2231580,borussia-monchengladbach,18,1,fc-augsburg,167,0,18.555555,0,9.0555553,0,14.431373,5.3202615,5.973856,1.3071896,2012,1.5701276,.75762284,1.2549263,.55463672,1.4151882,.83544803,1.1483686,.55249518,2.125,1.1957672,.59523809,.32936507
2231581,sv-werder-bremen,86,0,vfl-wolfsburg,82,3,36.5,0,14.888889,0,7.6797385,8.7908497,2.856209,3.1176472,2012,1.058385,.79043216,1.2237899,.86409318,1.1022199,.81898147,1.2207851,.92001563,.99551821,.80392158,1.8908731,1.2490741
2231582,vfb-stuttgart,79,2,sc-freiburg,60,1,20,10.5,9.1111107,4.3888888,12.836601,10,5.6797385,3.5686274,2012,1.0928663,.85553777,1.0929762,.60226423,1.2045711,.84193522,1.0890645,.67768961,1.2260582,.88333333,1.3944445,1.1444445
2231583,bayer-04-leverkusen,15,5,tsg-1899-hoffenheim,533,0,2.1176472,0,1.4117647,0,18.911764,4.9019608,8.9705887,1.6470588,2012,1.1833158,.71099305,1.3058593,.8487739,1.1359626,.76249373,1.2820808,.77365923,1.0470588,.86274511,1.7657408,1.0796297
2231584,vfb-stuttgart,79,1,1-fc-nurnberg,4,1,23.722221,0,10.888889,0,15.882353,8.6274509,6.9215684,3.2156863,2012,1.0486743,.73516738,1.1131442,.59705317,1.2122872,.7666266,1.1019611,.59402555,1.2816137,.63333333,.96322751,.81481481
2231585,hannover-96,42,1,fc-bayern-munchen,27,6,46.388889,20.277779,20.444445,14,27.026144,23.20915,11.150327,14.745098,2012,1.318741,.89851433,1.7479446,1.1605499,1.3638124,1.0467923,1.9290785,1.3963023,1.0608466,.94444442,2.5796297,1.6796297
2231586,borussia-monchengladbach,18,1,borussia-dortmund,16,1,20.333334,67.222221,9.7777777,41.555557,13.150327,29.333334,5.7320261,18.679739,2012,1.3303078,.44726932,1.1669407,.70782328,1.2931972,.48137125,1.0277443,.83472222,1.8944445,.48148149,1.1284313,1.027451
2231587,spvgg-greuther-furth,65,1,borussia-dortmund,16,6,0,77.666664,0,48.333332,0,37.490196,0,24.313726,2012,1.479418,.94608265,1.3351345,.82819438,1.6121615,1.0778584,1.0235064,.87484568,2.5215685,2.2745099,.94074076,.90555555
2231588,1-fc-nurnberg,4,1,sc-freiburg,60,1,0,11.666667,0,4.7777777,7.993464,14.006536,3.0196078,4.9215684,2012,1.0713012,.583529,1.1862867,.631473,1.034104,.56360227,1.2345672,.6852954,1.0048941,.81481481,1.5240741,1.2
2231589,vfl-wolfsburg,82,2,tsg-1899-hoffenheim,533,2,0,0,0,0,12.882353,5.4901962,4.8431373,1.8823529,2012,1.3817002,.84485781,1.1021557,.91608995,1.2411555,.79964525,1.0709696,.84001726,1.9603175,1.0638889,1.3824074,1.1629629
2231590,fc-augsburg,167,2,eintracht-frankfurt,24,0,0,0,0,0,5,4.359477,1.2026144,1.2287582,2012,1.2558035,.56153578,1.4243727,.69907844,1.1463845,.54702383,1.6726592,1.0257716,.58597887,.32936507,2.1731482,1.4722222
2231591,hamburger-sv,41,1,spvgg-greuther-furth,65,1,13.333333,0,3.1111112,0,11.196078,0,2.7843137,0,2012,1.4310106,.69926143,1.2203395,1.0192624,1.2235197,.66369045,1.3398226,1.1128724,1.6074075,.72777778,1.5058824,1.4705882
2231592,1-fsv-mainz-05,39,1,hamburger-sv,41,2,33.722221,14.722222,12.166667,3.6111112,14.071896,12.437908,4.7973857,3.3464053,2012,.90137029,.58302146,1.1373999,.5430004,.89969569,.74077803,.97587657,.48055556,.83531743,.76851851,1.3898149,.45925927
2231593,borussia-dortmund,16,2,1-fsv-mainz-05,39,0,69.277779,30.166666,42.777779,11.611111,29.967319,10.320261,18.888889,3.7908497,2012,1.5466034,.95719272,.81916815,.52995366,1.3232118,1.0804012,.76864707,.68085927,1.4962963,1.225,.6177249,.6574074
2231594,sc-freiburg,60,3,hannover-96,42,1,10.722222,42.5,4.5,18.722221,10.039216,22.575163,3.7124183,9.2875814,2012,1.2009794,.6078198,1.2680339,.82098907,1.1847435,.67074513,1.3522383,1.0294312,1.4407407,1.1166667,1.0608466,.94444442
2231595,sv-werder-bremen,86,0,fc-augsburg,167,1,22.333334,0,8.833333,0,3.6928105,4.993464,1.1503268,1.1764706,2012,1.2587923,.86076957,1.3202184,.54566276,1.2459089,.90449733,1.3615781,.60686028,1.0053221,.76862746,.87301588,.46825397
2231596,borussia-monchengladbach,18,1,sv-werder-bremen,86,1,23.055555,38.777779,11.166667,16.166666,16.941177,6.6928105,7.3725491,2.4313726,2012,1.116775,.70021546,1.205333,.88238263,.97212934,.78772044,1.2223258,.96977514,1.1861111,1.0648148,.91708684,.92156863
2231597,fortuna-dusseldorf,38,1,1-fsv-mainz-05,39,1,.27777779,31.444445,.055555556,11.277778,.22222222,12.418301,.052287582,4.2875819,2012,.92803997,.50663942,.98824114,.63177574,.94695735,.52455014,1.017172,.80669177,.79607844,.58823532,1.1362433,1.087963
2231598,fc-schalke-04,33,2,borussia-dortmund,16,1,0,73.777779,0,45.833332,8.4771242,35.333332,4.1568627,22.732027,2012,1.6733503,1.3199587,1.516616,.95550925,1.6227859,1.2933252,1.2880267,1.0804012,1.6328703,1.5215608,1.4824075,1.2527778
2231599,fc-bayern-munchen,27,3,fortuna-dusseldorf,38,2,21.333334,.27777779,14,.055555556,24.091503,.065359481,14.699347,.013071896,2012,1.8318254,1.3986748,.93000072,.58016884,1.9999799,1.6053511,.89927465,.57412994,2.7675927,2.124074,.83529413,.66666669
2231600,vfl-wolfsburg,82,3,borussia-monchengladbach,18,1,0,20.555555,0,10,10.326797,18.013071,4.0915031,7.7712417,2012,1.3326887,.86869806,1.5217458,.71374822,1.3715788,.99337745,1.3629006,.77272928,1.9630952,1.1935185,2.0972223,1.037037
2231601,sc-freiburg,60,0,eintracht-frankfurt,24,0,10.888889,.33333334,4.4444447,.16666667,10.647058,6.1503267,3.8039215,1.7908497,2012,1.2841703,.58350325,1.1115521,.68169957,1.2833887,.70011026,1.2127424,.88776457,1.45,.98703706,1.7916666,1.4166666
2231602,fc-augsburg,167,2,tsg-1899-hoffenheim,533,1,0,0,0,0,6.8562093,2.7712419,1.6078432,.97385621,2012,1.1031129,.51728374,.99287796,.66684622,1.06343,.55192202,1.0816541,.75677407,.79894179,.38492063,1.5813493,1.2314814
2231603,fortuna-dusseldorf,38,1,borussia-dortmund,16,2,.27777779,68.611115,.055555556,42.055557,.065359481,19.771242,.013071896,12.372549,2012,1.0076991,.59445798,1.5027717,.8971433,.93239576,.54454869,1.3445642,1.0044754,.77777779,.6111111,1.9101852,1.6944444
2231604,fc-schalke-04,33,4,hamburger-sv,41,1,0,15.111111,0,3.7777777,6.346405,10.183006,3.1568627,2.8039215,2012,1.7261499,1.2455306,1.1026096,.5669542,1.6240205,1.1282017,.98949075,.56073231,1.6745371,1.4150794,1.3898149,.43611112
2231605,hannover-96,42,5,hamburger-sv,41,1,35.666668,13.333333,15.444445,3.2222223,19.013071,11.163399,7.8562093,3.0392158,2012,1.2891579,.83275855,1.514344,.73127198,1.2906603,.91970897,1.2587049,.68055558,.92195767,.68518519,1.5796297,.72777778
2231606,1-fsv-mainz-05,39,1,vfl-wolfsburg,82,1,30.166666,0,11.111111,0,13.607843,17.124184,4.8692808,6.7908497,2012,.79892486,.62025148,1.2909868,.90575314,.77870804,.7934134,1.2655755,.89615524,.73346561,.8611111,1.9492064,1.2537037
2231607,vfb-stuttgart,79,0,hamburger-sv,41,1,26.277779,13.444445,12.166667,3.1111112,19.640522,10.019608,8.7777777,2.5294118,2012,1.0736743,.85368592,1.3236874,.65781522,1.1925341,.84193522,1.1573581,.62341267,1.1982805,.88333333,1.5981481,.72777778
2231608,spvgg-greuther-furth,65,0,bayer-04-leverkusen,15,0,0,2.6666667,0,1.7777778,0,23.660131,0,11.084968,2012,1.3035685,1.024183,1.1565971,.760423,1.3899393,1.0653595,1.0812711,.78186136,2.1284313,1.6764706,.94259262,.91666669
2231609,borussia-dortmund,16,3,hannover-96,42,1,71.611115,40.388889,44.722221,17.611111,31.725491,20.457516,20.601307,8.3137255,2012,1.5119864,.96172267,1.1679473,.76252222,1.2483996,1.0692902,1.2170744,.89401454,1.4962963,1.2666667,.91402113,.77777779
2231610,1-fsv-mainz-05,39,0,eintracht-frankfurt,24,0,33.888889,.33333334,12.277778,.16666667,14.79085,4.0915031,5.1764708,1.137255,2012,.78246123,.60605395,1.4963526,.76557678,.84228027,.77653301,1.6409131,.98529541,.71957672,.86574072,2.1731482,1.4722222
2231611,tsg-1899-hoffenheim,533,2,1-fc-nurnberg,4,1,0,0,0,0,6.0457516,8.7450981,1.9803921,3.1045752,2012,1.2659551,.74504286,1.1804843,.61757582,1.2049603,.61035955,1.1812059,.62488979,1.65,1.0240741,1.1002645,.87037039
2231612,vfl-wolfsburg,82,1,fc-schalke-04,33,4,0,0,0,0,12.379085,7.8823528,4.7058825,3.6928105,2012,1.2362715,.87294888,1.6250365,1.209058,1.2497026,.91798061,1.5813397,1.196103,1.8103175,1.1703703,1.6143519,1.3919312
2231613,1-fc-nurnberg,4,3,fc-schalke-04,33,0,0,0,0,0,9.2091503,9.666667,3.4705882,4.4509802,2012,1.0579534,.60260868,1.231102,1.1184112,1.0485339,.60372573,1.0579711,1.0300536,1.0141535,.87037039,.7347222,1.132672
2231614,fc-augsburg,167,3,vfb-stuttgart,79,0,0,20,0,9.1111107,5,12.836601,1.2026144,5.6797385,2012,1.1237929,.5267033,1.0928663,.85553777,1.0352733,.54621214,1.2045711,.84193522,.57671958,.44047618,1.2260582,.88333333
2231615,sv-werder-bremen,86,2,spvgg-greuther-furth,65,2,28.833334,0,11.111111,0,5.5686274,0,1.8692811,0,2012,1.1233757,.82365757,1.6463076,1.0927956,1.1502298,.87671959,1.8038282,1.2583567,.90728289,.74509805,2.5970588,1.6764706
2231616,tsg-1899-hoffenheim,533,0,1-fsv-mainz-05,39,0,0,29.705883,0,10.235294,2.5816994,11.404411,.94771242,3.6176472,2012,1.0514001,.61439866,.99164242,.63692468,1.1001726,.67884201,.99500924,.84434032,1.546164,1.0425926,1.0756303,1.0343137
2231617,bayer-04-leverkusen,15,2,vfb-stuttgart,79,1,2.6666667,22.833334,1.7777778,10.444445,23.660131,13.797385,11.084968,6.0784316,2012,1.1565971,.760423,1.098511,.864797,1.0812711,.78186136,1.2066755,.85304636,.94259262,.91666669,1.3093915,.91111112
2231618,vfl-wolfsburg,82,1,fortuna-dusseldorf,38,1,0,.27777779,0,.055555556,16.359478,.065359481,6.5424838,.013071896,2012,1.11452,.76157427,.95737535,.49520153,1.1257235,.76168227,.93519902,.48589465,1.9186507,1.0731481,.85980392,.60784316
2231619,eintracht-frankfurt,24,1,vfb-stuttgart,79,2,.33333334,25.944445,.16666667,12.111111,6.2483659,16.235294,1.8169935,7.2745099,2012,1.2020614,.71374899,.97922993,.79257476,1.338444,.91631395,.91058969,.69332409,1.4694444,1.0555556,.83716929,.68888891
2231620,fc-bayern-munchen,27,9,hamburger-sv,41,2,21.777779,14.5,14.166667,3.5,20,11.052288,12.222222,2.8300653,2012,1.631994,1.4482105,1.0514988,.4768883,1.7655662,1.6630893,.86821663,.42032629,2.4398148,2.1379631,1.2509259,.44814816
2231621,hamburger-sv,41,0,fc-augsburg,167,1,14.588235,0,3.4705882,0,13.051471,3.8823528,3.5220587,1.0130719,2012,1.2384498,.56338328,1.5168434,.6940915,1.0538694,.52478993,1.5064855,.73842996,1.5392157,.65294117,1.0026455,.55158728
2231622,fc-augsburg,167,1,1-fc-nurnberg,4,2,0,0,0,0,3.6013072,11.124183,.875817,4.0849671,2012,1.4093933,.59873813,.9309693,.59546584,1.3669794,.67350489,.94932759,.57409614,.96560848,.61640209,.9585979,.87037039
2231623,fc-schalke-04,33,3,tsg-1899-hoffenheim,533,0,.16666667,0,.11111111,0,6.9281044,5.2875819,3.4248366,1.8758169,2012,1.4906596,1.2980672,1.224485,.87139165,1.3823979,1.2689705,1.2480562,.8177309,.98935187,1.4011905,1.7526455,1.2777778
2231624,sc-freiburg,60,2,vfl-wolfsburg,82,5,11.388889,0,4.7222223,0,15.111111,8.4771242,5.2549019,3.1895425,2012,1.1360221,.64214522,1.3456165,.90480518,1.0519072,.70473987,1.3634218,.98186952,1.2925926,1.0425926,2.0186508,1.2212963
2231625,borussia-monchengladbach,18,1,hannover-96,42,0,24.722221,38.833332,12.055555,16.888889,20.235294,20.490196,8.7843142,8.3856211,2012,1.0773014,.70733798,1.2384524,.80150855,.90136218,.77272928,1.2760699,.92526454,1.1305555,.99537039,.97751325,.81481481
2231626,1-fsv-mainz-05,39,1,bayer-04-leverkusen,15,0,31.666666,2.6666667,11.111111,1.7777778,13.895425,21.967319,4.5490198,10.392157,2012,1.0535545,.70142776,1.2549767,.80707544,1.061424,.8959775,1.2149892,.85593539,1.1455027,1.199074,1.1555556,1
2231627,bayer-04-leverkusen,15,1,fc-bayern-munchen,27,2,2.3333333,15.444445,1.5555556,10.666667,22.019608,14.30719,10.326797,9.0653591,2012,1.1592426,.77466804,1.4553176,.800713,1.1183081,.81889838,1.6801628,.88966769,1.0259259,.94444442,2.3686275,1.1460785
2231628,hannover-96,42,0,eintracht-frankfurt,24,0,38.833332,.33333334,16.888889,.16666667,20.490196,5.9607844,8.3856211,1.8823529,2012,1.2384524,.80150855,1.1895614,.67803472,1.2760699,.92526454,1.3060366,.86631393,.97751325,.81481481,1.4416667,.94444442
2231629,borussia-dortmund,16,5,sc-freiburg,60,1,63.222221,9.2222223,39.166668,4,26.418301,9.7189541,16.797386,3.6928105,2012,1.527159,.94257283,1.0866631,.65680569,1.2880741,1.0526235,1.0016427,.78807318,1.5055555,1.1972222,1.2462963,1.2370371
2231630,spvgg-greuther-furth,65,2,hannover-96,42,3,0,41.833332,0,18.222221,0,24.019608,0,9.8169937,2012,1.613254,.87100416,1.2826636,.77549845,1.7690243,.99089634,1.2786889,.88955027,2.7470589,1.8823529,.97949737,.68518519
2231631,bayer-04-leverkusen,15,1,vfl-wolfsburg,82,1,2.3333333,0,1.5555556,0,20.705883,12.588235,9.8431368,4.6993465,2012,1.1731316,.88181084,1.3701261,.84044862,1.1960858,.9800095,1.2510971,.82927489,1.137037,1.0833334,2,1.1194445
2231632,spvgg-greuther-furth,65,0,tsg-1899-hoffenheim,533,3,0,0,0,0,0,2.5816994,0,.94771242,2012,1.5575243,.9665224,1.0996456,.70132679,1.6872082,1.0491469,1.1464689,.76032346,1.8156862,1.3235294,1.6017196,1.1722223
2231633,1-fc-nurnberg,4,2,1-fsv-mainz-05,39,1,0,37.888889,0,13.444445,9.7712421,17.712418,3.6993463,5.993464,2012,1.1325886,.60260868,.73161721,.56758934,1.1214055,.60196209,.72156519,.7278049,.97711641,.81481481,.82605821,.89814812
2231634,hannover-96,42,0,vfb-stuttgart,79,0,42.055557,24.055555,18.388889,11.111111,23.973856,11.686275,9.7712421,5.3202615,2012,1.1323918,.72827625,.9966591,.80646366,1.1636361,.84391534,.91732371,.70721298,.93306881,.7962963,.94828039,.74444443
2231635,sv-werder-bremen,86,0,fc-schalke-04,33,2,25.588236,.16666667,9.8235292,.11111111,4.5073528,10.352942,1.4779412,5.019608,2012,1.2046216,.69219118,1.4257669,1.1621546,1.2420501,.80833334,1.356472,1.1948965,.81398809,.49166667,1.0078703,1.4011905
2231636,fc-schalke-04,33,2,bayer-04-leverkusen,15,2,.16666667,2.3888888,.11111111,1.6111112,6.0457516,19.222221,3.1568627,8.9673204,2012,1.7875476,1.3012786,1.2770846,.88917083,1.7265338,1.2874891,1.2575337,.96334285,1.5865741,1.6604497,1.1740741,1.0555556
2231637,eintracht-frankfurt,24,0,fc-bayern-munchen,27,1,.33333334,20.333334,.16666667,14,2.4836602,24.241831,.71895427,15.156863,2012,1.2683493,.62601447,1.7958442,1.297056,1.287518,.77372134,2.000541,1.4771104,1.3398148,1,2.6120369,1.7212963
2231638,eintracht-frankfurt,24,1,fc-schalke-04,33,0,.35294119,.16666667,.17647059,.11111111,1.4191177,6.2222223,.41176471,2.986928,2012,1.3488405,.69982642,1.3546079,1.1745651,1.4269799,.88471055,1.2638794,1.0791557,1.7421569,1.2352941,.95231479,1.2715608
2231639,tsg-1899-hoffenheim,533,3,fortuna-dusseldorf,38,0,0,0,0,0,5.7450981,.065359481,1.9869281,.013071896,2012,1.127984,.90138406,1.0251595,.60834688,1.0987474,.83075798,.95739573,.5630672,1.4268519,1.1666666,.83333331,.6111111
2231640,vfb-stuttgart,79,2,borussia-monchengladbach,18,0,23.666666,22.777779,11,11.055555,15.078431,17.745098,6.7189541,7.5228758,2012,1.0928663,.85553777,1.5668846,.72770834,1.2045711,.84193522,1.3874732,.79257053,1.2260582,.88333333,2.1120369,1.050926
2231641,fc-bayern-munchen,27,4,1-fc-nurnberg,4,0,14.277778,0,9.9444447,0,10.143791,9.7712421,6.5816994,3.6993463,2012,1.8287392,1.1759292,1.0943171,.5393371,2.0008128,1.2669107,1.0848976,.54045415,2.9078431,1.7784314,1.0326719,.87037039
2231642,hamburger-sv,41,0,sc-freiburg,60,1,15,11.444445,3.6111112,4.7222223,13.196078,11.797385,3.3725491,4.3137255,2012,1.145116,.54670411,1.1716347,.59763461,.98451859,.4845238,1.2006165,.6389991,1.4314815,.48703703,1.4685185,1.0888889
2231643,sc-freiburg,60,2,borussia-monchengladbach,18,0,10.444445,22.666666,4.3888888,11,9.653595,16.496733,3.6209149,7.2287583,2012,1.1869481,.63890445,.98215961,.47967672,1.2155976,.75566578,.86895478,.52581573,1.4407407,1.2092593,.99166667,.5925926
2231644,vfl-wolfsburg,82,2,1-fc-nurnberg,4,2,0,0,0,0,11.601307,9.7712421,4.3725491,3.6993463,2012,1.4506817,.91915232,1.1325886,.60260868,1.3258445,.90427488,1.1214055,.60196209,2.2222223,1.3138889,.97711641,.81481481
2231645,1-fsv-mainz-05,39,1,sv-werder-bremen,86,1,34.611111,38.333332,12.111111,15.833333,16.738562,7.3856211,5.4183006,2.8039215,2012,.95953745,.65709555,1.0497425,.70485413,.96142405,.85616267,1.0510235,.77486771,.978836,1.050926,.82492995,.63921571
2231646,eintracht-frankfurt,24,0,borussia-monchengladbach,18,1,.33333334,22.666666,.16666667,11,6.1699347,16.496733,1.7908497,7.2287583,2012,1.3593798,.74868166,.98215961,.47967672,1.5537218,1.0019621,.86895478,.52581573,1.8305556,1.25,.99166667,.5925926
2231647,tsg-1899-hoffenheim,533,0,fc-bayern-munchen,27,1,0,22.666666,0,14.944445,1.3267974,24.215687,.43137255,14.888889,2012,1.0742191,.73668349,1.6126896,1.3002952,1.150357,.82987815,1.6918989,1.4448574,1.6646825,1.3425926,1.7675925,1.5685185
2231648,borussia-dortmund,16,4,fc-augsburg,167,2,57.833332,0,36.444443,0,18.601307,5,12.398693,1.2026144,2012,1.4687926,.82522953,1.1886537,.57657337,1.1278749,.88410497,1.0679122,.51990741,1.3990741,1.3314815,.58134919,.32936507
2231649,vfb-stuttgart,79,1,borussia-dortmund,16,2,19.611111,64.944443,9.5555553,40.611111,8.973856,25.437908,4.1045752,16.30719,2012,1.1136992,.86904085,1.4928666,.86226654,1.2051885,.81816977,1.2335848,.98595679,1.1612434,.92962962,1.4268519,1.1092592
2231650,fc-augsburg,167,0,hannover-96,42,2,0,40.388889,0,17.666666,3.4313726,21.241831,.90196079,8.6209154,2012,1.1641588,.54125994,1.0674423,.67817879,1.0734679,.54588145,1.1138997,.78025794,.57208997,.30158731,.85846561,.66666669
2231651,spvgg-greuther-furth,65,2,eintracht-frankfurt,24,3,0,.33333334,0,.16666667,0,6.0784316,0,1.751634,2012,1.5031703,.97458833,1.2020614,.71374899,1.6329598,1.1478398,1.338444,.91631395,2.0735295,2.0882354,1.4694444,1.0555556
2231652,borussia-monchengladbach,18,1,spvgg-greuther-furth,65,0,22.777779,0,11.055555,0,17.745098,0,7.5228758,0,2012,1.5668846,.72770834,1.4205946,.89655375,1.3874732,.79257053,1.548436,1.0742297,2.1120369,1.050926,2.5558825,2.2352941
2231653,borussia-monchengladbach,18,3,fc-bayern-munchen,27,4,26.944445,16.888889,13.277778,11.666667,20.810457,23.117647,9.1241827,14.405229,2012,1.5745045,.74366271,1.9722575,1.4046948,1.420771,.80359346,2.1666465,1.5380672,2.1157408,1.1064814,2.9342592,1.9990741
2231654,fc-augsburg,167,3,spvgg-greuther-furth,65,1,0,0,0,0,5.4640522,0,1.3398693,0,2012,1.1595073,.54169452,1.6521679,1.1812835,1.0675966,.55416667,1.7574697,1.2902662,.70634919,.38492063,2.3794117,1.9117647
2231655,fortuna-dusseldorf,38,1,bayer-04-leverkusen,15,4,0,2.3333333,0,1.5555556,.065359481,20.705883,.013071896,9.8431368,2012,1.0251595,.60834688,1.1592426,.77466804,.95739573,.5630672,1.1183081,.81889838,.83333331,.6111111,1.0259259,.94444442
2231656,hamburger-sv,41,1,vfl-wolfsburg,82,1,13.777778,0,3.2777777,0,9.666667,10.601307,2.5555556,4.0784316,2012,1.1679085,.65140915,1.3388853,.86028057,1.1400641,.6897707,1.362993,.97115523,1.4824075,.74166667,1.9630952,1.1935185
2231657,eintracht-frankfurt,24,2,vfl-wolfsburg,82,2,.33333334,0,.16666667,0,5.5228758,10.326797,1.5882353,4.0915031,2012,1.2169652,.75463402,1.4437999,.95335412,1.4186909,1.0575176,1.4493566,1.0304145,1.8583333,1.4722222,1.990873,1.3046297
2231658,sc-freiburg,60,1,fc-schalke-04,33,2,9.833333,.16666667,4.1666665,.11111111,9.6339865,9.3986931,3.5751634,4.6993465,2012,1.1961945,.6372931,1.4483399,1.1767709,1.2055267,.68121696,1.39783,1.1433532,1.6074075,1.1296296,1.3967593,1.3734127
2231659,1-fc-nurnberg,4,3,sv-werder-bremen,86,2,0,0,0,0,7.1111112,1.4632353,2.7712419,.42647058,2012,1.1082056,.36186796,1.3118103,.8825115,1.1719583,.4337081,1.4513198,1.085224,.92526454,.4537037,1.3092437,1.1215687
2231660,hamburger-sv,41,0,bayer-04-leverkusen,15,1,13.722222,2.6666667,3.3333333,1.7777778,10.673203,17.90196,2.8823528,8.653595,2012,1.1245362,.65450835,1.2419146,.69428545,1.1301975,.65119046,1.1628007,.72013295,1.6027777,.71388888,1.0722222,.8425926
2231661,hannover-96,42,3,fortuna-dusseldorf,38,0,44.5,.27777779,19.5,.055555556,25.294117,.0065359478,10.379085,.0065359478,2012,.99437088,.72595543,1.0297388,.67812252,1.0590285,.91484791,.9579832,.6546855,.76455027,.83333331,.75882351,.67647058
2231662,vfb-stuttgart,79,2,1-fsv-mainz-05,39,2,24.352942,25.722221,11.529411,9,15.536765,8.6143789,6.8897057,2.8104575,2012,1.0825652,.63690925,.91650999,.58316261,1.2708532,.67621809,.97952074,.72489488,1.4207283,.68529409,.73809522,.7824074
2231663,tsg-1899-hoffenheim,533,1,hamburger-sv,41,4,0,13.722222,0,3.3333333,4.3921571,10.673203,1.4705882,2.8823528,2012,1.1431155,.73903036,1.1245362,.65450835,1.0598986,.61316538,1.1301975,.65119046,1.4833333,1.0518519,1.6027777,.71388888
2231664,sv-werder-bremen,86,1,eintracht-frankfurt,24,1,34.444443,.33333334,14.388889,.16666667,7.4901962,2.0457516,2.8300653,.57516342,2012,1.1016468,.74106854,1.3051548,.67483604,1.1299502,.79675925,1.3723946,.85936952,1.0935575,.88627452,1.7009259,1.25
2231665,1-fsv-mainz-05,39,2,borussia-monchengladbach,18,4,33.222221,24.333334,12.111111,12,13.503268,20.549019,4.4836602,9.1437912,2012,.82917523,.48941135,1.5371454,.7381072,.83248258,.6050536,1.3809983,.79664904,.51851851,.4861111,2.0972223,1.087963
2231666,spvgg-greuther-furth,65,1,sc-freiburg,60,2,0,11.117647,0,4.4705882,0,10.676471,0,3.8235295,2012,1.4897245,.86120021,1.3204796,.60456616,1.580999,.92086834,1.3374175,.69759572,1.8794118,1.5882353,1.5196079,1.0843138
2231667,borussia-dortmund,16,1,tsg-1899-hoffenheim,533,2,74.166664,0,46,0,33.026142,4.4705882,21.052288,1.4183006,2012,1.3070201,.86444581,1.1511322,.81526893,1.1272522,.97901237,1.0960538,.74279499,1.4175926,1.2388889,1.5212963,1.0611111
2231668,fc-bayern-munchen,27,3,fc-augsburg,167,0,16.555555,0,11.555555,0,24.529411,3.9411764,15.300653,1.0326798,2012,1.9880145,1.4023191,1.4284887,.62194145,2.1565454,1.5279661,1.3638929,.66347402,2.9342592,1.9990741,.9100529,.55158728
2231669,fortuna-dusseldorf,38,1,1-fc-nurnberg,4,2,.27777779,0,.055555556,0,.065359481,8.4191179,.013071896,3.0661764,2012,.90029812,.55701649,1.183198,.46871582,.78919059,.51138484,1.2002809,.54325396,.69215685,.58823532,.94243699,.627451
2231670,fc-schalke-04,33,1,vfb-stuttgart,79,2,.16666667,21.833334,.11111111,10.166667,8.4705887,11.313725,4.3267975,4.9673204,2012,1.6128699,1.3110301,1.3358259,.78901017,1.5619714,1.271131,1.4776071,.79680336,1.6050926,1.507672,1.4510581,.6712963
2231671,hannover-96,42,2,1-fsv-mainz-05,39,2,41.055557,40.588234,18,15,23.836601,17.095589,9.8235292,6.0294118,2012,1.3454273,.77204728,.72074133,.54401511,1.3465902,.91567463,.7438336,.67992729,1.0396825,.7037037,.48249298,.58333331
2231672,bayer-04-leverkusen,15,3,hannover-96,42,1,2.6666667,38.888889,1.7777778,16.888889,16.562092,18.888889,7.8692808,7.6013074,2012,1.2510085,.74679863,.89357126,.65176105,1.2119589,.82877493,.82124907,.69510579,1.2574074,.96296299,.6299603,.5925926
2231673,sv-werder-bremen,86,2,tsg-1899-hoffenheim,533,2,32,0,13.722222,0,6.013072,5.8562093,2.3921568,1.9281045,2012,1.0929487,.63829076,1.1863254,.75754887,1.104818,.74252647,1.1031084,.63168389,1.1582633,.89803922,1.5166667,1.0518519
2231674,1-fc-nurnberg,4,0,bayer-04-leverkusen,15,2,0,2.6666667,0,1.7777778,10.54902,23.660131,3.8888888,11.084968,2012,1.0426415,.55951816,1.1565971,.760423,1.0603936,.52140653,1.0812711,.78186136,.98981482,.81481481,.94259262,.91666669
2231675,vfl-wolfsburg,82,3,borussia-dortmund,16,3,0,74.166664,0,46,11.862745,34.620914,4.5620914,21.875816,2012,1.3027742,.81530702,1.4332827,.8504166,1.2993566,.88226634,1.2122691,.958179,1.8519841,1.0824074,1.4268519,1.2111111
2231676,sc-freiburg,60,2,fc-augsburg,167,0,11.666667,0,4.7777777,0,14.006536,4.2222223,4.9215684,.94771242,2012,1.1862867,.631473,1.2512283,.57272404,1.2345672,.6852954,1.1453924,.5738095,1.5240741,1.2,.60449737,.42195767
2231677,eintracht-frankfurt,24,3,fortuna-dusseldorf,38,1,.33333334,.27777779,.16666667,.055555556,3.3202615,0,.90849674,0,2012,1.4694905,.71928048,1.2373185,1.1217501,1.6409131,.97973984,1.1990504,1.1051968,2.1731482,1.4722222,1.2277777,1.6851852
2231678,vfb-stuttgart,79,0,spvgg-greuther-furth,65,2,19.055555,0,8.7777777,0,7.2745099,0,3.0261438,0,2012,1.0550604,.62934726,1.4073716,.83505642,1.2019577,.66384882,1.5165733,.9012605,1.2630953,.58240741,2.3205884,1.7941177
2231679,borussia-monchengladbach,18,0,fc-schalke-04,33,1,20.777779,.16666667,10.166667,.11111111,17.895424,6.8366013,7.6732025,3.5294118,2012,1.5603423,.73725247,1.6281645,1.2453984,1.4012994,.79708827,1.5675831,1.1556989,2.1157408,1.0846561,1.6004629,1.4660053
2231680,borussia-dortmund,16,1,fc-bayern-munchen,27,1,70.444443,14.166667,43.388889,9.833333,28.732027,10.065359,18.352942,6.3398695,2012,1.4292423,.82968295,1.4712671,.70440388,1.2261579,.93966049,1.6270456,.922288,1.3990741,1.1277778,2.2725489,1.2343137
2321025,fc-bayern-munchen,27,3,borussia-monchengladbach,18,1,0,36.222221,0,15.944445,34.92157,19.013071,25.915033,7.4901962,2013,1.7162269,1.5633552,1.1831088,.91376394,1.5900909,1.6059573,1.1901517,1.05077,1.5777777,1.6018518,1.0773809,.98518521
2321027,fc-schalke-04,33,3,hamburger-sv,41,3,10.777778,32.055557,5.8888888,11.777778,20.699347,19.313726,10.30719,7.4117646,2013,1.6193153,1.0990961,1.2836667,.74722773,1.5257021,1.0807039,1.1974708,.86289358,1.5611111,1.125,1.2380953,1.1333333
2321028,bayer-04-leverkusen,15,3,sc-freiburg,60,1,0,23.166666,0,9.4444447,15.653595,9.7385616,8.2745094,3.8758171,2013,1.0952374,.71331573,1.0535218,.63553685,1.0522648,.67854941,.99176246,.73204988,1.4332011,1.0972222,.6240741,.54166669
2321029,hannover-96,42,2,vfl-wolfsburg,82,0,48.944443,11.111111,20.222221,3.6111112,18.686274,12.941176,7.4248366,4.2287583,2013,1.031853,.795147,1.1717823,.90405291,.87151128,.764081,1.1880105,1.0344577,.95694447,.94047618,1.4236112,1.1444445
2321030,tsg-1899-hoffenheim,533,2,1-fc-nurnberg,4,2,3.2777777,11,1.5555556,3.7222223,11.058824,18.699347,3.3398693,5.9281044,2013,1.4092135,.84133393,1.1481081,.69830918,1.4300148,.98784673,1.2642654,.76682097,1.2898148,.87037039,1.75,.97222221
2321031,1-fsv-mainz-05,39,3,vfb-stuttgart,79,2,44.888889,36.444443,14.444445,15.611111,11.614379,17.575163,3.0849674,7.3986926,2013,.93401891,.44623727,1.6267104,.9968729,.88091087,.53768837,1.6730781,.97908652,.70416665,.43518519,1.5194445,1.0055555
2321032,fc-augsburg,167,0,borussia-dortmund,16,4,15.5,74.222221,4,44.833332,11.052288,23.183006,3.1503267,13.830066,2013,1.0613953,.63026941,1.8868575,1.1929731,.8874678,.55473387,2.1996825,1.3906846,.89629632,.6388889,1.8101852,1.4212962
2321033,eintracht-braunschweig,23,0,sv-werder-bremen,86,1,0,3.1111112,0,1,.0065359478,19.424837,.0065359478,5.6928105,2013,1.408192,.92252284,1.2959526,.88101697,1.3974466,1.1271825,1.1578263,.90024251,1.3838624,.9074074,1.1574074,.75
2321034,hertha-bsc,44,6,eintracht-frankfurt,24,1,4.9444447,15.444445,1.0555556,5.8888888,3.3725491,12.895425,.63398695,4.7385621,2013,.99557942,.71412504,1.2518725,.87767512,1.0042015,.80484611,1.4609728,1.0727072,1.6611111,1.7685186,1.5685185,.96296299
2321044,borussia-dortmund,16,2,eintracht-braunschweig,23,1,79.666664,0,47.611111,0,30.48366,.0065359478,18.457516,.0065359478,2013,2.0051324,1.2550646,1.3778459,.8956269,2.3205338,1.4462402,1.4202641,1.108664,2.0768518,1.5324074,1.3097883,.9074074
2321045,borussia-monchengladbach,18,3,hannover-96,42,0,39.777779,43.111111,17.166666,17.777779,23.058823,16.117647,8.8039217,6.4771242,2013,1.2026067,.88954741,1.0480434,.7659803,1.1615802,.99345082,.88010919,.73529309,1.0542328,.94351852,.96435183,.94047618
2321046,vfb-stuttgart,79,0,bayer-04-leverkusen,15,1,31.5,0,13.055555,0,12.836601,15.653595,5.2483659,8.2745094,2013,1.6243337,.99188715,1.0396818,.70405644,1.666344,.97846919,.99457258,.67114198,1.5277778,1.0055555,1.3776455,1.0824074
2321047,vfl-wolfsburg,82,4,fc-schalke-04,33,0,9.1111107,8.7222223,2.7777777,4.8888888,15.810457,20.163399,5.4640522,10.104575,2013,1.0553402,.84337783,1.8470879,1.1547399,1.0848144,.93683863,1.7986772,1.2322471,1.3406085,.97685188,1.7777778,1.2481482
2321048,sv-werder-bremen,86,1,fc-augsburg,167,0,3.1111112,15.5,1,4,14.869281,11.156863,4.1503267,3.1699347,2013,1.3417041,.8788802,1.0080827,.62758911,1.1621473,.90024251,.87357891,.58411419,1.1851852,.8611111,.80601853,.6388889
2321049,1-fc-nurnberg,4,2,hertha-bsc,44,2,11.055555,3.4444444,3.7777777,.72222221,18.274509,4.5882354,5.8496733,.86928105,2013,1.1655108,.66447979,1.0042799,.67037499,1.3147705,.72978395,.9975878,.74664503,1.6388888,.94444442,1.55,1.6296296
2321050,sc-freiburg,60,1,1-fsv-mainz-05,39,2,24.944445,44.944443,10.222222,14.388889,12.477124,12.601307,4.980392,3.3333333,2013,.90537363,.50667882,.91697878,.46475577,.85816461,.57464248,.83646643,.54650676,.55740738,.47222221,.65694445,.41666666
2321051,hamburger-sv,41,1,tsg-1899-hoffenheim,533,5,29.333334,3.2777777,10.944445,1.5555556,15.660131,8.5228758,6.1241832,2.6339869,2013,1.4966297,.84722769,1.4085726,.81443334,1.530804,.99252319,1.4522371,.95852572,1.3492063,1.1888889,1.3175926,.8888889
2321053,borussia-dortmund,16,1,sv-werder-bremen,86,0,81.5,3.1111112,48.666668,1,31.954248,12.980392,19.071896,3.5490196,2013,1.7209866,1.1835324,1.2617166,.87861311,1.9356132,1.3582772,1.1373457,.92030424,2.0675926,1.4351852,1.212963,.9537037
2321054,fc-bayern-munchen,27,2,1-fc-nurnberg,4,0,0,11.833333,0,4.0555553,29.339869,21.196079,21.647058,6.8823528,2013,1.7747767,1.7427896,1.2039723,.67003536,1.6658185,1.8166054,1.3703259,.73904324,1.7555555,1.9907408,1.8055556,.97222221
2321055,bayer-04-leverkusen,15,4,borussia-monchengladbach,18,2,0,42.722221,0,18.333334,18.235294,24.980392,9.5555553,9.5424833,2013,1.0396818,.70405644,1.2026067,.88954741,.99457258,.67114198,1.1615802,.99345082,1.3776455,1.0824074,1.0542328,.94351852
2321056,hannover-96,42,2,fc-schalke-04,33,1,48.444443,8,20.222221,4.3888888,21.241831,11.071896,8.679739,5.6274509,2013,1.1360064,.85815203,1.75883,1.1368963,1.0321854,.84023136,1.551455,1.0493106,1.0893519,1.0099206,1.6851852,1.0074074
2321057,tsg-1899-hoffenheim,533,3,sc-freiburg,60,3,3.1111112,28,1.5,11.666667,7.986928,15.888889,2.4836602,6.3856211,2013,1.4085726,.81443334,.84626752,.45987746,1.4522371,.95852572,.79963285,.52197295,1.3950981,.94117647,.51851851,.43055555
2321058,1-fsv-mainz-05,39,2,vfl-wolfsburg,82,0,44,11.388889,14.222222,3.6111112,14.908497,15.352942,4.2745099,5.2875819,2013,.85257095,.44623727,1.07742,.85347885,.79479975,.51487094,1.1206169,.95271164,.63379627,.41666666,1.3961641,1.0046296
2321059,fc-augsburg,167,2,vfb-stuttgart,79,1,15.5,34.222221,4,14.555555,11.052288,15.078431,3.1503267,6.2091503,2013,1.0613953,.63026941,1.3316751,.98077601,.8874678,.55473387,1.4232885,1.0340247,.89629632,.6388889,1.0925926,.86666667
2321060,eintracht-braunschweig,23,0,eintracht-frankfurt,24,2,0,18.529411,0,7.4705882,0,11.823529,0,4.647059,2013,1.4134527,.92715245,.98363161,.83489829,1.5850369,1.1896825,1.1748536,1.0364612,1.7820106,.92592591,1.4941176,.94117647
2321061,hertha-bsc,44,1,hamburger-sv,41,0,3.4444444,24.666666,.72222221,9.166667,4.5947714,9.8823528,.86274511,3.8496733,2013,1.0042799,.67037499,1.4747056,.81798661,.9975878,.74664503,1.5030262,.95866078,1.55,1.6296296,1.3075397,.98518521
2321062,eintracht-frankfurt,24,0,fc-bayern-munchen,27,1,19.388889,0,8,0,14.156863,33.522877,5.4901962,24.248365,2013,1.0581857,.86563808,1.5060632,1.6035149,1.1943061,1.0551146,1.4385457,1.6429944,1.3185185,.93518519,1.575,1.824074
2321063,fc-schalke-04,33,2,bayer-04-leverkusen,15,0,7.2777777,0,3.8888888,0,11.052288,15.653595,5.5163398,8.2745094,2013,1.5692617,1.1277142,1.0396818,.70405644,1.3981121,1.1285154,.99457258,.67114198,1.5694444,1.3777778,1.3776455,1.0824074
2321064,borussia-monchengladbach,18,4,sv-werder-bremen,86,1,42.722221,3.1111112,18.333334,1,24.980392,17.346405,9.5424833,5.013072,2013,1.2026067,.88954741,1.215965,.88074988,1.1615802,.99345082,1.1330247,.92030424,1.0542328,.94351852,1.1851852,.8425926
2321065,vfb-stuttgart,79,6,tsg-1899-hoffenheim,533,2,0,3.7777777,0,1.6666666,12.90196,8.8039217,5.2810459,2.640523,2013,1.6236323,.89144522,1.2810085,.7089265,1.7002946,.89910412,1.3036261,.89062452,1.4537038,.80185187,1.187963,.81481481
2321066,hannover-96,42,4,1-fsv-mainz-05,39,1,48.111111,47,20,15.555555,19.392157,18.281046,7.8692808,5.4313726,2013,1.1147101,.77060997,.87149084,.46290392,.97157943,.75549513,.83527595,.55599648,.92268521,.84325397,.57453704,.43518519
2321067,vfl-wolfsburg,82,2,hertha-bsc,44,0,11.055555,3.4444444,3.6666667,.72222221,12.352942,4.3856211,4.026144,.86928105,2013,1.2951202,.92208838,1.0015863,.66799408,1.2448109,1.0429894,1.0134609,.77706832,1.5373677,1.1907407,1.6055555,1.6851852
2321068,1-fc-nurnberg,4,0,fc-augsburg,167,1,11.833333,17.5,4.0555553,4.5555553,21.196079,13.169934,6.8823528,3.6666667,2013,1.2039723,.67003536,1.0404718,.57563978,1.3703259,.73904324,.88085401,.53621531,1.8055556,.97222221,.88703704,.64814812
2321069,sc-freiburg,60,1,fc-bayern-munchen,27,1,25,0,10.111111,0,11.75817,35.267975,4.5228758,25.705883,2013,.97285992,.49859276,1.7582854,1.703548,.87588185,.57557517,1.6287814,1.7531134,.75185186,.52777779,1.7,1.824074
2321070,hamburger-sv,41,4,eintracht-braunschweig,23,0,26.666666,0,9.7222223,0,12.071896,0,4.6601305,0,2013,1.457875,.85312986,1.490538,.94025975,1.4791778,.96662939,1.6243887,1.2399471,1.2797619,.96666664,1.5505291,.89814812
2321071,eintracht-frankfurt,24,1,borussia-dortmund,16,2,12.388889,81.5,4.7222223,48.666668,6.7058825,32.882355,2.6078432,19.222221,2013,.9555707,.75394714,1.7209866,1.1835324,1.1632876,.95943564,1.9356132,1.3582772,1.4111111,1.0277778,2.0675926,1.4351852
2321072,borussia-dortmund,16,6,hamburger-sv,41,2,74.333336,9.666667,44.333332,3.3888888,28.065359,9.4052286,16.333334,3.4313726,2013,1.6490169,1.0542394,1.3899283,.73228544,1.8324386,1.2197491,1.3728467,.87183219,1.8731482,1.2268518,.9325397,.80000001
2321073,fc-bayern-munchen,27,2,hannover-96,42,0,0,41.444443,0,17.555555,35.483662,14.620915,25.764706,6.1045752,2013,1.6536864,1.5386639,1.1002616,.75244755,1.513702,1.5712351,1.1535169,.77858394,1.5222223,1.5462962,1.1819445,.77843916
2321074,bayer-04-leverkusen,15,3,vfl-wolfsburg,82,1,0,9.5555553,0,3.2222223,14.862745,11.228758,7.7777777,3.7385621,2013,1.1296289,.75529099,1.2180895,.86629939,1.0547577,.68348765,1.1854317,.98743385,1.3498677,.9990741,1.4887567,1.0601852
2321075,sv-werder-bremen,86,0,eintracht-frankfurt,24,3,3.1111112,16.722221,1,6.4444447,12.581699,10.764706,3.862745,4.0915031,2013,1.1935388,.85297209,1.021856,.73569071,1.0695567,.88835979,1.1013829,.85511464,1.037037,.73148149,1.2074074,.82407409
2321076,tsg-1899-hoffenheim,533,2,borussia-monchengladbach,18,1,2.9444444,42.722221,1.3888888,18.333334,6.8823528,24.980392,1.993464,9.5424833,2013,1.3075236,.78917342,1.2026067,.88954741,1.3175149,.96469855,1.1615802,.99345082,1.1509259,.74074072,1.0542328,.94351852
2321077,1-fsv-mainz-05,39,0,fc-schalke-04,33,1,43.444443,6.5555553,14.055555,3.6111112,16.137255,12.535948,4.5490198,6.1830068,2013,.94304717,.50680506,1.7789779,1.1656331,.84816015,.58754212,1.621128,1.2520002,.72870368,.47222221,1.8416667,1.4703704
2321078,fc-augsburg,167,2,sc-freiburg,60,1,16.166666,26.166666,4.1111112,10.833333,11.398693,13.039216,3.0849674,5.2156863,2013,1.0404718,.57563978,.91286922,.48086512,.88085401,.53621531,.8697387,.56406045,.88703704,.64814812,.58518517,.47222221
2321079,eintracht-braunschweig,23,1,1-fc-nurnberg,4,1,0,9.1111107,0,3.1111112,0,10.732026,0,3.503268,2013,1.5020018,.83399874,1.1006868,.56913316,1.654812,1.0362434,1.2636901,.6686067,1.5783069,.78703701,1.7647059,.94117647
2321080,hertha-bsc,44,0,vfb-stuttgart,79,1,1.8888888,0,.44444445,0,5.352941,14.915032,.98692811,6.1503267,2013,.93852448,.61612731,1.4615953,.98852175,.95018923,.70441717,1.4402637,.92996836,1.3370371,1.0925926,1.4074074,.94999999
2321081,fc-schalke-04,33,0,fc-bayern-munchen,27,4,7.2777777,0,4,0,12.69281,31.287582,6.2222223,22.705883,2013,1.7587758,1.1545219,1.6536864,1.5386639,1.6370009,1.2520002,1.513702,1.5712351,1.875,1.4703704,1.5222223,1.5462962
2321082,borussia-monchengladbach,18,4,eintracht-braunschweig,23,1,36.777779,0,15.111111,0,20.071896,0,7.7450981,0,2013,1.1857641,.9173252,1.4587117,.73803914,1.1585277,1.05077,1.5930836,.90264553,1.0727513,.9990741,1.5875661,.64814812
2321083,vfb-stuttgart,79,1,eintracht-frankfurt,24,1,0,15.888889,0,6.1666665,15.54902,8.9411764,6.3921571,3.359477,2013,1.7134471,1.0678868,1.0549247,.84900641,1.7489058,1.0163881,1.1458273,.96622574,1.5324074,.97777778,1.2074074,.82407409
2321084,hannover-96,42,2,fc-augsburg,167,1,41.888889,16.166666,17.666666,4.1111112,15.24183,11.614379,6.3071895,3.1503267,2013,1.2148383,.84546101,1.0206305,.53661865,1.2778715,.86872143,.90466356,.54117566,1.3625,.91732806,.83703703,.63703704
2321085,vfl-wolfsburg,82,2,tsg-1899-hoffenheim,533,1,10.5,3.5,3.5,1.5555556,12.058824,9.2941179,4,2.7124183,2013,1.2104642,.90224707,1.3284332,.78230613,1.1750531,.99353886,1.3027,.95636523,1.4332011,1.0462962,1.1638889,.7638889
2321086,1-fc-nurnberg,4,1,borussia-dortmund,16,1,8.1111107,66.833336,2.7777777,40,11.745098,22.084967,3.7385621,13.013072,2013,1.0806121,.56241769,2.0296218,1.2505713,1.2613753,.67336863,2.3655674,1.4681257,1.7352941,.88235295,2.0898149,1.4907408
2321087,sc-freiburg,60,1,hertha-bsc,44,1,23.611111,2.2222223,9.5,.5,10.405229,5.3921571,3.993464,1,2013,.91999173,.47160587,.93350774,.61180633,.89751643,.54554194,.97488058,.70706266,.62222224,.4537037,1.3277777,1.0925926
2321088,1-fsv-mainz-05,39,1,bayer-04-leverkusen,15,4,41.666668,0,13.722222,0,14.581699,13.013072,4.2418299,6.980392,2013,.95230639,.49754578,1.1533393,.65299821,.8373577,.55913299,1.0732763,.59336418,.73796296,.55555558,1.300926,.98055553
2321089,hamburger-sv,41,0,sv-werder-bremen,86,2,.5,3.1111112,.27777779,1,10.339869,12.366014,3.9607842,3.856209,2013,1.4996927,.77677661,1.2375474,.83051836,1.3690588,.90269637,1.0931678,.85363758,1.2103175,1.0222223,1.1388888,.85185188
2321108,borussia-dortmund,16,5,sc-freiburg,60,0,66.944443,24.277779,40.222221,10.111111,21.79085,11.163399,12.908497,4.6143789,2013,2.0767422,1.276616,.93006498,.47581461,2.3827631,1.4781666,.90446091,.55612397,2.1009259,1.5185186,.61296296,.47222221
2321109,fc-bayern-munchen,27,1,vfl-wolfsburg,82,0,0,9.2777777,0,3.1111112,29.830065,10.705882,22.261438,3.6078432,2013,1.7607596,1.705512,1.1218593,.8172943,1.6367179,1.7610499,.98418099,.8260175,1.7,1.824074,1.3799603,.87129629
2321110,bayer-04-leverkusen,15,2,hannover-96,42,0,0,43.611111,0,18.333334,13.013072,17.620914,6.980392,7.2679739,2013,1.1533393,.65299821,1.1674879,.85892904,1.0732763,.59336418,1.0498623,.84023136,1.300926,.98055553,1.0986111,1.0099206
2321111,sv-werder-bremen,86,3,1-fc-nurnberg,4,3,3.1111112,10.058824,1,3.4117646,12.954248,15.183824,4,4.8897057,2013,1.2108318,.90343505,.90918499,.63303608,1.0631173,.87030423,1.0162462,.65275443,1.0833334,.6574074,1.1875,.875
2321112,tsg-1899-hoffenheim,533,3,fc-schalke-04,33,3,3.3333333,5.3333335,1.6111112,2.7777777,10.947712,10.431373,3.3202615,5.1111112,2013,1.4092135,.84133393,1.4519428,.97251135,1.4300148,.98784673,1.3357189,1.0823873,1.2898148,.87037039,1.3842592,1.262037
2321113,fc-augsburg,167,2,borussia-monchengladbach,18,2,17,43.222221,4.5555553,18.166666,12.111111,28.137255,3.3856208,11.294118,2013,1.0206305,.53661865,1.1783566,.94797993,.90466356,.54117566,1.1637887,1.0739539,.83703703,.63703704,1.0949736,1.0129629
2321114,eintracht-braunschweig,23,0,vfb-stuttgart,79,4,0,0,0,0,.0065359478,11.771242,.0065359478,4.9215684,2013,1.3440653,.6967693,1.7134471,1.0678868,1.3909231,.84312171,1.7489058,1.0163881,1.3468254,.5925926,1.5324074,.97777778
2321115,eintracht-frankfurt,24,2,hamburger-sv,41,2,16.722221,0,6.4444447,0,10.764706,8.3856211,4.0915031,3.3202615,2013,1.021856,.73569071,1.5314387,.78788769,1.1013829,.85511464,1.4008049,.91380751,1.2074074,.82407409,1.2519841,1.0407407
2321116,hertha-bsc,44,3,1-fsv-mainz-05,39,1,2.2222223,35.611111,.5,11.055555,5.3921571,10.326797,1,2.7385621,2013,.92570394,.61057174,.85511291,.44741118,.96315217,.7149992,.80088627,.560085,1.3092593,1.0925926,.80138886,.48148149
2321117,fc-schalke-04,33,4,fc-augsburg,167,1,5.6111112,14.833333,2.9444444,3.9444444,10.228758,9.0653591,5.0522876,2.4379084,2013,1.4243965,.91712117,1.1145713,.59911865,1.283867,.99274093,.98144925,.55506456,1.662037,1.1601852,.98981482,.60925925
2321118,borussia-monchengladbach,18,2,borussia-dortmund,16,0,40.611111,68.888885,16.777779,41.333332,24,22.928104,9.3986931,13.542483,2013,1.1857641,.9173252,2.0767422,1.2723424,1.1585277,1.05077,2.388936,1.4781666,1.0727513,.9990741,2.0824075,1.5185186
2321119,bayer-04-leverkusen,15,1,fc-bayern-munchen,27,1,0,0,0,0,17.392157,35.267975,9.1633987,25.705883,2013,1.0396818,.70405644,1.7582854,1.703548,.99457258,.67114198,1.6287814,1.7531134,1.3776455,1.0824074,1.7,1.824074
2321120,vfb-stuttgart,79,1,sv-werder-bremen,86,1,0,0,0,0,10.90196,12.594771,4.5032678,3.6535947,2013,1.7134471,1.0678868,1.1532561,.83121282,1.7489058,1.0163881,1.1411597,.83326721,1.5324074,.97777778,1.175926,.60185188
2321121,hannover-96,42,1,hertha-bsc,44,1,42.277779,2.2222223,18,.5,15.797385,5.3921571,6.6666665,1,2013,1.2020516,.82231289,.92570394,.61057174,1.2655258,.84788805,.96315217,.7149992,1.3532407,.87103176,1.3092593,1.0925926
2321122,vfl-wolfsburg,82,0,eintracht-braunschweig,23,2,8.8888893,0,2.8888888,0,10.124183,.0065359478,3.3725491,.0065359478,2013,1.2393197,.87509453,1.4786613,.8078804,1.2064033,.98316038,1.6362935,.98015875,1.5651455,1.0657407,1.6190476,.6574074
2321123,1-fc-nurnberg,4,0,hamburger-sv,41,5,9.1111107,0,3.1111112,0,13.941176,8.125,4.5294118,3.3014705,2013,.89713627,.60342294,1.5584981,.79038376,1.0153437,.62574959,1.4159782,.90537602,1.2941177,.85294116,1.2815126,1.082353
2321124,sc-freiburg,60,1,eintracht-frankfurt,24,1,23.555555,15.888889,9.7777777,6.1666665,10.712419,8.9411764,4.2810459,3.359477,2013,.93615353,.48991069,1.0549247,.84900641,.84196091,.58180737,1.1458273,.96622574,.66851854,.45833334,1.2074074,.82407409
2321125,1-fsv-mainz-05,39,2,tsg-1899-hoffenheim,533,2,35.555557,3.7777777,11.222222,1.6666666,12.052288,9.3267975,3.3267975,2.856209,2013,.947918,.51928067,1.4034139,.7737413,.84639907,.60741341,1.4157292,.89988375,.7810185,.6111111,1.2342592,.80555558
2321126,borussia-dortmund,16,1,hannover-96,42,0,69.666664,35.722221,41.666668,15.055555,22.849672,10.941176,13.444445,4.6339869,2013,1.6861876,1.1484388,1.131402,.78332651,1.90525,1.3186548,1.1470073,.7687214,2.0342593,1.3796296,1.2319444,.84788358
2321127,fc-bayern-munchen,27,4,1-fsv-mainz-05,39,1,0,37.055557,0,11.611111,31.036764,11.888889,22.220589,3.2549019,2013,1.5574952,1.338516,.75764263,.41681153,1.4067923,1.3485982,.70045555,.51538199,1.5205883,1.4460784,.67453706,.55555558
2321128,sv-werder-bremen,86,0,sc-freiburg,60,0,3.1111112,20.833334,1,8.3888893,12.529411,7.8366013,3.5751634,3.006536,2013,1.1716783,.7951017,1.139483,.64253414,1.0834876,.7522487,1.0147122,.74851614,1.1388888,.47222221,.71764708,.52450979
2321129,tsg-1899-hoffenheim,533,1,bayer-04-leverkusen,15,2,3.3888888,0,1.5,0,9.3267975,14.862745,2.856209,7.7777777,2013,1.4034139,.7737413,1.1296289,.75529099,1.4157292,.89988375,1.0547577,.68348765,1.2342592,.80555558,1.3498677,.9990741
2321130,fc-augsburg,167,1,vfl-wolfsburg,82,2,13.166667,8.4444447,3.3888888,2.8333333,8.5163403,7.8758168,2.2810457,2.7124183,2013,1.1669523,.61300755,1.2705365,.83996642,1.0019621,.57779181,1.2179773,.93223441,1.0175925,.69259262,1.6855159,1.0935185
2321131,hamburger-sv,41,3,vfb-stuttgart,79,3,0,0,0,0,9.8366013,10.267974,3.9411764,4.2614379,2013,1.5621927,.86224669,1.5573624,1.0845535,1.4153551,.95207912,1.5930415,1.096635,1.2242063,1.0222223,1.4351852,.97777778
2321132,eintracht-braunschweig,23,2,fc-schalke-04,33,3,0,6.1666665,0,3.3888888,.0065359478,9.7058821,.0065359478,5.0718956,2013,1.3848336,.81343597,1.6815585,1.006295,1.5584276,1.0071429,1.5136651,1.0460517,1.5171958,.64814812,1.6944444,1.0583333
2321133,eintracht-frankfurt,24,1,1-fc-nurnberg,4,1,16.833334,0,6.5,0,13.202615,11.287581,4.9019608,3.9738562,2013,1.2431313,.80883884,1.1321133,.52327102,1.3850529,.92654324,1.0863312,.56748235,1.6296296,.9074074,2.0294118,1.0294118
2321134,hertha-bsc,44,1,borussia-monchengladbach,18,0,2.9444444,44.722221,.6111111,19.5,5.3986926,27.895424,1,11.013072,2013,.88831836,.62176001,1.218186,.94510299,.93555593,.75512266,1.1798953,1.0638874,1.3981482,1.4444444,1.102381,.9990741
2321135,fc-bayern-munchen,27,3,hertha-bsc,44,2,0,2.2222223,0,.5,31.712418,3.7581699,22.686274,.65359479,2013,1.5812436,1.4883506,1.199949,.84328777,1.5062045,1.489445,1.2404943,.96367645,1.5981481,1.5231482,1.3981482,1.1388888
2321136,fc-schalke-04,33,1,borussia-dortmund,16,3,6.6111112,77.222221,3.6666667,46.055557,9.5686274,29.248365,4.647059,17.137255,2013,1.4338592,.89610976,1.7168273,1.1778505,1.3079411,.95416063,1.9283981,1.3510622,1.4537038,1.1694444,2.0675926,1.4351852
2321137,borussia-monchengladbach,18,4,eintracht-frankfurt,24,1,41.444443,16.833334,17.888889,6.5,23.843138,13.202615,9.2941179,4.9019608,2013,1.299159,.98399186,1.0868813,.79495001,1.1938813,1.1231467,1.1643459,.89678133,1.0699736,1.0268519,1.3740741,.7962963
2321138,bayer-04-leverkusen,15,2,fc-augsburg,167,1,0,12.611111,0,3.1666667,12.111111,6.2222223,6.4509802,1.6209151,2013,1.1883743,.7522046,1.1460683,.55166495,1.1273588,.67634481,1.0482584,.60171157,1.3220899,.98055553,.96203703,.74814814
2321139,vfb-stuttgart,79,1,1-fc-nurnberg,4,1,0,0,0,0,14.954248,13.189543,6.1764708,4.2287583,2013,1.5192931,1.0500162,1.1159656,.66189533,1.5511644,1.0453042,1.1656964,.63996911,1.4361111,.98703706,1.8529412,.94117647
2321140,hannover-96,42,1,tsg-1899-hoffenheim,533,4,40.882355,3.5,17.058823,1.5555556,14.860294,8.1960783,6.0808825,2.5620916,2013,1.0802813,.80651307,1.257813,.66380543,.9024685,.77200967,1.2990625,.76377267,1.0014706,.99579829,1.1509259,.60185188
2321141,vfl-wolfsburg,82,3,sv-werder-bremen,86,0,9.4444447,.6111111,3.0555556,.22222222,8.4444447,13.973856,2.9150326,4.2549019,2013,1.2705365,.83996642,1.0949808,.76162219,1.2179773,.93223441,.84880751,.68882275,1.6855159,1.0935185,.75,.37962964
2321142,sc-freiburg,60,0,hamburger-sv,41,3,23.888889,0,10,0,10.69281,9.8366013,4.3921571,3.9411764,2013,1.0103331,.58601367,1.5621927,.86224669,.93023252,.69831973,1.4153551,.95207912,.76386553,.58333331,1.2242063,1.0222223
2321143,1-fsv-mainz-05,39,2,eintracht-braunschweig,23,0,39.388889,0,12.5,0,12.941176,.0065359478,3.5490196,.0065359478,2013,.88159889,.53035873,1.6149558,.83724546,.84639907,.67002362,1.8063773,1.0489419,.75324076,.57407409,1.7116402,.71296299
2321144,borussia-dortmund,16,6,vfb-stuttgart,79,1,77.222221,0,46.055557,0,28.895424,13.751634,17.045752,5.7777777,2013,1.7168273,1.1778505,1.6333803,1.0569607,1.9283981,1.3510622,1.7356482,1.0725609,2.0675926,1.4351852,1.5518519,1.0240741
2321145,sv-werder-bremen,86,3,hannover-96,42,2,3.1111112,36.666668,1,15.555555,11.823529,11.176471,3.3202615,4.7385621,2013,1.1243018,.77864957,1.1728542,.76583141,.91159409,.70568782,1.1942736,.77297223,.93981481,.41666666,1.3671297,.90343916
2321146,1-fc-nurnberg,4,0,sc-freiburg,60,3,0,21.611111,0,9.1111107,13.189543,8.1830063,4.2287583,3.3725491,2013,1.1159656,.66189533,.98934257,.54264408,1.1656964,.63996911,.85842913,.65076482,1.8529412,.94117647,.72549021,.61764705
2321147,tsg-1899-hoffenheim,533,1,fc-bayern-munchen,27,2,3.5555556,0,1.5555556,0,8.8039217,28.254902,2.6143792,20.562092,2013,1.3863199,.76092082,1.3374165,1.4475504,1.3990625,.88877267,1.2530057,1.4499388,1.2342592,.80555558,1.3055556,1.3768518
2321148,fc-augsburg,167,2,1-fsv-mainz-05,39,1,14.833333,41.888889,3.9444444,13.777778,9.0653591,13.555555,2.4379084,4,2013,1.1145713,.59911865,.96934658,.47902727,.98144925,.55506456,.88180214,.55031466,.98981482,.60925925,.78518516,.57407409
2321149,hamburger-sv,41,0,borussia-monchengladbach,18,2,0,41.277779,0,18.111111,11.503268,22.738562,4.5751634,9.1372547,2013,1.5597773,.86224669,1.281798,.97857875,1.4120871,.95207912,1.2169582,1.1225293,1.2242063,1.0222223,1.1116402,1.0129629
2321150,eintracht-braunschweig,23,1,bayer-04-leverkusen,15,0,0,0,0,0,0,15.48366,0,8.0915031,2013,1.590053,.88306075,1.1490525,.75868607,1.7824575,1.1137567,1.0833772,.70848763,1.7116402,.82407409,1.3683863,1.0916667
2321151,eintracht-frankfurt,24,1,vfl-wolfsburg,82,2,18.222221,9.4444447,7.2777777,3.0555556,9.6928101,8.4444447,3.5424836,2.9150326,2013,1.090585,.89371544,1.2705365,.83996642,1.1810125,.97085536,1.2179773,.93223441,1.3462963,.76851851,1.6855159,1.0935185
2321152,hertha-bsc,44,0,fc-schalke-04,33,2,3.7222223,6.7222223,.83333331,3.7222223,4.013072,10.267974,.72549021,5.006536,2013,1.1976866,.89259332,1.3783038,.91462827,1.2534572,1.029814,1.233867,.96804953,1.4814814,1.2777778,1.6203704,1.1231482
2321153,fc-bayern-munchen,27,3,fc-augsburg,167,0,0,16.111111,0,4.2777777,17.052288,10.392157,12.96732,2.8758171,2013,1.5310682,1.4099452,1.0233015,.54356307,1.465891,1.4541717,.9036715,.54812008,1.5009259,1.550926,.82314813,.63703704
2321154,fc-schalke-04,33,3,sv-werder-bremen,86,1,5.6666665,3.1111112,3.1111112,1,13.058824,11.823529,6.2875819,3.3202615,2013,1.4181007,.98985976,1.1243018,.77864957,1.2533115,1.0751925,.91159409,.70568782,1.6203704,1.1694444,.93981481,.41666666
2321155,borussia-monchengladbach,18,3,1-fc-nurnberg,4,1,42.944443,0,18.888889,0,24.732027,13.640523,9.8888893,4.3986926,2013,1.2286026,.95658803,1.1489881,.68278807,1.2041377,1.0854923,1.3169309,.72098768,1.088492,.98518521,1.8529412,.94117647
2321156,bayer-04-leverkusen,15,5,hamburger-sv,41,3,0,0,0,0,13.372549,11.875817,7.0522876,4.5816994,2013,1.1883743,.7522046,1.3498566,.81981689,1.1273588,.67634481,1.1574575,.91195565,1.3220899,.98055553,.89087301,.91111112
2321157,hannover-96,42,0,eintracht-braunschweig,23,0,43.5,0,18.388889,0,15.039216,0,6.2614379,0,2013,1.1768807,.80215615,1.6720325,.86415744,1.1786101,.79077852,1.8329625,.98829365,1.4180555,.94973546,1.7171957,.82407409
2321158,vfl-wolfsburg,82,2,borussia-dortmund,16,1,8.9444447,73.333336,2.8888888,43.722221,7.0980392,27.058823,2.4117646,15.784314,2013,1.4520348,.75852698,1.9924512,1.1563718,1.5523027,.837327,2.2927561,1.36922,1.6577381,.9546296,1.9287037,1.337963
2321159,tsg-1899-hoffenheim,533,2,hertha-bsc,44,3,3.1111112,3.7222223,1.5,.83333331,10.45098,3.137255,3.137255,.54901963,2013,1.4290271,.83577836,1.2230426,.88941872,1.4532472,.98506892,1.231235,.99145424,1.3064815,.8888889,1.4537038,1.2222222
2321160,sc-freiburg,60,1,vfb-stuttgart,79,3,20.333334,0,8.4444447,0,7.1111112,11.071896,2.8888888,4.647059,2013,.85235727,.34577492,1.645726,1.0549182,.77866727,.40903401,1.7356482,1.0531605,.57328039,.30555555,1.5240741,.99629629
2321161,1-fsv-mainz-05,39,1,eintracht-frankfurt,24,0,29.277779,14.611111,9.333333,5.7222223,7.4313726,8.9803925,2.0915034,3.0326798,2013,.90349716,.41677848,1.1897837,.83094484,.81928271,.50766593,1.2939755,.87363315,.61620373,.46296296,1.4574074,.7962963
2321162,borussia-dortmund,16,0,fc-bayern-munchen,27,3,67.722221,0,39.722221,0,17.980392,17.150328,10.601307,12.862745,2013,1.7155173,1.2040545,1.446101,1.211193,1.9212257,1.3900112,1.3744769,1.2390201,2.0287037,1.4907408,1.3703704,1.2842592
2321163,vfb-stuttgart,79,0,borussia-monchengladbach,18,2,0,41.777779,0,18,12.130719,24.411764,5.019608,9.4901962,2013,1.6408241,1.0383583,1.221581,.93501699,1.7263889,1.0349066,1.1718014,1.0624985,1.5324074,.9685185,1.0468254,.95740741
2321164,sv-werder-bremen,86,2,1-fsv-mainz-05,39,3,3.1111112,30.333334,1,9.5,9.5098038,8.7973852,2.5751634,2.4575164,2013,1.1173601,.68837184,.90084195,.48556152,.91803348,.65291005,.82113457,.56123739,.9861111,.4537037,.69398147,.57407409
2321165,1-fc-nurnberg,4,1,vfl-wolfsburg,82,1,0,9.833333,0,3.1666667,15.751634,9.5424833,5.019608,3.2418301,2013,1.2152059,.69127572,1.4744438,.8450169,1.3902334,.76959878,1.4759138,.86371589,1.9411764,1,1.8336641,.98240739
2321166,fc-augsburg,167,2,tsg-1899-hoffenheim,533,0,15.666667,3.3888888,4.1666665,1.5,9.3725491,11.026144,2.5620916,3.3529413,2013,1.1039174,.57791978,1.4290271,.83577836,.99163443,.5751856,1.4532472,.98506892,.92731482,.69259262,1.3064815,.8888889
2321167,hamburger-sv,41,3,hannover-96,42,1,0,43.111111,0,18.055555,14.398693,16.836601,5.2679739,6.9084969,2013,1.2680128,.64871716,1.1896673,.82530433,1.1304104,.68347239,1.1909558,.81161183,1.0575397,.71666664,1.4273148,.99603176
2321168,eintracht-braunschweig,23,0,sc-freiburg,60,1,0,19.5,0,8.166667,0,6.2418299,0,2.6732025,2013,1.4294188,.79020363,.89148474,.34155536,1.4742564,.95423281,.84070426,.41220862,1.3746032,.73148149,.47254902,.32352942
2321169,eintracht-frankfurt,24,3,fc-schalke-04,33,3,15.111111,7.3333335,5.8888888,4.0555553,9.039216,13.143791,3.3137255,6.3660131,2013,1.0063133,.79739106,1.4736563,.97134125,1.0458273,.81622577,1.3273855,1.0613035,1.0962963,.74074072,1.4537038,1.2157408
2321170,hertha-bsc,44,0,bayer-04-leverkusen,15,1,3.7222223,0,.83333331,0,3.7124183,15.176471,.69281048,7.986928,2013,1.2068995,.88077676,1.1894205,.72134036,1.2400882,.97611034,1.1398232,.67078924,1.4759259,1.175926,1.3082011,.96666664
2321171,fc-bayern-munchen,27,2,eintracht-braunschweig,23,0,0,0,0,0,14.496732,0,10.921569,0,2013,1.5854771,1.147781,1.5264317,.78253168,1.5142918,1.1797608,1.6119329,1.0044974,1.6259259,1.4398148,1.2449735,.73148149
2321172,fc-schalke-04,33,3,vfb-stuttgart,79,0,7.4444447,0,4.1111112,0,14.594771,12.130719,7.006536,5.019608,2013,1.4687723,.99413323,1.6408241,1.0383583,1.2378794,1.0227233,1.7263889,1.0349066,1.5648148,1.0027778,1.5324074,.9685185
2321173,borussia-monchengladbach,18,1,sc-freiburg,60,0,41.777779,21.333334,18,8.833333,24.411764,8.013072,9.4901962,3.2418301,2013,1.221581,.93501699,.77915466,.32874873,1.1718014,1.0624985,.75274134,.38773772,1.0468254,.95740741,.50185186,.3611111
2321174,bayer-04-leverkusen,15,3,1-fc-nurnberg,4,0,0,0,0,0,16.69281,15.993464,8.7581701,5.1437907,2013,1.0896398,.62610227,1.1732305,.72599792,1.0691161,.61523366,1.3305112,.76959878,1.2711641,.89259261,1.8970588,1
2321175,hannover-96,42,2,eintracht-frankfurt,24,0,39.111111,11.5,16.444445,4.3333335,12.424836,5.5359478,5.1830068,2.0261438,2013,1.1127141,.68178582,1.141634,.77918118,1.1436894,.67124987,1.2464225,.81807762,1.3810185,.82473546,1.2537037,.74074072
2321176,vfl-wolfsburg,82,1,hamburger-sv,41,1,8.9444447,0,2.8888888,0,7.0980392,12.065359,2.4117646,4.640523,2013,1.4520348,.75852698,1.3955261,.69999921,1.5523027,.837327,1.2002758,.73162055,1.6577381,.9546296,1.0853175,.74444443
2321177,tsg-1899-hoffenheim,533,4,sv-werder-bremen,86,4,3.1111112,3.1111112,1.3333334,1,10.444445,9.7581701,3.1699347,3.0915034,2013,1.4290271,.83577836,1.1923041,.63127893,1.4532472,.98506892,1.0532428,.64232802,1.3064815,.8888889,1.2824074,.56481481
2321178,1-fsv-mainz-05,39,1,borussia-dortmund,16,3,30.333334,68.611115,9.5,40.277779,8.7973852,18.915033,2.4575164,11.20915,2013,.90084195,.48556152,1.725955,1.219206,.82113457,.56123739,1.9106437,1.3979478,.69398147,.57407409,2.0287037,1.4907408
2321179,hertha-bsc,44,0,fc-augsburg,167,0,3.7222223,15.166667,.83333331,3.8888888,2.6013072,9.0065355,.47058824,2.3202615,2013,1.2450939,.9067027,1.0506767,.57329017,1.2501892,.99277699,.91200483,.55666709,1.5037037,1.2592592,.8902778,.65555555
2321181,borussia-dortmund,16,0,bayer-04-leverkusen,15,1,68.611115,0,40.277779,0,19.620914,15.385621,12.065359,8.1372547,2013,1.725955,1.219206,1.1390417,.62610227,1.9106437,1.3979478,1.1069949,.61153001,2.0287037,1.4907408,1.2943121,.9527778
2321182,borussia-monchengladbach,18,2,fc-schalke-04,33,1,41.777779,7.4444447,18,4.1111112,24.411764,13.771242,9.4901962,6.6928105,2013,1.221581,.93501699,1.5078443,1.061797,1.1718014,1.0624985,1.3227559,1.0976791,1.0468254,.95740741,1.6944444,1.1416667
2321183,vfb-stuttgart,79,4,hannover-96,42,2,0,39.388889,0,16.555555,5.2091503,12.352942,2.1307189,4.9673204,2013,1.8592584,1.1931126,1.0447166,.62163621,1.9305556,1.2262646,1.0897973,.61137336,1.625,1.0425926,1.3347223,.73214287
2321184,sv-werder-bremen,86,0,fc-bayern-munchen,27,7,3.1111112,0,1,0,8.0196075,19.464052,2.4640522,14.928104,2013,1.2963165,.64870322,1.5312469,1.469336,1.1357825,.65879631,1.4149652,1.5722271,1.2824074,.52777779,1.4638889,1.712963
2321185,1-fc-nurnberg,4,1,1-fsv-mainz-05,39,1,0,26.722221,0,8.0555553,13.777778,6.6666665,4.3986926,1.7124183,2013,1.1732305,.72599792,.98310685,.44543809,1.3305112,.76959878,.90339953,.52272725,1.8970588,1,.83101851,.53703701
2321186,sc-freiburg,60,0,vfl-wolfsburg,82,3,19.555555,8.7777777,8.1111107,2.8888888,6.4705882,6.2091503,2.6013072,2.0522876,2013,.84176487,.3426376,1.4927756,.81431597,.83607465,.44097847,1.6140311,.91140109,.49215686,.34313726,1.7132937,.92685187
2321187,hamburger-sv,41,0,fc-augsburg,167,1,0,14.666667,0,3.9444444,11.274509,10.183006,4.2156863,2.7581699,2013,1.3518752,.67079693,1.0612587,.59643829,1.1701832,.71310204,.96756035,.58444488,1.0019841,.68888891,.89953703,.60925925
2321188,eintracht-braunschweig,23,0,hertha-bsc,44,2,0,3.3888888,0,.77777779,.0065359478,2.490196,.0065359478,.52287585,2013,1.5953671,.85567981,1.2224369,.89408779,1.6597723,1.025992,1.2018727,.9830367,1.4671957,.75925928,1.4759259,1.2314814
2321189,eintracht-frankfurt,24,1,tsg-1899-hoffenheim,533,2,12.888889,3.1111112,5.2222223,1.3333334,6.6797385,10.366014,2.4379084,3.1111112,2013,1.0689908,.78588313,1.4290271,.83577836,1.1186448,.84955907,1.4532472,.98506892,1.1148148,.82407409,1.3064815,.8888889
2321190,fc-bayern-munchen,27,3,hamburger-sv,41,1,0,0,0,0,22.69281,9.4771242,16.59477,3.3856208,2013,1.6132807,1.4662497,1.2893752,.64928371,1.4905123,1.5551817,1.196991,.72544771,1.5287037,1.6481482,1.0529101,.93888891
2321191,fc-schalke-04,33,2,sc-freiburg,60,0,5,17,2.7777777,7.1111112,7.6928105,4.7320261,3.7189543,1.8823529,2013,1.9215047,1.2188908,.91266823,.36028108,1.9399627,1.3392817,.86652339,.4729704,1.7444445,1.0861111,.66862744,.38725489
2321192,bayer-04-leverkusen,15,0,eintracht-frankfurt,24,1,0,11.722222,0,4.3888888,14.326797,5.3267975,7.4705882,1.8562092,2013,1.1527141,.61406523,1.0049373,.74865615,1.130143,.60319662,.9888829,.78628749,1.3174603,.91111112,1.1055555,.80555558
2321193,hannover-96,42,3,1-fc-nurnberg,4,3,35.333332,0,15,0,9.3398695,13.777778,3.7973857,4.3986926,2013,1.0437292,.68457329,1.1732305,.72599792,.88812184,.64532399,1.3305112,.76959878,1.0523148,.89880955,1.8970588,1
2321194,vfl-wolfsburg,82,3,vfb-stuttgart,79,1,9.666667,0,3.1666667,0,8.4509802,10.156863,2.8039215,4.2091503,2013,1.5151845,.90080589,1.9325608,1.2381269,1.5376422,.93778998,2.0743828,1.3126844,1.8892195,.9546296,1.8101852,1.1907407
2321195,tsg-1899-hoffenheim,533,2,borussia-dortmund,16,2,3.1111112,62.833332,1.3333334,36.5,10.366014,9.7908497,3.1111112,5.8627453,2013,1.4290271,.83577836,1.7717066,1.1975714,1.4532472,.98506892,1.9595516,1.3747996,1.3064815,.8888889,1.9990741,1.4907408
2321196,1-fsv-mainz-05,39,0,borussia-monchengladbach,18,0,32.611111,41.777779,10.444445,18,13.137255,24.411764,3.7843137,9.4901962,2013,.87819952,.49852449,1.221581,.93501699,.8007642,.59562892,1.1718014,1.0624985,.71620369,.62962961,1.0468254,.95740741
2321197,fc-augsburg,167,4,eintracht-braunschweig,23,1,14.833333,0,3.9444444,0,8.8300657,0,2.3464053,0,2013,1.0612587,.59643829,1.6611553,.90197611,.96756035,.58444488,1.8181717,1.1167328,.89953703,.60925925,1.4616402,.71296299
2321199,borussia-dortmund,16,1,hertha-bsc,44,2,62.722221,4.1111112,36.444443,.8888889,14.124183,2.8823528,8.4117651,.60784316,2013,1.7717066,1.2018448,1.1991661,.92256004,1.9533787,1.3747996,1.1932307,1.024483,2.0175927,1.4907408,1.6148148,1.6203704
2321200,borussia-monchengladbach,18,2,vfl-wolfsburg,82,2,44.722221,9.666667,19.5,3.1666667,27.895424,8.4509802,11.013072,2.8039215,2013,1.218186,.94510299,1.5151845,.90080589,1.1798953,1.0638874,1.5376422,.93778998,1.102381,.9990741,1.8892195,.9546296
2321201,vfb-stuttgart,79,1,fc-bayern-munchen,27,2,0,0,0,0,6.7189541,17.542484,2.7320261,13.006536,2013,1.6154312,1.0281026,1.5235651,1.2709346,1.7378747,1.1583633,1.4359848,1.3521153,1.4814814,1.1166667,1.5185186,1.4277778
2321202,sv-werder-bremen,86,1,bayer-04-leverkusen,15,0,3.1111112,0,1,0,10.150327,14.052288,3.2679739,7.4967322,2013,1.1201105,.72409999,1.1509465,.62332451,.9746713,.77228838,1.130143,.61986333,1.0925926,.69444442,1.3128307,.9527778
2321203,1-fc-nurnberg,4,0,fc-schalke-04,33,0,0,0,0,0,18.477123,10.156863,5.9411764,4.9607844,2013,1.2012417,.74980742,1.6185808,1.0360204,1.3474865,.78070986,1.4132793,1.0332853,1.9264706,1.0588236,1.5037037,1.0398148
2321204,sc-freiburg,60,2,hannover-96,42,1,23.666666,38.166668,9.8888893,16.166666,11.856209,11.457517,4.6928105,4.640523,2013,1.1055695,.61001992,1.0594699,.71591234,1.0815146,.74651539,.88082665,.69639021,.84509802,.60784316,.92731482,.82936507
2321205,hamburger-sv,41,2,1-fsv-mainz-05,39,3,0,35.722221,0,11.611111,9.7712421,13.738562,3.7516339,3.9803922,2013,1.3959053,.73048031,.87819952,.49852449,1.3135033,.87491858,.8007642,.59562892,1.0899471,.96666664,.71620369,.62962961
2321206,eintracht-braunschweig,23,1,tsg-1899-hoffenheim,533,0,0,3.3888888,0,1.5,.0065359478,10.75817,.0065359478,3.2156863,2013,1.654969,.93677652,1.309144,.76980615,1.8412958,1.0878307,1.268062,.9017356,1.6931217,.82407409,1.162037,.81944442
2321207,eintracht-frankfurt,24,1,fc-augsburg,167,1,13,15.277778,5.1111112,4.1111112,7.6862745,9.9019604,2.9019608,2.6862745,2013,1.0954579,.88384134,1.0446988,.55477166,1.2805495,.98536158,.9662376,.54740787,1.5222223,.8888889,.91342592,.60925925
2321208,borussia-dortmund,16,2,fc-augsburg,167,2,71.611115,14,43.5,3.8333333,22.503267,7.2091503,13.503268,2.0522876,2013,1.5909361,1.1901054,.94600677,.57451797,1.6759571,1.3726952,1.1251221,.6417641,1.9175926,1.462963,.92175925,.69259262
2321209,borussia-monchengladbach,18,0,fc-bayern-munchen,27,2,34,0,14.055555,0,16.967319,18.300653,6.5555553,13.294118,2013,1.2108866,.93112504,1.5464927,1.2989166,1.2143941,1.0674367,1.4410354,1.4138438,1.0634921,.97129631,1.4953704,1.5388889
2321210,vfb-stuttgart,79,1,1-fsv-mainz-05,39,2,0,29.888889,0,9.833333,9.9934645,8.1960783,4.0522876,2.4705882,2013,1.6632707,1.0493218,.84516615,.57184458,1.796605,1.1274992,.79635239,.68623739,1.5555556,1.0240741,.68981481,.62962961
2321211,vfl-wolfsburg,82,1,hannover-96,42,3,10.5,0,3.4444444,0,9.6928101,10.084968,3.1241829,4.2745099,2013,1.4969305,.92679077,1.2713679,.7372359,1.5324214,1.022386,1.1524501,.69841039,1.9216269,1.1027777,1.3069445,.96362436
2321212,sv-werder-bremen,86,0,eintracht-braunschweig,23,0,0,0,0,0,10.48366,0,3.0196078,0,2013,1.1299989,.6972692,1.2111328,.71165025,1.1329806,.70826721,1.4284011,.95932537,1.1111112,.72222221,1.4570106,.7824074
2321213,1-fc-nurnberg,4,4,tsg-1899-hoffenheim,533,0,0,3.3888888,0,1.5,15.849673,8.0588236,4.980392,2.3790851,2013,1.1022389,.67884946,1.3478305,.79326993,1.1553569,.71126544,1.3824139,.99201339,1.8970588,1.0882353,1.5101852,1.3148148
2321214,sc-freiburg,60,3,bayer-04-leverkusen,15,2,23.611111,0,9.9444447,0,10.869281,15.444445,4.359477,8.039216,2013,1.0634398,.58473504,1.0598171,.65079367,1.0370702,.7164228,1.0045029,.63741833,.84509802,.60784316,1.3253502,.85196078
2321215,hamburger-sv,41,0,fc-schalke-04,33,3,0,5.3888888,0,3.1111112,8.5163403,10.176471,3.1764705,5.1830068,2013,1.2814944,.87850636,1.6414605,.9084605,1.131223,.91804028,1.5853331,1.0063933,.90939152,1.1833333,1.4759259,.92870373
2321216,eintracht-frankfurt,24,1,hertha-bsc,44,0,14.722222,3.7222223,5.6666665,.83333331,8.7189541,3.8104575,3.0261438,.79084969,2013,1.1722177,.94715703,1.1661381,.87310016,1.3720018,1.0901234,1.1932307,.97774571,1.675926,1.0416666,1.4388889,1.2314814
2321217,fc-bayern-munchen,27,5,eintracht-frankfurt,24,0,0,13.833333,0,5.4444447,24.509804,6.9084969,18.196079,2.3529413,2013,1.7875447,1.6122521,1.2090622,.94385016,1.6921717,1.710124,1.4216651,1.0464727,1.7370371,1.8425926,1.7814815,1.0694444
2321218,fc-schalke-04,33,2,vfl-wolfsburg,82,1,5.2777777,9.2222223,3,2.9444444,9.2745094,7.1895423,4.5228758,2.2549019,2013,2.4586229,1.0981447,1.3882782,.7683031,2.3779256,1.1978675,1.4312309,.83091772,2.2212963,1.137037,1.7827381,.96388888
2321219,bayer-04-leverkusen,15,2,vfb-stuttgart,79,1,0,0,0,0,16.803921,9.2810459,8.7124186,3.8039215,2013,1.0970051,.72839504,1.6365952,.99754709,1.0223503,.666821,1.6915785,1.0472523,1.2989419,.81851852,1.4675926,1.0888889
2321220,hannover-96,42,3,borussia-monchengladbach,18,1,0,34.333332,0,14.833333,8.9673204,20.261438,3.8758171,8.0849676,2013,1.3084049,.77569747,1.1347549,.84400386,1.1852137,.7368719,1.0605221,.96435028,1.3694445,1.050926,1.0079365,.97129631
2321222,1-fsv-mainz-05,39,2,sc-freiburg,60,0,28.833334,19.833334,9.666667,8.166667,7.1895423,8.6209154,2.2418301,3.3202615,2013,.84782135,.50306147,1.0008798,.55900753,.79450059,.63266593,.99504733,.69060367,.61203706,.51851851,.93333334,.56372547
2321223,fc-augsburg,167,3,sv-werder-bremen,86,1,14.388889,.6111111,3.9444444,.22222222,7.7973857,10.490196,2.2483661,2.993464,2013,.94600677,.57451797,1.0858772,.62597293,1.1251221,.6417641,.98040122,.60780424,.92175925,.69259262,.80555558,.52777779
2321224,eintracht-braunschweig,23,1,borussia-dortmund,16,2,0,68.277779,0,41.333332,0,22.764706,0,13.529411,2013,1.2171158,.71165025,1.9647284,1.1592313,1.4239919,.95932537,2.2705338,1.3831089,1.4570106,.7824074,1.8768518,1.462963
2321225,hertha-bsc,44,1,1-fc-nurnberg,4,3,3.7222223,0,.83333331,0,3.862745,14.078431,.81699347,4.5163398,2013,1.1661381,.87310016,1.1858543,.72587329,1.1932307,.97774571,1.1629627,.73719138,1.4388889,1.2314814,1.8088236,1.0882353
2321226,fc-schalke-04,33,2,hannover-96,42,0,4.9444447,0,2.8333333,0,8.6993465,9.7058821,4.4052286,4.1503267,2013,1.7737356,.93410152,1.314103,.79026622,1.7019998,1.035097,1.1997639,.75396591,1.6009259,.99351853,1.3902777,1.0747354
2321227,borussia-monchengladbach,18,0,bayer-04-leverkusen,15,1,43.333332,0,18.944445,0,26.215687,14.823529,10.444445,7.5228758,2013,1.1646694,.83127236,1.2214071,.81172842,1.056193,.92863601,1.1612393,.69274694,.97089946,.91574073,1.3267195,.89259261
2321228,vfb-stuttgart,79,1,fc-augsburg,167,4,0,15.722222,0,4.4444447,7.2091503,10.666667,2.9607842,3.1633987,2013,1.5601403,.98744148,1.1784199,.56437773,1.6044573,1.0472523,1.2473003,.66760862,1.3527777,.9685185,.97314817,.69259262
2321229,vfl-wolfsburg,82,3,1-fsv-mainz-05,39,0,9.2222223,24.777779,2.9444444,7.9444447,7.1895423,5.973856,2.2549019,1.6862745,2013,1.3929079,.84153545,.89883631,.57184458,1.6074874,.97794151,.85777217,.70905483,1.6345899,1.0657407,.72314817,.64814812
2321230,sv-werder-bremen,86,1,borussia-dortmund,16,5,3.1111112,66.055557,1,38.444443,9.0457516,15.862745,2.7189543,9.3856211,2013,1.2136145,.85745442,1.8812464,1.1427164,1.1521605,.87466931,2.0548837,1.3382014,1.2592592,.89814812,1.8101852,1.3935186
2321231,1-fc-nurnberg,4,0,fc-bayern-munchen,27,2,0,0,0,0,13.980392,16.941177,4.4183006,13.104575,2013,1.0691876,.69037944,1.6686268,1.3099645,1.1021161,.6978395,1.5715909,1.3963614,1.6911764,1,1.6398149,1.6203704
2321232,sc-freiburg,60,1,tsg-1899-hoffenheim,533,1,22.388889,2.9444444,9.2222223,1.2777778,9.2287579,10.660131,3.5816994,3.2222223,2013,.87973773,.50808156,1.4760357,.92567736,.90245473,.62347406,1.5088028,1.0892357,.90925926,.56018519,1.6120371,1.3703704
2321233,hamburger-sv,41,0,hertha-bsc,44,3,0,3.7222223,0,.83333331,9.2810459,3.8758171,3.4444444,.80392158,2013,1.2005765,.8400448,.95838368,.66172916,1.0461071,.8791514,.99357545,.76526374,.88161373,1.1555556,1.4203703,1.2314814
2321234,eintracht-frankfurt,24,3,eintracht-braunschweig,23,0,12.888889,0,4.8888888,0,7.9477124,0,2.7058823,0,2013,1.0368011,.83141631,1.2111328,.71165025,1.2624058,.96931219,1.4284011,.95932537,1.5314815,.81944442,1.4570106,.7824074
2321235,borussia-dortmund,16,4,eintracht-frankfurt,24,0,66.111115,15.555555,38.555557,6.1666665,17.431372,7.5294118,10.751634,2.640523,2013,1.509799,.89810717,1.2421058,.75147802,1.6681112,1.0477693,1.4749118,.93456793,1.6481482,1.1296296,1.8333334,1.0694444
2321236,fc-bayern-munchen,27,4,sc-freiburg,60,0,0,23.222221,0,9.3888893,27.581699,10.163399,19.986929,3.9084966,2013,1.4588385,1.3081717,.98001832,.53352082,1.3230155,1.3979045,.98393619,.66514075,1.4546297,1.712963,.82592595,.60185188
2321237,bayer-04-leverkusen,15,1,fc-schalke-04,33,2,0,5.2222223,0,3.0555556,12.294118,7.3398695,6.2679739,3.8888888,2013,1.3055093,.85471523,1.9199505,1.117328,1.2839146,.78513074,1.9433578,1.2555555,1.5126051,1.1362745,1.7074074,1.4009259
2321238,sv-werder-bremen,86,1,borussia-monchengladbach,18,1,3.1111112,31.888889,1,13.611111,8.039216,17.398693,2.3921568,6.8692808,2013,1.2251886,.89533317,1.0633264,.62471968,1.0896605,.93716931,.97241879,.75756019,.99074072,.78703701,.88293654,.77685183
2321239,tsg-1899-hoffenheim,533,4,vfb-stuttgart,79,1,2.9444444,0,1.2777778,0,8.4313726,9.4052286,2.6013072,3.7647059,2013,1.4753946,.89877677,1.4029351,.86506844,1.5310251,1.0599146,1.4971341,.94848686,1.6398149,1.3888888,1.1527778,.99629629
2321240,1-fsv-mainz-05,39,2,hannover-96,42,0,27.333334,0,8.5555553,0,7.3790851,9.9150324,2,4.2352943,2013,.91758633,.57691276,1.1935902,.77427298,.91187531,.72294372,1.0703988,.73544741,.7810185,.64814812,1.2421297,1.0469577
2321241,fc-augsburg,167,0,1-fc-nurnberg,4,1,16.111111,0,4.3888888,0,10.418301,8.7516336,3.0653596,2.856209,2013,1.0341179,.48531792,1.0026736,.59561032,1.0797517,.50358748,1.0051143,.57244271,1.262037,.72037035,2.0147059,1
2321242,eintracht-braunschweig,23,4,hamburger-sv,41,2,0,0,0,0,0,7.8169932,0,2.8300653,2013,1.2750578,.81872094,1.1700209,.76323599,1.5095298,1.1040344,1.0370883,.75931013,1.5033069,.94907409,.853836,1.0166667
2321243,hertha-bsc,44,1,vfl-wolfsburg,82,2,3.7222223,8.2222223,.83333331,2.7777777,2.6862745,5.5882354,.52287585,1.8888888,2013,1.2677675,.90246987,1.2363924,.79737157,1.313104,1.0065336,1.4541686,.97218752,1.5592593,1.2314814,1.2734789,.85277778
2321244,fc-schalke-04,33,0,1-fsv-mainz-05,39,0,6.1111112,31.944445,3.5555556,10.277778,10.470589,10.183006,5.346405,2.9346404,2013,1.9792098,1.1158017,.94957238,.57920039,1.861259,1.1921437,.8933568,.69655484,1.8370371,1.0861111,.78842592,.68518519
2321245,borussia-monchengladbach,18,2,tsg-1899-hoffenheim,533,2,40.611111,3.2777777,16.944445,1.3888888,21.745098,10.019608,8.4117651,2.9150326,2013,1.0837739,.55910879,1.6636037,.96146792,.96686321,.68965894,1.7092301,1.1290504,.88293654,.72129631,2.0175927,1.5555556
2321246,vfb-stuttgart,79,1,hertha-bsc,44,2,0,3.7222223,0,.83333331,10.267974,3.9607842,4.1699347,.81699347,2013,1.4094166,.8611002,.98744351,.63918012,1.5110229,.94848686,1.0130199,.74289721,1.1666666,.99629629,1.4481481,1.2314814
2321247,hannover-96,42,0,fc-bayern-munchen,27,4,0,0,0,0,9.4901962,27.777779,3.9019608,20.052288,2013,1.4119323,.76632255,1.5621454,1.3292093,1.2825416,.70442891,1.4341265,1.3639539,1.5615741,1.0654762,1.5472223,1.587963
2321248,vfl-wolfsburg,82,3,bayer-04-leverkusen,15,1,9.6111107,0,3.1666667,0,7.4183006,18.320261,2.3464053,9.4313726,2013,1.4745215,.84030086,1.2896818,.93024689,1.6088102,.99599707,1.2652278,.84521604,1.7457011,1.075,1.4656085,1.125
2321249,1-fc-nurnberg,4,2,eintracht-braunschweig,23,1,0,0,0,0,13.947712,0,4.4771242,0,2013,.7996313,.57616591,1.2250813,.76143378,.80670166,.54836863,1.4582231,.99867725,1.2794118,.85294116,1.449074,.90277779
2321250,sc-freiburg,60,2,fc-augsburg,167,4,21.833334,16.111111,9.0555553,4.3888888,8.9542484,10.823529,3.5490196,3.1895425,2013,.99724096,.48825726,.90804958,.52164268,1.0033365,.6114791,1.0612332,.60543931,.9537037,.56018519,.84537035,.72037035
2321251,hamburger-sv,41,3,borussia-dortmund,16,0,2.2941177,66.055557,.88235295,38.444443,7.522059,18.333334,2.6029413,11.222222,2013,1.0409375,.5698548,1.8812464,1.1427164,.84849459,.58828914,2.0548837,1.3382014,.76190478,.66470587,1.8101852,1.3935186
2321252,eintracht-frankfurt,24,0,sv-werder-bremen,86,0,15.5,3.1111112,5.8888888,1,10.686275,8.0457516,3.8431373,2.4640522,2013,1.1383477,.92923975,1.0908784,.72866654,1.3048221,1.0557319,.98040122,.77050263,1.5314815,.8611111,.9537037,.62037039
2321253,borussia-dortmund,16,3,1-fc-nurnberg,4,0,68.888885,0,39.777779,0,19.960785,8.9934645,11.915032,2.8366013,2013,1.5151466,.9253093,1.0293355,.60741591,1.6493384,1.0649651,1.0162255,.55855381,1.6703703,1.1851852,1.8529412,.94117647
2321254,fc-bayern-munchen,27,5,fc-schalke-04,33,1,0,7.1666665,0,4.1111112,22.261438,14.124183,16.117647,6.9281044,2013,1.4880712,1.1284297,1.9918361,1.1312338,1.3719572,1.1278428,1.8731638,1.2072952,1.4398148,1.3703704,1.8314815,1.0861111
2321255,bayer-04-leverkusen,15,0,1-fsv-mainz-05,39,1,0,28.833334,0,9.666667,13.718954,7.2287583,7.352941,2.2549019,2013,1.4409055,.90233684,.96434373,.49195036,1.3973503,.80385804,.90098202,.60025853,1.4378307,1.0453703,.67870373,.51851851
2321256,sv-werder-bremen,86,1,hamburger-sv,41,0,.6111111,.77777779,.22222222,.27777779,12.163399,9.4836597,3.856209,3.3006537,2013,1.1283784,.77681464,1.0347852,.55945688,1.0235009,.80324072,.91524488,.62844592,1.2314814,.67592591,.73809522,.8277778
2321257,tsg-1899-hoffenheim,533,6,vfl-wolfsburg,82,2,3.1111112,9.4444447,1.3333334,2.9444444,10.464052,7.6143789,3.1307189,2.4183006,2013,1.5608146,.90831625,1.3422464,.79484636,1.5407116,1.0568283,1.3826197,.83885419,1.8731482,1.4861112,1.5605159,.88055557
2321258,fc-augsburg,167,1,hannover-96,42,1,15.611111,0,4.2777777,0,9.9477119,9.7843142,2.9281046,3.993464,2013,.88107312,.51736921,1.2211915,.75285453,1.027503,.59926647,1.0779961,.69208324,.81759262,.70185184,1.2930555,1.0654762
2321259,eintracht-braunschweig,23,1,borussia-monchengladbach,18,1,0,38.333332,0,16.388889,0,21.444445,0,8.5228758,2013,1.492951,.87831688,1.1656191,.78987801,1.758648,1.1352513,1.0792089,.91805398,1.7625661,.86574072,.99404764,.90185183
2321260,eintracht-frankfurt,24,2,vfb-stuttgart,79,1,13.388889,0,5.1111112,0,7.3333335,13.333333,2.5816994,5.4313726,2013,1.1339231,.84155738,1.4531488,.90005773,1.3420354,.94091713,1.5429673,.91067821,1.6425925,.93055558,1.2638888,1.0611111
2321261,hertha-bsc,44,0,sc-freiburg,60,0,3.7222223,20.666666,.83333331,8.333333,3.8758171,8.2352943,.80392158,3.1045752,2013,.9363324,.64444518,1.0682518,.53481811,.97462124,.76394099,1.0784281,.66781169,1.3703704,1.1944444,1.0203704,.60185188
2321262,fc-schalke-04,33,4,tsg-1899-hoffenheim,533,0,6.4444447,2.6666667,3.7222223,1.1111112,8.653595,9.6732025,4.359477,2.9019608,2013,1.8942982,.96217519,1.4806976,.92567736,1.7946916,1.0193322,1.5036745,1.0846059,1.7074074,.91944444,1.7245098,1.4705882
2321263,borussia-monchengladbach,18,1,fc-augsburg,167,2,44.111111,14.388889,18.888889,3.9444444,31.836601,7.9150329,12.673203,2.3202615,2013,1.156886,.80825406,.95824224,.59396237,1.0602274,.91407728,1.1071988,.67880112,.9968254,.9527778,.92175925,.74814814
2321264,vfb-stuttgart,79,2,eintracht-braunschweig,23,2,0,0,0,0,14.09804,0,5.7450981,0,2013,1.4507747,.88628757,1.2078459,.71131355,1.5558642,.91762263,1.4438332,.9262566,1.2268518,.90370369,1.5310847,.81018519
2321265,hannover-96,42,1,bayer-04-leverkusen,15,1,0,0,0,0,11.986928,10.843137,4.986928,5.4836602,2013,1.2494323,.76871741,1.4354281,.97222221,1.2136087,.73776221,1.3819884,.84135801,1.3486111,1.0376984,1.4748677,1.0638889
2321266,vfl-wolfsburg,82,1,fc-bayern-munchen,27,6,8.9444447,0,2.8888888,0,6.7973857,32.490196,2.2679739,24.137255,2013,1.4631926,.8762486,1.730244,1.6006327,1.6046046,1.0067317,1.6191914,1.6615129,1.6994047,1.1444445,1.6333333,1.7685186
2321267,1-fc-nurnberg,4,0,sv-werder-bremen,86,2,0,3.1111112,0,1,8.7450981,13.75817,2.8300653,4.2352943,2013,.99690717,.51085502,1.0715666,.87412107,.98381805,.52204585,1.053395,.89550263,1.7647059,.94117647,1.175926,.87962961
2321268,sc-freiburg,60,0,borussia-dortmund,16,1,23.666666,63.333332,9.8888893,36.111111,11.784314,16.980392,4.6928105,9.960784,2013,.96329033,.51484793,1.5799614,.96280932,1.006423,.62999761,1.7498674,1.1251503,.9537037,.56018519,1.8259259,1.2824074
2321269,1-fsv-mainz-05,39,1,hertha-bsc,44,1,31.166666,3.7222223,10.222222,.83333331,9.0980396,2.013072,2.7385621,.41830066,2013,.93904608,.57369637,1.2667369,.89717424,.88246351,.68822151,1.2503736,.97774571,.77870369,.68518519,1.4666667,1.2314814
2321270,hamburger-sv,41,1,eintracht-frankfurt,24,1,2.1666667,15.222222,.83333331,5.9444447,8.2745094,8.7843142,2.7320261,3.2614379,2013,.81712323,.60482216,1.1805722,.83582544,.66193599,.57192034,1.3864799,.95388007,.71031743,.81296295,1.7814815,1.0694444
2321271,borussia-dortmund,16,1,borussia-monchengladbach,18,2,67.055557,39.722221,38.722221,17,19.248365,24.274509,11.522876,9.6274509,2013,1.6866113,.93148214,1.1644617,.8179763,1.9310844,1.1112614,1.0861534,.93074393,1.4037037,1.1296296,1.0384921,.95740741
2321272,fc-bayern-munchen,27,2,bayer-04-leverkusen,15,1,0,0,0,0,30.352942,12.535948,22.143791,6.346405,2013,1.5554459,1.6214887,1.447333,.97376543,1.4982679,1.6653709,1.3968031,.86141974,1.6166667,1.8518518,1.6851852,1.1935185
2321273,sv-werder-bremen,86,1,vfb-stuttgart,79,1,3.1111112,0,1,0,11.810457,13.261438,3.6470587,5.3856211,2013,1.0805613,.71856552,1.2054043,.80295426,1.0441358,.73578042,1.2611111,.83120292,1.2037038,.73148149,1.1157408,.8759259
2321274,tsg-1899-hoffenheim,533,2,1-fsv-mainz-05,39,4,2.4444444,29.888889,1,9.833333,8.5032682,8.5490198,2.5228758,2.6013072,2013,1.5336388,.91018587,.96168846,.56073344,1.6258968,1.0997576,.90283388,.65382999,1.9527777,1.5138888,.75648147,.62962961
2321275,fc-augsburg,167,1,fc-schalke-04,33,2,15.111111,5.8888888,4.2222223,3.3888888,7.8758168,8.8366013,2.2418301,4.3660131,2013,.91787291,.55229574,1.9804273,1.0075693,1.1122253,.63250482,1.9620527,1.1054434,.93564814,.69259262,1.7990741,1.3453704
2321276,hamburger-sv,41,2,1-fc-nurnberg,4,1,2.1666667,0,.83333331,0,10.130719,12.261438,3.5490196,3.8758171,2013,.95513028,.75618052,1.040592,.5965032,.84943801,.76460111,1.0324291,.5696649,.79828042,1.0722222,1.8823529,1
2321277,eintracht-braunschweig,23,1,vfl-wolfsburg,82,1,0,8.8888893,0,2.9444444,0,6.9607844,0,2.3529413,2013,1.4947146,.89010143,1.3385427,.79484636,1.77408,1.1299603,1.3887926,.84348381,1.9477513,.9212963,1.5697751,.96388888
2321278,eintracht-frankfurt,24,1,sc-freiburg,60,4,14.166667,22.5,5.5555553,9.166667,7.026144,10.673203,2.4575164,4.1045752,2013,1.4339299,.8376773,.96329033,.51484793,1.6391253,.94647264,1.006423,.62999761,2.0037036,1.0972222,.9537037,.56018519
2321279,hertha-bsc,44,0,hannover-96,42,3,2.2222223,0,.5,0,3.0196078,14.215686,.6405229,5.7843137,2013,1.2177172,.83120203,1.2068102,.85276622,1.2040774,.90367162,1.1570941,.84217817,1.3555555,1.0925926,1.1791667,1.0145502
2321280,fc-schalke-04,33,3,eintracht-braunschweig,23,1,4.8333335,0,2.8333333,0,4.7189541,0,2.5424836,0,2013,2.0521865,1.0186805,1.3347579,.8421216,2.0502472,1.1189955,1.5456851,1.088955,1.9157407,1.3916667,1.7070106,.97685188
2321281,borussia-monchengladbach,18,3,hertha-bsc,44,0,40.222221,2.2222223,17.111111,.5,24.888889,2.6928105,9.6274509,.52287585,2013,1.122795,.78996706,1.2531948,.84937245,1.0411748,.88796145,1.2394308,.90282989,.99960315,.88796294,1.4111111,1.1203704
2321282,bayer-04-leverkusen,15,2,tsg-1899-hoffenheim,533,3,0,3.1111112,0,1.3888888,13.522876,7.8823528,6.8823528,2.3529413,2013,1.3815922,.96913582,1.5067028,.92685258,1.3148588,.85447532,1.5989608,1.1164242,1.425926,1.1564815,2.0323529,1.6029412
2321283,vfb-stuttgart,79,1,hamburger-sv,41,0,0,2.1666667,0,.83333331,12.555555,12.333333,5.1830068,4.4509802,2013,1.281657,.82859528,.94471359,.67469907,1.2510101,.76947451,.82166022,.68311965,1.3157407,.83888888,.81679893,1.05
2321284,vfl-wolfsburg,82,1,fc-augsburg,167,1,9.3888893,14.222222,3.0555556,3.8333333,7.9281044,7.4640522,2.6470587,1.9803921,2013,1.1383393,.75384814,1.1381364,.60189891,1.1193923,.89414519,1.2345357,.69335139,1.4401455,1.075,1.0106481,.66481483
2321285,1-fc-nurnberg,4,2,eintracht-frankfurt,24,5,0,14.166667,0,5.4444447,12.294118,6.2745099,3.8888888,2.3660131,2013,1.040592,.5965032,1.1784878,.78084308,1.0324291,.5696649,1.323076,.8686949,1.8823529,1,1.4759259,.8611111
2321286,sc-freiburg,60,3,sv-werder-bremen,86,1,22.5,3.1111112,9.166667,1,10.222222,13.75817,3.9084966,4.2352943,2013,.94813883,.5009591,1.0715666,.87412107,.98790443,.60684949,1.053395,.89550263,.9537037,.56018519,1.175926,.87962961
2321287,1-fsv-mainz-05,39,0,fc-bayern-munchen,27,2,29.888889,0,9.833333,0,8.1960783,35.790848,2.4705882,26.411764,2013,.84516615,.57184458,1.8208261,1.7282393,.79635239,.68623739,1.7051703,1.7878356,.68981481,.62962961,1.7555555,1.8796296
2321288,hannover-96,42,0,borussia-dortmund,16,3,0,54.722221,0,31.166666,13.810457,12.352942,5.4967322,7.3398695,2013,1.0800474,.81428617,1.9740591,1.124235,.98421055,.81131399,2.1754205,1.2723165,.95231479,.93121696,1.5787038,1.25
2321289,borussia-dortmund,16,0,fc-schalke-04,33,0,62.222221,4.8333335,35.944443,2.8333333,13.202615,4.7189541,7.9542484,2.5424836,2013,1.760343,1.1076455,2.0521865,1.0186805,1.9243383,1.2815757,2.0502472,1.1189955,1.912037,1.3796296,1.9157407,1.3916667
2321290,sv-werder-bremen,86,1,vfl-wolfsburg,82,3,3.1111112,9.666667,1,3.0555556,9.0457516,8.0718956,2.6274509,2.6732025,2013,1.3104995,.99255544,1.3077837,.71867919,1.2089506,1.0191138,1.1962321,.80260479,1.2685186,.8425926,1.2919973,.89907408
2321291,1-fc-nurnberg,4,2,vfb-stuttgart,79,0,0,0,0,0,10.052288,15.418301,3.2810457,6.3986926,2013,1.1642251,.63727957,1.4011856,.89526194,1.0793868,.58156967,1.4069444,.88058561,1.9411764,1.0294118,1.449074,.9685185
2321292,tsg-1899-hoffenheim,533,3,hannover-96,42,1,2.7777777,0,1.2777778,0,7.5359478,10.457517,2.2941177,4.4183006,2013,1.5336388,.91018587,1.1958212,.82056922,1.6258968,1.0997576,1.1379143,.80328929,2.067647,1.6029412,1.1680555,1.0145502
2321293,fc-augsburg,167,1,bayer-04-leverkusen,15,3,14.833333,0,3.9444444,0,8.6470585,10.019608,2.3071895,5.1045752,2013,1.0796348,.59942979,1.3231565,.89589167,1.1373135,.67086464,1.2692088,.80473858,.9828704,.66481483,1.4117647,1.1264706
2321294,eintracht-braunschweig,23,3,1-fsv-mainz-05,39,1,0,30.666666,0,9.8888893,0,9.1437912,0,2.6339869,2013,1.1665211,.7512486,1.0786753,.75380355,1.4372394,.99834657,1.0418136,.86123735,1.651455,.95833331,.93287039,.9074074
2321295,eintracht-frankfurt,24,1,borussia-monchengladbach,18,0,15.222222,40.444443,5.9444447,17.055555,5.7581701,24.352942,2.1960785,9.4379082,2013,1.1745195,.77687484,1.1150789,.77144855,1.323076,.8686949,1.0347644,.88101697,1.4759259,.8611111,.96626985,.88796294
2321296,hertha-bsc,44,1,fc-bayern-munchen,27,3,1.8888888,0,.44444445,0,2.8692811,33.38562,.60130721,24.313726,2013,.99797225,.75272977,1.7747767,1.7427896,1.0804662,.88303673,1.6658185,1.8166054,1.3,1.0925926,1.7555555,1.9907408
2321297,hamburger-sv,41,1,sc-freiburg,60,1,2.1666667,22.5,.83333331,9.166667,10.947712,10.261438,3.9803922,3.8888888,2013,1.0502691,.65266675,1.0016501,.51383048,.88925284,.70529777,1.0083224,.62572414,.55291003,.90555555,.9537037,.56018519
2321298,fc-bayern-munchen,27,3,tsg-1899-hoffenheim,533,3,0,2.7777777,0,1.2777778,27.679739,7.5359478,20.444445,2.2941177,2013,1.7748463,1.6238812,1.5336388,.91018587,1.648773,1.67456,1.6258968,1.0997576,1.6833333,1.9074074,2.067647,1.6029412
2321299,fc-schalke-04,33,2,hertha-bsc,44,0,4.8333335,4.1666665,2.8333333,.94444442,4.7189541,2.1699347,2.5424836,.503268,2013,2.0261145,1.1159027,1.0787494,.7434752,1.993934,1.1816498,1.0864326,.8399992,1.7953703,1.4842592,1.5592593,1.4351852
2321300,borussia-monchengladbach,18,3,hamburger-sv,41,1,40.444443,2.1666667,17.055555,.83333331,24.352942,9.2352943,9.4379082,3.1830065,2013,1.1150789,.77144855,1.0706395,.65411919,1.0347644,.88101697,.94581848,.69140887,.96626985,.88796294,.81216931,.96111113
2321301,bayer-04-leverkusen,15,1,eintracht-braunschweig,23,1,0,0,0,0,12.013072,0,6.1699347,0,2013,1.2818115,.87389773,1.4907309,.91513747,1.2441517,.79891974,1.7800525,1.1693121,1.3888888,1.0824074,1.8921958,1.0416666
2321302,vfb-stuttgart,79,2,borussia-dortmund,16,3,0,62.222221,0,35.944443,16.477123,15.372549,6.8562093,9.0522881,2013,1.4749748,.92548174,1.760343,1.1076455,1.4569445,.89725226,1.9243383,1.2815757,1.449074,.9685185,1.912037,1.3796296
2321303,hannover-96,42,1,sv-werder-bremen,86,2,0,.6111111,0,.22222222,8.6993465,11.300653,3.5620916,3.5555556,2013,1.3068103,.8117609,1.1406074,.80838031,1.2848719,.86069673,1.0772046,.80879629,1.3162037,1.042328,1.2222222,.78703701
2321304,vfl-wolfsburg,82,2,eintracht-frankfurt,24,1,8.0555553,14.277778,2.5555556,5.6666665,4.9281044,4.6078429,1.5620915,1.8169935,2013,1.1235244,.76619381,1.2544951,.76020819,1.115424,.89414519,1.4292268,.85943562,1.4401455,1.075,1.5222223,.8611111
2321305,sc-freiburg,60,3,1-fc-nurnberg,4,2,22.444445,0,9.1111107,0,9.3921566,12.294118,3.5816994,3.8888888,2013,1.0115267,.51074404,1.040592,.5965032,1.0268408,.63806981,1.0324291,.5696649,.96957672,.56018519,1.8823529,1
2321306,1-fsv-mainz-05,39,3,fc-augsburg,167,0,29.222221,14.833333,9.5,3.9444444,8.3137255,8.8300657,2.4183006,2.3464053,2013,.89794582,.57359487,1.0796348,.59942979,.84551728,.68359184,1.1373135,.67086464,.67916667,.62962961,.9828704,.66481483
2321307,borussia-dortmund,16,2,vfl-wolfsburg,82,1,53.444443,5.7777777,30.944445,1.7222222,10.960784,5.2810459,6.653595,1.6993464,2013,1.760343,1.1076455,1.1014446,.75609279,1.9243383,1.2815757,1.0796216,.87827218,1.912037,1.3796296,1.3845899,1.0472223
2321308,vfb-stuttgart,79,2,sc-freiburg,60,0,0,21.055555,0,8.5555553,10.326797,6.3660131,4.2287583,2.5228758,2013,1.5950806,.94007087,1.0377111,.40850139,1.6237514,.92194366,1.0446725,.55444646,1.5324074,.97777778,.80687833,.4861111
2321309,sv-werder-bremen,86,1,fc-schalke-04,33,1,3.1111112,4.8333335,1,2.8333333,15.601307,6.1241832,5.0522876,3.2156863,2013,.98633051,.76570356,2.0119929,1.1217668,.91238976,.7962963,2.0037193,1.2199215,1.1481482,.6574074,1.8268518,1.5398148
2321310,1-fc-nurnberg,4,0,borussia-monchengladbach,18,2,0,42,0,17.722221,12.947712,25.143791,4.2483659,9.8627453,2013,1.1193838,.66231006,1.1636447,.82306892,1.0458992,.60855377,1.0411748,.94722068,1.9264706,1.0294118,.98941797,.97129631
2321311,fc-augsburg,167,1,fc-bayern-munchen,27,0,9.5,0,2.3888888,0,5.0980392,19.137255,1.2810458,14.267974,2013,1.3320564,.55372488,1.6816027,1.3869218,1.3476632,.61114043,1.5832427,1.4390862,1.3208333,.4611111,1.6851852,1.4833333
2321312,hamburger-sv,41,2,bayer-04-leverkusen,15,1,2.1666667,0,.83333331,0,9.4901962,9.7205887,3.3986928,4.8676472,2013,.96870351,.69848824,1.4331208,.95709324,.86841947,.74696445,1.3928051,.86805558,.9649471,1.1462963,1.5354167,1.2177083
2321313,eintracht-braunschweig,23,3,hannover-96,42,0,0,0,0,0,0,8.6993465,0,3.5620916,2013,1.5351187,.96131355,1.3068103,.8117609,1.825006,1.2635581,1.2848719,.86069673,1.9384921,1.0601852,1.3162037,1.042328
2321314,eintracht-frankfurt,24,2,1-fsv-mainz-05,39,0,14.666667,29.5,5.7222223,9.7222223,7.0522876,7.3333335,2.5555556,2.1568627,2013,1.2603781,.73428226,.93955737,.48837662,1.4971501,.81931216,.88872713,.59562892,1.7537037,.72222221,.61620373,.46296296
2321315,hertha-bsc,44,1,tsg-1899-hoffenheim,533,1,4.2222223,2.5555556,.94444442,1.2222222,2.8039215,7.7254901,.54248369,2.3529413,2013,1.2236159,.9174611,1.4299351,.89398217,1.2637213,.99529022,1.5290954,1.0713624,1.6055555,1.3796296,1.6264706,1.495098
2321316,fc-bayern-munchen,27,0,borussia-dortmund,16,3,0,62.222221,0,35.944443,28.124184,16.705883,20.601307,9.8496733,2013,1.8606409,1.6323787,1.760343,1.1076455,1.7422073,1.6674652,1.9243383,1.2815757,1.7925926,1.7175926,1.912037,1.3796296
2321317,fc-schalke-04,33,2,eintracht-frankfurt,24,0,5.5555553,14.333333,3.2222223,5.5,8.8627453,8.2549019,4.5098038,2.993464,2013,1.935559,1.0303316,1.2330964,.70584309,1.8334813,1.1180695,1.456746,.77962965,1.8231481,1.0861111,1.7314814,.72222221
2321318,borussia-monchengladbach,18,1,vfb-stuttgart,79,1,43.666668,0,18.5,0,27.568628,15.411765,10.738562,6.3856211,2013,1.1104493,.80107814,1.4353737,.85680038,1.0283542,.91018367,1.3805555,.77919674,.96626985,.94351852,1.3935186,.88518518
2321319,bayer-04-leverkusen,15,2,hertha-bsc,44,1,14.529411,4.2222223,8.5882349,.94444442,12.801471,2.4313726,6.5441175,.57516342,2013,1.3654125,.86334324,.80389768,.57951504,1.2756176,.82378471,.75746435,.60984045,1.5354167,1.1760417,1.2259259,1.1851852
2321320,hannover-96,42,2,hamburger-sv,41,1,0,2.1666667,0,.83333331,10.771242,10.954248,4.4117646,3.8692811,2013,1.4503287,.79216015,.94509238,.698991,1.3889123,.78213328,.84905922,.68523604,1.4013889,.87566137,.92328042,.97962964
2321321,vfl-wolfsburg,82,4,1-fc-nurnberg,4,1,8.8888893,0,2.8333333,0,6.1437907,9.9477119,1.9019607,3.1764705,2013,1.0398604,.74413109,1.0447806,.60354936,.93405145,.79072642,1.0185403,.54638445,1.2827381,1.0194445,1.8529412,.94117647
2321322,tsg-1899-hoffenheim,533,2,fc-augsburg,167,0,2.3888888,12.666667,1.1111112,3.2777777,7.3790851,5.4771242,2.2156863,1.496732,2013,1.3538408,.88626611,1.1455078,.57117498,1.4238766,1.0688933,1.175563,.63470942,1.6705883,1.4264706,.8439815,.44259259
2321323,sc-freiburg,60,2,eintracht-braunschweig,23,0,26.055555,0,10.888889,0,11.058824,0,4.640523,0,2013,1.0455875,.54771632,1.533355,.94952899,1.0646495,.65791106,1.8095739,1.2688493,1.0066137,.625,1.7533069,1.0046296
2321324,1-fsv-mainz-05,39,3,sv-werder-bremen,86,0,37.833332,.6111111,12.777778,.22222222,10.908497,13.653595,3.3986928,4.3071895,2013,.81411165,.45452133,1.1096873,.80259329,.73342413,.5513528,.98692679,.73935187,.54768521,.5,1.1296296,.69444442
2321325,borussia-dortmund,16,4,1-fsv-mainz-05,39,2,48.166668,38.111111,27.722221,13,8.2287579,11.248366,5.0326796,3.5751634,2013,1.7864867,1.0868121,.82522279,.4588213,1.9647423,1.2664242,.7343154,.55766594,1.912037,1.3796296,.60092592,.51851851
2321326,vfb-stuttgart,79,3,fc-schalke-04,33,1,0,3.9444444,0,2.3333333,13.045752,3.2026143,5.4379086,1.751634,2013,1.718802,.98593926,1.8723465,.94606137,1.7378086,.94046217,1.892509,1.058642,1.5324074,.94074076,1.699074,1.2805556
2321327,sv-werder-bremen,86,3,tsg-1899-hoffenheim,533,1,3.1111112,2.3333333,1,1.1111112,12.954248,5.026144,4.3790851,1.5751634,2013,1.0097224,.69278687,1.3689923,.88222575,.9174403,.72962964,1.4464651,1.0636023,1.2592592,.68518519,1.6627451,1.387255
2321328,1-fc-nurnberg,4,1,bayer-04-leverkusen,15,4,0,13.722222,0,8.1111107,9.5490198,11.379085,3.006536,5.8169932,2013,1.0754706,.47844765,1.3187076,.82432306,1.1278116,.55121255,1.239797,.79003268,1.8888888,1.0277778,1.4843137,1.1068628
2321329,sc-freiburg,60,4,borussia-monchengladbach,18,2,23.5,37.166668,9.833333,15.611111,10.418301,21.79085,4.3398695,8.3856211,2013,1.0373805,.54041576,1.1150789,.77144855,.9782297,.63707775,1.0347644,.88101697,.81216931,.56944442,.96626985,.88796294
2321330,fc-augsburg,167,0,hertha-bsc,44,0,13.388889,4.4705882,3.8333333,1,8.5490198,1.3529412,2.6209149,.27205881,2013,1.0668808,.59608895,.8780334,.61024284,1.1537818,.68276942,.77849168,.60509717,.8912037,.5925926,1.2686274,1.1960784
2321331,hamburger-sv,41,1,vfl-wolfsburg,82,3,1.5625,9.2222223,.625,3.1111112,12.425,6.7254901,4.2666669,2.1241829,2013,1.0579073,.64626068,1.031527,.75030392,1.0343276,.6181128,.92016256,.78543538,.94494045,.53958333,1.2410715,.98240739
2321332,eintracht-braunschweig,23,0,fc-bayern-munchen,27,2,0,0,0,0,0,14.933824,0,11.139706,2013,1.3429871,.92634112,2.0470862,1.6928426,1.4597615,1.1304622,1.9727013,1.7773916,1.307423,.88725489,2.354902,2.0460784
2321333,eintracht-frankfurt,24,2,hannover-96,42,3,16.388889,0,6.2777777,0,11.20915,11.895425,4.1830068,5.0392156,2013,1.2164772,.73334032,1.2680976,.84308606,1.3948413,.80185187,1.2326273,.83369052,1.6481482,.69444442,1.2902777,.99603176
2321334,fc-bayern-munchen,27,5,sv-werder-bremen,86,2,0,3.1111112,0,1,27.867647,13.437908,20.213236,4.2156863,2013,1.8544427,1.7739744,.97107285,.67967659,1.7407686,1.8528063,.98858023,.70502645,1.7254902,1.7911764,1.2222222,.7037037
2321335,fc-schalke-04,33,0,borussia-monchengladbach,18,1,4.8333335,45.888889,2.8333333,20.055555,4.7189541,28.888889,2.5424836,11.640523,2013,1.9779021,1.0307175,1.0787681,.86284286,1.9536202,1.1273289,1.0156405,.96654642,1.800926,1.3824074,1.0060847,1.0129629
2321336,bayer-04-leverkusen,15,2,borussia-dortmund,16,2,13.722222,55.111111,8.1111107,31.666666,11.45098,10.843137,5.8300653,6.4967322,2013,1.3853743,.87579364,1.9885069,1.1763183,1.3221499,.87238562,2.1459594,1.3793871,1.4843137,1.1068628,1.8564814,1.4351852
2321337,hannover-96,42,0,vfb-stuttgart,79,0,0,0,0,0,11.660131,12.333333,4.8039217,5.1633987,2013,1.3339603,.7560814,1.4669501,.90657413,1.351755,.715635,1.4291667,.85404241,1.4847223,.80621696,1.4074074,.91296297
2321338,vfl-wolfsburg,82,2,sc-freiburg,60,2,9.0555553,22.055555,2.8888888,8.9444447,6.1176472,9.2287579,1.8562092,3.5359478,2013,1.1006213,.77514052,1.1147381,.58285725,.98121262,.8042388,1.0921186,.69161916,1.2225529,1.0425926,.79761904,.60648149
2321339,tsg-1899-hoffenheim,533,0,eintracht-frankfurt,24,0,2.2777777,16.055555,1.0555556,6.1666665,5.4575162,10.784314,1.6405228,4.019608,2013,1.101722,.66566432,1.0144016,.7626332,1.1462005,.86439592,1.2281746,.84629631,1.4019607,1.2352941,1.5648148,.80555558
2321340,1-fsv-mainz-05,39,2,1-fc-nurnberg,4,0,34.611111,0,11.277778,0,10.026144,12.960784,3.0392158,4.2549019,2013,.85381752,.65212613,1.1529851,.55203068,.76703143,.74318182,1.0932757,.62488979,.78055555,.7962963,1.9117647,1.1176471
2321341,fc-augsburg,167,3,hamburger-sv,41,1,14.222222,1.3888888,3.8888888,.55555558,8.3267975,12.797385,2.4444444,4.5490198,2013,1.2333803,.56066388,1.1228784,.71127313,1.3224325,.65570384,1.0763288,.69943357,1.300926,.62037039,.94179893,.95740741
2321342,hertha-bsc,44,2,eintracht-braunschweig,23,0,4.2222223,0,.94444442,0,1.9084967,0,.36601308,0,2013,1.0089923,.70881909,1.3678107,.91928208,.99913102,.77782989,1.5734628,1.1908069,1.5037037,1.3796296,1.6792328,.89351851
2321343,borussia-dortmund,16,3,tsg-1899-hoffenheim,533,2,68.176468,2.5,39.058823,1.1666666,16.955883,7.7581701,10.161765,2.3267975,2013,1.8153007,1.1543074,1.2010307,.8492291,2.0277944,1.3646019,1.2673886,1.0117946,2.0480392,1.4901961,1.1529412,1.2598039
2321344,borussia-monchengladbach,18,3,1-fsv-mainz-05,39,1,43.944443,40.833332,18.888889,13.5,25.673203,13.352942,10.078431,4.0392156,2013,1.0972867,.84062064,.67789161,.37182602,1.0086961,.94891822,.58039379,.45614478,.96164024,.95740741,.46805555,.4074074
2321345,vfb-stuttgart,79,1,vfl-wolfsburg,82,2,0,10.166667,0,3.3888888,16.366013,9.8692808,6.8235292,3.2418301,2013,1.4749748,.92548174,1.031527,.75030392,1.4569445,.89725226,.92016256,.78543538,1.449074,.9685185,1.2410715,.98240739
2321346,sv-werder-bremen,86,2,hertha-bsc,44,0,3.1111112,3.7222223,1,.83333331,14.601307,2.7843137,4.4771242,.55555558,2013,.97107285,.67967659,1.2365578,.89312243,.98858023,.70502645,1.2460446,.96103096,1.2222222,.7037037,1.5222223,1.2592592
2321347,1-fc-nurnberg,4,0,hannover-96,42,2,0,0,0,0,12.581699,7.4640522,4.2156863,3.1699347,2013,1.1123221,.51669121,1.3498688,.77203584,1.0803689,.58785272,1.2634914,.74168068,2,1.1176471,1.4314815,.97685188
2321348,sc-freiburg,60,0,fc-schalke-04,33,2,23.055555,3.8888888,9.333333,2.3333333,9.7973852,4.1764708,3.7189543,2.1764705,2013,1.0829298,.58805883,2.0259161,1.0840484,.9921186,.71137226,1.9795054,1.1877345,.8611111,.625,1.8287038,1.4055556
2321349,hamburger-sv,41,1,fc-bayern-munchen,27,4,1.3888888,0,.55555558,0,10.058824,22.455883,3.7124183,16.242647,2013,1.017819,.8004418,1.8036931,1.4441013,1.1375281,.8498677,1.6890751,1.5034302,1,1.2074074,1.7205882,1.5166667
2321350,eintracht-braunschweig,23,0,fc-augsburg,167,1,0,14.055555,0,4,0,8.5620918,0,2.5620916,2013,1.5369024,.999529,1.1022899,.61923712,1.81733,1.2878969,1.1855278,.70128793,1.8101852,1.0046296,.9050926,.62037039
2321351,eintracht-frankfurt,24,0,bayer-04-leverkusen,15,2,15.611111,10.055555,5.9444447,5.7222223,9.5163403,8.5359478,3.4444444,4.3921571,2013,1.6520144,.56783605,1.2085371,.89379084,1.8932539,.74814814,1.201404,.81846404,2.0185184,.83333331,1.245098,1.0676471
2321352,fc-bayern-munchen,27,1,vfb-stuttgart,79,0,0,0,0,0,18.07353,12.980392,12.889706,5.3856211,2013,1.7618548,1.3534329,1.3954113,1.0072278,1.6314611,1.3834914,1.465362,1.137993,1.6009804,1.3892157,1.5379629,1.0055555
2321353,fc-schalke-04,33,4,1-fc-nurnberg,4,1,6,0,3.3888888,0,7.980392,4.5163398,3.8954248,1.3986928,2013,1.7081845,1.0076952,1.208434,.65889466,1.5003133,1.0559725,1.154974,.61798942,1.5916667,1.012037,2.2941177,1.1470588
2321354,bayer-04-leverkusen,15,2,sv-werder-bremen,86,1,12.777778,3.1111112,7.3333335,1,9.7908497,14.601307,5.0718956,4.4771242,2013,1.1773438,.84876543,.9372564,.70745438,1.1716963,.7729938,.94413579,.728836,1.2092593,1.0083333,1.1388888,.71296299
2321355,hannover-96,42,3,sc-freiburg,60,2,0,23.055555,0,9.333333,11.202615,9.8300657,4.7516341,3.7581699,2013,1.425505,.83104259,1.0802242,.5571245,1.37623,.82276934,1.0256834,.6654321,1.4453703,.94444442,1.0833334,.65277779
2321356,vfl-wolfsburg,82,3,borussia-monchengladbach,18,1,10.222222,43.944443,3.3333333,18.888889,9.1176472,25.673203,2.9215686,10.078431,2013,1.031527,.75030392,1.0972867,.84062064,.92016256,.78543538,1.0086961,.94891822,1.2410715,.98240739,.96164024,.95740741
2321357,tsg-1899-hoffenheim,533,3,eintracht-braunschweig,23,1,3.0555556,0,1.3888888,0,7.7973857,0,2.3464053,0,2013,.95713574,.71682167,1.6658707,1.0496733,1.0229442,.81272048,1.9213865,1.3614419,1.1431372,1.2009804,1.7731482,1.0324074
2321358,1-fsv-mainz-05,39,3,hamburger-sv,41,2,40.555557,2.1666667,13.444445,.83333331,14.424836,15.934641,4.3725491,5.7843137,2013,.76140553,.53452444,1.2795326,.8282603,.67638147,.62435466,1.2462634,.86970901,.61620373,.55555558,.83796299,.93888891
2321359,fc-augsburg,167,2,eintracht-frankfurt,24,1,16.222221,18.222221,4.5,7.0555553,11.143791,12.104575,3.2222223,4.5751634,2013,1.1010078,.5834465,1.339493,.77434558,1.2010701,.66656572,1.5337301,.94567901,.94675928,.64814812,1.8148148,.91666669
2321360,hertha-bsc,44,0,borussia-dortmund,16,4,3.7222223,65.388885,.83333331,37.5,3.1960785,16.588236,.66666669,9.9477119,2013,1.1672456,.82322013,1.7397032,1.1053307,1.1428699,.85653359,1.9230757,1.2967272,1.0777777,.92592591,1.9342593,1.4074074
2321658,hertha-bsc,44,3,sv-werder-bremen,86,2,3.3333333,3.1111112,.77777779,1,2.4379084,6.5032678,.49673203,2.1176472,2013,1.2908893,.92495203,1.1444646,.62489367,1.2921505,1.0183903,.98022687,.63498676,1.5175925,1.25,1.0462962,.47222221
2342587,tsg-1899-hoffenheim,533,3,hamburger-sv,41,0,2.9444444,0,1.2777778,0,10.660131,7.7973857,3.2222223,2.7058823,2013,1.4760357,.92567736,.99674493,.76938951,1.5088028,1.0892357,.89411974,.80296093,1.6120371,1.3703704,.87235451,1.0722222
2460626,fc-bayern-munchen,27,2,vfl-wolfsburg,82,1,14.388889,21.277779,12.166667,10.222222,14.764706,12.424836,11.156863,5.7973857,2014,1.8647356,1.3403928,1.3837807,.90444732,1.9652015,1.4022419,1.5970567,1.0812083,1.6914566,1.2794118,1.3722222,1.2148148
2460627,borussia-dortmund,16,0,bayer-04-leverkusen,15,2,69,0,42.777779,0,20.437908,16.869282,13.150327,8.7973852,2014,1.6429745,.96240264,1.3720851,.87184656,2.1642604,1.3447338,1.5229197,.94451058,1.7847222,1.1792328,1.7453704,1.1064814
2460628,borussia-monchengladbach,18,1,vfb-stuttgart,79,1,44.888889,3.1666667,19.611111,1.3888888,18.941177,17.882353,8.2614384,5.4901962,2014,1.0925444,.96116275,1.1578454,.71721989,1.1823035,1.1321348,1.1503078,.73641896,1.4537038,1.2851852,.7792328,.64814812
2460629,tsg-1899-hoffenheim,533,2,fc-augsburg,167,0,19.944445,28.055555,6.6666665,10.388889,16.895424,13.477124,5.3006535,4.9607844,2014,1.3660197,.83340216,1.3270247,.74462205,1.5943543,1.0934303,1.2049977,.81017315,1.9722222,1.5481482,.8435185,.66296297
2460630,hannover-96,42,2,fc-schalke-04,33,1,7.8888888,24.722221,3,13.833333,15.777778,20.130718,5.9411764,10.705882,2014,1.05396,.70739502,1.400435,.96539003,1.017018,.80865586,1.3779862,.97113657,.82407409,.7037037,.96402115,.65092593
2460631,hertha-bsc,44,2,sv-werder-bremen,86,2,21.388889,20.166666,6.4444447,5.8333335,11.026144,11.30719,3.3921568,3.0326798,2014,.99740553,.71238291,1.1871858,.75309849,.94063854,.59542447,1.2139837,.81044972,.91574073,.53888887,1.5092592,1.0476191
2460632,eintracht-frankfurt,24,1,sc-freiburg,60,0,4.4444447,32.222221,1.6111112,10.722222,12.614379,11.614379,3.993464,3.3921568,2014,.99286664,.65287215,1.0411748,.68647677,.96664464,.59752887,.96390027,.75305772,.92592591,.51851851,1.0531746,.9537037
2460633,1-fc-koln,3,0,hamburger-sv,41,0,0,9.166667,0,2.4444444,1.3006536,22.712418,.37908497,6.9346404,2014,1.1902488,.87672395,1.0878977,.68723786,1.1127425,.84807324,.96133697,.63758218,1.5462962,1.2444445,.62962961,.63425928
2460634,sc-paderborn-07,127,2,1-fsv-mainz-05,39,2,0,0,0,0,0,11.75817,0,5.2091503,2014,1.6946942,1.3225862,.86400956,.60272485,1.7935574,1.8501273,.85013133,.55593634,1.254902,1.7009804,.87235451,.69444442
2460635,fc-schalke-04,33,1,fc-bayern-munchen,27,1,20.666666,15,11.555555,12.555555,14.039216,16.228758,7.0326796,12.379085,2014,1.0598706,.82666653,1.4943653,1.1585667,.94511586,.78826618,1.6093813,1.21381,.74179894,.57685184,1.3777311,1.0009804
2460636,bayer-04-leverkusen,15,4,hertha-bsc,44,2,0,19.388889,0,5.7222223,17.627451,8.4117651,9.3006535,2.5620916,2014,1.3757887,.87184656,.75314206,.58400136,1.5229197,.94451058,.59308565,.46195889,1.7453704,1.1064814,.37407407,.27500001
2460637,vfl-wolfsburg,82,2,eintracht-frankfurt,24,2,21.555555,4.4444447,10.444445,1.6111112,11.601307,10.921569,5.4901962,3.503268,2014,1.1284897,.85527134,.91769183,.55880648,1.2068452,.98609048,.83738977,.53037381,1.3018519,1.187037,.75648147,.51481479
2460638,1-fsv-mainz-05,39,0,hannover-96,42,0,0,7.0555553,0,2.6666667,8.0457516,14.281046,3.6666667,5.4117646,2014,.89402401,.6323117,1.0585896,.60862958,.86582398,.55038077,.98924017,.66513735,.9001323,.6388889,.7962963,.5925926
2460639,fc-augsburg,167,2,borussia-dortmund,16,3,26.055555,69,9.833333,42.777779,10.836601,20.117647,4.2222223,12.915032,2014,1.2307547,.76094759,1.8314277,1.109228,1.1968957,.84489536,2.4208741,1.5193369,.86574072,.67685187,2.1921296,1.3458995
2460640,sv-werder-bremen,86,1,tsg-1899-hoffenheim,533,1,21.666666,23.777779,6.3333335,7.9444447,13.568627,22.980392,3.7647059,7.1372547,2014,1.1564701,.70735776,1.6557801,1.0132964,1.1956304,.7734127,1.8179293,1.2498456,1.5185186,1.0476191,2.3453703,1.7685186
2460641,sc-freiburg,60,0,borussia-monchengladbach,18,0,27.111111,38.611111,9.2222223,17.277779,8.2745094,13.20915,2.8104575,5.7058825,2014,1.0043089,.64576715,1.0925444,.96116275,.93890029,.73515654,1.1823035,1.1321348,.98373014,.89814812,1.4537038,1.2851852
2460642,vfb-stuttgart,79,0,1-fc-koln,3,2,3.1666667,0,1.3888888,0,17.882353,1.3006536,5.4901962,.37908497,2014,1.1578454,.71721989,1.1902488,.87672395,1.1503078,.73641896,1.1127425,.84807324,.7792328,.64814812,1.5462962,1.2444445
2460643,hamburger-sv,41,0,sc-paderborn-07,127,3,8.9444447,0,2.3888888,0,18.673203,0,5.653595,0,2014,1.1141343,.72231972,1.6838778,1.3324425,.94937116,.6218695,1.8367724,1.8743266,.73148149,.66666669,1.3518518,1.9953704
2460644,fc-bayern-munchen,27,2,vfb-stuttgart,79,0,16.944445,3.7777777,14.222222,1.6111112,23.091503,20.339869,17.843138,6.1176472,2014,1.3843124,1.3382584,1.1175524,.69505113,1.4427989,1.3607117,1.1030855,.71327084,1.342577,1.0480392,.76071429,.62037039
2460645,borussia-dortmund,16,3,sc-freiburg,60,1,75.833336,27.055555,47.166668,9.333333,22.196079,8.2156858,14.562092,2.6797385,2014,1.4810412,.83254349,.9813897,.62404293,1.8836708,1.1203471,.96359164,.69935405,1.6032407,.77645504,1.1503968,.9074074
2460646,bayer-04-leverkusen,15,3,sv-werder-bremen,86,3,0,12.285714,0,3.4285715,24.54945,4.3809524,13.054945,1.0476191,2014,1.4501042,.86942095,1.4130431,.78471428,1.6703773,.99294215,1.0459561,.79000002,2.0857143,1.1607143,1.0166667,.42142856
2460647,borussia-monchengladbach,18,4,fc-schalke-04,33,1,39.388889,20.388889,17.722221,11.388889,13.202615,12.647058,5.6732025,6.6013074,2014,1.2823592,1.095422,1.4071878,1.01113,1.5040628,1.3335238,1.3714827,1.0145289,1.787037,1.5907408,.99457669,.6388889
2460648,tsg-1899-hoffenheim,533,1,vfl-wolfsburg,82,1,20.166666,26.388889,6.6111112,12.5,22.013071,15.895425,6.9477124,7.5751634,2014,1.7416811,1.0922205,1.1251081,.91228884,1.876431,1.3300925,1.2068452,1.0213639,2.3148148,1.7796296,1.3851852,1.4092592
2460649,hannover-96,42,2,hamburger-sv,41,0,6.6111112,7,2.4444444,1.8888888,12.071896,9.9411764,4.6078429,3.0392158,2014,1.0685085,.65739501,1.2877959,.740421,.99078339,.67646211,1.2358515,.63487655,.86851853,.67592591,1.1911376,.77962965
2460650,hertha-bsc,44,1,1-fsv-mainz-05,39,3,21.444445,0,6.3333335,0,11.117647,7.3071895,3.3006537,3.3202615,2014,.73877412,.61721081,1.168847,.81923383,.70535415,.52029222,1.1026194,.78993106,.79074073,.53888887,1.12791,.77777779
2460651,eintracht-frankfurt,24,0,fc-augsburg,167,1,3.7777777,29.555555,1.2777778,11.333333,11.130719,15.09804,3.6013072,5.8300653,2014,1.1536781,.67625016,1.3194894,.77376807,1.1593144,.65519339,1.2330911,.80322874,.92314816,.56111109,.88518518,.67685187
2460652,sc-paderborn-07,127,0,1-fc-koln,3,0,0,0,0,0,0,1.2091503,0,.37254903,2014,1.742608,1.341822,1.2425555,.97476315,1.8625661,1.8835858,1.1444886,.9427008,1.3796296,2.050926,1.6296296,1.3833333
2460653,fc-schalke-04,33,2,eintracht-frankfurt,24,2,18.833334,3.7777777,10.611111,1.2777778,10.398693,10.509804,5.5032678,3.1176472,2014,1.4635484,1.1091692,1.301584,.79761767,1.444234,1.115539,1.3293761,.80036539,1.1205026,.80555558,.97870368,.73703706
2460654,vfl-wolfsburg,82,4,bayer-04-leverkusen,15,1,26.777779,0,12.555555,0,16.065359,15.09804,7.2352943,8.0457516,2014,1.4009765,1.0018845,1.2205439,.76070702,1.5560515,1.1077836,1.3476671,.85191798,1.3759259,1.4092592,1.6407408,.93981481
2460655,1-fsv-mainz-05,39,2,borussia-dortmund,16,0,0,51.5,0,32.388889,7.5032678,14.75817,3.2679739,9.7581701,2014,1.1399697,.94284493,1.5109129,.81620365,1.0318643,.93576437,1.9207078,1.1001451,1.1779101,.89814812,1.6273148,.76256615
2460656,fc-augsburg,167,4,sv-werder-bremen,86,2,30.111111,21.666666,11.555555,6.3333335,15.882353,13.568627,6.2091503,3.7647059,2014,1.1656432,.71821254,1.1564701,.70735776,1.0700874,.75488818,1.1956304,.7734127,.81574076,.65833336,1.5185186,1.0476191
2460657,sc-freiburg,60,2,hertha-bsc,44,2,33.277779,17,11.388889,5.2777777,12.274509,7.4705882,4.1372547,2.4313726,2014,.94796491,.65843445,.89849639,.81264728,.89244968,.72029424,.92678273,.74992186,.87261903,.87962961,1.0101852,.72500002
2460658,hamburger-sv,41,0,fc-bayern-munchen,27,0,0,17.411764,0,14.588235,8.6993465,19.316177,2.509804,14.860294,2014,1.2719229,.73116171,1.3698509,1.1416228,1.2358515,.62746912,1.426549,1.1598334,1.135582,.75185186,1.2257704,.85392159
2460659,vfb-stuttgart,79,0,tsg-1899-hoffenheim,533,2,4,20.111111,1.7058823,6.6666665,17.838236,18.464052,5.1838236,5.7450981,2014,1.0104152,.6493603,1.6095383,1.0360477,1.0404643,.69707286,1.6926347,1.2733245,.69411767,.64215684,2.0231481,1.5851852
2460660,1-fc-koln,3,0,borussia-monchengladbach,18,0,0,46.611111,0,21,1.2091503,19.869282,.37254903,8.6601305,2014,1.2425555,.97476315,1.1070948,1.0292845,1.1444886,.9427008,1.2934146,1.2617645,1.6296296,1.3833333,1.7314814,1.5166667
2460661,sc-paderborn-07,127,2,hannover-96,42,0,0,7.0555553,0,2.6666667,0,14.281046,0,5.4117646,2014,1.6838778,1.3324425,1.0539283,.65276539,1.8367724,1.8743266,.97504264,.67831397,1.3518518,1.9953704,.83148146,.64814812
2460662,fc-bayern-munchen,27,4,sc-paderborn-07,127,0,17.5,0,14.833333,0,19.967319,0,15.457517,0,2014,1.5088273,1.2562075,1.6606406,1.3128718,1.5399369,1.273639,1.7744268,1.8618267,1.2873015,1.0231482,1.324074,1.9537038
2460663,borussia-dortmund,16,2,vfb-stuttgart,79,2,76.388885,3.1666667,47.388889,1.3888888,24.856209,17.928104,16.287582,5.5424838,2014,1.3540697,.72476727,1.1141946,.6572001,1.7168719,.98061645,1.0866714,.66024053,1.5013889,.60515875,.69126981,.48148149
2460664,bayer-04-leverkusen,15,1,fc-augsburg,167,0,0,31.722221,0,12.166667,9.6732025,17.437908,5.3071895,6.8562093,2014,1.1866114,.63107741,1.1395748,.70987922,1.2967412,.69142419,.99766678,.69933259,1.6862745,.79901963,.76018518,.57499999
2460665,borussia-monchengladbach,18,1,hamburger-sv,41,0,50.555557,0,22.666666,0,21.601307,8.6209154,9.3529415,2.5686274,2014,1.1070948,1.0292845,1.121923,.80060619,1.2934146,1.2617645,1.0367775,.68117285,1.7314814,1.5166667,1.1216931,1.0018518
2460666,tsg-1899-hoffenheim,533,3,sc-freiburg,60,3,22.277779,27.888889,7.4444447,9.5555553,19.69281,8.2222223,6.2156863,2.7254901,2014,1.6095383,1.0360477,.92852044,.68471992,1.6926347,1.2733245,.87998575,.73197854,2.0231481,1.5851852,.80224866,.81018519
2460667,hannover-96,42,1,1-fc-koln,3,0,5.7777777,0,2.0555556,0,8.3398695,1.0261438,3.1568627,.33333334,2014,1.1090858,.65122217,1.2425555,.97476315,1.0324501,.67923987,1.1444886,.9427008,.86851853,.6388889,1.6296296,1.3833333
2460668,hertha-bsc,44,1,vfl-wolfsburg,82,0,18.777779,25.222221,5.8333335,11.833333,9.2875814,14.150327,2.856209,6.5555553,2014,.95627415,.83829355,1.1669358,.8812595,.99948591,.78742182,1.1949404,.9768312,1.1324074,.80833334,1.4777777,1.3259259
2460669,sv-werder-bremen,86,0,fc-schalke-04,33,3,17.666666,18.444445,5.0555553,10.388889,7.1895423,12.379085,1.9607843,6.4640522,2014,1.1636564,.82099974,1.2388215,.85546255,1.2085122,.81785715,1.281752,.85695308,1.462963,1.1587301,.86494708,.4861111
2460670,eintracht-frankfurt,24,2,1-fsv-mainz-05,39,2,3.7777777,0,1.2777778,0,12.019608,9.7581701,3.7777777,4.2352943,2014,1.3098263,.74329668,1.0818889,.8687709,1.3503196,.74480981,.9577902,.83953422,.99722224,.73703706,1.0834656,.78703701
2460671,fc-schalke-04,33,2,borussia-dortmund,16,1,19.833334,67.5,11.222222,41.833332,13.660131,21.470589,7.2941175,13.980392,2014,1.2699944,.87282366,1.3540697,.72476727,1.3157027,.89028639,1.7168719,.98061645,.91494709,.53055555,1.5013889,.60515875
2460672,vfl-wolfsburg,82,2,sv-werder-bremen,86,1,25.944445,19.833334,12.277778,5.7777777,15.718954,10.026144,7.4248366,2.7254901,2014,1.1669358,.8812595,1.1668485,.71214408,1.1949404,.9768312,1.2268804,.80092591,1.4777777,1.3259259,1.3425926,.85317463
2460673,1-fsv-mainz-05,39,0,tsg-1899-hoffenheim,533,0,0,21.611111,0,7.0555553,8.3071899,18.986929,3.5163398,5.8496733,2014,1.0137072,.91136348,1.6095383,1.0360477,.90223467,.91989136,1.6926347,1.2733245,.78902113,.87037039,2.0231481,1.5851852
2460674,fc-augsburg,167,1,hertha-bsc,44,0,28.888889,18.777779,11.111111,5.8333335,13.960784,9.2875814,5.5947714,2.856209,2014,1.2298526,.77398175,.95627415,.83829355,1.1223106,.77445889,.99948591,.78742182,.7962963,.5935185,1.1324074,.80833334
2460675,sc-freiburg,60,0,bayer-04-leverkusen,15,0,31.555555,0,10.833333,0,11.392157,9.7712421,3.5751634,5.3856211,2014,.86736727,.59068555,1.1540465,.6109249,.80186325,.60825717,1.2606301,.64821428,.78928572,.75,1.6637255,.70098037
2460676,vfb-stuttgart,79,1,hannover-96,42,0,3.7777777,5.8333335,1.6111112,2.1111112,17.856209,8.3856211,5.4640522,3.1307189,2014,1.1300677,.64804256,1.0453603,.55862957,1.132126,.67438197,.96609199,.58541274,.76071429,.64814812,.86851853,.64814812
2460677,hamburger-sv,41,1,eintracht-frankfurt,24,2,0,3.7777777,0,1.2777778,10.176471,10.431373,3.0980392,3.4509804,2014,1.1507589,.81171727,1.1793549,.7762512,1.0460367,.68996912,1.2199185,.77126485,1.1031746,.99259257,.98333335,.73703706
2460678,1-fc-koln,3,0,fc-bayern-munchen,27,2,0,17.5,0,14.833333,1.8104575,19.82353,.52941179,15.352942,2014,1.0254115,.88239336,1.5291977,1.24779,.86891532,.7964859,1.5576137,1.2620649,1.2962962,1.287037,1.3521163,.99537039
2460679,sc-paderborn-07,127,1,borussia-monchengladbach,18,2,0,45.5,0,20.222221,0,18.771242,0,8.1895428,2014,1.560019,1.4378718,1.116354,.98263198,1.750507,1.9173821,1.25274,1.166857,1.4768518,1.9537038,1.7314814,1.5166667
2460680,fc-bayern-munchen,27,4,hannover-96,42,0,16.666666,6.1666665,14.111111,2.2777777,18.915033,12.228758,14.575164,4.4967322,2014,1.4736422,1.2524196,.93493152,.64133161,1.5020581,1.2666945,.86292142,.65681928,1.3354497,1.012037,.71574074,.5925926
2460681,borussia-dortmund,16,0,hamburger-sv,41,1,83.888885,0,52.166668,0,30.078432,12.986928,19.437908,4.0522876,2014,1.3345766,.73783916,1.2225182,.82177019,1.702983,1.0008185,1.0940166,.7172178,1.4865741,.61904764,1.0383598,.85370368
2460682,bayer-04-leverkusen,15,2,sc-paderborn-07,127,2,0,0,0,0,8.6209154,0,4.6274509,0,2014,1.1714077,.59505188,1.2083614,1.0222573,1.2837783,.64265871,1.3305115,1.4409933,1.6715686,.68137252,1.1157408,1.8842592
2460683,vfl-wolfsburg,82,1,fc-augsburg,167,0,27.444445,28.888889,13,11.111111,17.281046,13.960784,8.2352943,5.5947714,2014,1.2229122,.91611791,1.2298526,.77398175,1.2555465,1.0184978,1.1223106,.77445889,1.5518519,1.3444444,.7962963,.5935185
2460684,borussia-monchengladbach,18,1,1-fsv-mainz-05,39,1,40.5,0,18.166666,0,14.993464,9.4640522,6.5294118,4.0784316,2014,1.1070948,1.0292845,1.1368833,.917382,1.2934146,1.2617645,1.0627285,.94370091,1.7314814,1.5166667,1.2056879,.89814812
2460685,tsg-1899-hoffenheim,533,2,fc-schalke-04,33,1,20.055555,20.777779,6.6666665,11.611111,18.366013,15.718954,5.6993465,8.2091503,2014,1.6095383,1.0360477,1.1606469,.82425654,1.6926347,1.2733245,1.2489238,.90543795,2.0231481,1.5851852,.8399471,.5
2460686,hertha-bsc,44,3,vfb-stuttgart,79,2,19.444445,3.7777777,6.0555553,1.6111112,10.006536,20.960785,3.0980392,6.4183006,2014,.92772478,.82104594,1.1175524,.69505113,.97387266,.79398751,1.1030855,.71327084,1.1212963,.7972222,.76071429,.62037039
2460687,sv-werder-bremen,86,1,sc-freiburg,60,1,21.666666,28.444445,6.3333335,9.833333,14.143791,9.333333,3.8823528,3.0392158,2014,1.1564701,.70735776,1.0003017,.65253294,1.1956304,.7734127,.92439413,.72034168,1.5185186,1.0476191,1.011508,.88425928
2460688,eintracht-frankfurt,24,3,1-fc-koln,3,2,3.7777777,0,1.2777778,0,9.9542484,1.8104575,3.2810457,.52941179,2014,1.0881867,.74342293,1.1129259,.89451623,1.0939925,.71143579,1.014859,.85010821,.8611111,.64814812,1.5462962,1.2722223
2460689,fc-bayern-munchen,27,6,sv-werder-bremen,86,0,18.444445,17.944445,15.444445,5.2222223,23.947712,12.228758,18.732027,3.3398693,2014,1.4571078,1.4010408,1.1564701,.70735776,1.4872433,1.3850468,1.1956304,.7734127,1.3568783,1.1175926,1.5185186,1.0476191
2460690,fc-schalke-04,33,2,hertha-bsc,44,0,0,20.722221,0,6.4444447,15.117647,11.091503,7.7058825,3.3986928,2014,1.22592,.84281278,.94494373,.80423677,1.2101471,.8579632,.98313189,.78982085,.79179895,.4611111,1.1518519,.7972222
2460691,1-fsv-mainz-05,39,2,fc-augsburg,167,1,0,24.388889,0,9.166667,9.8758173,11.712419,4.1568627,4.5686274,2014,1.2249378,.8525672,1.2559209,.78231508,1.1497093,.86731201,1.1947312,.83001441,1.7223545,.89814812,.85185188,.67685187
2460692,hannover-96,42,0,borussia-monchengladbach,18,3,6.1666665,51.055557,2.2777777,22.388889,12.228758,25.294117,4.4967322,10.856209,2014,1.0713784,.64427775,1.1976671,1.092721,.98514366,.66839331,1.3485072,1.3357283,.77592593,.56481481,1.675926,1.5444444
2460693,sc-freiburg,60,1,vfl-wolfsburg,82,2,29.944445,30.055555,10.333333,14.111111,9.9346409,20.986929,3.3071895,9.7581701,2014,.8996793,.73586631,1.4782033,.96529388,.86113656,.78484786,1.6457582,1.1136158,.93055558,.93981481,1.6222222,1.3722222
2460694,vfb-stuttgart,79,3,bayer-04-leverkusen,15,3,3.7777777,0,1.6111112,0,18.346405,7.9215684,5.6274509,4.4575162,2014,1.1076318,.64462376,1.3198414,.75470334,1.107126,.67438197,1.4136604,.75870812,.81626981,.67592591,1.5972222,.79166669
2460695,hamburger-sv,41,1,tsg-1899-hoffenheim,533,1,0,18.055555,0,5.9444447,10.928104,16.59477,3.2875817,5.1895423,2014,1.1991264,.84756386,1.3910198,.87864023,1.0741092,.74102736,1.5989839,1.1145943,1.1448413,.89074075,1.9583334,1.5481482
2460696,1-fc-koln,3,2,borussia-dortmund,16,1,0,85.705879,0,53.529411,1.6928104,31.455883,.49673203,20.139706,2014,1.1574585,.98284233,1.6872513,1.0926453,1.0455227,.91262347,2.1305537,1.3831657,1.6018518,1.3648148,1.7784314,.97549021
2460697,sc-paderborn-07,127,3,eintracht-frankfurt,24,1,0,3.7777777,0,1.2777778,0,9.7712421,0,3.0588236,2014,1.6350514,1.2449706,1.276998,.76930678,1.7347443,1.7599747,1.3063382,.76531249,1.25,1.787037,.94166666,.70925927
2460698,borussia-dortmund,16,0,hannover-96,42,1,82.222221,5,51.5,1.8888888,25.124184,7.980392,16.039215,3.0196078,2014,1.7204993,1.0504613,1.0106771,.61089814,2.1312373,1.3380692,.94683218,.61899877,1.6796297,.9212963,.93796295,.5925926
2460699,bayer-04-leverkusen,15,1,fc-schalke-04,33,0,0,0,0,0,11.267974,13.614379,6.2287583,6.8888888,2014,1.3019843,.76493722,1.2904261,.89211833,1.4201419,.80500442,1.2480259,.88018543,1.6574074,.78703701,.88902116,.57222223
2460700,vfl-wolfsburg,82,3,1-fsv-mainz-05,39,0,23.388889,0,10.888889,0,17.039215,8.359477,7.9346404,3.5882354,2014,1.4835694,.94280708,1.083338,.86508495,1.6468804,1.0765786,1.0232985,.79965329,1.4833333,1.1314815,1.153836,.78703701
2460701,borussia-monchengladbach,18,0,fc-bayern-munchen,27,0,45.833332,17.666666,20.388889,14.777778,19.869282,20.928104,8.5882349,16.032681,2014,1.1302428,1.0224469,1.4577692,1.3589011,1.2795258,1.2478756,1.5102592,1.3603555,1.7037038,1.4888889,1.284656,.97314817
2460702,fc-augsburg,167,2,sc-freiburg,60,0,25.444445,32.666668,9.833333,10.833333,10.921569,11.078431,4.4052286,3.5228758,2014,1.6877229,.80840939,.93577552,.69650567,1.6626545,.817779,.87670892,.7299096,1.2324075,.64907408,.97777778,.92592591
2460703,tsg-1899-hoffenheim,533,1,sc-paderborn-07,127,0,19.944445,0,6.6666665,0,16.843138,0,5.2549019,0,2014,1.3910198,.87864023,1.7254554,1.2704335,1.5989839,1.1145943,1.5861331,1.582197,1.9583334,1.5481482,1.5277778,1.8425926
2460704,hertha-bsc,44,3,hamburger-sv,41,0,20.611111,0,6.2222223,0,10.535948,7.0457516,3.0915034,2.1176472,2014,.94494373,.80423677,1.2098711,.84015644,.98313189,.78982085,1.0985199,.75074959,1.1518519,.7972222,1.2003968,.89074075
2460705,sv-werder-bremen,86,0,1-fc-koln,3,1,21.666666,0,6.3333335,0,12.222222,1.8104575,3.3267975,.52941179,2014,1.1666111,.69881076,1.0351117,.91149157,1.2349823,.81574076,.88943803,.81280667,1.3518518,.85317463,1.324074,1.2314814
2460706,eintracht-frankfurt,24,4,vfb-stuttgart,79,5,3.7777777,3,1.2777778,1.2777778,9.6732025,14.333333,3.0261438,3.9803922,2014,1.280365,.72764009,1.0581064,.71487683,1.3526344,.71438652,1.0996835,.81229961,.96944445,.68148148,.71111113,.60648149
2460707,fc-bayern-munchen,27,2,borussia-dortmund,16,1,17.388889,82.222221,14.388889,51.5,22.588236,25.124184,17.392157,16.039215,2014,1.6098856,1.5146029,1.7204993,1.0504613,1.6372433,1.5131333,2.1312373,1.3380692,1.4346561,1.1509259,1.6796297,.9212963
2460708,fc-schalke-04,33,1,fc-augsburg,167,0,0,27.5,0,10.666667,16.202614,13.653595,8.2418299,5.4705882,2014,1.1939756,.78378499,1.5082358,.78134388,1.2045915,.79129654,1.5542144,.85674,.70846564,.40555555,1.3157407,.7972222
2460709,borussia-monchengladbach,18,3,tsg-1899-hoffenheim,533,1,46.055557,18.555555,20.5,6.2222223,17.065359,12.673203,7.2483659,4.0653596,2014,1.1052428,1.0196691,1.4214119,.93922228,1.289248,1.262536,1.4944866,1.0555756,1.7314814,1.5166667,1.787037,1.3425926
2460710,1-fsv-mainz-05,39,1,sv-werder-bremen,86,2,0,0,0,0,6.4379086,12.254902,2.9084966,3.3660131,2014,1.1518244,.77630502,1.1482574,.83030987,1.1018618,.69826436,1.2445573,.88240743,1.6797619,.87037039,1.3518518,.99206346
2460711,hannover-96,42,1,eintracht-frankfurt,24,0,6.5555553,3.7777777,2.3888888,1.2777778,11.104575,8.9411764,4.1372547,2.856209,2014,1.1891824,.72654271,1.3654951,.75303692,1.1082104,.7946279,1.31444,.73086083,.81759262,.67592591,.94629627,.69074076
2460712,vfb-stuttgart,79,0,vfl-wolfsburg,82,4,3.7777777,24.5,1.6111112,11.722222,16.705883,16.300653,4.7712417,7.2941175,2014,1.0130551,.65203118,1.4710695,.94857907,1.063553,.75417995,1.6301256,1.0686421,.69722223,.63425928,1.4648148,1.1314815
2460713,hamburger-sv,41,1,bayer-04-leverkusen,15,0,0,0,0,0,11.281046,11.470589,3.5294118,6.3986926,2014,1.1938689,.80510354,1.3193991,.77976567,1.0776865,.7158289,1.4414382,.85253525,1.0753968,.85370368,1.6787037,.93981481
2460714,1-fc-koln,3,0,sc-freiburg,60,1,0,31.222221,0,10.555555,1.137255,8.7843142,.33333334,2.6470587,2014,1.3202416,.96586698,.80576396,.65221816,1.2045174,.91035956,.72604418,.66565597,1.6203704,1.3185185,.58888888,.52314812
2460715,sc-paderborn-07,127,3,hertha-bsc,44,1,0,15.277778,0,4.5,.0065359478,5.9150329,.0065359478,1.8431373,2014,1.8539115,1.3755822,.87966478,.77600127,1.6816679,1.6330568,.9444595,.7660113,1.7592592,1.7453704,1.0546297,.7972222
2460716,borussia-dortmund,16,1,borussia-monchengladbach,18,0,82.833336,52.166668,51.666668,23.333334,31.091503,23.40523,20.078432,9.9542484,2014,1.6842154,1.0442884,1.1052428,1.0196691,2.1201262,1.3464867,1.289248,1.262536,1.6657407,.93518519,1.7314814,1.5166667
2460717,bayer-04-leverkusen,15,0,1-fsv-mainz-05,39,0,0,0,0,0,10.339869,5.5228758,5.5751634,2.503268,2014,1.3031955,.77698791,1.0637698,.84111983,1.4136604,.84697974,1.0148809,.77465326,1.777451,.99509805,1.1630952,.87037039
2460718,vfl-wolfsburg,82,2,hamburger-sv,41,0,25.222221,0,11.888889,0,13.830066,9.1111107,6.359477,2.8888888,2014,1.4291483,.91144663,1.4004827,.85645682,1.5406194,.95103753,1.3591681,.79340827,1.4444444,1.0388889,1.2096561,.87222224
2460719,fc-augsburg,167,3,sc-paderborn-07,127,0,27.444445,0,10.222222,0,13.908497,0,5.2287583,0,2014,1.352787,.8017956,1.6080247,1.4459525,1.2464789,.83047742,1.784137,1.842316,.88518518,.67685187,1.5787038,1.6064814
2460720,tsg-1899-hoffenheim,533,3,1-fc-koln,3,4,19.944445,0,6.6666665,0,16.843138,.68627453,5.2549019,.22875817,2014,1.3910198,.87864023,1.3202416,.96586698,1.5989839,1.1145943,1.2045174,.91035956,1.9583334,1.5481482,1.6203704,1.3185185
2460721,hertha-bsc,44,0,hannover-96,42,2,16.333334,6.5555553,4.8888888,2.3888888,6.5359478,12.888889,2.0784314,4.8888888,2014,.87966478,.77600127,1.1419601,.74439985,.9444595,.7660113,1.0415437,.75450444,1.0546297,.7972222,.85925925,.62037039
2460722,sv-werder-bremen,86,2,vfb-stuttgart,79,0,0,3.7777777,0,1.6111112,16.274509,13.352942,4.5032678,3.7712419,2014,1.2057815,.93674046,1.0034059,.64832747,1.1616026,.92208993,1.063553,.74723548,1.5185186,1.1865079,.69722223,.63425928
2460723,eintracht-frankfurt,24,0,fc-bayern-munchen,27,4,3.7777777,15.555555,1.2777778,13.222222,10.071896,17.104576,3.3333333,13.183006,2014,1.3469766,.76137024,1.4515523,1.3615882,1.2993938,.75737596,1.4674021,1.3394629,.92777777,.69074076,1.3476191,1.0805556
2460724,sc-freiburg,60,2,fc-schalke-04,33,0,31.222221,0,10.555555,0,8.7843142,13.431373,2.6470587,7.026144,2014,.80576396,.65221816,1.2115681,.79965216,.72604418,.66565597,1.2138509,.80947834,.58888888,.52314812,.88902116,.50277776
2460725,fc-bayern-munchen,27,4,tsg-1899-hoffenheim,533,0,15.277778,17.055555,12.888889,5.3888888,16.660131,14.581699,12.79085,4.3202615,2014,1.5216581,1.4303713,1.5839888,1.0231932,1.5449153,1.4094484,1.6741161,1.2649471,1.4124339,1.112963,1.9398148,1.5574074
2460726,fc-schalke-04,33,3,vfl-wolfsburg,82,2,0,30.944445,0,14.611111,17.633987,20.875816,9.1372547,9.4967318,2014,1.1636115,.82117414,1.1465095,.89032423,1.2003767,.81793791,1.1711309,.92855078,.85568786,.52592593,1.5611111,1.3074074
2460727,borussia-monchengladbach,18,1,eintracht-frankfurt,24,3,55.888889,.72222221,24.777779,.33333334,30.228758,11.431373,12.803922,3.8692811,2014,1.1086462,.98803866,1.3575512,.7473346,1.2203326,1.1698333,1.2947642,.73782468,1.6481482,1.4888889,.94444442,.68518519
2460728,1-fsv-mainz-05,39,2,sc-freiburg,60,2,0,31.666666,0,10.833333,10.202615,11.738562,4.5163398,3.7254901,2014,1.0723963,.85223097,.81978512,.60803825,1.0109247,.81631994,.77959353,.67152017,1.1677248,.87037039,.64444447,.53703701
2460729,hannover-96,42,1,bayer-04-leverkusen,15,3,6.6111112,0,2.3888888,0,10.150327,20.058823,3.6797385,10.529411,2014,.97773546,.74145371,1.3408679,.88971937,.92240793,.79539949,1.4999399,.99142414,.82685184,.73148149,1.824074,1.1203704
2460730,vfb-stuttgart,79,0,fc-augsburg,167,1,3.7777777,28.277779,1.6111112,10.666667,11.169934,14.601307,3.1764705,5.5882354,2014,1.1795964,.71323133,1.2308426,.73989087,1.2496641,.83784395,1.1128088,.76619166,.74351853,.68981481,.84814817,.64351851
2460731,hamburger-sv,41,2,sv-werder-bremen,86,0,0,0,0,0,7.9411764,13.254902,2.359477,3.6339869,2014,1.168694,.73792809,1.2952377,.82998359,1.0909301,.68194443,1.1804188,.78637564,.97817463,.62222224,1.4444444,.99206346
2460732,1-fc-koln,3,1,hertha-bsc,44,2,0,18,0,5.3333335,1.1960784,8.1176472,.37908497,2.3986928,2014,1.1644354,.99468458,1.0225135,.86010098,1.009632,.91829604,1.0386875,.80309641,1.425926,1.4018519,1.1768519,.80833334
2460733,sc-paderborn-07,127,2,borussia-dortmund,16,2,0,74.888885,0,46.5,.0065359478,26.222221,.0065359478,16.82353,2014,1.517789,1.1961069,1.7510197,1.0621897,1.5531846,1.495226,2.1818326,1.3610878,1.6527778,1.8842592,1.7171296,.97089946
2460734,fc-schalke-04,33,4,1-fsv-mainz-05,39,1,0,0,0,0,10.784314,8.5163403,5.3660131,3.8039215,2014,1.0943503,.7955237,1.0709343,.84297168,1.1643518,.81364501,1.005313,.80838346,.90291005,.52314812,1.1399471,.87037039
2460735,bayer-04-leverkusen,15,5,1-fc-koln,3,1,0,0,0,0,16.980392,1.0392157,8.7385616,.25490198,2014,1.451243,.96032125,1.180108,.93219697,1.5732564,1.0679674,1.0101612,.85508382,1.837963,1.1805556,1.324074,1.2074074
2460736,vfl-wolfsburg,82,1,borussia-monchengladbach,18,0,26.944445,43.444443,12.611111,19.5,16.300653,17.104576,7.1633987,7.4836602,2014,1.4673657,.9309023,1.2634001,1.0928967,1.6093624,1.0513262,1.4592215,1.3088324,1.4092592,1.0759259,1.75,1.5907408
2460737,fc-augsburg,167,3,hamburger-sv,41,1,25.388889,0,9.666667,0,11.496732,5.4183006,4.4967322,1.7385621,2014,1.4110135,.81766862,1.4025325,.83515036,1.2807101,.8415885,1.3825969,.79305553,.88518518,.67685187,1.1865079,.73333335
2460738,tsg-1899-hoffenheim,533,4,hannover-96,42,3,18.222221,6.6111112,6,2.3888888,15.065359,10.313725,4.6209149,3.7058823,2014,1.6072794,1.0681945,1.1396623,.76398671,1.6693002,1.2728837,1.076193,.83012176,2.175926,1.6962963,.92407405,.73148149
2460739,hertha-bsc,44,0,fc-bayern-munchen,27,1,18,15.277778,5.3333335,12.888889,8.1176472,16.69281,2.3986928,12.803922,2014,1.0225135,.86010098,1.5216581,1.4303713,1.0386875,.80309641,1.5449153,1.4094484,1.1768519,.80833334,1.4124339,1.112963
2460740,sv-werder-bremen,86,4,sc-paderborn-07,127,0,0,0,0,0,9.7712421,0,2.7450981,0,2014,1.5155698,.86210918,1.5824355,1.3780514,1.4479452,.85859787,1.7444545,1.7404642,1.3888888,.88095236,1.5046296,1.4398148
2460741,eintracht-frankfurt,24,2,borussia-dortmund,16,0,3.7777777,85.666664,1.2777778,53,10.745098,29.052288,3.6535947,18.437908,2014,1.2807373,.74621874,1.3334583,.88873285,1.2081901,.71341991,1.3636802,1.0101619,.83333331,.62037039,1.0106481,.65145504
2460742,sc-freiburg,60,1,vfb-stuttgart,79,4,30.277779,5.7222223,10.388889,1.7777778,10.915032,14.163399,3.4379084,4.0522876,2014,.80540603,.63184774,1.2484573,.78935313,.76755649,.68818682,1.3072398,.90914023,.63055557,.5925926,.78055555,.68981481
2460743,fc-bayern-munchen,27,1,bayer-04-leverkusen,15,0,15.277778,0,12.888889,0,16.660131,19.17647,12.79085,10.117647,2014,1.5216581,1.4303713,1.4081519,.94180268,1.5449153,1.4094484,1.5352935,1.0525353,1.4124339,1.112963,1.8657408,1.1574074
2460744,borussia-dortmund,16,1,tsg-1899-hoffenheim,533,0,93.777779,18,57.833332,6.0555553,31.934641,15.150327,20.437908,4.7254901,2014,1.5014483,.92638719,1.3982847,.91387355,1.8215507,1.1335237,1.5747235,1.1106261,1.3879629,.69907409,2.125,1.6037037
2460745,borussia-monchengladbach,18,3,hertha-bsc,44,2,50.5,21.055555,22.444445,6.2222223,21.960785,10.398693,9.2549019,3.0653596,2014,1.111452,1.0292845,.83706474,.67623854,1.2586924,1.2687089,.8640843,.60680014,1.6944444,1.5166667,.97129631,.66388887
2460746,hannover-96,42,1,vfl-wolfsburg,82,3,7.1666665,30.055555,2.5,14.111111,11.222222,19.882353,3.9411764,9.1241827,2014,.99466842,.74883521,1.4782033,.96529388,.94538492,.80620199,1.6457582,1.1136158,.85462964,.73148149,1.6222222,1.3722222
2460747,eintracht-frankfurt,24,5,sv-werder-bremen,86,2,3.7777777,0,1.2777778,0,8.4248362,16.045752,2.6732025,4.6601305,2014,1.3981749,.77525914,1.2073891,.77606624,1.3426036,.77126485,1.1803086,.77817458,.95555556,.7185185,1.3333334,.76984125
2460748,vfb-stuttgart,79,0,fc-schalke-04,33,4,4.6111112,0,1.4444444,0,11.352942,9.0588236,3.2418301,4.7124181,2014,1.1637233,.7223888,1.0904988,.76073021,1.2042096,.82370251,1.1555135,.77597666,.67407405,.52314812,.78068781,.4675926
2460749,hamburger-sv,41,2,1-fsv-mainz-05,39,1,0,0,0,0,6.4705882,8.5163403,1.9346405,3.8039215,2014,1.245276,.8493225,1.0709343,.84297168,1.1372265,.74102736,1.005313,.80838346,1.1448413,.81666666,1.1399471,.87037039
2460750,1-fc-koln,3,1,fc-augsburg,167,2,0,26.222221,0,10.222222,1.5882353,12.522876,.47058824,5.013072,2014,1.2763458,.97549266,1.6015691,.82322419,1.2042528,.9556638,1.606636,.87730277,1.6018518,1.2814815,1.3481481,.7824074
2460751,sc-paderborn-07,127,1,sc-freiburg,60,1,0,33.388889,0,11.444445,.0065359478,12.385621,.0065359478,4.006536,2014,1.8607898,1.3597091,.83347559,.62391126,1.6757154,1.605279,.75088984,.67152017,1.7592592,1.7453704,.66428572,.56481481
2460752,fc-schalke-04,33,1,1-fc-koln,3,2,0,0,0,0,10.457517,1.2614379,5.4967322,.36601308,2014,1.1869494,.82603526,1.2081136,.96797138,1.2614698,.84028643,1.0719777,.88555795,.8862434,.60925925,1.324074,1.2037038
2460753,bayer-04-leverkusen,15,1,borussia-monchengladbach,18,1,0,42.555557,0,18.722221,17.169935,16.660131,8.7189541,7.1372547,2014,1.3371642,.88971937,1.1947854,1.0092227,1.4999399,.99142414,1.3221844,1.2015793,1.9313725,1.1862745,1.6944444,1.5166667
2460754,vfl-wolfsburg,82,1,sc-paderborn-07,127,1,20.611111,0,9.666667,0,15.287581,.0065359478,7.2091503,.0065359478,2014,1.4081726,.90070182,1.8742819,1.4241933,1.515399,.99072009,1.7757155,1.6534271,1.2277777,.96481484,1.537037,1.4953704
2460755,1-fsv-mainz-05,39,1,vfb-stuttgart,79,1,0,5.0555553,0,1.5,7.7712417,10.986928,3.3137255,3.0392158,2014,1.1858195,.78371245,1.0125649,.66759384,1.1258037,.78854215,1.0899239,.80188715,1.7603174,.94444442,.6240741,.66203701
2460756,fc-augsburg,167,0,fc-bayern-munchen,27,4,25.111111,15.777778,9.5555553,13.333333,11.084968,17.352942,4.2875819,13.359477,2014,1.5980288,.83879656,1.5864729,1.534075,1.5770545,.87862551,1.5680634,1.4418558,1.3203703,.7824074,1.4263227,1.1824074
2460757,tsg-1899-hoffenheim,533,3,eintracht-frankfurt,24,2,16.388889,3.0555556,5.4444447,.94444442,13.732026,9.6601305,4.3137255,3.359477,2014,1.5203848,.98738647,1.2807373,.74621874,1.7566017,1.201455,1.2081901,.71341991,2.2083333,1.6592592,.83333331,.62037039
2460758,hertha-bsc,44,1,borussia-dortmund,16,0,21.333334,94.611115,6.3888888,58.333332,11.039216,31.196079,3.3529413,19.784313,2014,.73877412,.61721081,1.5118911,.95434654,.70535415,.52029222,1.8725275,1.1865541,.79074073,.53888887,1.3879629,.64351851
2460759,sv-werder-bremen,86,3,hannover-96,42,3,0,7.5,0,2.7222223,7.8496733,10.660131,2.1895425,3.8235295,2014,1.1059675,.71305919,1.072327,.74159616,1.1951194,.7638889,1.0458835,.86036867,1.25,.79761904,.89629632,.73148149
2460760,sc-freiburg,60,0,hamburger-sv,41,0,28.777779,0,9.666667,0,5.9019608,6.4705882,1.751634,1.9346405,2014,.92731321,.58261734,1.2495244,.85279471,.89002126,.61874235,1.1279671,.74102736,.91428572,.51851851,1.1448413,.81666666
2460761,fc-bayern-munchen,27,2,sc-freiburg,60,0,15.277778,26,12.888889,8.833333,16.69281,7.9150329,12.803922,2.4248366,2014,1.5216581,1.4303713,.72595996,.38877416,1.5449153,1.4094484,.63431138,.37694344,1.4124339,1.112963,.61798942,.25925925
2460762,borussia-dortmund,16,2,vfl-wolfsburg,82,2,98.333336,30.388889,60.555557,14.277778,36.594772,18.562092,23.477123,8.4509802,2014,1.2415805,.76036763,1.5009305,.91800553,1.4798688,.90099084,1.6198742,1.0329279,.87824076,.43849206,1.6314815,1.1777778
2460763,borussia-monchengladbach,18,4,sv-werder-bremen,86,1,49.833332,0,21.833334,0,24.699347,9.3071899,10.202615,2.6209149,2014,1.0229205,.91585851,1.2439305,.64207149,1.1745173,1.14232,1.3717067,.74351853,1.3425926,1.2944444,1.324074,.76984125
2460764,tsg-1899-hoffenheim,533,0,bayer-04-leverkusen,15,1,18.833334,0,6.3333335,0,17.169935,18.111111,5.2222223,9.2156858,2014,1.5100951,.98924261,1.3788309,.90638602,1.7354738,1.1929674,1.5416065,1.0080909,2.1388888,1.6037037,1.9343138,1.2303921
2460765,hannover-96,42,2,fc-augsburg,167,0,6.6111112,23.888889,2.3888888,9.1111107,6.9019608,9.3856211,2.4052289,3.6993463,2014,1.0484844,.72877562,1.4271954,.81657434,1.0319946,.86036867,1.4821471,.88556999,.87777776,.73148149,1.287037,.7824074
2460766,eintracht-frankfurt,24,4,hertha-bsc,44,4,3.0555556,20.277779,.94444442,6.1666665,8.8888893,9.3921566,3.006536,2.9673202,2014,1.3469766,.76137024,.98417199,.82046771,1.2993938,.75737596,.99768215,.75817102,.92777777,.69074076,1.0990741,.69722223
2460767,hamburger-sv,41,0,vfb-stuttgart,79,1,0,5.4444447,0,1.5555556,6.4705882,13.908497,1.9346405,4.1176472,2014,1.2495244,.85279471,1.1315736,.67500126,1.1279671,.74102736,1.1572639,.75126988,1.1448413,.81666666,.76296294,.68981481
2460768,1-fc-koln,3,0,1-fsv-mainz-05,39,0,0,0,0,0,.30718955,6.6928105,.09150327,3.0718954,2014,1.2317833,.95018071,1.1721977,.78510129,1.1354698,.88881397,1.0907508,.71494907,1.5185186,1.2259259,1.7629629,.98148149
2460769,sc-paderborn-07,127,1,fc-schalke-04,33,2,0,0,0,0,.0065359478,12.477124,.0065359478,6.6209149,2014,1.7687263,1.2341681,1.2036977,.87881303,1.4931759,1.3460197,1.2114699,.85341769,1.5092592,1.5231482,.90846562,.60925925
2460770,fc-schalke-04,33,0,hamburger-sv,41,0,0,0,0,0,11.457517,3.8888888,6.1307192,1.2875817,2014,1.234099,.87219924,1.0957308,.68853956,1.2645563,.87563998,1.1390703,.6061067,.94179893,.62037039,1.0568783,.68703705
2460771,bayer-04-leverkusen,15,1,eintracht-frankfurt,24,1,0,0,0,0,13.026144,5.7843137,6.7973857,1.9607843,2014,1.325454,.78786755,1.2894212,.64607197,1.4675325,.85870808,1.2239307,.59130454,1.8480393,1.0343137,.90925926,.53333336
2460772,vfl-wolfsburg,82,2,1-fc-koln,3,1,30.777779,0,14.444445,0,19.993464,1.2941177,9.1960783,.37908497,2014,1.3898194,.88328326,1.2184676,.95197809,1.5018187,.99324536,1.123565,.89878547,1.4833333,1.1592592,1.574074,1.3092593
2460773,1-fsv-mainz-05,39,1,fc-bayern-munchen,27,2,0,15.444445,0,12.722222,4.9411764,17.437908,2.3267975,13.274509,2014,1.4570302,.8091197,2.2093179,1.7080327,1.4657868,.77656525,2.1193833,1.572197,2.4185185,1.2037038,1.6448413,1.1481482
2460774,fc-augsburg,167,2,borussia-monchengladbach,18,1,24.333334,46.777779,9.333333,20.722221,8.679739,22.372549,3.4575164,9.5816994,2014,1.2521389,.64506441,1.0154768,.91550237,1.2972479,.71262628,1.1791469,1.1353756,1.1648148,.68055558,1.3425926,1.2944444
2460775,hertha-bsc,44,0,tsg-1899-hoffenheim,533,5,21.611111,20.888889,6.6111112,6.8888888,10.888889,16.130718,3.4575164,4.8954248,2014,.97096211,.74639368,1.62977,1.0751289,.97964466,.69857502,1.7796296,1.2958113,1.0574074,.61388886,2.2759259,1.7407408
2460776,sv-werder-bremen,86,2,borussia-dortmund,16,1,0,89.166664,0,55.166668,8.3856211,28.477123,2.3856208,18.156862,2014,1.1433132,.74454063,1.2530651,.80385077,1.2235585,.79166669,1.5142603,.98032582,1.2222222,.79761904,1.0199074,.49404761
2460777,sc-freiburg,60,2,hannover-96,42,2,26.833334,6.6111112,9.1111107,2.3888888,8.5163403,6.9019608,2.7777777,2.4052289,2014,.98284143,.68736541,1.0484844,.72877562,.91748577,.74437165,1.0319946,.86036867,.95502645,.8287037,.87777776,.73148149
2460778,vfb-stuttgart,79,0,sc-paderborn-07,127,0,4.9444447,0,1.4444444,0,11.738562,.0065359478,3.5424836,.0065359478,2014,1.1257095,.63691872,1.7099961,1.2247885,1.1464053,.69592476,1.4673822,1.3367605,.68888891,.55092591,1.4814814,1.4675926
2460779,fc-schalke-04,33,1,hannover-96,42,0,0,6.6666665,0,2.3888888,10.79085,9.2222223,5.8169932,3.359477,2014,1.1291099,.79284513,.98132169,.62687755,1.1978368,.83510965,.94032794,.69138718,1.0112433,.67870373,1.0212963,.64814812
2460780,bayer-04-leverkusen,15,0,borussia-dortmund,16,0,0,76.277779,0,46.388889,19.372549,24.967319,9.8627453,15.620915,2014,1.2160352,.87223202,1.7061448,1.2644891,1.3160775,.94706792,2.1289885,1.5571929,1.6843138,1.0882353,1.8796296,1.337963
2460781,vfl-wolfsburg,82,4,fc-bayern-munchen,27,1,27.388889,13.111111,12.944445,11.166667,17.934641,15.117647,8.3398695,11.385621,2014,1.4889176,.94157094,1.5304765,1.3196677,1.6005862,1.0442915,1.5160284,1.2722214,1.5148149,1.2240741,1.4581232,1.1696079
2460782,1-fsv-mainz-05,39,5,sc-paderborn-07,127,0,0,0,0,0,7.7516341,.013071896,3.1830065,.0065359478,2014,1.0500278,.8231982,1.4490312,1.1383137,.99496752,.79243827,1.2837843,1.3612975,1.2305555,.96296299,1.5147059,1.5068628
2460783,fc-augsburg,167,3,tsg-1899-hoffenheim,533,1,22.722221,17.333334,8.7777777,5.7777777,8.7320261,15.300653,3.5490196,4.7777777,2014,1.2851517,.77336663,1.5170929,.99240613,1.1923724,.84026575,1.7518879,1.2102734,.88703704,.65462965,2.1805556,1.6592592
2460784,sv-werder-bremen,86,2,hertha-bsc,44,0,0,16.888889,0,5.0555553,8.0849676,8.0522881,2.2810457,2.4836602,2014,1.1054986,.74786878,.83204275,.71272707,1.1886259,.78935188,.8297258,.67743504,1.375,.95039684,.68240738,.55833334
2460785,sc-freiburg,60,4,eintracht-frankfurt,24,1,23.833334,.72222221,8.166667,.33333334,6.359477,12.294118,2.1895425,4.0653596,2014,1.0562996,.75291002,1.3326224,.72965783,.88464946,.77497131,1.2600418,.72195166,1.0703703,.91203701,.91666669,.66666669
2460786,vfb-stuttgart,79,0,borussia-monchengladbach,18,1,5.4444447,49.166668,1.5555556,21.944445,15.248366,20.882353,4.653595,9.2091503,2014,1.1905022,.74432611,1.109089,1.02496,1.2127477,.81737137,1.2790627,1.2484267,.78015876,.66203701,1.425926,1.3222222
2460787,hamburger-sv,41,0,1-fc-koln,3,2,0,0,0,0,11.522876,1.1633987,3.9084966,.28758171,2014,1.529839,1.0120666,1.1817089,1.0317216,1.4621272,1.0029321,1.0707432,.97385162,1.5231482,1.1203704,1.6111112,1.5129629
2460788,fc-bayern-munchen,27,1,fc-schalke-04,33,1,13.777778,0,11.333333,0,14.960784,6.9477124,11.274509,3.7320261,2014,1.5304765,1.3196677,1.108327,.86684793,1.5160284,1.2722214,1.0967364,.89281166,1.4581232,1.1696079,.89828044,.73425925
2460789,borussia-dortmund,16,0,fc-augsburg,167,1,73.111115,19.222221,44.5,7.3333335,22.82353,5.653595,14.254902,2.3529413,2014,1.722519,1.2517612,1.2592009,.723153,2.1257834,1.5033209,1.1667593,.80693239,1.8518518,1.337963,.90555555,.71018517
2460790,borussia-monchengladbach,18,1,sc-freiburg,60,0,49.166668,26.277779,21.944445,9.0555553,20.882353,7.3790851,9.2091503,2.490196,2014,1.109089,1.02496,1.0163577,.72645503,1.2790627,1.2484267,.85918647,.74591148,1.425926,1.3222222,.93148148,.83796299
2460791,tsg-1899-hoffenheim,533,1,sv-werder-bremen,86,2,19.055555,0,6.3333335,0,15.875817,7.6078429,5.013072,2.1503267,2014,1.466807,.96401787,1.0203134,.65064657,1.7304233,1.1767637,1.1145518,.69675928,2.2759259,1.7314814,1.3194444,.83928573
2460792,hannover-96,42,1,1-fsv-mainz-05,39,1,6.7777777,0,2.3888888,0,11.882353,7.3267975,4.2091503,3.0588236,2014,.96270216,.67343837,.95501518,.86023527,.87315625,.68768346,.90590227,.81624782,.79907405,.62037039,.83240741,.97222221
2460793,hertha-bsc,44,0,bayer-04-leverkusen,15,1,18.055555,0,5.2777777,0,6.6274509,18.673203,2.0784314,9.5751638,2014,.81890786,.70590985,1.045742,.80873996,.82443482,.65838742,1.1018518,.86743826,.69166666,.55833334,1.1921569,.98039216
2460794,eintracht-frankfurt,24,1,vfl-wolfsburg,82,1,.72222221,27.388889,.33333334,12.944445,15.065359,17.934641,5.0784316,8.3398695,2014,1.35343,.7174589,1.4889176,.94157094,1.3345789,.68422782,1.6005862,1.0442915,.95555556,.66296297,1.5148149,1.2240741
2460795,1-fc-koln,3,0,vfb-stuttgart,79,0,0,5.9444447,0,1.7222222,1.1633987,17.908497,.28758171,5.4248366,2014,1.1817089,1.0317216,1.1494968,.72253126,1.0707432,.97385162,1.1548611,.77909976,1.6111112,1.5129629,.67460316,.5138889
2460796,sc-paderborn-07,127,0,hamburger-sv,41,3,0,0,0,0,.013071896,10.522876,.0065359478,3.6209149,2014,1.6130283,1.284147,1.2196391,.86506087,1.5092692,1.5312049,1.2318803,.85702246,1.6911764,1.7715687,1.2800926,.9685185
2460797,fc-schalke-04,33,1,borussia-monchengladbach,18,0,0,44.111111,0,19.666666,9.8954248,16.627451,5.1307192,7.3398695,2014,.98464334,.80203313,1.1356685,1.1635437,.92552429,.79483187,1.2818406,1.3718835,.73994708,.56759262,1.4166666,1.4333333
2460798,vfl-wolfsburg,82,3,tsg-1899-hoffenheim,533,0,24.444445,17.777779,11.777778,5.9444447,17.143791,11.882353,7.6143789,3.862745,2014,1.4058727,.92737329,1.6611426,1.1032044,1.5252995,1.0412853,1.8213323,1.3264991,1.1259259,1.0333333,2.1712964,1.5481482
2460799,1-fsv-mainz-05,39,0,hertha-bsc,44,2,0,0,0,0,8.4248362,8.1372547,3.5882354,2.6143792,2014,.99794447,.81764263,.83901727,.77771306,.95528501,.756724,.83501685,.72156686,1.1824074,.91666669,.71018517,.65555555
2460800,fc-augsburg,167,2,eintracht-frankfurt,24,2,22.388889,.72222221,8.5555553,.33333334,8,10.699347,3.2941177,3.4836602,2014,1.2295623,.73148632,1.1912082,.76160228,1.1973989,.8204245,1.1203814,.72988814,.94722223,.68240738,.90277779,.66666669
2460801,sv-werder-bremen,86,2,bayer-04-leverkusen,15,1,0,0,0,0,8.4379082,22.79085,2.4117646,11.928104,2014,1.1825308,.72327238,1.370797,.91263604,1.1964606,.70694447,1.5462362,1.0105599,1.3472222,.81944442,1.812963,1.1203704
2460802,sc-freiburg,60,0,borussia-dortmund,16,3,25.388889,87.166664,8.666667,53.388889,7.3333335,31.751635,2.4117646,19.653595,2014,.97340709,.71119249,1.540805,1.1913747,.83048278,.73603493,1.9247762,1.4726571,.90370369,.85185188,1.449074,1.1157408
2460803,vfb-stuttgart,79,0,fc-bayern-munchen,27,2,5.4444447,12.055555,1.5555556,9.833333,17.124184,11.614379,5.1699347,8.5751638,2014,1.1905022,.74432611,2.1700268,1.6397735,1.2127477,.81737137,2.1569014,1.59365,.78015876,.66203701,1.9189075,1.2480392
2460804,hamburger-sv,41,2,hannover-96,42,1,0,6.7777777,0,2.3888888,12.254902,11.882353,4.2549019,4.2091503,2014,1.2214909,.87894976,.96270216,.67343837,1.2152137,.90464151,.87315625,.68768346,1.224537,1.0796297,.79907405,.62037039
2460805,1-fc-koln,3,0,sc-paderborn-07,127,0,0,0,0,0,1.2026144,.013071896,.30065361,.0065359478,2014,1.0520793,.95147473,1.4713033,1.1174804,.94111353,.88125902,1.2896925,1.2812049,1.5277778,1.4018519,1.5637255,1.477451
2460806,fc-bayern-munchen,27,8,hamburger-sv,41,0,15.222222,0,12.777778,0,20.189543,10.522876,14.836601,3.6209149,2014,1.6843565,1.5712106,1.2196391,.86506087,1.6697321,1.4891434,1.2318803,.85702246,1.5827731,1.3362745,1.2800926,.9685185
2460807,borussia-dortmund,16,4,1-fsv-mainz-05,39,2,70,0,43.111111,0,22.274509,7.1764708,14.130719,3.1111112,2014,1.7241633,1.2306111,.87387973,.80701602,2.176511,1.5208682,.877886,.85437912,1.9087963,1.2903439,.91018516,.97222221
2460808,bayer-04-leverkusen,15,4,vfl-wolfsburg,82,5,0,24.444445,0,11.777778,18.758169,17.143791,10.006536,7.6143789,2014,1.3990735,.90337676,1.4058727,.92737329,1.5656806,.9982143,1.5252995,1.0412853,1.8157407,1.1018518,1.1259259,1.0333333
2460809,borussia-monchengladbach,18,1,1-fc-koln,3,0,55.277779,0,24.777779,0,26.888889,1.6928104,11.79085,.49673203,2014,1.0202001,.94559497,1.1585609,.87894386,1.175359,1.1496613,1.0322751,.80513465,1.3981482,1.2666667,1.5462962,1.3092593
2460810,tsg-1899-hoffenheim,533,2,vfb-stuttgart,79,1,16.611111,5.4444447,5.5,1.5555556,14.117647,14.418301,4.2679739,4.5098038,2014,1.5175371,.98884302,1.104854,.65437907,1.5992725,1.1910934,1.1027259,.68774176,2.1509259,1.6574074,.80238098,.69537038
2460811,hannover-96,42,1,sc-paderborn-07,127,2,6.7777777,0,2.3888888,0,11.882353,.013071896,4.2091503,.0065359478,2014,.96270216,.67343837,1.5793072,1.2462963,.87315625,.68768346,1.5954245,1.602898,.79907405,.62037039,1.6225491,1.5852941
2460812,hertha-bsc,44,0,sc-freiburg,60,2,0,26.222221,0,9.166667,9.2483664,8.6862745,2.9542484,2.9150326,2014,.87304455,.76021969,.87115914,.70870608,.83286738,.69410175,.83258718,.7613436,.86296296,.66944444,.74537039,.97685188
2460813,sv-werder-bremen,86,3,fc-augsburg,167,2,0,20.166666,0,7.6666665,9.0522881,5.9346404,2.4575164,2.3660131,2014,1.1246997,.78058487,1.2550251,.69444925,1.2172855,.83697093,1.1669756,.76857263,1.2638888,.97817463,.83611113,.59907407
2460814,eintracht-frankfurt,24,1,fc-schalke-04,33,0,.72222221,0,.33333334,0,11.751634,10.150327,3.8888888,5.2745099,2014,1.4338915,.79026389,1.0371125,.81314427,1.3975419,.77913523,.95414382,.79483187,1.0388889,.75555557,.7760582,.56759262
2460815,fc-schalke-04,33,1,sv-werder-bremen,86,1,0,0,0,0,7.5620914,10.183006,4.026144,2.8431373,2014,1.1651396,.9286837,1.1485423,.80373299,1.115255,.91806418,1.2649045,.85919315,.90939152,.73425925,1.3194444,1.0059524
2460816,vfl-wolfsburg,82,2,hertha-bsc,44,1,28.5,0,13.555555,0,18.424837,8.1045752,8.3660135,2.7058823,2014,1.3003172,.81842667,.89849639,.81264728,1.3555465,.89181435,.92678273,.74992186,.94999999,.78333336,1.0101852,.72500002
2460817,1-fsv-mainz-05,39,3,eintracht-frankfurt,24,1,0,.72222221,0,.33333334,10.934641,13.48366,4.5620914,4.5424838,2014,1.0575795,.87374479,1.344407,.72688007,1.0078464,.80477595,1.2530974,.71004689,1.2212963,1.0555556,.91666669,.66666669
2460818,fc-augsburg,167,2,bayer-04-leverkusen,15,2,21.833334,0,8.5555553,0,7.4052286,11.830066,2.986928,5.986928,2014,1.1528766,.65648627,1.3378379,.82933956,1.0839069,.69079483,1.486051,.87537479,.82222223,.48796296,1.8294117,1.0098039
2460819,sc-freiburg,60,1,tsg-1899-hoffenheim,533,1,32.888889,15.111111,11.277778,5.0555553,11.718954,13.542483,3.9477124,4.1895423,2014,.86745542,.65640652,1.4466681,.93367594,.79337561,.70768738,1.7040344,1.1474427,.89444447,.8425926,2.2481482,1.7037038
2460820,vfb-stuttgart,79,2,borussia-dortmund,16,3,5.4444447,87.166664,1.5555556,53.388889,11.163399,31.751635,3.3856208,19.653595,2014,1.0312428,.58061624,1.540805,1.1913747,1.0062752,.5969128,1.9247762,1.4726571,.76071429,.63981479,1.449074,1.1157408
2460821,hamburger-sv,41,1,borussia-monchengladbach,18,1,0,49.111111,0,22.166666,12.215686,20.967319,4.1045752,9.2026148,2014,1.3035951,.94238168,1.2819164,1.1199197,1.2892877,.92059082,1.4908149,1.3773509,1.3796296,1.1574074,1.7592592,1.562963
2460822,1-fc-koln,3,1,hannover-96,42,1,0,6.0555553,0,2.2222223,1.1633987,5.4967322,.28758171,1.9803921,2014,1.2048571,.96999323,.9990238,.759229,1.0938913,.89977753,.95680523,.84496874,1.5833334,1.4018519,.87314814,.77777779
2460823,sc-paderborn-07,127,0,fc-bayern-munchen,27,6,0,16.444445,0,13.555555,.0065359478,23.771242,0,17.725491,2014,1.4291646,1.1452862,1.6401765,1.6044297,1.4775794,1.5394059,1.6176639,1.5159893,1.3284314,1.4970589,1.465126,1.3166667
2460824,fc-bayern-munchen,27,4,1-fc-koln,3,1,16.444445,0,13.555555,0,23.967319,1.8104575,17.882353,.52941179,2014,1.6401765,1.6044297,1.0514179,.83727717,1.6176639,1.5159893,.93306881,.77338862,1.465126,1.3166667,1.324074,1.2166667
2460825,borussia-dortmund,16,3,fc-schalke-04,33,0,92.333336,0,56.5,0,33.901962,7.9019608,20.973856,4.3071895,2014,1.5390975,1.0174177,1.3169913,.8862924,1.8983212,1.2208654,1.3454137,.9039228,1.3620371,.8287037,.92605817,.57685184
2460826,bayer-04-leverkusen,15,1,sc-freiburg,60,0,0,24.777779,0,8.2777777,17.666666,9.1699343,9.7058821,2.8104575,2014,1.3026054,.78300643,.97856653,.7317152,1.4536436,.85006613,.91145319,.79498899,1.7203704,.93518519,.91296297,1.0092592
2460827,borussia-monchengladbach,18,2,sc-paderborn-07,127,0,41.333332,0,18.666666,0,13.777778,.0065359478,6.0784316,0,2014,1.2837683,1.1295351,1.6763983,1.1928171,1.4949815,1.3765793,1.4266975,1.4597763,1.7592592,1.562963,1.4722222,1.6361111
2460828,tsg-1899-hoffenheim,533,2,1-fsv-mainz-05,39,0,19.611111,0,6.6666665,0,16.019608,7.9607844,5.026144,3.4836602,2014,1.3707422,.91006488,.96722651,.84706235,1.5906085,1.1057761,.9759019,.9059664,2.175926,1.6481482,.96296299,1.0555556
2460829,hannover-96,42,1,vfb-stuttgart,79,1,7.9444447,4.9444447,3,1.3888888,14.326797,12.379085,5.2679739,3.5620916,2014,.96701843,.7648986,1.1079625,.62698793,.911035,.83032012,1.1420232,.71515876,.88240743,.81481481,.75277776,.72314817
2460830,hertha-bsc,44,1,fc-augsburg,167,0,0,20.117647,0,7.8235292,9.0653591,6.2647057,2.7973857,2.5735295,2014,.75689018,.54791814,.91300052,.58899456,.73842293,.50595838,.93305719,.68864912,.90462965,.625,.79705882,.55588233
2460831,sv-werder-bremen,86,3,vfl-wolfsburg,82,5,0,26.111111,0,12.388889,7.6797385,17.660131,2.0784314,8.026144,2014,1.1897159,.64135927,1.3003172,.81842667,1.3072326,.74623019,1.3555465,.89181435,1.2546296,.92261904,.94999999,.78333336
2460832,eintracht-frankfurt,24,2,hamburger-sv,41,1,1.3888888,0,.66666669,0,12.03268,9.7712421,4.0718956,3.3006537,2014,1.4012853,.76955682,1.2023605,.90904838,1.3017086,.70752162,1.1441379,.81565255,.99074072,.66666669,1.1712962,.99074072
2460833,fc-schalke-04,33,3,tsg-1899-hoffenheim,533,1,0,15.111111,0,5.0555553,12.620915,12.006536,6.6732025,3.9019608,2014,1.4214679,.93197143,1.4687815,.94925135,1.3806651,.92399853,1.6656445,1.158686,1.0779101,.69259262,2.1314814,1.5203704
2460834,1-fsv-mainz-05,39,2,borussia-monchengladbach,18,2,0,48.666668,0,21.888889,8.2549019,21.522877,3.6209149,9.5032682,2014,.96832418,.83186984,1.1223927,1.0306339,.96879512,.85185385,1.2704445,1.2631533,.9212963,.87037039,1.7037038,1.4888889
2460835,fc-augsburg,167,1,vfl-wolfsburg,82,0,21.166666,26.388889,8.1111107,12.555555,6.653595,16.045752,2.6470587,7.2287583,2014,1.2411672,.73981965,1.3049468,.78125352,1.1984571,.80785835,1.3624909,.85279322,.81481481,.56574076,.9685185,.74629629
2460836,hannover-96,42,1,fc-bayern-munchen,27,3,7.7777777,15.944445,2.7777777,13.111111,13.405229,23.052288,5.1045752,17.117647,2014,1.0379127,.73946571,1.5957321,1.4923085,.95472193,.77291274,1.6121924,1.4720078,.88703704,.78703701,1.5190476,1.2137254
2460837,sc-freiburg,60,0,sv-werder-bremen,86,1,29.555555,0,10.222222,0,9.4313726,11.300653,3.2287581,3.3529413,2014,.93254966,.68209195,.99960047,.6370663,.83658546,.75027996,1.1908305,.75919312,.92817461,.87037039,1.2546296,.83928573
2460838,vfb-stuttgart,79,0,hertha-bsc,44,0,3.9444444,0,1.1666666,0,9.3986931,5.7058825,2.8496733,1.9019607,2014,1.130951,.6655792,.86469442,.67500997,1.133534,.73690397,.83121902,.65001804,.7653439,.83425927,1.0638889,.75555557
2460839,hamburger-sv,41,0,borussia-dortmund,16,0,0,86,0,53.055557,10.653595,27.888889,3.4640522,17.712418,2014,1.4903132,.9758563,1.4688752,1.0688065,1.4036616,.95531303,1.8797009,1.3788019,1.5231482,1.0648148,1.4129629,1.087963
2460840,1-fc-koln,3,4,eintracht-frankfurt,24,2,0,.72222221,0,.33333334,.71241832,14.601307,.18300654,5,2014,1.2048571,.96999323,1.2888514,.75465786,1.0938913,.89977753,1.2068012,.72393578,1.5833334,1.4018519,.8611111,.6388889
2460841,sc-paderborn-07,127,0,bayer-04-leverkusen,15,3,0,0,0,0,.0065359478,17.860294,0,9.0735292,2014,1.7807002,1.2197109,1.273281,.83783752,1.5468916,1.5269721,1.38425,.88699812,1.4814814,1.6731482,1.7270833,1.1354166
2460842,borussia-dortmund,16,0,1-fc-koln,3,0,86,0,53.055557,0,26.973856,1.3202615,17.300653,.41176471,2014,1.6097093,1.2110023,1.1977143,.9638204,2.1135225,1.5464606,1.0629389,.87497598,1.824074,1.2546296,1.5462962,1.3462963
2460843,bayer-04-leverkusen,15,4,vfb-stuttgart,79,0,0,4.1111112,0,1.2222222,15.019608,8.9411764,7.6928105,2.7516339,2014,1.3078672,.85875136,1.1452484,.66371179,1.461051,.93093032,1.1500938,.73629349,1.8019608,1.1274509,.7792328,.82037038
2460844,vfl-wolfsburg,82,3,sc-freiburg,60,0,28,30.055555,13.333333,10.277778,17.705883,8.9477119,8.2418299,3.0522876,2014,1.3420701,.87927324,.71490616,.55640006,1.3515782,.92792547,.65690839,.61719918,1.1444445,.89444447,.53333336,.49074075
2460845,borussia-monchengladbach,18,2,hannover-96,42,0,49.722221,7.2222223,22.222221,2.6666667,21.019608,11.960784,8.973856,4.5947714,2014,1.2515879,1.1944375,1.0476052,.76830173,1.4054517,1.4006534,1.0749023,.81211025,1.7592592,1.6277778,1.0259259,.7037037
2460846,fc-augsburg,167,0,1-fsv-mainz-05,39,2,21.166666,0,8.1111107,0,6.653595,9.6209154,2.6470587,4.2287583,2014,1.3086275,.75370854,1.061407,.82046455,1.2632719,.82174724,.9961099,.81253207,.84074074,.57685184,1.187963,.92592591
2460847,tsg-1899-hoffenheim,533,3,hamburger-sv,41,0,17.611111,0,5.8333335,0,13.45098,10.555555,4.1699347,3.5228758,2014,1.5242903,1.1030763,1.3926105,.93741935,1.6242424,1.3120149,1.4093605,.84640652,1.8564814,1.612963,1.3207672,1.0574074
2460848,hertha-bsc,44,2,fc-schalke-04,33,2,0,0,0,0,7.6993465,12.712419,2.3856208,6.653595,2014,.86949182,.72270286,1.3250173,.82363808,.85683227,.68912339,1.3372307,.83510965,1.087963,.83888888,.89735448,.52592593
2460849,sv-werder-bremen,86,0,fc-bayern-munchen,27,4,0,15.222222,0,12.944445,10.712419,17.816994,3.2418301,13.379085,2014,1.0646799,.73963046,1.7280073,1.3638376,1.1260157,.75734127,1.7317692,1.2766553,1.1805556,.78373015,1.6032213,1.05
2460850,eintracht-frankfurt,24,4,sc-paderborn-07,127,0,1.3888888,0,.66666669,0,10.986928,.013071896,3.9019608,.0065359478,2014,1.3450174,.75768816,1.5804152,1.2049804,1.2496252,.71022725,1.4857243,1.4793531,.89814812,.6111111,1.6911764,1.7715687
2460851,fc-bayern-munchen,27,0,borussia-monchengladbach,18,2,16.611111,46.611111,13.944445,21,22.333334,19.764706,16.640522,8.6078434,2014,1.287002,1.2686976,1.1070948,1.0292845,1.2650183,1.2003266,1.2934146,1.2617645,1.2463585,1.1911764,1.7314814,1.5166667
2460852,fc-schalke-04,33,0,bayer-04-leverkusen,15,1,0,0,0,0,15.039216,22.79085,8.2483664,11.928104,2014,1.3517263,1.0101168,1.370797,.91263604,1.2681611,.97732347,1.5462362,1.0105599,.78624338,.53981483,1.812963,1.1203704
2460853,1-fsv-mainz-05,39,1,vfl-wolfsburg,82,1,0,24.444445,0,11.388889,12.908497,15.993464,5.4705882,7.3986926,2014,.9078719,.74219197,1.4244114,.9004373,.83853418,.69763309,1.4468163,.96125883,1.1546296,.97222221,1.2555555,.97777778
2460854,hannover-96,42,2,borussia-dortmund,16,3,8.5,76.444443,3.1111112,47.444443,14.640523,21.48366,5.6797385,13.568627,2014,1.0394026,.7901271,1.6990235,1.2202616,.99083948,.85686338,2.2140517,1.5486251,.92870373,.8425926,1.9398148,1.287037
2460855,sc-freiburg,60,2,fc-augsburg,167,0,29.444445,20.722221,10.222222,7.8888888,10.104575,6.8562093,3.3267975,2.7254901,2014,.90162063,.68880749,1.2206832,.67847705,.75188595,.71997696,1.1540601,.72578764,.74166667,.56481481,.64814812,.49351853
2460856,vfb-stuttgart,79,3,eintracht-frankfurt,24,1,3.9444444,4.4444447,1.1111112,1.6111112,12.137255,10.836601,3.9019608,3.8496733,2014,1.4133974,.91781229,1.3208872,.73114496,1.4697486,1.047581,1.239903,.71657646,1.0014551,1.0009259,.89814812,.6111111
2460857,hamburger-sv,41,0,hertha-bsc,44,1,0,0,0,0,5.9281044,8.679739,1.9411764,2.7843137,2014,1.3182945,1.0194198,.84566462,.73631942,1.1601602,.92339063,.81931424,.6946789,1.510582,1.0203704,1.0601852,.83888888
2460858,1-fc-koln,3,1,sv-werder-bremen,86,1,0,0,0,0,.71241832,11.973856,.18300654,3.5686274,2014,1.2048571,.96999323,1.0430348,.7543503,1.0938913,.89977753,1.1801467,.78974867,1.5833334,1.4018519,1.3472222,.95833331
2460859,sc-paderborn-07,127,0,tsg-1899-hoffenheim,533,0,0,18.722221,0,6.1666665,.013071896,13.529411,.0065359478,4.2810459,2014,1.4206824,1.0625561,1.4383348,.83737969,1.2679113,1.2359668,1.6994047,1.1080909,1.4583334,1.275,2.4148147,1.7592592
2460860,borussia-dortmund,16,0,fc-bayern-munchen,27,1,83.777779,15.555555,51.666668,13.111111,27.568628,16.986929,17.607843,12.816994,2014,1.5638365,1.1954041,1.3265523,1.1897991,1.7627696,1.4615179,1.3136475,1.1369956,1.55,1.2453704,1.1882275,.94351852
2460861,bayer-04-leverkusen,15,4,hamburger-sv,41,0,0,0,0,0,19.705883,10.496732,10.294118,3.4313726,2014,1.3462356,.8526687,1.1184537,.85704601,1.5127345,.9352513,.98557299,.74414766,1.787037,.99074072,1.2675265,.86851853
2460862,vfl-wolfsburg,82,3,vfb-stuttgart,79,1,28.055555,4.3333335,13.333333,1.2222222,18.254902,13.300653,8.3137255,4.1764708,2014,1.3387632,.84441489,1.2810445,.71928293,1.3436416,.88255513,1.288837,.77835017,1.1259259,.9222222,.84867728,.7509259
2460863,fc-augsburg,167,0,fc-schalke-04,33,0,19.777779,0,7.5555553,0,6.0588236,17.973856,2.4705882,9.4248362,2014,.95986784,.58752263,1.2759134,.93181115,.94031096,.66818786,1.2743098,.94421458,.65277779,.58611113,.96957672,.55370373
2460864,tsg-1899-hoffenheim,533,1,borussia-monchengladbach,18,4,18.277779,44.388889,6.1111112,19.611111,14.411765,16.699347,4.3333335,7.1764708,2014,1.5316229,.96782333,1.111452,1.0292845,1.7742424,1.2010142,1.2586924,1.2687089,2.1944444,1.6037037,1.6944444,1.5166667
2460865,hertha-bsc,44,2,sc-paderborn-07,127,0,0,0,0,0,7.3660131,.0065359478,2.3856208,0,2014,.80550128,.67043793,1.4635574,1.2476211,.79318482,.64114356,1.4729056,1.515861,.94351852,.68611109,1.0787038,1.3398148
2460866,sv-werder-bremen,86,0,1-fsv-mainz-05,39,0,0,0,0,0,8.5490198,9.4509802,2.4444444,4.1111112,2014,1.2113017,.80860311,1.0548645,.83677137,1.3231056,.85734129,1.002423,.80116844,1.2638888,1.0337301,1.2768519,1.0833334
2460867,eintracht-frankfurt,24,2,hannover-96,42,2,4.4444447,8.6111107,1.6111112,3.2222223,9.9934645,17.967319,3.5686274,7.026144,2014,1.3119745,.73157227,.95878482,.82349652,1.2162919,.68383837,.9087407,.87229544,.8425926,.57407409,.73425925,.67592591
2460868,sc-freiburg,60,1,1-fc-koln,3,0,26.444445,0,9.1111107,0,8.1830063,1.3529412,2.6274509,.42483661,2014,.99681979,.74441332,1.1613081,.86968458,.85255069,.76879847,1.0322751,.78926164,1.075,.92592591,1.5277778,1.2537037
2460869,fc-bayern-munchen,27,3,eintracht-frankfurt,24,0,11.933333,4.4444447,10.133333,1.6111112,12.419047,6.647059,9.1333332,2.3856208,2014,1.139323,1.1446012,1.1028738,.65766007,1.129768,1.068375,.95385802,.62729079,1.1443877,1.0547619,.67592591,.56481481
2460870,fc-schalke-04,33,0,sc-freiburg,60,0,0,30.666666,0,10.5,20.555555,9.6078434,10.862745,3.2222223,2014,1.2880054,.9513827,1.0417545,.75711173,1.2898822,.99752545,.89113092,.79102069,1.0612434,.73425925,1.1166667,.92592591
2460871,borussia-monchengladbach,18,3,borussia-dortmund,16,1,43,83.277779,18.944445,51.388889,15.228758,29.006536,6.5882354,18.48366,2014,1.2242466,1.2313046,1.543173,.9409287,1.351285,1.4591851,1.9390262,1.1955636,1.6666666,1.6555556,1.5606482,.85052907
2460872,1-fsv-mainz-05,39,2,bayer-04-leverkusen,15,3,0,0,0,0,11.69281,22.228758,5.0915031,11.555555,2014,.99577397,.82083476,1.3525101,.90509635,.92989218,.784141,1.5184584,1.0105599,1.2305555,1.0925926,1.787037,1.1018518
2460873,hannover-96,42,1,hertha-bsc,44,1,8.4444447,0,3.0555556,0,14.45098,8.3071899,5.5424838,2.6078432,2014,1.0855355,.8688308,.78566003,.65334392,1.038679,.94451767,.7773118,.60939753,.91481483,.83333331,.91574073,.60277778
2460874,vfb-stuttgart,79,3,sv-werder-bremen,86,2,4.5,0,1.2777778,0,14.45098,8.2352943,4.5555553,2.3464053,2014,1.2939529,.71295118,1.1548381,.78170717,1.3044047,.77443284,1.2362449,.83379632,.8570106,.72314817,1.2361112,.95039684
2460875,hamburger-sv,41,0,vfl-wolfsburg,82,2,0,28.666666,0,13.5,6.3006535,18.954248,2.0261438,8.5228758,2014,1.1827154,.90797198,1.4082077,.88853252,1.0757847,.87818646,1.4092983,.93600625,1.286045,1.0074074,1.1814815,.9222222
2460876,1-fc-koln,3,3,tsg-1899-hoffenheim,533,2,0,19.055555,0,6.3333335,1.2941177,14.163399,.37908497,4.4705882,2014,1.7000508,.90147305,1.5381248,.9903779,1.5805556,.82497597,1.7926286,1.2323192,1.9166666,1.1981481,2.2453704,1.7425926
2460877,sc-paderborn-07,127,2,fc-augsburg,167,1,0,21,0,8.2222223,.013071896,7.6928105,.0065359478,3.1895425,2014,1.684896,1.2993267,1.0679264,.65162522,1.784137,1.6505171,.98528451,.7158069,1.6157408,1.562037,.63425928,.58611113
2460878,borussia-dortmund,16,3,sc-paderborn-07,127,0,59.5,0,37.222221,0,15.261438,.0065359478,10.045752,0,2014,1.8122771,1.1136321,1.3451654,1.0575757,2.3324125,1.4682187,1.5297178,1.4944324,2.1439815,1.3783069,1.0046296,1.3953704
2460879,bayer-04-leverkusen,15,4,hannover-96,42,0,0,8.7222223,0,3.3333333,18.61438,18.215687,9.6862745,7.3071895,2014,1.3570179,.87846237,1.0970949,.88103616,1.5295695,.96055996,1.0407834,.93711025,1.7685186,.99074072,.92870373,.87037039
2460880,vfl-wolfsburg,82,1,fc-schalke-04,33,1,29.388889,0,13.833333,0,20.274509,14.581699,9.2287579,7.7058825,2014,1.3632342,.86952668,1.4381148,.98344809,1.4084566,.93600625,1.428862,1.0173486,1.2333333,.97777778,.96031743,.7037037
2460881,fc-augsburg,167,2,vfb-stuttgart,79,1,25.055555,4.1111112,9.666667,1.2222222,10.836601,10.96732,4.3660131,3.3790851,2014,1.1117381,.5998624,1.2073517,.80276603,.99400729,.62195164,1.2926202,.9472723,.72777778,.50277776,.88478833,.97314817
2460882,tsg-1899-hoffenheim,533,0,fc-bayern-munchen,27,2,18.833334,13.235294,6.1666665,11.176471,16.196079,11.058824,5.006536,8.5,2014,1.5170929,.99240613,1.9464614,1.486627,1.7518879,1.2102734,1.9434928,1.44175,2.1805556,1.6592592,1.6388392,1.0354167
2460883,hertha-bsc,44,0,1-fc-koln,3,0,0,0,0,0,8.4052286,1.0849674,2.7320261,.27450982,2014,.85417175,.70284534,1.1501256,.85390174,.90213144,.71329367,.99111354,.75162941,.98518521,.71388888,1.287037,.95740741
2460884,sv-werder-bremen,86,1,hamburger-sv,41,0,0,2.7777777,0,1,11.019608,9.8235292,3.2614379,3.3398693,2014,1.0759871,.68476552,1.3466495,.87219757,1.0157728,.64953703,1.2830377,.80451941,1.0601852,.81018519,1.2976191,.96481484
2460885,eintracht-frankfurt,24,0,borussia-monchengladbach,18,0,4.4444447,50.5,1.6111112,22.444445,7.5686274,22.522877,2.6143792,9.640523,2014,.94967514,.6939255,1.111452,1.0292845,.81717372,.67490983,1.2586924,1.2687089,.69907409,.58333331,1.6944444,1.5166667
2460886,sc-freiburg,60,2,1-fsv-mainz-05,39,3,29.555555,0,10.111111,0,9.4640522,8.8692808,3.0261438,3.9607842,2014,.97231001,.716371,.81268895,.70261306,.81705683,.7231195,.81941235,.72194767,1.0472223,.87037039,1.0638889,1.0092592
2460887,fc-bayern-munchen,27,1,hertha-bsc,44,0,14.444445,0,12.333333,0,14.346405,7.2614379,11.20915,2.4379084,2014,1.9679103,1.5032275,.85417175,.70284534,1.946103,1.479313,.90213144,.71329367,1.5493386,1.0268519,.98518521,.71388888
2460888,borussia-dortmund,16,2,eintracht-frankfurt,24,0,64.277779,4.4444447,39.888889,1.6111112,14.823529,4.9281044,9.9477119,1.7124183,2014,1.8180078,1.2032472,1.2043241,.57455462,2.3099563,1.5687478,1.0378528,.49766114,1.886574,1.3042328,.77407408,.43981481
2460889,borussia-monchengladbach,18,1,vfl-wolfsburg,82,0,44.666668,28.055555,19.777779,12.944445,17.751635,19.732027,7.5751634,8.8039217,2014,1.2457112,1.2403955,1.4214351,.89316213,1.3860072,1.4700978,1.4230068,.92157626,1.7222222,1.6555556,1.2370371,.95925927
2460890,1-fsv-mainz-05,39,2,fc-schalke-04,33,0,0,0,0,0,13.039216,19.228758,5.5359478,10.294118,2014,1.0131351,.81967735,1.4138578,1.0033419,.94964528,.7809664,1.3964479,1.04298,1.2212963,1.0555556,1.0695767,.74814814
2460891,hannover-96,42,1,tsg-1899-hoffenheim,533,2,1.4444444,16.833334,.44444445,5.5555553,15.366014,9.5751638,6.1568627,3.0457516,2014,1.1608328,.87217379,1.3343489,.86124331,1.1519856,.92197496,1.4540043,.92588186,.91018516,.73148149,1.9648148,1.3814815
2460892,vfb-stuttgart,79,2,sc-freiburg,60,2,4.8888888,27.333334,1.3888888,9.5,12.679739,7.7973857,3.9607842,2.7189543,2014,1.4743034,.91341585,1.0397704,.7596758,1.5325482,1.0355439,.88125437,.77867502,1.0162698,.99537039,1.1027777,.91203701
2460893,hamburger-sv,41,3,fc-augsburg,167,2,2.7777777,25.055555,1,9.666667,13.183006,10.836601,4.4836602,4.3660131,2014,1.4435315,.94767272,1.1117381,.5998624,1.3694464,.85037476,.99400729,.62195164,1.4537038,.9537037,.72777778,.50277776
2460894,1-fc-koln,3,1,bayer-04-leverkusen,15,1,0,0,0,0,1.8104575,16.189543,.52941179,8.7516336,2014,1.0972934,.82864922,1.2968184,.7782445,.97629869,.73079604,1.4536436,.8556217,1.4907408,1.0685185,1.6944444,.91666669
2460895,sc-paderborn-07,127,2,sv-werder-bremen,86,2,0,0,0,0,.013071896,11.745098,.0065359478,3.3333333,2014,1.4950408,1.1907828,1.1436638,.71899676,1.6287799,1.6071309,1.0845374,.71203703,1.2638888,1.4509259,1.087963,.83002645
2460896,fc-schalke-04,33,3,vfb-stuttgart,79,2,0,4.8888888,0,1.3888888,16.189543,14.437908,8.6078434,4.5294118,2014,1.3978812,.99223077,1.3207539,.71636999,1.4180528,1.063182,1.3317857,.77443284,1.0806879,.75925928,.78849208,.69537038
2460897,bayer-04-leverkusen,15,2,fc-bayern-munchen,27,0,0,11.277778,0,9.7222223,10.542483,8.5228758,5.4705882,6.6078429,2014,1.2799532,.73745501,1.6286876,1.2134686,1.4008658,.77599204,1.5751554,1.1677796,1.7627451,.93137252,1.5345238,1.0685185
2460898,vfl-wolfsburg,82,2,hannover-96,42,2,24.611111,1.4444444,11.5,.44444445,14.065359,14.189543,6.4248366,5.5032678,2014,1.4119114,.87784874,1.0999068,.7778616,1.4053701,.89776677,1.1105926,.82985717,1.2222222,.94074076,.85925925,.67592591
2460899,1-fsv-mainz-05,39,1,hamburger-sv,41,2,0,2.7777777,0,1,13.104575,12.666667,5.5620914,4.2418299,2014,1.0089319,.81702209,1.3723195,.92428088,.95065534,.77541083,1.2872705,.81069225,1.2305555,1.0092592,1.3346561,.96481484
2460900,fc-augsburg,167,0,1-fc-koln,3,0,25.055555,0,9.666667,0,10.836601,.99346405,4.3660131,.30718955,2014,1.1117381,.5998624,1.09942,.85538721,.99400729,.62195164,1.0199494,.77576959,.72777778,.50277776,1.4907408,1.1240741
2460901,tsg-1899-hoffenheim,533,1,borussia-dortmund,16,1,15.833333,71.555557,5.2777777,44.833332,10.993464,20.084967,3.4705882,13.30719,2014,1.5447074,.97286248,1.3937968,.92125571,1.7790705,1.2003528,1.7576771,1.2459965,2.2037036,1.5759259,1.1893518,.87367725
2460902,hertha-bsc,44,1,borussia-monchengladbach,18,2,0,47.5,0,21.277779,9,19.496733,2.6862745,8.4967318,2014,.9035545,.73205286,1.2881255,1.1295351,.96425265,.74662697,1.4602593,1.3835237,1.1240741,.7972222,1.7222222,1.562963
2460903,sv-werder-bremen,86,1,eintracht-frankfurt,24,0,0,8.4444447,0,4.1111112,9.1503267,8.4967318,2.7908497,2.6470587,2014,1.1373227,.78970379,1.1121917,.56667084,1.2780118,.86891532,.91254407,.48641774,1.2175926,1.0059524,.54259259,.30092594
2460904,sc-freiburg,60,1,sc-paderborn-07,127,2,26.444445,0,9.1111107,0,6.8627453,.013071896,2.1503267,.0065359478,2014,.99681979,.74441332,1.4663972,1.1594777,.85255069,.76879847,1.5831449,1.558189,1.075,.92592591,1.3657408,1.7287037
2460905,fc-bayern-munchen,27,0,fc-augsburg,167,1,14.388889,25.055555,12.111111,9.666667,17.091503,10.836601,13.111111,4.3660131,2014,1.3545825,1.1293415,1.1117381,.5998624,1.326875,1.054023,.99400729,.62195164,1.1789683,.88796294,.72777778,.50277776
2460906,borussia-dortmund,16,2,hertha-bsc,44,0,80.055557,0,50.055557,0,26.150328,8.4052286,17.09804,2.7320261,2014,1.3230366,.82230872,.85417175,.70284534,1.6670177,1.1281513,.90213144,.71329367,1.1671296,.84589946,.98518521,.71388888
2460907,borussia-monchengladbach,18,3,bayer-04-leverkusen,15,0,39.5,0,17.555555,0,13.941176,14.137255,6.1307192,7.4313726,2014,1.2881255,1.1295351,1.2354758,.68144965,1.4602593,1.3835237,1.432179,.81534392,1.7222222,1.562963,1.7529411,.85294116
2460908,hannover-96,42,1,sv-werder-bremen,86,1,1.4444444,0,.44444445,0,17.967319,6.6732025,7.026144,1.9738562,2014,1.1637957,.87905204,1.139406,.78170717,1.1642963,.93479544,1.2556453,.85363758,.92870373,.73148149,1.1898148,1.0059524
2460909,eintracht-frankfurt,24,3,tsg-1899-hoffenheim,533,1,3.7777777,17.166666,1.2777778,5.6111112,7.4248366,13.248366,2.2679739,4.1176472,2014,1.177241,.70873433,1.3865374,.94161248,1.1169423,.70184582,1.6546657,1.1483686,.77870369,.65277779,2.0416667,1.5111111
2460910,vfb-stuttgart,79,2,1-fsv-mainz-05,39,0,3.8888888,0,1.1666666,0,9.8627453,10.424836,2.8954248,4.5424838,2014,1.3081411,.67863852,.97825259,.74874479,1.2875153,.74412978,.92901033,.67104578,.69629627,.66759259,1.1842593,.94444442
2460911,hamburger-sv,41,1,sc-freiburg,60,1,2.9444444,25.277779,1.0555556,8.5,12.281046,7.647059,4.1895423,2.3071895,2014,1.3538009,.91019773,1.0739213,.6829254,1.2780994,.92745894,.90149248,.70239639,1.1471561,1.0537037,1.0994709,.8425926
2460912,1-fc-koln,3,2,fc-schalke-04,33,0,0,0,0,0,1.1633987,16.130718,.28758171,8.5686274,2014,1.1261535,.94144386,1.1462653,.92463821,1.0429654,.87199974,1.0353367,.92075777,1.5555556,1.2629629,.87513226,.71111113
2460913,sc-paderborn-07,127,1,vfl-wolfsburg,82,3,0,25.111111,0,11.888889,.013071896,17.30719,.0065359478,7.973856,2014,1.5226243,1.258684,1.3695747,.87351388,1.6578804,1.7089827,1.4438101,.98616058,1.3194444,1.6175926,1.3722222,1.2277777
2460914,fc-schalke-04,33,1,sc-paderborn-07,127,0,0,0,0,0,16.013071,.013071896,8.1176472,.0065359478,2014,1.3038225,.92764747,1.52063,1.258684,1.3084849,.97934365,1.6684624,1.7089827,.96402115,.69259262,1.337963,1.6175926
2460915,bayer-04-leverkusen,15,2,tsg-1899-hoffenheim,533,0,0,17,0,5.5,15.366014,12.849673,7.7647057,4.1111112,2014,1.310182,.86708468,1.3865542,.95135272,1.4517918,.93648589,1.4828042,1.0954585,1.8137255,1.1274509,1.6046296,1.2314814
2460916,vfl-wolfsburg,82,2,borussia-dortmund,16,1,18.722221,71.529411,8.666667,44.529411,12.359477,21.272058,5.5947714,13.852942,2014,1.5081415,1.0081935,1.6434425,1.0693727,1.5989728,1.1227247,2.0916882,1.4298073,1.4870371,1.4129629,1.5328431,1.1603642
2460917,1-fsv-mainz-05,39,2,1-fc-koln,3,0,0,0,0,0,10.424836,.83660132,4.5424838,.22875817,2014,.97825259,.74874479,1.018525,.87848091,.92901033,.67104578,1.0318543,.84695768,1.1842593,.94444442,1.324074,1.1796297
2460918,fc-augsburg,167,1,hannover-96,42,2,23.444445,1.4444444,8.8888893,.44444445,9.8692808,13.196078,3.8888888,5.1045752,2014,1.141059,.60556036,1.1691879,.87442243,1.0204481,.66593313,1.1689259,.92985719,.73055553,.50277776,.91481483,.69444442
2460919,hertha-bsc,44,0,eintracht-frankfurt,24,0,0,4.4444447,0,1.6111112,8.3921566,6.3790851,2.7320261,2.0718954,2014,.89299566,.75654906,1.2259798,.67287576,.94001025,.77288961,1.1697972,.67226434,1.0407407,.7972222,.8435185,.625
2460920,sv-werder-bremen,86,0,borussia-monchengladbach,18,2,0,44.388889,0,19.611111,6.6732025,16.699347,1.8823529,7.1764708,2014,1.1403141,.79162782,1.111452,1.0292845,1.262259,.84808201,1.2586924,1.2687089,1.2361112,.95039684,1.6944444,1.5166667
2460921,sc-freiburg,60,2,fc-bayern-munchen,27,1,26.166666,14.111111,8.833333,12.055555,7.647059,14.261438,2.3071895,10.96732,2014,1.0371248,.74353147,1.3571078,1.199603,.88760358,.7672112,1.329317,1.138679,1.0796297,.87037039,1.1657407,.92500001
2460922,vfb-stuttgart,79,2,hamburger-sv,41,1,4,2.7777777,1.2222222,1,9.6143789,17.196079,2.862745,5.640523,2014,1.3081411,.67863852,1.2686157,.84075332,1.2875153,.74412978,1.1915915,.77490163,.69629627,.66759259,1.0916005,.88703704
2460923,fc-bayern-munchen,27,2,1-fsv-mainz-05,39,0,15.666667,0,13.111111,0,18.189543,8.5514708,13.686275,3.5514705,2014,1.3511554,1.1640637,1.1416405,.91105562,1.311002,1.0818008,1.0979629,.86198962,1.1641535,.88796294,1.3578432,1.0647058
2460924,borussia-dortmund,16,3,sv-werder-bremen,86,2,83.5,0,52.055557,0,28.660131,6.7973857,18.718954,1.8496732,2014,1.526575,1.0547161,1.130634,.88388371,1.9571886,1.3989847,1.2779998,1.0226852,1.4532408,1.1236773,1.0972222,1.1448413
2460925,borussia-monchengladbach,18,1,fc-augsburg,167,3,42.333332,20.166666,18.777779,7.5555553,16.718954,7.1241832,7.1633987,2.7647059,2014,1.1361494,1.0451314,1.3226211,.56423485,1.2727593,1.2770423,1.1925712,.62889612,1.675926,1.4611111,.76944447,.51666665
2460926,tsg-1899-hoffenheim,533,2,hertha-bsc,44,1,20.666666,0,6.7222223,0,15.392157,8.3071899,4.6928105,2.6993463,2014,1.5735201,1.0566919,.86742246,.76753807,1.7546296,1.2700617,.92678273,.77388167,2.2018518,1.675926,.99629629,.7972222
2460927,hannover-96,42,2,sc-freiburg,60,1,1.4444444,26.166666,.44444445,8.833333,15.366014,7.647059,6.1568627,2.3071895,2014,1.1526846,.86423725,1.0371248,.74353147,1.1469351,.92197496,.88760358,.7672112,.91018516,.73148149,1.0796297,.87037039
2460928,eintracht-frankfurt,24,2,bayer-04-leverkusen,15,1,8.4444447,0,4.1111112,0,8.5751638,19.163399,2.7777777,9.6143789,2014,1.2063217,.6634962,1.341995,.85417044,1.1401676,.65639132,1.5025493,.96735007,.69537038,.5138889,1.8754902,1.1274509
2460929,hamburger-sv,41,2,fc-schalke-04,33,0,1.8888888,0,.72222221,0,8.960784,16.477123,2.9803922,8.6993465,2014,1.2209306,.7705152,1.370428,1.00902,1.1491673,.71934611,1.3449708,1.0115407,1.0916005,.83148146,1.0010582,.7037037
2460930,1-fc-koln,3,2,vfl-wolfsburg,82,2,0,22.888889,0,11.111111,1.1960784,10.764706,.37254903,5.2614379,2014,1.1438918,.87564701,1.3733201,.90560806,1.1085738,.90672201,1.3931046,.97190696,1.5,1.1518519,1.1166667,.89444447
2460931,sc-paderborn-07,127,1,vfb-stuttgart,79,2,0,4,0,1.2222222,.013071896,9.6143789,.0065359478,2.862745,2014,1.4900112,1.1795174,1.3081411,.67863852,1.6343354,1.6571308,1.2875153,.74412978,1.3194444,1.6175926,.69629627,.66759259
2581147,fc-bayern-munchen,27,5,hamburger-sv,41,0,29.222221,7.7777777,22.888889,3.6111112,17.48366,6.1503267,13.202615,1.8366013,2015,1.4655256,1.2123547,.87503004,.52679628,1.5543282,1.2638681,.8958528,.4968715,1.6592592,1.1101851,.77354497,.38148147
2581148,borussia-dortmund,16,4,borussia-monchengladbach,18,0,0,34.055557,0,17,20.503267,11.993464,11.379085,6.3137255,2015,1.4693718,1.3014166,1.0398582,1.0762975,1.3442807,1.2583107,1.1842678,1.1136175,.92804235,.79589945,1.1583333,.88518518
2581149,sv-werder-bremen,86,0,fc-schalke-04,33,3,10.777778,0,4.8888888,0,8.4379082,17.091503,3.0653596,7.980392,2015,1.388905,.8739441,1.3092252,.83924538,1.35203,.86186069,1.0907197,.80543852,1.4620811,1.2986112,1.0121694,.52777779
2581150,bayer-04-leverkusen,15,2,tsg-1899-hoffenheim,533,1,17.5,22.777779,8.666667,7.5555553,16.274509,10.183006,8.1830063,3.3333333,2015,1.2402686,.83124173,1.4338659,1.1114371,1.3489913,.90540123,1.3893951,1.1908782,1.1444445,.70833331,1.824074,1.8
2581151,vfl-wolfsburg,82,2,eintracht-frankfurt,24,1,45.888889,21.055555,24.611111,6.5555553,30.856209,12.150327,16.392157,3.9542484,2015,1.5941223,1.1994051,1.0876194,.76818699,1.5741947,1.3245671,1.009598,.79713064,1.6685185,1.5925926,.84444445,.8611111
2581152,vfb-stuttgart,79,1,1-fc-koln,3,3,0,12.722222,0,3.6111112,13.673203,5.8496733,4.1045752,1.7385621,2015,1.2006149,.69666821,1.2864593,.84883893,1.0864999,.66128945,1.4034059,.97150671,1.3518518,.94444442,.75,.625
2581153,sv-darmstadt-98,105,2,hannover-96,42,2,0,2.8888888,0,1.1111112,.58823532,17.424837,.15686275,5.3921571,2015,.97163093,.80589628,.7885952,.47631705,.8744629,.87244266,.91836679,.52207392,1.0092592,.99074072,.80370373,.41203704
2581154,1-fsv-mainz-05,39,0,fc-ingolstadt-04,4795,1,7,0,2.6666667,0,11.215686,.084967323,3.856209,.013071896,2015,1.0746559,.85046458,1.1655018,.89660728,.94339472,.76426768,1.3243827,1.0535053,1.1703703,.80555558,2.0324075,1.5555556
2581155,fc-augsburg,167,0,hertha-bsc,44,1,52.388889,10.055555,21.666666,2.7222223,30.065359,16,12.882353,4.3725491,2015,1.1740333,.8265506,.92052054,.80846763,1.0373076,.81197089,1.0462261,.95215648,1.3685185,.91666669,.77777779,.5925926
2581174,fc-schalke-04,33,1,sv-darmstadt-98,105,1,0,0,0,0,18.627451,.627451,9,.16993465,2015,1.4172726,.90591204,.96964681,.81515551,1.1715277,.83321631,.88063574,.89559084,1.0121694,.52777779,1.0277778,1.0092592
2581175,borussia-monchengladbach,18,1,1-fsv-mainz-05,39,2,37.333332,6.3888888,18.388889,2.4444444,14.065359,10.137255,7.2026143,3.5424836,2015,1.1706452,1.041721,1.0746559,.85046458,1.267601,1.0977446,.94339472,.76426768,1.3064815,.86666667,1.1703703,.80555558
2581176,hamburger-sv,41,3,vfb-stuttgart,79,2,7.7777777,0,3.6111112,0,6.1503267,13.673203,1.8366013,4.1045752,2015,.87503004,.52679628,1.2006149,.69666821,.8958528,.4968715,1.0864999,.66128945,.77354497,.38148147,1.3518518,.94444442
2581177,eintracht-frankfurt,24,1,fc-augsburg,167,1,17.666666,48.5,5.3888888,20.166666,9.6078434,26.071896,3.1764705,11.156863,2015,1.0289074,.68593591,1.0767447,.76482219,.97487575,.71908832,.93413299,.75641537,.84444445,.69444442,.81296295,.69444442
2581178,1-fc-koln,3,1,vfl-wolfsburg,82,1,13.888889,47.5,4.0555553,25.444445,6.5686274,32.503269,1.9607843,17.20915,2015,1.2148975,.76748973,1.6152864,1.2090369,1.263468,.8439815,1.6158613,1.338456,.69444442,.5324074,1.7185185,1.5925926
2581179,hannover-96,42,0,bayer-04-leverkusen,15,1,2.8888888,16.055555,1.1111112,8,17.137255,14.169934,5.3333335,7.2091503,2015,.7885952,.47631705,1.0665685,.73690772,.91836679,.52207392,1.112339,.81813973,.80370373,.41203704,.89444447,.56944442
2581180,hertha-bsc,44,1,sv-werder-bremen,86,1,8.2777777,12.111111,2.2222223,5.5,10.156863,9.7908497,2.640523,3.509804,2015,.77717739,.73448473,1.1694605,.7156108,.77953911,.79047555,1.1367524,.70213842,.56018519,.50925928,.96208113,.96527779
2581181,tsg-1899-hoffenheim,533,1,fc-bayern-munchen,27,2,22.777779,35.722221,7.5555553,28.277779,10.183006,27.039215,3.3333333,20.555555,2015,1.4338659,1.1114371,1.4004055,1.2026831,1.3893951,1.1908782,1.4796842,1.2244229,1.824074,1.8,1.6148148,1.0907408
2581182,fc-ingolstadt-04,4795,0,borussia-dortmund,16,4,0,0,0,0,.052287582,19.111111,.013071896,10.503268,2015,1.1429132,.89576548,1.5497519,1.2830442,1.2950617,1.0562831,1.4443164,1.2443136,2.0231481,1.5555556,.97433865,.81441802
2581183,fc-bayern-munchen,27,3,bayer-04-leverkusen,15,0,27.833334,16.055555,21.5,8,18.267973,14.169934,13.568627,7.2091503,2015,1.440088,1.3766248,1.0665685,.73690772,1.5215313,1.4547801,1.112339,.81813973,1.7175926,1.2712963,.89444447,.56944442
2581184,borussia-dortmund,16,3,hertha-bsc,44,1,0,8.333333,0,2.2777777,24.549019,10.477124,13.673203,2.7712419,2015,1.3914882,1.1294589,.78039724,.72274518,1.2516881,1.0694218,.77336627,.78600025,.86851853,.67685187,.60648149,.46296296
2581185,vfl-wolfsburg,82,3,fc-schalke-04,33,0,42,0,22.388889,0,27.111111,18.627451,14.366014,9,2015,1.4955401,1.0017443,1.4172726,.90591204,1.4608418,1.0781025,1.1715277,.83321631,1.3537037,.94973546,1.0121694,.52777779
2581186,vfb-stuttgart,79,1,eintracht-frankfurt,24,4,0,18.444445,0,5.6111112,10.54902,12.640523,3.3071895,4.0522876,2015,1.2812753,.9216612,1.107662,.65075076,1.1617013,.90502846,.9915424,.68575501,1.25,1.75,.92777777,.8611111
2581187,sv-werder-bremen,86,2,borussia-monchengladbach,18,1,12.944445,45.555557,5.8888888,22.555555,11.48366,17.69281,4.0392156,9.1633987,2015,1.1463836,.69843906,1.1066833,1.0080976,1.1251782,.69241625,1.2596545,1.1004782,.96208113,.96527779,1.2092593,.8435185
2581188,1-fc-koln,3,2,hamburger-sv,41,1,13.888889,7.6111112,4.0555553,3.5,6.5686274,5.1633987,1.9607843,1.4771242,2015,1.2148975,.76748973,.89113307,.52679628,1.263468,.8439815,.91437137,.4968715,.69444442,.5324074,.78743386,.38148147
2581189,1-fsv-mainz-05,39,3,hannover-96,42,0,5.3333335,2.8888888,2,1.1111112,8.2222223,17.535948,2.856209,5.4248366,2015,1.0722049,.8393535,.80200517,.48452961,.96402967,.7550084,.95540386,.53133315,1.1981481,.83333331,1.2592592,.50925928
2581190,sv-darmstadt-98,105,0,tsg-1899-hoffenheim,533,0,0,23.166666,0,7.6666665,.627451,10.69281,.16993465,3.5947711,2015,.96964681,.81515551,1.2419214,.95125192,.88063574,.89559084,1.1787469,1.016804,1.0277778,1.0092592,1.3796296,1.3277777
2581191,fc-augsburg,167,0,fc-ingolstadt-04,4795,1,50.111111,0,20.888889,0,28.986929,.084967323,12.470589,.013071896,2015,1.2876697,.86631668,1.1508498,.89973378,1.1202848,.87030423,1.2950617,1.0562831,1.4518518,.94444442,2.0231481,1.5555556
2581192,fc-bayern-munchen,27,2,fc-augsburg,167,1,25.882353,46.722221,20.411764,19,14.875,22.830065,11.330882,9.6470585,2015,1.1332892,1.012326,1.1093838,.72358167,1.1775328,1.0141982,1.0108712,.71706349,1.2078432,.95392156,1.5637255,1.0098039
2581193,fc-schalke-04,33,2,1-fsv-mainz-05,39,1,0,5,0,1.8333334,14.895425,5.1895423,7.2222223,1.6601307,2015,1.3659905,.84085977,1.1282136,1.0122318,1.1146902,.76013941,1.0669733,.92916667,.99735451,.54259259,1.4925926,1.0925926
2581194,bayer-04-leverkusen,15,0,sv-darmstadt-98,105,1,13.222222,0,6.6666665,0,14.424836,.627451,7.2679739,.16993465,2015,1.1849936,.93724698,.96964681,.81515551,1.2460355,1.0139731,.88063574,.89559084,.97910053,.77182537,1.0277778,1.0092592
2581195,borussia-monchengladbach,18,0,hamburger-sv,41,3,34.888889,3.4444444,17,1.7777778,12.594771,8.4052286,6.4117646,2.4640522,2015,1.0381497,.99069244,.95327079,.61000395,1.1633582,1.073935,1.0125856,.6029321,.96388888,.73240739,.77632272,.40000001
2581196,eintracht-frankfurt,24,6,1-fc-koln,3,2,18,14.277778,5.5555553,3.9444444,12.895425,6.7450981,4,1.8692811,2015,1.3978199,.69351166,1.2856046,.83621269,1.3179313,.70030522,1.4049932,.96224749,1.2703704,.8888889,.75462961,.625
2581197,hannover-96,42,2,borussia-dortmund,16,4,2.3888888,1.5,.94444442,.72222221,11.503268,16.993464,3.2614379,9.5424833,2015,.86899906,.58081782,1.0527134,.81439859,.92708492,.64861715,.97265375,.81043309,.86851853,.4675926,.76666665,.61203706
2581198,hertha-bsc,44,2,vfb-stuttgart,79,1,6.4444447,0,1.8888888,0,7.5620914,7.7843137,1.9346405,2.503268,2015,.94201338,.81476796,1.0983864,.8432861,.93750769,.84093851,1.0286546,.84837061,.6111111,.48148149,1.1805556,1.5555556
2581199,tsg-1899-hoffenheim,533,1,sv-werder-bremen,86,3,23.166666,12,7.6666665,5.4444447,10.69281,10.45098,3.5947711,3.6339869,2015,1.2419214,.95125192,1.1833596,.76346844,1.1787469,1.016804,1.0700636,.74764109,1.3796296,1.3277777,.94541448,.9699074
2581200,fc-ingolstadt-04,4795,0,vfl-wolfsburg,82,0,0,42.166668,0,22.111111,.084967323,27.169935,.013071896,14.529411,2015,1.1388062,.90289032,1.4490952,.91844964,1.3020061,1.0581349,1.3920587,.95826119,2.0185184,1.5555556,1.2703704,.78306878
2581633,borussia-dortmund,16,3,bayer-04-leverkusen,15,0,1.5,10.111111,.72222221,5.2222223,15.065359,5.0915031,8.333333,2.6274509,2015,1.4213778,1.1859404,1.275563,1.0233523,1.2762913,1.1434958,1.3474464,1.115384,.91018516,.73240739,1.2383598,1.1607143
2581634,vfl-wolfsburg,82,2,hertha-bsc,44,0,38.833332,6.8333335,20.277779,1.8333334,23.38562,6.6928105,12.411765,1.6797385,2015,1.4358678,.88920987,.90497637,.78513837,1.3596513,.9304834,.90047067,.81130892,1.2296296,.76455027,.55555558,.52777779
2581635,hamburger-sv,41,0,eintracht-frankfurt,24,0,5.8333335,18.611111,2.7777777,5.8888888,11.320261,13.725491,3.3137255,4.3660131,2015,.92827076,.58623683,1.3867089,.66573387,.97687137,.57094556,1.3020583,.69236875,.64854497,.31666666,1.2703704,.8888889
2581636,vfb-stuttgart,79,0,fc-schalke-04,33,1,0,0,0,0,10.313725,16.601307,3.1307189,7.8366013,2015,1.2589936,.87219328,1.2780738,.78345239,1.1576669,.83216691,1.059808,.73236161,1.2916666,1.5555556,1.0306878,.54259259
2581637,fc-augsburg,167,2,hannover-96,42,0,43.777779,2.9444444,18.222221,1.1666666,21.09804,14.424836,9.039216,4.3398695,2015,1.1089206,.68236607,.94831747,.64033824,.95372838,.63373017,1.0788106,.72222823,.99313724,.74509805,.99814814,.60648149
2581638,sv-werder-bremen,86,0,fc-ingolstadt-04,4795,1,11.722222,0,5.3333335,0,10.254902,.084967323,3.9019608,.013071896,2015,1.1897699,.63051188,1.1349767,.8904745,1.1225327,.55815697,1.282716,1.0423942,.80652559,.5486111,2.0231481,1.5555556
2581639,1-fc-koln,3,1,borussia-monchengladbach,18,0,15.277778,51.777779,4.3333335,25.222221,7.6601305,18.673203,2.2418301,9.7254906,2015,1.2856046,.83621269,1.0762049,.99043125,1.4049932,.96224749,1.2247339,1.0980091,.75462961,.625,1.2009259,.85833335
2581640,1-fsv-mainz-05,39,3,tsg-1899-hoffenheim,533,1,5.3888888,23.166666,2,7.6666665,7.5163398,9.9934645,2.5359478,3.2810457,2015,1.1701205,.99194968,1.2419214,.95125192,1.1099627,.91426766,1.1787469,1.016804,1.5314815,1.1944444,1.3796296,1.3277777
2581641,sv-darmstadt-98,105,0,fc-bayern-munchen,27,3,0,26.882353,0,20.882353,.627451,18.852942,.16993465,14.029411,2015,.96964681,.81515551,.94945294,1.0214297,.88063574,.89559084,.97270089,1.0040172,1.0277778,1.0092592,1.0166667,.8656863
2581642,fc-bayern-munchen,27,5,vfl-wolfsburg,82,1,25.611111,45.611111,20.222221,23.833334,16.183006,28.071896,12.313725,14.954248,2015,1.2058843,1.1174613,1.4490952,.91844964,1.2718365,1.1287941,1.3920587,.95826119,1.3074074,.99814814,1.2703704,.78306878
2581643,fc-schalke-04,33,2,eintracht-frankfurt,24,0,0,18.611111,0,5.8888888,16.254902,13.725491,7.9477124,4.3660131,2015,1.3741386,.80845237,1.3867089,.66573387,1.1197828,.70458382,1.3020583,.69236875,1.00291,.48703703,1.2703704,.8888889
2581644,bayer-04-leverkusen,15,1,1-fsv-mainz-05,39,0,15.833333,6.6111112,7.9444447,2.4444444,12.352942,9.1241827,6.2418299,3,2015,1.2416124,.94071925,1.0148075,.96218777,1.301591,1.0258778,.99223787,.88201457,1.1457672,.88293654,1.0731481,.9537037
2581645,borussia-monchengladbach,18,4,fc-augsburg,167,2,0,47,0,19.388889,21.222221,23.48366,11.026144,10.150327,2015,1.0622058,1.1169331,1.0866983,.69051903,1.2810831,1.2117656,.8217839,.60496032,1.2333333,.97870368,.75784314,.59803921
2581646,hannover-96,42,1,vfb-stuttgart,79,3,2.6111112,0,1,0,16.856209,11.424836,5.1830068,3.5620916,2015,.78914344,.49328735,1.1796286,.69626737,.83007318,.56790727,1.0822701,.65809286,.60925925,.45833334,1.3472222,.8888889
2581647,hertha-bsc,44,2,1-fc-koln,3,0,5.3888888,15.277778,1.4444444,4.3333335,4.0457516,7.6601305,.97385621,2.2418301,2015,.92328441,.77402723,1.2856046,.83621269,.9411453,.81130892,1.4049932,.96224749,.5925926,.52777779,.75462961,.625
2581648,tsg-1899-hoffenheim,533,1,borussia-dortmund,16,1,23.888889,0,8,0,9.8235292,17.915033,3.2483661,9.973856,2015,1.2419214,.95125192,1.415139,1.1850145,1.1787469,1.016804,1.2731167,1.1249774,1.3796296,1.3277777,.91018516,.73240739
2581649,fc-ingolstadt-04,4795,0,hamburger-sv,41,1,0,5.8333335,0,2.7777777,.05882353,11.320261,0,3.3137255,2015,1.0345494,.78946441,.92827076,.58623683,1.157716,.9757275,.97687137,.57094556,1.7546296,1.5,.64854497,.31666666
2581650,sv-darmstadt-98,105,2,sv-werder-bremen,86,1,0,12.222222,0,5.5555553,.627451,10.797385,.16993465,3.7908497,2015,.96964681,.81515551,1.3555819,.84371537,.88063574,.89559084,1.2429031,.82402998,1.0277778,1.0092592,1.00097,1.0393518
2581651,borussia-dortmund,16,2,sv-darmstadt-98,105,2,1.5,0,.72222221,0,17.071896,.627451,9.4444447,.16993465,2015,1.3269037,1.0961256,.96964681,.81515551,1.2333019,1.0677383,.88063574,.89559084,.87685186,.73240739,1.0277778,1.0092592
2581652,vfl-wolfsburg,82,1,hannover-96,42,1,42.277779,2.5555556,22,1,24.287582,14.594771,12.836601,4.5424838,2015,1.4543862,.94476545,.79002064,.49132657,1.3874291,.99715006,.83318114,.55970019,1.2481482,.82010579,.62777776,.45833334
2581653,hamburger-sv,41,0,fc-schalke-04,33,1,3.4444444,0,1.7777778,0,6.4117646,16.601307,1.7647059,7.8366013,2015,.93660408,.60371935,1.2780738,.78345239,1.0021238,.60180974,1.059808,.73236161,.75568783,.40000001,1.0306878,.54259259
2581654,vfb-stuttgart,79,1,borussia-monchengladbach,18,3,0,0,0,0,11.424836,21.777779,3.5620916,11.30719,2015,1.1796286,.69626737,1.0263871,1.1412387,1.0822701,.65809286,1.0533054,1.1784323,1.3472222,.8888889,1.1722223,.98703706
2581655,fc-augsburg,167,1,tsg-1899-hoffenheim,533,3,46,23.888889,19,8,22.437908,9.8235292,9.7058821,3.2483661,2015,1.0728759,.71378589,1.2419214,.95125192,.8590855,.66051584,1.1787469,1.016804,1.2990196,.83333331,1.3796296,1.3277777
2581656,sv-werder-bremen,86,0,bayer-04-leverkusen,15,3,10.944445,15.833333,4.9444447,7.9444447,9.2091503,12.352942,3.2287581,6.2418299,2015,1.408392,.98208886,1.2416124,.94071925,1.2167846,1.0045855,1.301591,1.0258778,1.5194886,1.3449074,1.1457672,.88293654
2581657,eintracht-frankfurt,24,1,hertha-bsc,44,1,17.833334,5.3333335,5.8333335,1.4444444,14.052288,3.993464,4.4640522,.99346405,2015,1.3278199,.65524006,.87972385,.77402723,1.221635,.61141634,.89870703,.81130892,1.0666667,.66666669,.53703701,.52777779
2581658,1-fc-koln,3,1,fc-ingolstadt-04,4795,1,13.833333,0,3.8333333,0,6.6013074,.052287582,1.9150326,.013071896,2015,1.260352,.8084349,1.0857147,.84998029,1.3772154,.91595119,1.1993827,.96984124,.72685188,.54166669,1.6851852,1.5
2581659,1-fsv-mainz-05,39,0,fc-bayern-munchen,27,3,6.6111112,25.611111,2.4444444,20.222221,10.052288,14.640523,3.3006537,11.183006,2015,1.0452046,.8010326,1.2058843,1.1174613,.98297858,.77848727,1.2718365,1.1287941,1.1564815,.79497355,1.3074074,.99814814
2581666,fc-bayern-munchen,27,5,borussia-dortmund,16,1,23.055555,1.5,18.055555,.72222221,14.725491,16.091503,11.228758,8.8758173,2015,1.2028279,1.1315707,1.4203677,1.1735135,1.3051699,1.2355841,1.2714072,1.1203477,1.3871694,1.0814815,.91018516,.73240739
2581667,fc-schalke-04,33,0,1-fc-koln,3,3,0,15.5,0,4.3333335,14.411765,7.6732025,7,2.1568627,2015,1.340188,.78761905,1.2658905,.77279896,1.1103131,.73791718,1.4210917,.92150676,1.0121694,.50555557,.7962963,.64351851
2581668,bayer-04-leverkusen,15,1,fc-augsburg,167,1,14.666667,46,7.3333335,19,11.816994,22.437908,6.0588236,9.7058821,2015,1.2416124,.94071925,1.0728759,.71378589,1.301591,1.0258778,.8590855,.66051584,1.1457672,.88293654,1.2990196,.83333331
2581669,borussia-monchengladbach,18,2,vfl-wolfsburg,82,0,0,40.611111,0,21.333334,24.601307,24.091503,12.222222,12.79085,2015,1.0622058,1.1169331,1.4490952,.91844964,1.2810831,1.2117656,1.3920587,.95826119,1.2333333,.97870368,1.2703704,.78306878
2581670,hannover-96,42,1,sv-werder-bremen,86,0,2.5555556,10.944445,1,5,14.594771,8.1176472,4.5424838,2.9803922,2015,.79002064,.49132657,1.3993852,.93203276,.83318114,.55970019,1.3301003,.94241625,.62777776,.45833334,1.389859,1.3310186
2581671,hertha-bsc,44,3,hamburger-sv,41,0,5.3333335,5.1666665,1.4444444,2.4444444,3.993464,8.1764708,.99346405,2.2614379,2015,.87972385,.77402723,.93660408,.60371935,.89870703,.81130892,1.0021238,.60180974,.53703701,.52777779,.75568783,.40000001
2581672,tsg-1899-hoffenheim,533,2,vfb-stuttgart,79,2,23.888889,0,8,0,9.8235292,6.8823528,3.2483661,1.9738562,2015,1.2419214,.95125192,.92060041,.64105433,1.1787469,1.016804,.80326581,.62407607,1.3796296,1.3277777,1.0324074,1.3888888
2581673,fc-ingolstadt-04,4795,2,eintracht-frankfurt,24,0,0,17.833334,0,5.8333335,.052287582,14.052288,.013071896,4.4640522,2015,1.0857147,.84998029,1.3278199,.65524006,1.1993827,.96984124,1.221635,.61141634,1.6851852,1.5,1.0666667,.66666669
2581674,sv-darmstadt-98,105,2,1-fsv-mainz-05,39,3,0,6,0,2.2222223,.627451,9.3725491,.16993465,2.993464,2015,.96964681,.81515551,1.1303017,.99635887,.88063574,.89559084,1.066312,.87306398,1.0277778,1.0092592,1.4203703,1.2314814
2581675,fc-schalke-04,33,2,hertha-bsc,44,1,0,6.8333335,0,1.8333334,14.385621,6.7581701,6.8300653,1.7058823,2015,1.340188,.78761905,.84728318,.74069393,1.1103131,.73791718,.86287248,.76069164,1.0121694,.50555557,.49537036,.43518519
2581676,vfl-wolfsburg,82,4,tsg-1899-hoffenheim,533,2,42.888889,24.944445,22.444445,8.2222223,25.90196,12.130719,13.633986,4.0392156,2015,1.4462093,.98017806,1.4573536,1.0005575,1.3938903,1.0773088,1.4442893,1.0707723,1.2518518,.94973546,1.6296296,1.4111111
2581677,hamburger-sv,41,0,bayer-04-leverkusen,15,0,5.1666665,14.611111,2.4444444,7.3333335,8.1764708,10.150327,2.2614379,5.1307192,2015,.93660408,.60371935,1.1259638,.7223382,1.0021238,.60180974,1.1758194,.77865559,.75568783,.40000001,1.0695767,.7037037
2581678,vfb-stuttgart,79,1,fc-ingolstadt-04,4795,0,0,0,0,0,6.026144,.084967323,1.6797385,.013071896,2015,.92654216,.70490718,1.1678827,.89501995,.8207261,.69848084,1.3243827,1.0535053,1.0601852,1.5277778,2.0324075,1.5555556
2581679,fc-augsburg,167,0,sv-darmstadt-98,105,2,44.722221,0,18.333334,0,22,.52287585,9.2745094,.1503268,2015,1.2605445,.91247052,.94827926,.796637,1.1302495,.92585981,.87600607,.88170195,1.5931373,1.0392157,1.0231482,1.0092592
2581680,sv-werder-bremen,86,0,fc-bayern-munchen,27,1,12.166667,28,5.5555553,22.055555,12.614379,17.052288,4.5032678,12.777778,2015,1.0666962,.69402969,1.2288091,.92918974,.99713665,.66210318,1.2761503,.9609403,.85216051,.86805558,1.315873,.88703704
2581681,eintracht-frankfurt,24,1,borussia-monchengladbach,18,5,18.444445,0,5.8333335,0,12.954248,20.366013,4.2287583,10.686275,2015,1.3306308,.70887965,.95881069,1.013461,1.1944745,.69603175,1.1421943,1.0883089,1.2148148,.94444442,1.025,.84907407
2581682,1-fc-koln,3,0,hannover-96,42,1,15.277778,2.7222223,4.3333335,1.0555556,7.1764708,18.261438,2.0522876,5.5686274,2015,1.3383543,.80496269,.74418736,.49513921,1.4731749,.96224749,.77884662,.56374055,.7962963,.64351851,.57222223,.40277779
2581683,1-fsv-mainz-05,39,0,borussia-dortmund,16,2,6.2222223,1.5,2.3333333,.72222221,7.9084969,14.542483,2.4183006,8.0588236,2015,1.1351424,1.0273553,1.4203677,1.1735135,1.0743808,.92916667,1.2714072,1.1203477,1.5,1.1574074,.91018516,.73240739
2581690,fc-bayern-munchen,27,4,1-fc-koln,3,0,23.777779,15.555555,18.722221,4.3333335,14.071896,8.4379082,10.869281,2.4183006,2015,1.2786621,1.0463113,1.3074901,.81805027,1.3163879,1.0797675,1.4523417,.91363639,1.4592593,.97962964,.76851851,.56018519
2581691,borussia-dortmund,16,5,fc-augsburg,167,1,1.5,46.666668,.72222221,18.777779,18.535948,22.588236,10.437908,9.4444447,2015,1.2810159,1.0799463,1.003718,.74834549,1.1101538,.99703121,.84012949,.74345237,.85462964,.63518518,1.2990196,.92156863
2581692,bayer-04-leverkusen,15,4,vfb-stuttgart,79,3,16.055555,0,8.0555553,0,11.542483,5.6339869,5.8954248,1.496732,2015,1.1227109,.86111683,.95066917,.72426742,1.1889367,.92940515,.84304756,.71170837,.9716931,.71626985,1.1157408,1.6388888
2581693,borussia-monchengladbach,18,3,fc-schalke-04,33,1,0,0,0,0,26.215687,14.215686,13.405229,6.7908497,2015,1.0981957,1.061475,1.340188,.78761905,1.2406069,1.1376916,1.1103131,.73791718,1.1916667,.94166666,1.0121694,.50555557
2581694,hannover-96,42,1,eintracht-frankfurt,24,2,2.7222223,16.055555,1.0555556,5.3333335,16.941177,15.24183,5.0588236,5.1372547,2015,.74851739,.48003951,1.3615924,.70857102,.87461382,.55038077,1.2205688,.69788361,1.1277778,.4861111,1.2148148,.94444442
2581695,tsg-1899-hoffenheim,533,0,hamburger-sv,41,1,25.388889,5,8.5,2.3888888,11.601307,8.8692808,3.856209,2.3660131,2015,1.3444748,.96563685,1.1260883,.79712236,1.347067,1.0207723,1.0832927,.71845239,1.5018518,1.4166666,1.7908731,1.037037
2581696,1-fsv-mainz-05,39,1,sv-werder-bremen,86,3,5.3333335,10.944445,2,5.0555553,8.026144,10.568627,2.6470587,3.986928,2015,1.123081,1.0255917,1.4547373,1.018693,1.0604918,.92815655,1.4099478,.98289239,1.5111111,1.1574074,1.3914021,1.3194444
2581697,fc-ingolstadt-04,4795,0,hertha-bsc,44,1,0,7.3333335,0,1.8888888,.052287582,8.5490198,.013071896,2.0588236,2015,.93984568,.72544491,.82203066,.79793298,1.0339066,.91269839,.93694657,.90575337,1.7685186,1.4722222,.60648149,.51851851
2581698,sv-darmstadt-98,105,0,vfl-wolfsburg,82,1,0,42.888889,0,22.444445,.52287585,25.90196,.1503268,13.633986,2015,.94827926,.796637,1.4462093,.98017806,.87600607,.88170195,1.3938903,1.0773088,1.0231482,1.0092592,1.2518518,.94973546
2581699,fc-schalke-04,33,1,fc-ingolstadt-04,4795,1,0,0,0,0,14.888889,.084967323,7.0588236,.013071896,2015,1.3322904,.7735498,.97325671,.70674837,1.0922575,.68474257,1.0575176,.89973545,.97513229,.43148148,1.7824074,1.4722222
2581700,vfl-wolfsburg,82,2,bayer-04-leverkusen,15,1,41.333332,14.944445,21.666666,7.5555553,23.647058,11.346405,12.666667,5.7189541,2015,1.2678032,.80403167,1.1227109,.86111683,1.1291438,.83127707,1.1889367,.92940515,1.074074,.76455027,.9716931,.71626985
2581701,hamburger-sv,41,1,hannover-96,42,2,5.3333335,2.7222223,2.5555556,1.0555556,9.5490198,16.875816,2.5751634,5.0392156,2015,.91775489,.61462516,.70823961,.50966913,.93267941,.56477273,.82699478,.58688873,.67235452,.35370371,1.1,.5138889
2581702,vfb-stuttgart,79,2,sv-darmstadt-98,105,0,0,0,0,0,8.2941179,.52287585,2.496732,.1503268,2015,1.0179181,.79132694,.94827926,.796637,.92971283,.82193762,.87600607,.88170195,1.125,1.6944444,1.0231482,1.0092592
2581703,fc-augsburg,167,3,1-fsv-mainz-05,39,3,48.833332,4.7222223,19.611111,1.7222222,25.947712,6,10.849673,1.9673202,2015,1.143419,.75636554,1.2016304,.95398676,.9872601,.70939153,1.1129609,.89729238,1.4754902,.83333331,1.3166667,.74074072
2581704,sv-werder-bremen,86,1,borussia-dortmund,16,3,10.833333,1.5,4.8333335,.72222221,9.2091503,17.071896,3.490196,9.4444447,2015,1.2983881,.87054485,1.3269037,1.0961256,1.2405941,.88269401,1.2333019,1.0677383,1.37597,1.261574,.87685186,.73240739
2581705,eintracht-frankfurt,24,0,fc-bayern-munchen,27,0,19.277779,25.944445,6.0555553,20.444445,13.300653,16.699347,4.3071895,12.633986,2015,1.3018429,.66494024,1.2871497,1.0310996,1.1852152,.64047617,1.3416404,1.0589341,1.187037,.8888889,1.4675926,.96574074
2581706,1-fc-koln,3,0,tsg-1899-hoffenheim,533,0,14.5,0,3.9444444,0,6.4509802,10,1.745098,3.4771242,2015,1.0691459,.67061436,1.3339694,.91740733,1.2300051,.75788242,1.2921729,.93320614,.68055558,.49074075,1.3796296,1.3555555
2581707,hertha-bsc,44,1,borussia-monchengladbach,18,4,7.3333335,0,1.8888888,0,9.026144,14.836601,2.1895425,7.7973857,2015,.82203066,.79793298,1.1115885,1.0308144,.93694657,.90575337,1.1629834,1.0642349,.60648149,.51851851,1.1166667,.86666667
2581714,fc-bayern-munchen,27,4,vfb-stuttgart,79,0,22.277779,0,17.166666,0,18.045752,7.1568627,13.163399,2.0784314,2015,1.2866536,1.0306035,.89191955,.77109897,1.3485848,1.0658785,.86441702,.82564133,1.4814814,.97962964,.93055558,1.7222222
2581715,borussia-dortmund,16,3,fc-schalke-04,33,2,1.5,0,.72222221,0,15.222222,10.385621,8.4771242,4.993464,2015,1.1660467,.97066259,1.4326079,.8383646,1.0388575,.93137467,1.1913316,.76555067,.75740743,.62129629,1.0449735,.46851853
2581716,bayer-04-leverkusen,15,1,1-fc-koln,3,2,16.055555,14.833333,8.0555553,4.1111112,11.261438,6.6274509,5.6666665,1.7973856,2015,1.163115,.86553603,1.0691459,.67061436,1.2198009,.94130993,1.2300051,.75788242,1.1013228,.79034394,.68055558,.49074075
2581717,borussia-monchengladbach,18,0,fc-ingolstadt-04,4795,0,0,0,0,0,15.183006,.084967323,7.9281044,.013071896,2015,1.1006377,1.0005946,.97325671,.70674837,1.1617489,1.0518892,1.0575176,.89973545,1.1305555,.86666667,1.7824074,1.4722222
2581718,fc-augsburg,167,1,sv-werder-bremen,86,2,49.388889,11,19.777779,4.8333335,26.496733,9.0980396,10.888889,3.3398693,2015,1.1600794,.81401497,1.1967499,.77378356,.94866121,.75205028,1.1098622,.77111995,1.3824074,.78703701,.8898589,.9699074
2581719,hannover-96,42,1,hertha-bsc,44,3,2.8888888,7.8888888,1.1111112,2.1111112,16.601307,9.2875814,5.1176472,2.3333333,2015,.83775461,.52847254,.90536404,.87200701,.93457055,.62161094,1.0202799,.9798274,1.1092592,.5138889,.69907409,.5462963
2581720,tsg-1899-hoffenheim,533,0,eintracht-frankfurt,24,0,0,16.666666,0,5.2777777,12.679739,9.5751638,4.2483659,3.1568627,2015,1.2054043,.94966465,1.3812079,.6944015,1.1737866,.98373526,1.2333634,.68492061,1.1314815,1.1944444,1.1314815,.80555558
2581721,1-fsv-mainz-05,39,2,vfl-wolfsburg,82,0,4.6111112,44.444443,1.7222222,23.277779,4.9542484,27.660131,1.5947713,14.581699,2015,1.1962506,.84548998,1.2689606,.81196815,1.1059062,.83386642,1.130154,.83127707,1.6175926,.8611111,1.0666667,.76455027
2581722,sv-darmstadt-98,105,1,hamburger-sv,41,1,0,7.5,0,3.5,.52287585,5.2483659,.1503268,1.4117647,2015,.94827926,.796637,1.2047919,.82891083,.87600607,.88170195,1.224346,.77905846,1.0231482,1.0092592,1.72791,.96481484
2581723,fc-schalke-04,33,1,fc-bayern-munchen,27,3,0,25.222221,0,19.611111,13.960784,17.196079,6.5947714,12.751634,2015,1.3357626,.77831167,1.2821678,1.0583813,1.1463701,.74029815,1.330403,1.0395037,1.0723546,.51481479,1.4777777,1.0305556
2581724,borussia-monchengladbach,18,2,hannover-96,42,1,0,2.2777777,0,.8888889,13.529411,11.405229,7.0392156,3.3725491,2015,1.082984,1.0210209,.84097761,.40312159,1.1407613,1.058062,.98103255,.45751762,1.0518519,.81111109,1.6203704,.83333331
2581725,vfl-wolfsburg,82,6,sv-werder-bremen,86,0,36.722221,9,19.5,4.0555553,22.111111,8.9215689,11.875817,3.3398693,2015,1.3738989,.85054839,1.2881588,.8945986,1.2392368,.86381674,1.2032263,.91728395,1.1962963,.83862436,1.2370812,1.1597222
2581726,hamburger-sv,41,3,borussia-dortmund,16,1,7.8333335,0,3.6666667,0,6.6013074,23.816994,1.862745,13.490196,2015,.94645858,.62744564,1.2268056,1.0397153,.96298248,.57094556,1.1120056,1.0069218,.70410055,.35370371,.88240743,.7046296
2581727,vfb-stuttgart,79,0,fc-augsburg,167,4,0,46.5,0,18.888889,7.1699347,20.954248,2.0849674,8.8366013,2015,.89145273,.75998789,1.1365552,.78249127,.85251224,.80094999,.91847706,.73419315,.9861111,1.6666666,1.2657408,.8425926
2581728,eintracht-frankfurt,24,1,bayer-04-leverkusen,15,3,14.5,15.888889,4.6666665,8,8.3071899,10.503268,2.8235295,5.2222223,2015,1.3810138,.68274903,1.1841252,.8899911,1.197112,.65529102,1.251547,.96353215,1.25,.66666669,1.1013228,.81349206
2581729,1-fc-koln,3,0,1-fsv-mainz-05,39,0,15.277778,5.2777777,4.3333335,1.9444444,7.1764708,7.9411764,2.0522876,2.4248366,2015,1.3383543,.80496269,1.130271,.86038005,1.4731749,.96224749,1.0721761,.82854939,.7962963,.64351851,1.1083333,.74074072
2581730,hertha-bsc,44,1,tsg-1899-hoffenheim,533,0,7.9444447,0,2.1111112,0,9.6732025,11.75817,2.4444444,3.8954248,2015,.83437634,.76398236,1.3901538,.93855351,.99463886,.92854536,1.2839056,.96362942,.68518519,.49074075,1.4740741,1.1666666
2581731,fc-ingolstadt-04,4795,3,sv-darmstadt-98,105,1,0,0,0,0,.17647059,.16993465,.045751635,.045751635,2015,1.0409817,.76433212,.92645389,.80056518,1.0736111,.78928572,.85454142,.86935627,1.3101852,1.1111112,1.0231482,1.0092592
2581738,fc-bayern-munchen,27,2,hertha-bsc,44,0,20,7.4444447,15.764706,2.0555556,12.095589,7.7581701,8.875,2,2015,1.2536787,.82048535,.85962886,.7067433,1.3363715,.81671435,.92056477,.78348362,1.427451,1.017647,.57407409,.4074074
2581739,borussia-dortmund,16,4,vfb-stuttgart,79,1,0,0,0,0,20.013071,7.2352943,11.09804,1.9673202,2015,1.415139,1.1850145,1.13858,1.0150955,1.2731167,1.1249774,1.0788239,1.1209676,.91018516,.73240739,1.0833334,1.8333334
2581740,bayer-04-leverkusen,15,1,fc-schalke-04,33,1,16.055555,0,8.0555553,0,11.261438,14.888889,5.6666665,7.0588236,2015,1.1227109,.86111683,1.3322904,.7735498,1.1889367,.92940515,1.0922575,.68474257,.9716931,.71626985,.97513229,.43148148
2581741,fc-augsburg,167,0,vfl-wolfsburg,82,0,45.222221,37.666668,18.333334,19.722221,19.418301,22.849672,8.1764708,11.993464,2015,.99150634,.72285986,1.3853627,.8953827,.83880669,.67863756,1.2747307,.95508659,1.2401961,.86274511,1.2296296,.91269839
2581742,sv-werder-bremen,86,1,hamburger-sv,41,3,10.555555,7.3333335,4.8333335,3.3888888,8.7777777,4.352941,3.3856208,1.1633987,2015,1.4281602,.92605633,1.1213263,.69142252,1.3668066,.90108025,1.1142271,.66289681,1.3343034,1.2291666,1.6612434,.90925926
2581743,hannover-96,42,4,fc-ingolstadt-04,4795,0,3,0,1.1666666,0,18.882353,.20915033,5.7973857,.071895428,2015,.74316013,.43267778,.8590253,.62513459,.88532811,.47577763,.9087522,.71699733,1.2222222,.42592594,1.4212962,1.3333334
2581744,tsg-1899-hoffenheim,533,3,borussia-monchengladbach,18,3,0,0,0,0,13.869281,17.535948,5,9.2156858,2015,1.2011535,1.0065429,1.0634735,.92754644,1.1818554,1.0892909,1.118539,.94880277,1.1481482,1.2722223,1.075,.79259259
2581745,1-fsv-mainz-05,39,2,eintracht-frankfurt,24,1,6.3333335,17.666666,2.3333333,5.5555553,7.9607844,12.51634,2.5424836,4.1111112,2015,1.0825284,.8699199,1.215293,.65531105,1.0578243,.86719978,1.1409391,.62345338,1.05,.78703701,1.324074,.72222221
2581746,sv-darmstadt-98,105,0,1-fc-koln,3,0,0,15.5,0,4.3888888,.52287585,7.3790851,.14379086,2.0849674,2015,.84105319,.65959996,1.2423947,.76329601,.78341353,.71040565,1.3772154,.9205808,.9861111,.98148149,.75462961,.625
2581753,fc-schalke-04,33,3,hannover-96,42,1,0,2.8333333,0,1.1111112,14.385621,14.934641,6.8300653,4.6928105,2015,1.340188,.78761905,.75427127,.44738364,1.1103131,.73791718,.85401452,.4694224,1.0121694,.50555557,.77777779,.4537037
2581754,borussia-monchengladbach,18,3,fc-bayern-munchen,27,1,0,25.82353,0,20.529411,14.75817,18.705883,7.5882354,14.125,2015,1.0634735,.92754644,1.1516924,1.0865515,1.118539,.94880277,1.1652231,.95887119,1.075,.79259259,1.167647,.97843134
2581755,vfl-wolfsburg,82,1,borussia-dortmund,16,2,44.888889,1.5,23.555555,.72222221,28.718954,18.039215,14.973856,9.9542484,2015,1.4637941,.99232876,1.4689577,1.2008283,1.3691752,1.0475469,1.3497193,1.1404415,1.2574074,.93121696,.92870373,.7509259
2581756,hamburger-sv,41,1,1-fsv-mainz-05,39,3,2.8333333,6.2222223,1.4444444,2.2777777,3.7712419,7.9607844,1.1307189,2.5620916,2015,.86713761,.64655071,1.0586857,.86130595,.96839374,.64999998,.9772467,.7540825,.66124338,.37222221,1.1333333,.68518519
2581757,vfb-stuttgart,79,1,sv-werder-bremen,86,1,0,11.666667,0,5.3333335,7.7647057,12.03268,2.1960785,4.5294118,2015,.88221467,.56689125,1.3965362,.92698222,.78602993,.60663784,1.3274548,.88950616,.89351851,.80555558,1.3620812,1.2569444
2581758,eintracht-frankfurt,24,0,sv-darmstadt-98,105,1,17,0,5.1666665,0,10.568627,.52287585,3.2745099,.14379086,2015,1.0572004,.62827104,.97320807,.80126661,.91993749,.65982908,.8865881,.87971783,1.0759259,.83333331,1.0416666,1.0092592
2581759,1-fc-koln,3,0,fc-augsburg,167,1,15.888889,45.611111,4.5,18.777779,8.1241827,21.444445,2.3790851,9.1830063,2015,1.2856046,.83621269,1.184787,.82459176,1.4049932,.96224749,.99599028,.7703042,.75462961,.625,1.3578432,.89215684
2581760,hertha-bsc,44,2,bayer-04-leverkusen,15,1,6.7222223,15.444445,1.8888888,7.9444447,6.3725491,12.248366,1.6928104,6.3725491,2015,.9003135,.80365688,1.213365,.9212411,.93826932,.83476567,1.2824111,.99130994,.56944442,.46296296,1.1013228,.81349206
2581761,fc-ingolstadt-04,4795,1,tsg-1899-hoffenheim,533,1,0,0,0,0,.1503268,12.732026,.03267974,4.4901962,2015,.99696451,.69552869,1.3188968,1.0050066,1.0492284,.81937832,1.2343025,1.0689204,1.3935186,1.3611112,1.4351852,1.3555555
2581762,fc-bayern-munchen,27,2,fc-ingolstadt-04,4795,0,25.625,0,20.3125,0,14.675,.026143791,11.033334,0,2015,1.0340048,.90254223,1.1076263,.76994872,1.0823678,.86184043,1.2020062,.91031748,1.1166667,.85208333,1.7509259,1.3444444
2581763,borussia-dortmund,16,4,eintracht-frankfurt,24,1,0,13.166667,0,4.1111112,27.261438,8.3921566,15.274509,2.7516339,2015,1.3914882,1.1294589,1.3249822,.71364439,1.2516881,1.0694218,1.2539021,.72623116,.86851853,.67685187,1.3796296,.72222221
2581764,bayer-04-leverkusen,15,5,borussia-monchengladbach,18,0,14.166667,0,7,0,9.1307192,15.954248,4.4771242,8.1307192,2015,1.0729945,.76519865,1.0796771,.9567672,1.1764616,.80789244,1.1423485,1.005152,1.0828042,.79960316,1.1259259,.75555557
2581765,vfl-wolfsburg,82,1,hamburger-sv,41,1,37.166668,7.1111112,19.777779,3.2777777,23.006536,5.6732025,12.202615,1.4640523,2015,1.4205842,.92995059,.91811723,.64881319,1.2827554,.9443723,.90868956,.58329123,1.1462963,.83862436,.66309524,.3611111
2581766,fc-augsburg,167,2,fc-schalke-04,33,1,40.111111,0,16.555555,0,17.941177,13.091503,7.6601305,6.3071895,2015,1.1089028,.78142935,1.3725954,.79140693,.89916486,.69887567,1.1339241,.73236161,1.1519607,.80392158,1.039947,.46851853
2581767,sv-werder-bremen,86,1,1-fc-koln,3,1,10.5,15.611111,4.7777777,4.4444447,9.5751638,8.1176472,3.7320261,2.3529413,2015,1.3632029,.78809333,1.3074901,.81805027,1.3089362,.72283953,1.4523417,.91363639,1.2093034,.84027779,.76851851,.56018519
2581768,tsg-1899-hoffenheim,533,1,hannover-96,42,0,0,3,0,1.1666666,8.6993465,15.797385,2.986928,4.8169932,2015,1.2800387,.9669596,.78788513,.4156689,1.264858,1.0707723,.94529283,.49482524,1.4907408,1.3833333,1.1277778,.66203701
2581769,1-fsv-mainz-05,39,0,vfb-stuttgart,79,0,6.8888888,0,2.5555556,0,9.679739,8.4313726,3.0915034,2.2745099,2015,.94521976,.79882801,.86854863,.62783402,.86878109,.7009961,.79237914,.69493145,.67500001,.43518519,.89351851,1
2581770,sv-darmstadt-98,105,0,hertha-bsc,44,4,0,7.2777777,0,2,.098039217,7.7908497,.026143791,1.9215686,2015,.94278479,.78990299,.9094525,.79189217,.86674684,.87707233,.93386012,.81393236,1.0231482,1.0092592,.58796299,.46296296
2581777,fc-schalke-04,33,1,tsg-1899-hoffenheim,533,0,0,0,0,0,13.091503,8.960784,6.3071895,2.993464,2015,1.3725954,.79140693,1.2786499,.9026739,1.1339241,.73236161,1.2521596,.99758005,1.039947,.46851853,1.462963,1.2166667
2581778,borussia-monchengladbach,18,3,sv-darmstadt-98,105,2,0,0,0,0,12.189543,.48366013,6.5555553,.13071896,2015,1.3211895,1.0900464,.9685784,.796637,1.3426131,1.14942,.87600607,.85855377,1.4222223,.93148148,1.0231482,.99074072
2581779,hamburger-sv,41,0,fc-augsburg,167,1,7.5555553,42.277779,3.5555556,17.388889,7.4183006,18.509804,1.9869281,7.9346404,2015,.99302369,.66572142,1.0505161,.75147414,1.0450531,.63884681,.91055655,.74054235,.71203703,.37222221,1.1960784,.79411763
2581780,vfb-stuttgart,79,3,vfl-wolfsburg,82,1,0,35.5,0,18.888889,8.9346409,19.411764,2.3137255,10.320261,2015,.8960709,.5874089,1.3613009,.8620494,.80570585,.62603813,1.2951689,.89199132,.97685188,.8611111,1.1092592,.72751325
2581781,eintracht-frankfurt,24,2,sv-werder-bremen,86,1,15.833333,8.8888893,4.9444447,4.0555553,10.810457,9.2614384,3.4509804,3.5294118,2015,1.4489138,.76010901,1.1909807,.70784646,1.355754,.82623118,1.1360967,.64645064,1.5185186,.97222221,1.1537478,.77083331
2581782,1-fc-koln,3,2,borussia-dortmund,16,1,14.333333,1.5,3.8888888,.72222221,6.2483659,17.254902,1.7320261,9.7712421,2015,1.277446,.83158302,1.1282439,.92680299,1.3851519,.93976068,1.0053077,.89602113,.72685188,.54166669,.70648146,.60277778
2581783,hannover-96,42,0,fc-bayern-munchen,27,1,3,24,1.1666666,19.066668,15.496732,11.619047,4.7581701,8.9047623,2015,.76705176,.40224299,1.0847566,.93846929,.91211379,.45547339,1.1402398,.89072502,.79444444,.35648149,1.1577778,.87555557
2581784,hertha-bsc,44,2,1-fsv-mainz-05,39,0,6.8333335,6.2777777,1.8333334,2.3333333,6.7385621,9.7973852,1.6666666,3.1503267,2015,.84728318,.74069393,1.0334873,.77766401,.86287248,.76069164,.96878105,.73988497,.49537036,.43518519,1.0638889,.71296299
2581785,fc-ingolstadt-04,4795,0,bayer-04-leverkusen,15,1,0,14.555555,0,7.2777777,.052287582,9.026144,.013071896,4.4967322,2015,1.1280103,.84381932,1.1993103,.8664273,1.2811729,.94206351,1.2652555,.92363316,1.7509259,1.5111111,1.1383598,.82738096
2581786,fc-schalke-04,33,1,sv-werder-bremen,86,3,0,7.9444447,0,3.4444444,9.5359478,6.3986926,4.5228758,2.4705882,2015,1.4569789,.90114278,1.4524581,.95579416,1.2342609,.88236159,1.367931,.92389768,1.0621693,.5796296,1.2787478,1.1921296
2581787,borussia-monchengladbach,18,1,borussia-dortmund,16,3,0,0,0,0,8.7843142,18.20915,4.5620914,9.8888893,2015,1.132989,.98433656,1.5598185,1.1577728,1.1324941,.95999801,1.3729345,1.1380244,1.0212963,.65370369,1.0129629,.82685184
2581788,hamburger-sv,41,1,fc-bayern-munchen,27,2,4.3333335,25.705883,2,20.588236,12.006536,20.058823,3.5424836,15.227942,2015,1.0288012,.56855124,1.3347211,1.1647567,.92041391,.52912259,1.3935105,1.16861,.66785717,.39814815,1.5803921,1.1107843
2581789,eintracht-frankfurt,24,3,vfl-wolfsburg,82,2,16.277779,35.722221,5.3888888,19.055555,11.143791,20.862745,3.6535947,10.862745,2015,1.3152789,.7946769,1.0863351,.84484518,1.2710266,.80648148,1.1317734,.89999998,1.5185186,1.1481482,.98333335,.76455027
2581790,1-fc-koln,3,1,vfb-stuttgart,79,3,14.944445,0,4.2222223,0,6.7581701,9.2026148,1.9477124,2.993464,2015,1.2568874,.77996266,.97788954,.66346312,1.3902873,.94280303,.85742843,.67216486,.77314812,.68055558,1.1277778,.90277779
2581791,hannover-96,42,1,sv-darmstadt-98,105,2,13.888889,0,7.2777777,0,15.633986,.52287585,4.7058825,.1503268,2015,.8623482,.53279054,.90909278,.72896022,.87620294,.5875501,.86843032,.78447974,.47777778,.4074074,.99537039,.92592591
2581792,hertha-bsc,44,0,fc-augsburg,167,0,7.5,44.111111,2,18.277779,7.0653596,20.40523,1.6862745,8.8366013,2015,.87473029,.72209162,1.131559,.80808789,.87213171,.74603111,.92279023,.76593918,.5324074,.4537037,1.2352941,.88235295
2581793,tsg-1899-hoffenheim,533,1,bayer-04-leverkusen,15,1,0,15.444445,0,7.7222223,8.1241827,9.359477,2.6862745,4.5751634,2015,1.3781064,.95539916,1.1970881,.87292504,1.436475,1.0893871,1.2636682,.93042326,1.550463,1.1666666,1.1291006,.82738096
2581794,fc-ingolstadt-04,4795,1,1-fsv-mainz-05,39,0,0,5.0555553,0,1.8888888,.052287582,5.1111112,.013071896,1.5882353,2015,.99375099,.73766005,1.2453061,.93099207,1.1428572,.89742064,1.1650858,.88209879,1.8851852,1.5388889,1.3444444,.9074074
2581807,fc-bayern-munchen,27,2,tsg-1899-hoffenheim,533,0,21.647058,0,16.882353,0,17.242647,8.4705887,12.639706,2.6993463,2015,1.3286365,1.16038,1.2182026,.92752218,1.3798869,1.1616708,1.2243057,1.0376894,1.5509804,1.0813725,1.0967592,.94444442
2581808,borussia-dortmund,16,2,fc-ingolstadt-04,4795,0,1.5,0,.72222221,0,13.30719,.026143791,7.1960783,.013071896,2015,1.2588763,.91759819,1.3212202,.79809278,1.1100816,.92480898,1.4886243,.85906082,.82314813,.67870373,2.0796297,.95555556
2581809,bayer-04-leverkusen,15,3,hannover-96,42,0,13.888889,6.5,7.2777777,2.9444444,10.124183,9.2549019,5.4771242,2.8235295,2015,1.1702048,.9047125,.98665959,.56327486,1.2358503,.96952862,1.0759385,.62511623,.98835981,.73015875,1.0425926,.56481481
2581810,vfl-wolfsburg,82,1,1-fc-koln,3,1,35.722221,15.722222,19.055555,4.2777777,20.862745,7.9215684,10.862745,2.2287581,2015,1.0863351,.84484518,1.2727469,.81094813,1.1317734,.89999998,1.4019275,.91568661,.98333335,.76455027,.73148149,.59722221
2581811,vfb-stuttgart,79,2,hamburger-sv,41,1,0,5.2777777,0,2.5,9.2026148,12.006536,2.993464,3.5424836,2015,.93213791,.62179643,1.0336322,.54502183,.83505189,.59577596,.92041391,.52356702,1.1694444,.90277779,.64007938,.3888889
2581812,fc-augsburg,167,0,eintracht-frankfurt,24,0,42.722221,13.888889,17.444445,4.7222223,18.052288,11.437908,7.7254901,3.862745,2015,1.0832635,.76734716,1.4814124,.84571511,.84783435,.70575398,1.3491491,.89113754,1.3088236,.89215684,1.2962962,1.2592592
2581813,sv-werder-bremen,86,3,hertha-bsc,44,3,7.1111112,6.7777777,3.1111112,1.9444444,4.2483659,7.7189541,1.5555556,2.0261438,2015,1.4964396,.97094566,.86824882,.60357308,1.3753383,.93183422,.86948621,.62566078,1.3065256,1.2060186,.58796299,.39814815
2581814,1-fsv-mainz-05,39,1,borussia-monchengladbach,18,0,5.3888888,0,2,0,6.2091503,11.176471,2.0392158,5.9411764,2015,.98277485,.77129191,1.1197681,1.0179344,.93911582,.73108864,1.1171502,1.0170968,.81111109,.62962961,1.0768518,.81111109
2581815,sv-darmstadt-98,105,0,fc-schalke-04,33,2,0,0,0,0,.52287585,9.3660135,.1503268,4.4248366,2015,.94827926,.796637,1.4893863,.93700135,.87600607,.88170195,1.3017212,.95643568,1.0231482,1.0092592,.94179893,.7185185
2581822,fc-schalke-04,33,3,vfl-wolfsburg,82,0,0,27.444445,0,14.555555,8.9215689,12.980392,4.2352943,6.6339869,2015,1.556338,.96487629,1.1715268,.79831606,1.4141754,1.000809,1.2218002,.8843137,1.1325396,.73148149,1.1354166,.875
2581823,bayer-04-leverkusen,15,0,fc-bayern-munchen,27,0,12.111111,24.235294,6.2222223,19.058823,10.411765,17.375,5.3725491,12.705882,2015,1.246804,.91002297,1.3286365,1.16038,1.3121691,.96375662,1.3798869,1.1616708,1.1550264,.84126985,1.5509804,1.0813725
2581824,borussia-monchengladbach,18,5,sv-werder-bremen,86,1,0,6.3333335,0,2.6666667,8.7058821,3.1503267,4.6209149,1.0915033,2015,1.0571376,1.0836421,1.3176646,.85544544,.95789087,1.0572202,1.1957088,.82350087,1.0074074,.82499999,.83893299,.90972221
2581825,hamburger-sv,41,1,1-fc-koln,3,1,5.0555553,13.166667,2.3333333,3.7222223,9.9346409,5.8562093,2.8692811,1.6666666,2015,1.1869265,.63021994,1.2230555,.79755527,1.295787,.74158049,1.3506048,.95735329,.80674601,.4861111,.66203701,.65277779
2581826,eintracht-frankfurt,24,2,vfb-stuttgart,79,4,13.777778,0,4.8333335,0,7.9542484,12.732026,2.640523,4.1895423,2015,1.5695009,.82770163,1.0704821,.68475944,1.4894409,.923545,.93606204,.63281304,1.6851852,1.3425926,1.2527778,.875
2581827,hannover-96,42,0,1-fsv-mainz-05,39,1,13.888889,4.1666665,7.2777777,1.5555556,11.392157,5.0522876,3.5751634,1.6928104,2015,.97712737,.51998317,.98277485,.77129191,1.0687294,.59328204,.93911582,.73108864,1.0472223,.46296296,.81111109,.62962961
2581828,hertha-bsc,44,0,borussia-dortmund,16,0,6.6666665,0,1.8888888,0,8.2091503,21.326797,2.0392158,11.771242,2015,.8812744,.70484394,1.4578736,1.1133368,.87213171,.72365457,1.3334628,1.1115741,.5324074,.4537037,.96481484,.77499998
2581829,tsg-1899-hoffenheim,533,0,sv-darmstadt-98,105,2,0,0,0,0,8.4705887,.52287585,2.6993463,.1503268,2015,1.2811656,.94604069,1.0268177,.78914541,1.270602,1.0315167,.98549384,.84941477,1.1523148,.97222221,1.098545,.96296299
2581830,fc-ingolstadt-04,4795,2,fc-augsburg,167,1,0,38.388889,0,15.888889,.052287582,14.908497,.013071896,6.4052286,2015,.97646707,.75056195,1.1161095,.74702549,1.1910053,.92949736,1.1094339,.70343918,1.7185185,1.5388889,1.2794118,.88235295
2581843,borussia-dortmund,16,1,hannover-96,42,0,0,0,0,0,26.130718,9.7777777,14.660131,2.8104575,2015,1.3382155,1.0437148,.70850122,.39754391,1.1197876,1.0214419,.78517962,.44777939,.68425924,.71111113,.91203701,.37037036
2581844,vfl-wolfsburg,82,2,fc-ingolstadt-04,4795,0,30.388889,0,16.222221,0,16.849672,.052287582,9.0065355,.013071896,2015,1.3133217,.93810821,1.1678251,.94524378,1.4063799,1.0594474,1.3425926,1.0763228,1.1588235,.90756303,1.8018519,1.6222222
2581845,hamburger-sv,41,3,borussia-monchengladbach,18,2,7.3888888,0,3.3888888,0,10.111111,14.980392,3.0326798,7.980392,2015,1.1200268,.5961355,1.0604706,1.0985671,1.13007,.61195087,.95835382,1.0749671,.67896825,.375,1.1,.86666667
2581846,vfb-stuttgart,79,2,hertha-bsc,44,0,0,7.8333335,0,2.1666667,10.431373,10.359477,3.4052289,2.8104575,2015,1.096198,.72920388,.77992243,.62953532,.95828426,.6670723,.75993526,.67517835,1.4194444,1.0138888,.6574074,.42592594
2581847,fc-augsburg,167,1,fc-bayern-munchen,27,3,30.777779,26.764706,12.777778,21.294117,9.9411764,19.919117,4.3856211,15.125,2015,1.1534655,.82877153,1.4972364,1.4184166,1.0998439,.8183201,1.5058672,1.3618343,1.3088236,.91176468,1.6509804,1.245098
2581848,sv-werder-bremen,86,1,tsg-1899-hoffenheim,533,1,8.7222223,0,4.0555553,0,4.5294118,7.1633987,1.7058823,2.3464053,2015,1.5001789,1.0132016,1.7055637,1.1860389,1.3920051,.99797177,1.7350861,1.3134611,1.2972664,1.2569444,2.0949075,1.7222222
2581849,1-fc-koln,3,3,eintracht-frankfurt,24,1,14.529411,11.5,4.1764708,4.0555553,6.5,7.006536,1.9264706,2.3464053,2015,1.1183491,.71545655,1.3981072,.80393618,1.1990808,.83060223,1.3816968,.89113754,.73039216,.60294116,1.6296296,1.2592592
2581850,1-fsv-mainz-05,39,2,fc-schalke-04,33,1,5.3888888,0,2,0,7.5816994,7.8300653,2.5490196,3.7843137,2015,.84871399,.7818138,1.5217937,.95828563,.79513437,.76627386,1.3620386,.98189867,.65370369,.60185188,1.0621693,.64444447
2581851,sv-darmstadt-98,105,1,bayer-04-leverkusen,15,2,0,13.944445,0,7,.52287585,10.647058,.1503268,5.2418299,2015,1.0162356,.79293329,1.1497622,.94459224,.97322834,.86528778,1.2342045,1.0100529,1.098545,.96296299,1.1576719,1.0542328
2581852,fc-bayern-munchen,27,3,sv-darmstadt-98,105,1,21.777779,0,17.444445,0,14.196078,.071895428,10.660131,.019607844,2015,1.5529792,1.515877,.93097335,.67225677,1.5885439,1.451826,.90560764,.79189712,1.7425926,1.2898148,.72817463,.6388889
2581853,fc-schalke-04,33,1,vfb-stuttgart,79,1,0,0,0,0,8.7843142,11.575164,3.9803922,3.8300653,2015,1.4336996,.93680137,1.0711435,.68846309,1.3267466,1.028373,.93606204,.6369797,1.0955026,.75925928,1.3083333,.90277779
2581854,bayer-04-leverkusen,15,0,borussia-dortmund,16,1,10.833333,0,5.5,0,9.4183006,26.607843,4.8888888,14.784314,2015,1.1636523,.84428221,1.4508182,1.005316,1.1483083,.89014548,1.268944,.96285611,1.010582,.68849206,.94814813,.66481483
2581855,borussia-monchengladbach,18,1,1-fc-koln,3,0,0,11.944445,0,3.3888888,18.686274,4.4183006,9.6862745,1.248366,2015,1.0342361,1.1352184,1.358358,.81211573,1.0361316,1.1424615,1.4843529,.99359667,1.2805556,.96018517,.91666669,.6388889
2581856,eintracht-frankfurt,24,0,hamburger-sv,41,0,12.666667,6.7222223,4.2222223,3.0555556,7.2745099,11.745098,2.4379084,3.509804,2015,1.5166256,.77122015,1.0065004,.53077602,1.3998545,.79259259,1.0189589,.5286175,1.5462962,1.0648148,.54007936,.30092594
2581857,hannover-96,42,0,fc-augsburg,167,1,13.888889,34.111111,7.2777777,13.944445,14.235294,12.457517,4.2287583,5.2549019,2015,.8768959,.58612078,1.3119211,.88977474,.93480086,.69625819,1.2639973,.90566576,.99166667,.37962964,1.125,.80555558
2581858,hertha-bsc,44,1,vfl-wolfsburg,82,1,8.3888893,26.529411,2.2777777,13.882353,9.0915031,13.794118,2.359477,7.0661764,2015,.89589429,.7449674,1.1878533,.79329443,.88447738,.76686448,1.2929811,.92253786,.5324074,.4537037,1.1511111,.80000001
2581859,tsg-1899-hoffenheim,533,3,1-fsv-mainz-05,39,2,0,4.7222223,0,1.7777778,8.0849676,5.5947714,2.640523,1.8954248,2015,1.5496256,1.1256883,.91553241,.8368091,1.5440367,1.2154813,.85289448,.82553309,1.9074074,1.6888889,.72592592,.56481481
2581860,fc-ingolstadt-04,4795,2,sv-werder-bremen,86,0,0,6.1111112,0,2.8333333,.052287582,2.993464,.013071896,1.1176471,2015,1.3085523,.88292462,1.4225435,.98454195,1.4856482,.99874341,1.3184922,.97713846,2.2092593,1.4277778,1.2463404,1.2152778
2581867,borussia-dortmund,16,3,tsg-1899-hoffenheim,533,1,0,0,0,0,26.888889,8.3790846,14.973856,2.8039215,2015,1.3998342,1.08365,1.4505423,.98379022,1.2147205,1.0195901,1.4991734,1.1069355,.83240741,.72500002,1.8449074,1.4444444
2581868,vfl-wolfsburg,82,0,fc-bayern-munchen,27,2,26.647058,27.222221,13.941176,21.555555,14.161765,17.196079,7.375,12.934641,2015,1.311851,.88192415,1.5771128,1.524042,1.4017293,.99898988,1.6255329,1.4717774,1.1980392,.73109245,1.7648149,1.2898148
2581869,hamburger-sv,41,1,fc-ingolstadt-04,4795,1,6.7222223,0,3.0555556,0,11.745098,.052287582,3.509804,.013071896,2015,1.110667,.59449011,1.2188087,.8203761,1.2103169,.65824717,1.3976852,.94041008,.67896825,.41203704,2.1296296,1.3611112
2581870,vfb-stuttgart,79,1,hannover-96,42,2,0,7.3888888,0,4.3333335,11.735294,13.215686,3.8308823,3.9281046,2015,1.0944719,.78368467,.89391148,.72060049,.96843541,.75617176,.91134608,.8140713,1.267647,1.1029412,.60648149,.62037039
2581871,fc-augsburg,167,2,borussia-monchengladbach,18,2,37.666668,0,15.444445,0,14.48366,18.686274,6.1176472,9.6862745,2015,1.2776175,.91052496,.96340269,1.0352659,1.2102937,.92665344,.95974272,1.0635474,1.4305556,1,1.1101851,.87685186
2581872,sv-werder-bremen,86,2,sv-darmstadt-98,105,2,5.7777777,0,2.6111112,0,2.3725491,.58823532,.875817,.15686275,2015,1.5273055,.99380124,1.0471168,.78914541,1.4285865,.96834213,.98549384,.82626665,1.2710317,1.2268518,1.098545,.94444442
2581873,eintracht-frankfurt,24,0,fc-schalke-04,33,0,12.166667,0,4.2222223,0,7.0653596,7.5620914,2.2810457,3.7254901,2015,1.1823901,.63870049,1.3224118,.87794793,1.1417277,.71058202,1.2761509,.93652827,1.074074,1.1481482,1.0992063,.70925927
2581874,1-fc-koln,3,0,hertha-bsc,44,1,12.055555,8.2777777,3.3333333,2.3333333,4.6274509,9.8888893,1.2745098,2.8300653,2015,1.2773751,.7876448,.9165172,.7773748,1.3744476,.91964287,.91093242,.78353113,.95833331,.6388889,.44907406,.47222221
2581875,1-fsv-mainz-05,39,3,bayer-04-leverkusen,15,1,3.5,0,1.3333334,0,5.019608,7.640523,1.6797385,3.8039215,2015,.93619138,.7671442,1.0188115,.82623386,.85642183,.6857183,1.0211678,.90411854,1.0425926,.64814812,.9195767,.94444442
2581888,fc-bayern-munchen,27,1,1-fsv-mainz-05,39,2,20.833334,4.1111112,16.055555,1.5555556,11.444445,5.006536,8.2352943,1.6928104,2015,1.5776706,1.4854189,.90891868,.79183561,1.6154799,1.4402518,.84054881,.74682939,1.7203704,1.2453704,.73703706,.56481481
2581889,fc-schalke-04,33,3,hamburger-sv,41,2,0,5.2777777,0,2.5,7.7320261,11.980392,3.6797385,3.5620916,2015,1.376749,.91746074,1.1154979,.57010597,1.3226156,.96430606,1.1686503,.63046938,1.0436507,.69074076,.76230156,.4675926
2581890,bayer-04-leverkusen,15,1,sv-werder-bremen,86,4,0,8.4444447,0,3.9444444,8.8496733,4.4836602,4.3398695,1.6535947,2015,1.0335174,.82623386,1.3019595,.85996282,1.0489455,.90411854,1.2182395,.82237655,.9195767,.94444442,1.1815256,1.0763888
2581891,borussia-monchengladbach,18,4,vfb-stuttgart,79,0,0,0,0,0,15.006536,8.973856,7.9019608,2.9019608,2015,1.0492823,1.1466823,1.0826875,.75496143,1.0597427,1.1615412,.94796675,.72110665,1.3,.98796296,1.2527778,1.0416666
2581892,hannover-96,42,0,vfl-wolfsburg,82,4,7.3888888,26.888889,4.3333335,14.555555,10.431373,14.457517,3.1241829,7.7973857,2015,.93205464,.7634576,1.2402124,.88288903,.97493434,.87251484,1.3279486,1.0006239,.69444442,.73148149,1.0705882,.8487395
2581893,hertha-bsc,44,2,eintracht-frankfurt,24,0,8.2777777,13.055555,2.3333333,4.3333335,9.679739,9.1307192,2.7385621,2.9281046,2015,.97438759,.81418037,1.1511223,.69840866,.95855147,.7980814,.98032188,.74695766,.64351851,.55555558,.89814812,1.1203704
2581894,tsg-1899-hoffenheim,533,2,fc-augsburg,167,1,0,35.777779,0,14.888889,6.6666665,14.352942,2.359477,6.1503267,2015,1.6151617,1.1613754,1.311861,.87244332,1.6185517,1.2815387,1.289791,.89455467,1.8726852,1.7222222,1.6527778,1.0277778
2581895,fc-ingolstadt-04,4795,1,1-fc-koln,3,1,0,13.5,0,3.6666667,.052287582,6.0915031,.013071896,1.6274509,2015,1.252142,.90556127,1.114874,.75209588,1.4393518,1.0584656,1.2214561,.90907288,2.1574075,1.4444444,.68981481,.6388889
2581896,sv-darmstadt-98,105,0,borussia-dortmund,16,2,0,0,0,0,.49673203,27.856209,.13725491,15.392157,2015,.98524809,.76321948,1.3408836,1.0781674,.92993826,.79848886,1.170561,1.0372669,1.0615079,.9074074,1.1796297,1.1138889
2581903,borussia-dortmund,16,0,fc-bayern-munchen,27,0,0,30.833334,0,24.5,29.699347,20.104576,16.660131,15.313725,2015,1.3343071,1.0423329,1.5831857,1.5333012,1.1933529,.99861109,1.6262451,1.4764071,.79351854,.63611114,1.7537037,1.2898148
2581904,vfl-wolfsburg,82,2,borussia-monchengladbach,18,1,26.888889,0,14.555555,0,14.457517,15.503268,7.7973857,8.2287579,2015,1.2108006,.88288903,1.0300694,1.0950949,1.2994281,1.0006239,1.0338168,1.1245042,1.0509804,.8487395,1.2768519,.96944445
2581905,hamburger-sv,41,2,hertha-bsc,44,0,6.4444447,8.2777777,2.8888888,2.2777777,10.111111,8.6601305,3.0326798,2.4509804,2015,1.1499182,.62479311,.97438759,.81418037,1.2658725,.69528419,.95855147,.7980814,.81785715,.49537036,.64351851,.55555558
2581906,vfb-stuttgart,79,5,tsg-1899-hoffenheim,533,1,0,0,0,0,12.142858,5.9230771,3.4761906,1.9120879,2015,1.6385504,.95870876,1.5530252,1.0327802,1.3753788,.95737374,1.6188352,1.2004137,1.525,1.15,1.6934524,1.3214285
2581907,fc-augsburg,167,3,bayer-04-leverkusen,15,3,34.666668,0,14.333333,0,13.96732,6.9607844,5.8888888,3.3790851,2015,1.2573436,.87552971,1.1046511,.83604664,1.2355582,.91307318,1.1226565,.90411854,1.0972222,.80555558,1.0703703,1.0833334
2581908,sv-werder-bremen,86,4,hannover-96,42,1,8.4444447,7.3888888,3.9444444,4.3333335,4.4836602,10.431373,1.6535947,3.1241829,2015,1.3019595,.85996282,.93205464,.7634576,1.2182395,.82237655,.97493434,.87251484,1.1815256,1.0763888,.69444442,.73148149
2581909,eintracht-frankfurt,24,1,fc-ingolstadt-04,4795,1,9.6111107,0,3.1111112,0,5.3725491,.052287582,1.6862745,.013071896,2015,1.0561556,.54058039,1.252142,.90556127,.89390218,.59417987,1.4393518,1.0584656,.9537037,1.0648148,2.1574075,1.4444444
2581910,1-fc-koln,3,1,fc-schalke-04,33,3,15,0,4.0555553,0,6.8104577,7.7320261,1.7908497,3.6797385,2015,1.1171187,.73473477,1.376749,.91746074,1.2214561,.8832792,1.3226156,.96430606,.72685188,.6388889,1.0436507,.69074076
2581911,1-fsv-mainz-05,39,0,sv-darmstadt-98,105,0,4.7777777,0,1.7777778,0,5.2745099,.45751634,1.745098,.12418301,2015,.90658438,.79629189,.79605573,.71086907,.86292535,.75608867,.74166667,.76145184,.75555557,.57407409,.82076722,.8611111
2581918,fc-bayern-munchen,27,5,sv-werder-bremen,86,0,26.666666,5.3888888,20.777779,2.4444444,18.300653,1.0718955,13.437908,.44444445,2015,1.3556216,1.3637106,1.2048308,.66287476,1.4082965,1.3051108,1.1441094,.66000885,1.4129629,1.1416667,1.0315256,.72916669
2581919,borussia-dortmund,16,2,1-fsv-mainz-05,39,0,0,4.7777777,0,1.7777778,27.058823,5.6274509,14.895425,1.8823529,2015,1.388921,1.0544647,1.1026161,.90740299,1.2133884,1.0165598,1.1067525,.89497757,.82314813,.65092593,1.2444445,.85185188
2581920,bayer-04-leverkusen,15,1,hamburger-sv,41,0,14.111111,6.7222223,7,3.0555556,9.6862745,11.830066,4.7385621,3.490196,2015,1.216383,.85309958,1.135667,.61825716,1.2493825,.95310849,1.2460312,.69023371,1.141799,1.0185186,.80674601,.49537036
2581921,borussia-monchengladbach,18,3,eintracht-frankfurt,24,0,0,0,0,0,17.945055,2.2380953,9.5934067,.71428573,2015,.91759968,1.0607526,1.7126603,.85338002,1.044329,1.1126742,1.7350433,1.105,1.2952381,1.0321429,1.2166667,1.45
2581922,hannover-96,42,0,1-fc-koln,3,2,13.888889,13.222222,7.2777777,3.6111112,9.6078434,4.8104577,2.9346404,1.2875817,2015,.96214724,.71231121,1.4013067,.86773139,.99730086,.82886404,1.5643133,1.0425385,.65833336,.64814812,1.0231482,.75
2581923,hertha-bsc,44,2,fc-schalke-04,33,0,7.7222223,0,2.1111112,0,8.7647057,7.7320261,2.3856208,3.6797385,2015,.86559129,.73385632,1.376749,.91746074,.8765409,.76686448,1.3226156,.96430606,.5138889,.4537037,1.0436507,.69074076
2581924,tsg-1899-hoffenheim,533,1,vfl-wolfsburg,82,0,0,26.888889,0,14.555555,4.1176472,14.457517,1.2810458,7.7973857,2015,1.7163962,1.1649909,1.051487,.86328119,1.6919644,1.2813402,1.1401143,.98101604,1.900463,1.6388888,.93333334,.78991598
2581925,fc-ingolstadt-04,4795,3,vfb-stuttgart,79,3,0,0,0,0,.026143791,8.1568632,.013071896,2.6732025,2015,1.1843594,.78620839,.93279928,.62550014,1.3363096,.83822751,.83505189,.59994262,1.8851852,.92777777,1.225,.93055558
2581926,sv-darmstadt-98,105,2,fc-augsburg,167,2,0,36.277779,0,14.611111,.45751634,14.418301,.12418301,6.0457516,2015,.79626,.71599728,1.2113559,.80330747,.68611109,.76145184,1.1833173,.83899909,.82076722,.8611111,1.0046296,.69444442
2581933,fc-schalke-04,33,2,borussia-monchengladbach,18,1,0,0,0,0,9.8104572,13.555555,4.6666665,7.3267975,2015,1.536901,.97186327,.98493046,1.139051,1.410713,1.0360653,1.0421942,1.1870042,1.2288359,.8296296,1.1935185,.98796296
2581934,vfl-wolfsburg,82,1,sv-darmstadt-98,105,1,22.333334,0,12.055555,0,11.058824,.58823532,6,.15686275,2015,1.1277941,.73746419,.8024078,.68645179,1.1441102,.80398524,.72014189,.74491745,.92941177,.73109245,.84854496,.83333331
2581935,hamburger-sv,41,1,tsg-1899-hoffenheim,533,3,7.2222223,0,3.2777777,0,7.1960783,5.8888888,2.0915034,1.8954248,2015,1.0853834,.56476676,1.5693694,1.0245173,1.0992059,.6212101,1.5793202,1.1497927,1.0400794,.5925926,2.0282407,1.7777778
2581936,vfb-stuttgart,79,0,bayer-04-leverkusen,15,2,0,11.611111,0,5.7777777,7.2026143,5.1895423,2.0915034,2.5424836,2015,.91722691,.63512015,1.329078,.87539417,.85489321,.6481722,1.3009096,.92687392,1.2805556,1.125,1.2362434,1.1527778
2581937,fc-augsburg,167,1,borussia-dortmund,16,3,39.166668,1.5,16.055555,.72222221,16.509804,18.019608,7.1045752,9.9281044,2015,1.2565283,.93231982,1.366372,1.1557088,1.248455,.96554232,1.1411662,1.1205161,1.4675926,1.0277778,.94814813,.99814814
2581938,sv-werder-bremen,86,1,1-fsv-mainz-05,39,1,8.666667,4.9444447,4,1.8333334,4.5947714,6.7973857,1.6797385,2.143791,2015,1.374253,.91046786,1.1004579,.96135521,1.2691655,.89380509,1.1013513,.97283953,1.2370812,1.150463,1.1592592,.87962961
2581939,eintracht-frankfurt,24,1,hannover-96,42,0,0,13.888889,0,7.2777777,9.8366013,7.8758168,3.1633987,2.4183006,2015,1.1255085,.77524567,.97473866,.70831245,1.0848032,.8798942,1.0158193,.79819822,1.1222222,1.2037038,.65833336,.64814812
2581940,1-fc-koln,3,0,fc-bayern-munchen,27,1,13.666667,25.611111,3.6666667,20,5.5882354,17.352942,1.5228758,12.660131,2015,1.135076,.77987367,1.3320196,1.3664885,1.2214561,.87864959,1.373953,1.3043392,.69907409,.55555558,1.4185185,1.1694444
2581941,hertha-bsc,44,2,fc-ingolstadt-04,4795,1,7.7222223,0,2.1111112,0,8.7647057,.052287582,2.3856208,.013071896,2015,.86559129,.73385632,1.1229533,.88968825,.8765409,.76686448,1.3259259,1.034656,.5138889,.4537037,1.8425926,1.5555556
2581942,fc-bayern-munchen,27,1,eintracht-frankfurt,24,0,22.611111,0,17.555555,0,13.24183,7.1699347,9.8627453,2.2483661,2015,1.3626883,1.3838495,1.2775123,.76628679,1.3839245,1.3194907,1.1547719,.85119045,1.4074074,1.1694444,1.0555556,1.1666666
2581943,borussia-dortmund,16,3,sv-werder-bremen,86,2,1.5,9.9444447,.72222221,4.5555553,14.189543,5.5751634,7.6993465,2.0915034,2015,1.5103716,1.188334,1.4274275,.95745152,1.329872,1.1325531,1.4069401,.98408288,.91574073,.78981483,1.3555996,1.3310186
2581944,bayer-04-leverkusen,15,3,vfl-wolfsburg,82,0,13.777778,29.333334,6.8333335,15.333333,8.9477119,14.751634,4.352941,7.4248366,2015,1.2799885,.95323193,1.1990359,.81690109,1.3593912,1.0205468,1.2447637,.91238856,1.315873,1.1805556,.93921566,.67226893
2581945,borussia-monchengladbach,18,5,hertha-bsc,44,0,0,7.6666665,0,2,15.555555,7.0784316,8.3529415,1.8496732,2015,.85136569,1.0684161,.86373055,.74069393,.91256458,1.1197202,.85417438,.76686448,.97129631,.89537036,.51851851,.4537037
2581946,hannover-96,42,0,hamburger-sv,41,3,13.888889,7.3888888,7.2777777,3.3888888,6.4248366,7.4444447,2.0392158,2.1699347,2015,1.282609,.89233768,1.2033321,.67160439,1.3676713,.97809243,1.2288355,.7323212,1.6398149,1.0833334,1.0678571,.66666669
2581947,tsg-1899-hoffenheim,533,1,1-fc-koln,3,1,0,14.055555,0,4.0555553,8.2156858,6.5686274,2.5882354,1.9803921,2015,1.585039,1.0985914,1.4027048,.89743519,1.5723757,1.1974117,1.5319362,.99861109,1.9449074,1.6388888,1.0185186,.68055558
2581948,1-fsv-mainz-05,39,4,fc-augsburg,167,2,5.3888888,39.055557,2,15.833333,7.352941,16.980392,2.4771242,7.1568627,2015,1.0461386,1.0595034,1.298898,.86503589,1.0451343,1.0111812,1.2761744,.89455467,1.327451,1.254902,1.5046296,.91666669
2581949,fc-ingolstadt-04,4795,3,fc-schalke-04,33,0,0,.33333334,0,.055555556,.052287582,9.1633987,.013071896,4.359477,2015,.94868928,.74628842,1.4952344,.92905426,1.1539682,.92949736,1.3697407,.98606533,1.6814815,1.5388889,1.1732805,.81111109
2581950,sv-darmstadt-98,105,2,vfb-stuttgart,79,2,0,0,0,0,.39215687,8.9673204,.11764706,2.7973857,2015,.76537883,.71978515,1.0827371,.66690224,.67384559,.80047297,.96807259,.61126745,.82076722,.87962961,1.4472222,.95833331
2581951,fc-schalke-04,33,2,borussia-dortmund,16,2,.33333334,0,.055555556,0,8.4640522,22.267973,4.0457516,12.372549,2015,1.3993349,.92358285,1.5561825,1.2230018,1.3641851,.99902827,1.3655752,1.1674857,1.2288359,.8296296,1.0175925,.86388886
2581952,vfl-wolfsburg,82,1,1-fsv-mainz-05,39,1,30.555555,5.5555553,16.277779,2.0555556,17.562092,7.1633987,9.1372547,2.2483661,2015,1.3803384,.86956006,1.0056828,.8487891,1.296888,.94404125,.99632484,.84182101,1.1941177,.80952382,1.1333333,.83333331
2581953,hamburger-sv,41,1,sv-darmstadt-98,105,2,7.7222223,0,3.6111112,0,8.2745094,.45751634,2.2679739,.12418301,2015,.89520627,.52661049,.74882245,.73796695,.94411319,.53390855,.66626984,.74260259,.98452383,.56481481,.77910054,.77777779
2581954,vfb-stuttgart,79,1,fc-bayern-munchen,27,3,0,25.055555,0,19.611111,3.7794118,13.555555,1.0073529,10.071896,2015,.80134952,.48583642,1.3626883,1.3838495,.73142135,.45483619,1.3839245,1.3194907,1.267647,.95588237,1.4074074,1.1694444
2581955,sv-werder-bremen,86,1,fc-augsburg,167,2,9.9444447,35.111111,4.5555553,14.388889,5.5751634,13.745098,2.0915034,5.7973857,2015,1.4274275,.95745152,1.277985,.8399412,1.4069401,.98408288,1.2710681,.87433863,1.3555996,1.3310186,1.2518518,.91851854
2581956,eintracht-frankfurt,24,0,tsg-1899-hoffenheim,533,2,0,0,0,0,7.026144,9.7385616,2.2026143,3.1764705,2015,1.2895933,.72675282,1.7131253,1.1733778,1.062076,.69537038,1.6603386,1.256671,.95555556,.92592591,2.0560186,1.7222222
2581957,1-fc-koln,3,0,bayer-04-leverkusen,15,2,15.777778,14.055555,4.5,7,8.2810459,7.3790851,2.4444444,3.5555556,2015,1.3975766,.89280558,1.2894293,.94261098,1.5176504,.99464285,1.3532184,1.0290344,1.0046296,.68055558,1.2973545,1.125
2581958,hertha-bsc,44,2,hannover-96,42,2,7.7777777,0,2.0555556,0,7.7254901,8.6862745,2.1633987,2.6143792,2015,.94267792,.78884208,1.263715,.81926757,.91400343,.78706646,1.3382881,.89288521,.74074072,.50925928,2.199074,1.1481482
2581959,fc-ingolstadt-04,4795,1,borussia-monchengladbach,18,0,0,0,0,0,.052287582,15.555555,.013071896,8.3529415,2015,1.1507311,.89396173,.85136569,1.0684161,1.362963,1.034656,.91256458,1.1197202,1.8796296,1.5555556,.97129631,.89537036
2581960,fc-bayern-munchen,27,3,fc-schalke-04,33,0,23.055555,.33333334,18.111111,.055555556,10.620915,6.8627453,7.8692808,3.3006537,2015,1.3567109,1.3360304,1.3925872,.90660757,1.400889,1.2927651,1.387262,1.0073617,1.3962963,1.125,1.2380953,.83888888
2581961,borussia-dortmund,16,3,hamburger-sv,41,0,1.5,7.3888888,.72222221,3.4444444,14.039216,7.3398695,7.7712417,1.9869281,2015,1.256936,1.100877,.89520627,.52661049,1.1539849,1.0492197,.94411319,.53390855,1.2703704,1.1444445,.98452383,.56481481
2581962,bayer-04-leverkusen,15,3,eintracht-frankfurt,24,0,8.666667,0,4.1111112,0,4.7189541,6.993464,2.2549019,2.2614379,2015,1.3725712,1.1218288,1.4228891,.85113531,1.4492179,1.2194664,1.2918739,.94378304,1.3531746,1.2116402,1.1666666,1.287037
2581963,fc-augsburg,167,1,vfb-stuttgart,79,0,37.611111,0,15.166667,0,14.830066,7.6078429,6.1830068,2.1307189,2015,1.1810682,.81638271,.90412235,.60170263,1.2540767,.87603617,.85605061,.62822068,1.4972222,.83333331,1.2805556,1.125
2581964,sv-werder-bremen,86,3,vfl-wolfsburg,82,2,6.0555553,39.833332,2.7777777,21,4.6339869,25.117647,1.751634,12.679739,2015,1.3175019,.91281277,1.6514169,.9672817,1.2388625,.87660933,1.5892973,1.0644895,1.2972664,1.2013888,1.4784313,1.0448179
2581965,hannover-96,42,2,borussia-monchengladbach,18,0,0,0,0,0,12.75817,12.90196,3.862745,6.7777777,2015,1.0829144,.61435395,1.0042827,1.1727371,1.1023153,.65732521,1.0718238,1.2055228,1.2731482,.72222221,1.1240741,.95092595
2581966,tsg-1899-hoffenheim,533,2,hertha-bsc,44,1,0,8.4444447,0,2.2777777,6.5228758,11.267974,2.2941177,2.9738562,2015,1.6619349,1.1537197,.88269001,.66221505,1.6226403,1.2503217,.90631974,.7149511,1.9449074,1.7777778,.74074072,.4537037
2581967,1-fsv-mainz-05,39,2,1-fc-koln,3,3,6,17,2.2222223,4.7777777,6.5490198,9.8431368,2.1764705,2.8300653,2015,.98270875,.83981043,1.2357099,.81223017,.98938036,.84266275,1.3681312,.90874219,1.1074075,.80555558,.74537039,.59722221
2581968,sv-darmstadt-98,105,2,fc-ingolstadt-04,4795,0,0,0,0,0,.49673203,.052287582,.13725491,.013071896,2015,.74755985,.67062688,1.1507311,.89396173,.67089945,.71713966,1.362963,1.034656,.79761904,.7962963,1.8796296,1.5555556
2581969,fc-schalke-04,33,2,bayer-04-leverkusen,15,3,.33333334,15.722222,.055555556,7.7777777,12.084968,11.797385,5.7385621,5.7516341,2015,1.3783824,.85750544,1.1996577,1.0392329,1.2131269,.88421345,1.3183419,1.1530864,.9473545,.75555557,1.1179894,1.1607143
2581970,borussia-monchengladbach,18,3,tsg-1899-hoffenheim,533,1,0,0,0,0,13.274509,9.026144,7.0980392,3.0915034,2015,1.0328472,1.1446981,1.461962,.97173959,1.007009,1.1698745,1.4503518,1.0624911,1.0351852,.91759259,1.8337963,1.4444444
2581971,vfl-wolfsburg,82,0,fc-augsburg,167,2,39.529411,41.166668,20.705883,16.611111,23.75,17.457516,11.860294,7.2679739,2015,1.4938645,.80515581,1.118009,.85641795,1.4855084,.89642221,1.2395866,.92480159,1.4916667,.89583331,1.4138889,.83333331
2581972,hamburger-sv,41,2,sv-werder-bremen,86,1,2.9444444,8.166667,1.5555556,3.7777777,7.5098038,5.4640522,2.1241829,2.0915034,2015,.96465069,.58605105,1.3652582,.95610279,1.0413355,.60798258,1.2666403,.94010139,.90119046,.5,1.2972664,1.261574
2581973,vfb-stuttgart,79,0,borussia-dortmund,16,3,0,0,0,0,8.7843142,21.928104,2.6666667,12.366014,2015,1.0585341,.685036,1.3234664,1.0699875,.95706069,.67065895,1.1008122,1.0140346,1.4194444,1.125,.61481482,.63703704
2581974,eintracht-frankfurt,24,2,1-fsv-mainz-05,39,1,0,4.6111112,0,1.6666666,7.7385621,5.0522876,2.5294118,1.6535947,2015,1.084236,.6617133,.98012936,.83046299,1.1079144,.79100531,1.0012851,.8278479,1.3055556,1.0555556,1.1907407,.75
2581975,1-fc-koln,3,4,sv-darmstadt-98,105,1,17.611111,0,4.9444447,0,8.8169937,.071895428,2.5620916,.019607844,2015,1.0417284,.73123109,.76690507,.72315216,1.1794738,.82540888,.67089945,.79584336,.73148149,.59722221,.80687833,.87962961
2581976,hertha-bsc,44,0,fc-bayern-munchen,27,2,7,22.470589,1.7777778,17.647058,7.3725491,14.110294,1.9411764,10.411765,2015,.84362245,.68276,1.4112269,1.3395203,.78200889,.64604515,1.4649851,1.2975513,.52777779,.41666666,1.4460784,1.1205882
2581977,fc-ingolstadt-04,4795,2,hannover-96,42,2,0,0,0,0,0,10.941176,0,3.1633987,2015,1.1200072,.88285065,.9437921,.66188049,1.3259259,1.0161376,.9808206,.71089667,1.824074,1.5277778,1.2731482,.80555558
2581978,fc-bayern-munchen,27,1,borussia-monchengladbach,18,1,26.388889,0,20.777779,0,14.039216,11.529411,10.54902,6.0457516,2015,1.2109678,1.0770495,1.0967361,1.1742241,1.2913651,1.1082413,1.0863742,1.2026126,1.312963,.98148149,1.2203704,.91759259
2581979,borussia-dortmund,16,5,vfl-wolfsburg,82,1,0,35.277779,0,18.777779,23.359478,20.372549,13.444445,10.48366,2015,1.5228654,1.2410939,1.5534986,.85116571,1.3789784,1.1796912,1.4516203,.9021765,.9990741,.82685184,1.3222222,.89417988
2581980,bayer-04-leverkusen,15,2,hertha-bsc,44,1,10.666667,7.7777777,5.2777777,2.1111112,8.2222223,8.8039217,4.2418299,2.4313726,2015,1.4330192,1.1603748,.91027051,.75828648,1.5336196,1.2830467,.86506164,.72965908,1.4050264,1.2810847,.58333331,.5
2581981,fc-augsburg,167,0,1-fc-koln,3,0,40.722221,15.888889,16.277779,4.5,16.071896,7.8235292,6.6862745,2.2941177,2015,1.03749,.74257624,1.3301899,.85623109,1.0475953,.80628306,1.538204,.97937709,1.2361112,.77777779,1.0462962,.70833331
2581982,sv-werder-bremen,86,6,vfb-stuttgart,79,2,8.2777777,0,3.8333333,0,5.7712417,4.6013074,2.1960785,1.3333334,2015,1.3366868,.93388057,1.0344239,.66668582,1.1793387,.89248234,.90723705,.61281067,1.2972664,1.261574,1.4194444,1.1805556
2581983,hannover-96,42,1,fc-schalke-04,33,3,0,.33333334,0,.055555556,12.627451,9.6732025,3.7254901,4.4771242,2015,1.0060631,.70817679,1.3783824,.85750544,1.0326724,.73558801,1.2131269,.88421345,1.287037,.80555558,.9473545,.75555557
2581984,tsg-1899-hoffenheim,533,2,fc-ingolstadt-04,4795,1,0,0,0,0,10.385621,.026143791,3.7320261,.013071896,2015,1.6130131,1.1648904,1.068751,.84682369,1.6320648,1.2776315,1.2688272,.99973547,2.0930555,1.8333334,1.7314814,1.5
2581985,1-fsv-mainz-05,39,0,hamburger-sv,41,0,4.7222223,3.1666667,1.7222222,1.6111112,5.5620914,7.8104577,1.8692811,2.4705882,2015,1.0750037,.93181378,.90683967,.50787306,1.0825241,.97182941,.9935661,.61889529,1.1814815,.87962961,.71600527,.40925926
2581986,sv-darmstadt-98,105,1,eintracht-frankfurt,24,2,0,0,0,0,.45751634,7.026144,.12418301,2.2549019,2015,.74649149,.65210837,1.3195162,.73960334,.66626984,.68010259,1.2627634,.86507934,.79298943,.77777779,1.4444444,1.2592592
2581987,fc-schalke-04,33,1,fc-augsburg,167,1,.33333334,37.64706,.055555556,15.294118,10,12.897058,4.6339869,5.2941175,2015,1.5080121,.89664686,1.1500636,.84311998,1.3887222,.94439864,1.1582381,.89292717,1.2066138,.81111109,1.25,.82352942
2581988,borussia-monchengladbach,18,2,bayer-04-leverkusen,15,1,0,11.8,0,5.8000002,12.882353,9.5047617,6.5686274,4.8952379,2015,1.0895619,1.1322759,1.3117923,.884269,1.0874543,1.1650145,1.4498851,1.0370635,1.2009259,.88981479,1.3412699,1.2111111
2581989,hamburger-sv,41,0,vfl-wolfsburg,82,1,3.1111112,35.277779,1.6111112,18.777779,6.993464,20.372549,2.0457516,10.48366,2015,.95770627,.56079853,1.5534986,.85116571,1.1093068,.62650114,1.4516203,.9021765,1.0215608,.52037036,1.3222222,.89417988
2581990,vfb-stuttgart,79,1,1-fsv-mainz-05,39,3,0,6,0,2.2222223,7.5947714,7.9281044,2.4705882,2.6535947,2015,.97173828,.71793556,1.0034759,.87934464,.89465088,.73029578,1.0301431,.8884961,1.225,1.2361112,1.1537037,.85185188
2581991,eintracht-frankfurt,24,1,borussia-dortmund,16,0,0,0,0,0,6.1764708,15.30719,2.013072,8.5163403,2015,1.3180476,.7489748,1.6842688,1.3976665,1.2011893,.84100527,1.509288,1.3456844,1.2685186,1.0925926,1.4342593,1.2898148
2581992,1-fc-koln,3,0,sv-werder-bremen,86,0,14.888889,9.9444447,4.1666665,4.5555553,6.2091503,5.6274509,1.7647059,2.1176472,2015,1.3272222,.86073607,1.4829831,.95367777,1.5193547,1.0425385,1.4023225,.95167547,.96296299,.7638889,1.3481922,1.275463
2581993,hannover-96,42,1,tsg-1899-hoffenheim,533,0,0,0,0,0,9.2875814,9.0653591,2.8366013,3.2026143,2015,1.0711114,.79261202,1.7056731,1.1722236,1.1068482,.84058642,1.7377197,1.2777468,1.3981482,1.1111112,2.1949074,1.9166666
2581994,hertha-bsc,44,1,sv-darmstadt-98,105,2,2.0555556,0,.5,0,8.0522881,.49673203,2.143791,.13725491,2015,.98103774,.79946476,.97771859,.77626663,.94695199,.79420936,.91612953,.82825077,.77314812,.56481481,1.0476191,.9074074
2581995,fc-ingolstadt-04,4795,1,fc-bayern-munchen,27,2,0,27.722221,0,21.888889,.052287582,17.398693,.013071896,13.222222,2015,1.1048557,.88701731,1.2592818,1.2787325,1.3375,1.0253968,1.292828,1.2305187,1.8935186,1.5555556,1.324074,1.0861111
2581996,fc-bayern-munchen,27,3,hannover-96,42,1,20.166666,0,15.888889,0,15.843137,10.213235,11.588235,3.2205882,2015,1.3378618,1.3320621,.86266071,.55079085,1.4044966,1.2887969,.86607462,.56218487,1.4240741,1.1527778,.50980395,.61764705
2581997,borussia-dortmund,16,2,1-fc-koln,3,2,0,13.5,0,3.7777777,20.503267,5.647059,11.24183,1.6470588,2015,1.2347319,.94847047,1.5446324,.93687403,1.0312015,.87009519,1.7278534,1.1146284,.7509259,.55370373,1.0231482,.70833331
2581998,bayer-04-leverkusen,15,3,fc-ingolstadt-04,4795,2,14.823529,0,7.5882354,0,12.5,.026143791,6.3897057,.013071896,2015,1.2584037,1.074055,1.1498052,.88840622,1.3916596,1.1525635,1.3722222,1.034656,1.3238095,1.1554621,1.9074074,1.5555556
2581999,vfl-wolfsburg,82,3,vfb-stuttgart,79,1,32.222221,0,17.111111,0,17.359478,9.8300657,8.7843142,3.006536,2015,1.5865674,.9083457,1.1327637,.78781378,1.4710648,.96884322,1.012947,.77363515,1.2444445,.89417988,1.5166667,1.375
2582000,fc-augsburg,167,1,hamburger-sv,41,3,35.722221,5.75,14.777778,2.75,12.156863,4.8416667,5.1241832,1.3166667,2015,1.0569744,.74021935,1.1859016,.75873107,1.0941198,.82943124,1.2375222,.79437006,1.1407408,.6574074,2.0513394,1.2291666
2582001,sv-werder-bremen,86,1,eintracht-frankfurt,24,0,8.7777777,0,4,0,5.2483659,11.470589,2.013072,3.7647059,2015,1.4344501,.8743127,1.1065425,.65205324,1.2713702,.84850091,1.1489499,.69510579,1.2417108,1.136574,1.4814814,.83333331
2582002,tsg-1899-hoffenheim,533,1,fc-schalke-04,33,4,0,.33333334,0,.055555556,9.8300657,14.849673,3.3333333,7.019608,2015,1.3769211,.85336834,1.2840263,.86907947,1.368265,.93224412,1.1934299,.86939865,1.6041666,1.0833334,.965873,.79259259
2582003,1-fsv-mainz-05,39,0,hertha-bsc,44,0,5.6111112,2.7222223,2.1111112,.72222221,8.9411764,9.4705887,2.9346404,2.3790851,2015,1.0595188,.86238629,.83985144,.72336245,1.0594641,.82052469,.81159043,.73891836,1.3092593,.87037039,.79166669,.58333331
2582004,sv-darmstadt-98,105,0,borussia-monchengladbach,18,2,0,0,0,0,.071895428,16.542484,.013071896,8.6078434,2015,1.0369618,.89274335,1.0029861,1.0029312,.96859866,.9594236,.96461487,1.0485021,1.098545,1.0555556,.99259257,.76018518
2704204,fc-bayern-munchen,27,6,sv-werder-bremen,86,0,0,10.722222,0,3.7222223,25.228758,4.1830068,19.803921,1.2745098,2016,1.5353585,1.1592469,1.0665371,.81421828,1.3830029,.97016287,1.0389974,.82558119,1.5333333,.875,.86574072,.85185188
2704205,borussia-dortmund,16,2,1-fsv-mainz-05,39,1,19.277779,17.5,12.944445,7.1111112,11.96732,8.4640522,7.9019608,3.3464053,2016,1.5470968,1.3229728,1.032493,.79353422,1.4341991,1.1267427,1.0083841,.85859787,1.8574075,1.2824074,1.1342592,1.0092592
2704206,borussia-monchengladbach,18,2,bayer-04-leverkusen,15,1,13.944445,17.5,7.8333335,9.833333,18.620914,11.20915,9.1960783,6.013072,2016,1.0981661,1.2206272,1.1167407,1.0385427,1.3236467,1.1949555,1.133248,1.0684614,1.4157407,1.1462963,.8026455,.8425926
2704207,hertha-bsc,44,2,sc-freiburg,60,1,31.666666,16.666666,11.944445,4.5,25.660131,1.8169935,8.5294113,.42483661,2016,.9430033,.79045039,1.1042821,.7249431,.93047369,.80030864,1.204321,.89107144,1.175926,.87037039,1.7296296,1.5555556
2704208,1-fc-koln,3,2,sv-darmstadt-98,105,0,32.777779,0,9.333333,0,16.411764,3.3071895,4.6209149,.98692811,2016,1.1531421,.71409672,1.0031521,.75447506,1.134328,.79077977,.82811445,.70789641,.91203701,.55370373,.61388886,.42592594
2704209,hamburger-sv,41,1,fc-ingolstadt-04,4795,1,25.111111,0,8.7777777,0,14.575164,10.51634,4.3267975,3.1307189,2016,1.2542922,.71778387,1.1135403,.91018164,1.1329365,.73134923,1.4259059,1.0535294,1.8055556,1.0777777,.95833331,.5
2704210,fc-augsburg,167,0,vfl-wolfsburg,82,2,0,49.222221,0,23.055555,19.411764,22.915033,6.7647057,10.320261,2016,1.1015463,.71248299,1.2036428,.91107863,1.1256955,.67731082,.96944445,.8003968,.80458552,.52658731,.85740739,.7972222
2704211,tsg-1899-hoffenheim,533,2,rasenballsport-leipzig,23826,2,6.8888888,0,3.3333333,0,9.8431368,.16993465,3.0261438,.078431375,2016,1.3108475,.86040306,1.5629085,.95965022,1.3116492,1.0098906,1.5737414,1.1481482,1.7527778,1.0462962,1.6203704,1.1388888
2704212,eintracht-frankfurt,24,1,fc-schalke-04,33,0,3.8333333,1.7222222,1.9444444,.72222221,7.5620914,15.771242,2.3725491,7.0588236,2016,1.4129676,.72048855,1.3058674,.82339072,1.4037025,.78656203,1.1127561,.71482682,.92870373,.65925926,.99259257,.74074072
2704222,bayer-04-leverkusen,15,3,hamburger-sv,41,1,19.055555,23.5,10.277778,8.166667,10.647058,11.803922,5.5947714,3.496732,2016,1.2631688,.84804577,1.1553762,.68175805,1.2137308,.85644543,1.0421296,.67978394,1.1219577,.5925926,1.7037038,1.0277778
2704223,fc-schalke-04,33,0,fc-bayern-munchen,27,2,1.7222222,0,.72222221,0,9.6470585,27.261438,4.2483659,21.522877,2016,1.1770424,.7884621,1.4928464,1.2163457,.9401812,.66817445,1.3623476,1.0581259,.85833335,.76944447,1.6111112,1.125
2704224,1-fsv-mainz-05,39,4,tsg-1899-hoffenheim,533,4,20.055555,7.2777777,8.0555553,3.6111112,11.045752,13.405229,4.3006535,4.1895423,2016,1.0849621,.79994446,1.3418897,.80168492,1.0685692,.86477071,1.3268608,.9279201,1.2731482,1.0648148,1.512037,.76851851
2704225,vfl-wolfsburg,82,0,1-fc-koln,3,0,45.055557,27.388889,21.055555,7.9444447,17.947712,11.104575,8.1437912,3.2810457,2016,1.2399082,.89692265,1.1802585,.71635747,1.0439459,.81274253,1.3119074,.81300199,1.1537037,.88055557,.90277779,.58148146
2704226,fc-ingolstadt-04,4795,0,hertha-bsc,44,2,0,29.111111,0,10.888889,9.7908497,21.464052,2.862745,7.0588236,2016,1.2991114,.99466133,.9771536,.76614487,1.5793769,1.1492083,.94338053,.76820987,1.2037038,.75,1.2092593,.88425928
2704227,sv-werder-bremen,86,1,fc-augsburg,167,2,12.277778,0,4.3333335,0,4.5098038,19.091503,1.3529412,6.4705882,2016,1.0072354,.8578226,1.0643973,.80911595,1.0257258,.92934012,.97674561,.72983932,.87962961,.94907409,.73174602,.44722223
2704228,sv-darmstadt-98,105,1,eintracht-frankfurt,24,0,0,3.8333333,0,1.9444444,3.6862745,8.9542484,1.0392157,2.6993463,2016,1.1126171,.75116819,1.170603,.68471414,.92712009,.70220858,1.021758,.69186509,.85740739,.50925928,.65833336,.4925926
2704229,sc-freiburg,60,3,borussia-monchengladbach,18,1,11.111111,14.055555,2.7222223,7.8888888,1.4117647,18.941177,.3137255,9.2679739,2016,1.1775936,.78534198,1.0539048,1.1538281,1.2969136,.99358463,1.2734925,1.1301407,1.925926,1.787037,1.3046297,1.0907408
2704230,rasenballsport-leipzig,23826,1,borussia-dortmund,16,0,0,18.555555,0,12.333333,.16993465,12.522876,.078431375,7.980392,2016,1.6129563,.98747623,1.5708925,1.3470935,1.5939454,1.1711199,1.4625605,1.1499417,1.6925926,1.25,1.7324075,1.2268518
2704231,fc-bayern-munchen,27,3,fc-ingolstadt-04,4795,1,0,0,0,0,19.869282,9.0065355,15.96732,2.6732025,2016,1.4135084,1.1097952,1.0776429,.88212329,1.2316598,.97930187,1.3814614,1.0473565,1.2277777,1.0361111,.97222221,.5
2704232,borussia-dortmund,16,6,sv-darmstadt-98,105,0,16,0,11.388889,0,11.849673,2.7843137,7.7254901,.77777779,2016,1.5922787,1.3525491,1.1042838,.68608886,1.4850472,1.2095257,.92573118,.66054195,1.8074074,1.3101852,.84074074,.42592594
2704233,borussia-monchengladbach,18,4,sv-werder-bremen,86,1,13.944445,12.5,8.166667,4.3333335,17.803921,3.8888888,9.1503267,1.254902,2016,.99899864,1.143643,.90285826,.8252207,1.1822886,1.0821469,.94217205,.95188701,1.3972223,1.1462963,.73148149,1.1018518
2704234,hertha-bsc,44,2,fc-schalke-04,33,0,30.888889,1.7222222,11.5,.72222221,23.032681,11.163399,7.5490198,5.0980392,2016,.95966995,.78945833,1.4358565,.86411792,.92581171,.80524689,1.1994405,.70212501,1.1814815,.86574072,1.0203704,.75555557
2704235,1-fc-koln,3,3,sc-freiburg,60,0,31.277779,11.111111,9.0555553,2.7222223,14.424836,1.4117647,4.2549019,.3137255,2016,1.1802585,.71635747,1.1775936,.78534198,1.3119074,.81300199,1.2969136,.99358463,.90277779,.58148146,1.925926,1.787037
2704236,hamburger-sv,41,0,rasenballsport-leipzig,23826,4,20.5,0,7.1666665,0,8.8954248,.16993465,2.5882354,.078431375,2016,1.0510601,.63838571,1.5721915,.95756167,.94722223,.65895063,1.5617484,1.1377866,1.537037,.97222221,1.6648148,1.1388888
2704237,fc-augsburg,167,1,1-fsv-mainz-05,39,3,0,17.277779,0,6.7777777,15.934641,9.6470585,5.1764708,3.6470587,2016,1.177701,.83276916,1.0104008,.72868383,1.147581,.77397108,.98607767,.7652337,.82125223,.4154762,1.1787037,1.0092592
2704238,tsg-1899-hoffenheim,533,0,vfl-wolfsburg,82,0,6.1111112,39.888889,3.0555556,18.166666,11.960784,13.568627,3.6993463,6,2016,1.2227777,.68922698,1.219272,.93784565,1.1858073,.7665925,.96214497,.82572949,1.5712963,.74074072,.94814813,.76944447
2704239,eintracht-frankfurt,24,2,bayer-04-leverkusen,15,1,3.8333333,18.555555,1.9444444,10.055555,7.2810459,9.3856211,2.2679739,5.0457516,2016,1.4539365,.72414768,1.2009305,1.0512098,1.3774679,.74896383,1.1675668,1.0193242,.89537036,.64814812,.93412697,.74629629
2704240,fc-bayern-munchen,27,3,hertha-bsc,44,0,0,26.888889,0,9.8888893,33.745098,18.59477,26.59477,5.8496733,2016,1.4183471,1.1919198,1.0860964,.83786643,1.3572694,.97414315,.8849026,.7455247,1.4,.92500001,.75098038,.79901963
2704241,bayer-04-leverkusen,15,0,fc-augsburg,167,0,25.111111,0,13.722222,0,14.366014,16.267973,7.6993465,5.3202615,2016,1.4123302,1.1506875,1.0111388,.77813953,1.3513274,1.1119168,.91682702,.67450017,1.0230159,.82407409,.6956349,.34999999
2704242,fc-schalke-04,33,1,1-fc-koln,3,3,1.7222222,24.722221,.72222221,7,11.006536,11.078431,5.1045752,3.2091503,2016,1.4103254,.90776873,1.2296709,.69810349,1.2364775,.81323612,1.345858,.74256545,1.0666667,.8296296,.99074072,.65555555
2704243,vfl-wolfsburg,82,1,borussia-dortmund,16,5,41.777779,17.333334,18.888889,12.333333,15.366014,15.039216,6.7712417,9.7777777,2016,1.2860157,.96241826,1.389501,1.1431192,1.0454783,.8594597,1.2748621,.95384383,1.1708995,.89444447,1.5435185,1.0601852
2704244,fc-ingolstadt-04,4795,0,eintracht-frankfurt,24,2,0,3.8333333,0,1.9444444,8.9803925,7.5620914,2.7189543,2.3725491,2016,1.4958528,1.1074319,1.1788406,.68121839,1.7467813,1.2645283,1.0302457,.70477194,1.3055556,.77777779,.63981479,.48148149
2704245,sv-werder-bremen,86,1,1-fsv-mainz-05,39,2,0,20.142857,0,8.2142859,5.7619047,11.813187,1.9523809,4.9560437,2016,.97872126,.76519608,1.2060014,.83296436,1.0336508,.90169555,1.1274462,.85873014,1.0333333,.875,1.4726191,1.0119047
2704246,sv-darmstadt-98,105,1,tsg-1899-hoffenheim,533,1,0,5.4444447,0,2.7222223,3.2810457,8.7712421,.92810458,2.8823528,2016,1.2352282,.7765981,1.3420134,.87317765,1.0390028,.72304195,1.4004899,1.1295074,.90925926,.53703701,1.6731482,1.3518518
2704247,sc-freiburg,60,1,hamburger-sv,41,0,17.888889,22.5,4.7222223,7.8888888,2.8888888,11.542483,.67320263,3.3856208,2016,1.1718746,.79699701,1.0907977,.56563443,1.3246914,.9757275,.96574074,.54089504,1.9425926,1.6944444,1.6203704,.8611111
2704248,rasenballsport-leipzig,23826,1,borussia-monchengladbach,18,1,0,13.611111,0,7.8333335,.16993465,16.274509,.078431375,8.1568632,2016,1.577242,.95756167,.83042568,1.0059116,1.5686929,1.1377866,.88923317,.91409129,1.6648148,1.1388888,1.1194445,.94259262
2704251,borussia-dortmund,16,3,sc-freiburg,60,1,15.888889,16.666666,11.277778,4.3333335,13.065359,1.5163399,8.6013069,.29411766,2016,1.5258943,1.3590584,1.1791369,.77961808,1.4290949,1.1949763,1.316358,.98961639,1.775,1.2777778,1.925926,1.7592592
2704252,borussia-monchengladbach,18,2,fc-ingolstadt-04,4795,0,13.111111,0,7.6111112,0,19.320261,10.333333,9.8954248,2.9477124,2016,.92220128,1.1040597,1.095004,.86228198,1.0342948,1.0367765,1.3892314,1.0473565,1.175,.99814814,.97222221,.5
2704253,1-fsv-mainz-05,39,2,bayer-04-leverkusen,15,3,15.888889,16.833334,6.3333335,9.3888893,9,6.7712417,3.4444444,3.8104575,2016,1.1417048,.83702362,1.2623111,1.0134839,1.0373964,.93487656,1.2206295,.97302788,1.3370371,1.0092592,.94894183,.70185184
2704254,1-fc-koln,3,1,rasenballsport-leipzig,23826,1,24.611111,0,6.9444447,0,10.718954,.28758171,3.1176472,.11111111,2016,1.4349178,.7494998,1.4335876,.91335392,1.4140399,.80288291,1.437963,1.0901234,1.1296296,.71111113,1.5259259,1
2704255,hamburger-sv,41,0,fc-bayern-munchen,27,1,23.222221,0,8.1111107,0,12.869281,33.745098,3.8366013,26.59477,2016,1.0679021,.67895812,1.4183471,1.1919198,1.0342592,.67700619,1.3572694,.97414315,1.712963,.93888891,1.4,.92500001
2704256,fc-augsburg,167,1,sv-darmstadt-98,105,0,0,0,0,0,16.267973,3.6862745,5.3202615,1.0392157,2016,1.0111388,.77813953,1.0767984,.73608881,.91682702,.67450017,.87156457,.67443079,.6956349,.34999999,.92407405,.53703701
2704257,sv-werder-bremen,86,2,vfl-wolfsburg,82,1,0,44.777779,0,20.388889,4.352941,19.150328,1.4705882,8.4313726,2016,1.1462778,1.2483854,1.181772,.92395675,1.1201214,1.3310978,.92275101,.81184065,1.0882353,1.4117647,.90370369,.75555557
2704258,tsg-1899-hoffenheim,533,2,fc-schalke-04,33,1,7.3333335,1.7222222,3.6666667,.72222221,13.137255,8.8692808,4.1307192,3.9607842,2016,1.3739991,.8010115,1.388072,.83810383,1.354859,.97950739,1.1538055,.73453242,1.2064815,.93518519,1.0203704,.81481481
2704259,eintracht-frankfurt,24,3,hertha-bsc,44,3,3.8333333,26.888889,1.9444444,9.8888893,7.5620914,18.59477,2.3725491,5.8496733,2016,1.1788406,.68121839,1.0860964,.83786643,1.0302457,.70477194,.8849026,.7455247,.63981479,.48148149,.75098038,.79901963
2704260,fc-bayern-munchen,27,1,1-fc-koln,3,1,0,29.222221,0,8.4444447,28.078432,12.078431,21.856209,3.5751634,2016,1.4731811,.98213077,1.3731893,.7650227,1.3657054,.84468186,1.3365988,.79812104,1.5962963,.81388891,1.0046296,.67407405
2704261,bayer-04-leverkusen,15,2,borussia-dortmund,16,0,17.166666,16.944445,9.3888893,12.111111,9.026144,13.973856,4.8888888,8.8823528,2016,1.3873302,1.0805454,1.4647832,1.3173918,1.3499742,1.0378428,1.3553575,1.1421986,1.258201,.77407408,1.6777778,1.2592592
2704262,fc-schalke-04,33,4,borussia-monchengladbach,18,0,1.7222222,15.222222,.72222221,8.8888893,8.2810459,21.575163,3.7058823,11.137255,2016,1.2018286,.84427667,.92220128,1.1040597,1.0651813,.76693988,1.0342948,1.0367765,.87222224,.79259259,1.175,.99814814
2704263,hertha-bsc,44,2,hamburger-sv,41,0,25.222221,0,9.5,0,16.431372,8.4248362,5.3137255,2.5424836,2016,1.1488158,.86802512,1.0653089,.57569742,.95802701,.77808642,.97962964,.57660937,.84901959,.84215689,1.675926,.94444442
2704264,vfl-wolfsburg,82,0,1-fsv-mainz-05,39,0,39.777779,18.333334,18.388889,7.2222223,15.346405,9.4183006,6.6732025,3.6078432,2016,1.3251964,.88460487,.99981767,.81661117,1.0979475,.76400113,.95977294,.87369931,1.1333333,.74166667,1.1212963,1.074074
2704265,fc-ingolstadt-04,4795,1,tsg-1899-hoffenheim,533,2,0,5.3333335,0,2.7222223,9.0849676,9.9411764,2.5424836,3.1176472,2016,1.4886413,1.0551833,1.102067,.64671856,1.7225648,1.1769861,1.050005,.71136767,1.2777778,.72222221,1.2564815,.96296299
2704266,sv-darmstadt-98,105,2,sv-werder-bremen,86,2,0,0,0,0,4.7385621,4.6209149,1.3464053,1.4248366,2016,1.044253,.62061262,1.2728313,1.3271788,.92315185,.6016795,1.238448,1.3918281,.8759259,.46296296,1.2777778,1.4444444
2704267,sc-freiburg,60,1,eintracht-frankfurt,24,0,12.777778,3.8333333,3.1666667,1.9444444,1.503268,7.5620914,.35294119,2.3725491,2016,1.1574879,.78534198,1.1955073,.68121839,1.2768519,.99358463,1.1228383,.73563612,1.8888888,1.787037,.96203703,.5925926
2704268,rasenballsport-leipzig,23826,2,fc-augsburg,167,1,0,0,0,0,.16993465,11.725491,.078431375,3.8692811,2016,1.577242,.95756167,.99254704,.76550335,1.5686929,1.1377866,.87224424,.6387859,1.6648148,1.1388888,.73452383,.36388889
2704269,borussia-dortmund,16,1,hertha-bsc,44,1,14.555555,27.444445,10.055555,10.5,10.875817,18.535948,6.986928,6.359477,2016,1.5696548,1.2707187,1.2575921,.91524738,1.4677192,1.1507354,1.1302493,.82901233,1.7240741,1.2888889,1.1627451,.90098041
2704270,borussia-monchengladbach,18,0,hamburger-sv,41,0,11.611111,0,6.5,0,16.725491,10.346405,8.1241827,3.0326798,2016,.86104143,.98477864,1.0695176,.64472103,.92389601,.86926806,.97407407,.6321649,1.0638889,.88703704,1.5925926,.97222221
2704271,1-fsv-mainz-05,39,2,sv-darmstadt-98,105,1,18.111111,0,6.8888888,0,9.2091503,3.6993463,3.3267975,1.0392157,2016,1.0449566,.8807646,1.0473394,.64715588,1.0133083,.97786593,.9641571,.66173238,1.1027777,1.1574074,.99629629,.56481481
2704272,vfl-wolfsburg,82,0,rasenballsport-leipzig,23826,1,46.166668,0,21.444445,0,23.470589,.16993465,10.555555,.078431375,2016,1.3347806,.90707219,1.5721915,.95756167,1.1616399,.88745791,1.5617484,1.1377866,1.1240741,.85277778,1.6648148,1.1388888
2704273,1-fc-koln,3,2,fc-ingolstadt-04,4795,1,28.388889,0,8.2777777,0,9.4444447,10.830066,2.9803922,3.2026143,2016,1.4203306,.80230337,1.1133089,.90521127,1.4335123,.85619491,1.4061867,1.0500922,1.1388888,.77777779,.93981481,.5
2704274,fc-augsburg,167,1,fc-schalke-04,33,1,0,1.7222222,0,.72222221,11.457517,11.666667,3.7450981,5.4901962,2016,.76268589,.6186223,1.3399929,.85398918,.66020721,.51616687,1.0883293,.76693988,.63333333,.32222223,.98333335,.86666667
2704275,sv-werder-bremen,86,2,bayer-04-leverkusen,15,1,0,23.055555,0,12.722222,8.4575167,9.3006535,2.6993463,5.013072,2016,.9930796,.85279614,1.5512987,1.104323,.89858907,.90926433,1.5013274,1.0980279,.74074072,.96296299,1.3285714,.85185188
2704276,tsg-1899-hoffenheim,533,2,sc-freiburg,60,1,5.8333335,16.222221,2.9444444,4.3333335,9.7647057,2.9019608,3.1568627,.68627453,2016,1.202408,.72263461,1.1249882,.80500007,1.1856401,.85008818,1.2673821,.98247355,1.1787037,.99074072,1.8916667,1.8611112
2704277,eintracht-frankfurt,24,2,fc-bayern-munchen,27,2,3.8333333,0,1.9444444,0,7.5620914,26.843138,2.3725491,20.464052,2016,1.1937978,.63870996,1.3705498,.91994941,1.041489,.62452501,1.3147759,.79738659,.90370369,.44444445,1.525,.73981482
2704278,fc-bayern-munchen,27,2,borussia-monchengladbach,18,0,0,10.055555,0,5.8333335,26.104576,14.627451,20.764706,7.2745099,2016,1.3768451,1.086605,.8481319,.90064061,1.3306016,.99560779,.90383428,.79029983,1.4268519,1.05,1.0037037,.83611113
2704279,bayer-04-leverkusen,15,0,tsg-1899-hoffenheim,533,3,18.5,5,10.222222,2.5,13.627451,8.4705887,7.4313726,2.6339869,2016,1.3221426,1.1232867,1.1124836,.6488831,1.2576665,1.0887686,1.0646654,.72988617,.99523807,.82407409,1.237963,.96296299
2704280,fc-schalke-04,33,3,1-fsv-mainz-05,39,0,1.7222222,18.055555,.72222221,6.9444447,12.882353,9.0784311,5.9150329,3.3986928,2016,1.2613101,.81344634,.96528625,.80854237,.99935961,.68272465,.94803053,.9064374,.82499999,.74166667,1.0435185,1.0648148
2704281,hertha-bsc,44,2,1-fc-koln,3,1,24,34.277779,8.833333,9.833333,15.248366,15.529411,4.9215684,4.5294118,2016,1.2813784,.8365981,1.3647751,.80693299,1.1688294,.79614198,1.3617531,.84825838,1.427451,1.112745,1.050926,.75925928
2704282,hamburger-sv,41,0,eintracht-frankfurt,24,3,0,3.7777777,0,1.8888888,9.8496733,9.0326796,2.9084966,2.6666667,2016,1.1621102,.68175805,.99690378,.47667292,1.0462962,.67978394,.86787796,.43933982,1.6851852,1.0277778,.7814815,.31481481
2704283,fc-ingolstadt-04,4795,3,borussia-dortmund,16,3,0,17.555555,0,12.222222,11.941176,9.5098038,3.5228758,6.3856211,2016,1.1133089,.90521127,1.7712888,1.5024296,1.4061867,1.0500922,1.6482748,1.3275872,.93981481,.5,1.9324074,1.5111111
2704284,sv-darmstadt-98,105,3,vfl-wolfsburg,82,1,0,0,0,0,3.143791,23.470589,.88235295,10.555555,2016,1.0473394,.64715588,1.3705831,.99040556,.9641571,.66173238,1.1449733,.89208752,.99629629,.56481481,1.1351852,.86666667
2704285,sc-freiburg,60,2,fc-augsburg,167,1,14.111111,0,3.3888888,0,1.9215686,14.921569,.43137255,4.8692808,2016,1.1648952,.80243599,.79730129,.66862226,1.2791667,1.0213624,.66715169,.54394466,1.9166666,1.8981482,.63611114,.32222223
2704286,rasenballsport-leipzig,23826,3,sv-werder-bremen,86,1,0,0,0,0,.28758171,8.4575167,.11111111,2.6993463,2016,1.4312382,.84204137,.9930796,.85279614,1.3631374,.97173721,.89858907,.90926433,1.4796296,1.0185186,.74074072,.96296299
2704304,borussia-dortmund,16,0,fc-schalke-04,33,0,16.833334,1.7222222,11.166667,.72222221,10.124183,8.346405,6.6013074,3.7843137,2016,1.7170402,1.4154245,1.3004253,.78688961,1.5922502,1.2083472,1.1632204,.73519379,2.0194445,1.462963,.94999999,.72314817
2704305,borussia-monchengladbach,18,0,eintracht-frankfurt,24,0,11.555555,4.0555553,6.6666665,2.1111112,15.640523,6.4248366,7.7843137,2.0588236,2016,.8481319,.90064061,.8165009,.52759886,.90383428,.79029983,.7652545,.56896943,1.0037037,.83611113,.69814813,.42592594
2704306,1-fsv-mainz-05,39,2,fc-ingolstadt-04,4795,0,17.833334,0,6.7222223,0,9.320261,10.601307,3.2091503,3.0326798,2016,.918064,.73187065,1.0970695,.85119897,.93414164,.83730161,1.3784089,.95749962,1.025,1.0648148,.91203701,.44444445
2704307,vfl-wolfsburg,82,1,bayer-04-leverkusen,15,2,0,1.2777778,0,0,17.039215,8.4509802,8.1111107,4.4379086,2016,1.3602294,.82687068,1.2662307,.81572151,1.1409369,.72387767,1.2062013,.7642737,1.2398148,.82499999,1.0582011,.45185184
2704308,1-fc-koln,3,3,hamburger-sv,41,0,32.944443,0,9.4444447,0,16.601307,8.5424833,4.9281044,2.6078432,2016,1.5704374,.84628487,1.1837486,.6918692,1.5191605,.82973987,1.0544817,.69117647,1.0787038,.67592591,1.8431373,1.1176471
2704309,fc-augsburg,167,1,fc-bayern-munchen,27,3,0,0,0,0,11.875817,28.30719,3.9150326,22.215687,2016,.96653438,.76584452,1.358022,1.0635409,.93540567,.6680187,1.3266333,.98370302,.8089506,.40158731,1.3740741,.93055558
2704310,sv-werder-bremen,86,1,sc-freiburg,60,3,0,18.222221,0,4.6666665,7.0849671,2.7581699,2.3006537,.58169937,2016,1.2374866,1.2947714,1.1822504,.7967121,1.2439594,1.362,1.3238636,1.031283,1.3,1.4861112,1.9305556,1.8703704
2704311,sv-darmstadt-98,105,0,rasenballsport-leipzig,23826,2,0,0,0,0,3.8823528,.16993465,1.0653595,.078431375,2016,1.1603024,.77431637,1.577242,.95756167,.99378675,.73395461,1.5686929,1.1377866,.9685185,.50925928,1.6648148,1.1388888
2704312,tsg-1899-hoffenheim,533,1,hertha-bsc,44,0,5.2777777,24.777779,2.6666667,9.3888893,10.150327,17.202614,3.1307189,5.9542484,2016,1.0768144,.64047974,1.3021061,.70882034,1.0366502,.70463365,1.3040307,.73403883,1.237963,.96296299,1.7705883,.84215689
2704313,fc-bayern-munchen,27,1,tsg-1899-hoffenheim,533,1,0,5.2777777,0,2.6666667,29.849672,10.150327,23.274509,3.1307189,2016,1.3591684,1.0879419,1.0768144,.64047974,1.3372153,1.0183351,1.0366502,.70463365,1.4222223,1.0453703,1.237963,.96296299
2704314,bayer-04-leverkusen,15,3,sv-darmstadt-98,105,2,22.5,0,12.611111,0,9.6078434,3.9803922,5.1307192,1.1568627,2016,1.2617004,.73089242,1.0828921,.77869159,1.1881788,.70566678,.93084818,.74030381,1.0619048,.51851851,.79907405,.44444445
2704315,fc-schalke-04,33,3,sv-werder-bremen,86,1,1.7222222,0,.72222221,0,7.6797385,11.326797,3.5490196,3.7516339,2016,1.1641759,.72154868,1.0492429,.92625296,.9945696,.67302454,.9059965,.93249667,.83888888,.68611109,1.1703703,1.1435186
2704316,hertha-bsc,44,3,borussia-monchengladbach,18,0,24.777779,13.944445,9.3888893,8.0555553,17.241831,20.254902,5.986928,10.176471,2016,1.1803113,.72733885,1.0479501,1.1600782,1.0691822,.6618166,1.2542022,1.1168691,1.1039215,.75392157,1.3231481,1.1092592
2704317,hamburger-sv,41,2,borussia-dortmund,16,5,0,16.944445,0,11.166667,15.379085,9.5294113,4.5163398,6.0718956,2016,.96966571,.58547568,1.6014481,1.3578148,.84537035,.59645063,1.4995975,1.1730899,1.1944444,.83333331,1.7879629,1.2824074
2704318,fc-ingolstadt-04,4795,0,fc-augsburg,167,2,0,0,0,0,9.3725491,15.816994,2.7581699,5.1568627,2016,1.1908195,.90370017,.99506485,.77379656,1.4792248,1.028838,.96008098,.67357427,.92592591,.44444445,.75061727,.37380952
2704319,eintracht-frankfurt,24,1,1-fc-koln,3,0,3.8333333,31.444445,1.9444444,9.2222223,7.5294118,14.424836,2.359477,4.4640522,2016,1.1399517,.65807027,1.4366814,.75576341,1.0441345,.70477194,1.4075863,.77927178,.6564815,.48148149,1.0925926,.66666669
2704320,sc-freiburg,60,0,vfl-wolfsburg,82,3,18,0,4.7222223,0,3.0392158,14.803922,.67320263,6.7777777,2016,1.1749883,.81409103,1.2665637,.69195187,1.332197,1.0173942,1.0859039,.62149674,1.9472222,1.8055556,1.2398148,.70833331
2704321,rasenballsport-leipzig,23826,3,1-fsv-mainz-05,39,1,0,17.833334,0,6.7222223,.28758171,9.4052286,.11111111,3.2418301,2016,1.5870063,.96549821,.91952598,.71791059,1.5784152,1.1439594,.92835462,.81498438,1.7018518,1.1574074,1.025,1.0648148
2704331,borussia-dortmund,16,1,fc-bayern-munchen,27,0,21.277779,0,14.388889,0,17.588236,32.444443,11.183006,24.836601,2016,1.4489439,1.1064188,1.3510736,1.1106739,1.2258092,.88267702,1.2623146,.98714125,1.5703703,1.0694444,1.4953704,.93981481
2704332,bayer-04-leverkusen,15,2,rasenballsport-leipzig,23826,3,15.722222,0,8.5555553,0,7.0915031,.28758171,3.7581699,.11111111,2016,1.3444939,1.0126382,1.5967189,.97552323,1.3097967,1.0058562,1.597144,1.1552029,1.2396826,.77407408,1.7481482,1.2685186
2704333,borussia-monchengladbach,18,1,1-fc-koln,3,2,15.833333,27.166666,9.166667,8,19.163399,9.3071899,9.7843142,2.9215686,2016,.97029495,1.1260505,1.4366814,.75576341,1.1600665,1.0710357,1.4075863,.77927178,1.3972223,1.1462963,1.0925926,.66666669
2704334,1-fsv-mainz-05,39,4,sc-freiburg,60,2,17.111111,13.277778,6.7222223,3.4444444,8.9477119,2.1633987,3.3921568,.5163399,2016,.92045194,.75483865,1.1149353,.75112802,.89594716,.84708315,1.2866722,.93802911,.97685188,1.0092592,1.7990741,1.6111112
2704335,vfl-wolfsburg,82,0,fc-schalke-04,33,1,0,1.7222222,0,.72222221,25.549019,7.6797385,11.732026,3.5490196,2016,1.3058186,.80810684,1.1641759,.72154868,1.1010274,.72175789,.9945696,.67302454,1.2361112,.77777779,.83888888,.68611109
2704336,fc-augsburg,167,0,hertha-bsc,44,0,0,27.833334,0,10.222222,12.947712,20.379086,4.3202615,6.4248366,2016,.91445106,.73251116,1.0160481,.73222268,.86688715,.63317025,1.0262089,.71280867,.72006172,.35714287,1.0843138,.66568625
2704337,sv-werder-bremen,86,1,eintracht-frankfurt,24,2,0,3.8333333,0,1.9444444,13.411765,7.5294118,4.5620914,2.359477,2016,1.3357476,1.1273214,1.4223694,.66131347,1.2223545,1.1306448,1.3316125,.65693241,1.3287038,1.212963,.8759259,.5
2704338,sv-darmstadt-98,105,0,fc-ingolstadt-04,4795,1,0,0,0,0,4.9215684,7.0849671,1.3921568,2.0196078,2016,1.0789237,.77608001,1.3801484,1.0126632,.93316299,.75062132,1.4899609,1.0695367,.79907405,.44444445,1.0092592,.55555558
2704339,tsg-1899-hoffenheim,533,2,hamburger-sv,41,2,5.2777777,0,2.6666667,0,10.150327,9.9019604,3.1307189,3.0261438,2016,1.0768144,.64047974,1.0018964,.69841367,1.0366502,.70463365,.95056021,.71869749,1.237963,.96296299,1.2941177,.90588236
2704351,fc-bayern-munchen,27,2,bayer-04-leverkusen,15,1,0,12.294118,0,7,29.549019,5.4117646,23.30719,2.9264705,2016,1.4859922,1.2755337,1.4010696,1.0570335,1.4099667,1.1164591,1.3740623,1.0592309,1.4111111,1.0416666,1.3008404,.81960785
2704352,borussia-monchengladbach,18,1,tsg-1899-hoffenheim,533,1,13.722222,6.6666665,7.8888888,3.3333333,15.862745,10.777778,8.0457516,3.4705882,2016,.94807273,1.0445689,1.2520436,.79051769,1.1322887,.99881351,1.2775182,.95706868,1.3231481,1.0722222,1.5203704,1.0277778
2704353,fc-schalke-04,33,3,sv-darmstadt-98,105,1,1.7222222,0,.72222221,0,9.7320261,4.7647057,4.3333335,1.3398693,2016,1.069656,.83040166,1.2011535,.7382493,.92217106,.78457654,1.0651075,.71111512,.78333336,.88055557,.77129632,.41666666
2704354,hertha-bsc,44,2,1-fsv-mainz-05,39,1,26.944445,11.444445,9.9444447,4.1111112,19.732027,5.9281044,6.2222223,2.0784314,2016,1.0938852,.79453993,1.0704325,.70240128,1.1199237,.77515429,1.0481958,.77453023,1.2901961,.81274509,1.0361111,.9074074
2704355,1-fc-koln,3,0,fc-augsburg,167,0,22.055555,0,6.3888888,0,7.2875819,10.437908,2.1830065,3.4705882,2016,1.6633228,.86826342,.87705785,.68251115,1.5914488,.86260515,.85299826,.60539246,1.2037038,.69444442,.72469133,.35714287
2704356,hamburger-sv,41,2,sv-werder-bremen,86,2,0,0,0,0,9.2156858,8.640523,2.8104575,3.0196078,2016,1.0365369,.64565074,1.16409,1.0210811,.89761907,.66281515,1.0259259,1.0378057,1.245098,.88235295,1.1888889,1.2962962
2704357,fc-ingolstadt-04,4795,1,vfl-wolfsburg,82,1,0,0,0,0,6.4379086,23.235294,1.8758169,10.503268,2016,1.2590958,.9169116,1.3737198,.85891092,1.505393,1.0209255,1.2122571,.82669616,1.1944444,.6388889,1.3333334,.89444447
2704358,eintracht-frankfurt,24,2,borussia-dortmund,16,1,3.8333333,18.222221,1.9444444,12,7.2483659,16.660131,2.2549019,10.111111,2016,1.389962,.64994979,1.6230367,1.2576327,1.2978823,.64701176,1.4019989,1.003817,.8759259,.5,1.6592592,1.0277778
2704359,sc-freiburg,60,1,rasenballsport-leipzig,23826,4,18.166666,0,4.9444447,0,2.5816994,.11764706,.64705884,.03267974,2016,1.0117607,.68793362,1.6067477,1.003301,1.1467031,.77929896,1.6051908,1.1809964,1.7480392,1.5588236,1.7481482,1.2685186
2704360,borussia-dortmund,16,4,borussia-monchengladbach,18,1,17.611111,13.777778,11.555555,7.7222223,19.326797,16.679739,11.679739,8.333333,2016,1.4949731,1.1409661,.94807273,1.0445689,1.2875206,.93428838,1.1322887,.99881351,1.562037,.9861111,1.3231481,1.0722222
2704361,bayer-04-leverkusen,15,1,sc-freiburg,60,1,18.444445,14.277778,10.111111,4,7.0392156,1.8300654,3.7843137,.47058824,2016,1.3771125,.8613143,1.0781368,.7103948,1.2842436,.81797737,1.1452161,.75069141,1.0674603,.49629629,1.654902,1.5294118
2704362,1-fsv-mainz-05,39,1,fc-bayern-munchen,27,3,17.944445,0,6.8888888,0,9.6928101,32.751633,3.5359478,25.849672,2016,.97757876,.71548682,1.4809417,1.2545742,.93801069,.77333975,1.4001987,1.109184,.8287037,.73148149,1.3888888,1.0277778
2704363,vfl-wolfsburg,82,2,hertha-bsc,44,3,0,25.5,0,9.3888893,17.633987,17.941177,8.1830063,5.5163398,2016,1.4529746,.8820591,1.1612438,.85009545,1.2409369,.77114058,1.1098228,.75848764,1.4583334,.94999999,.97647059,.75392157
2704364,fc-augsburg,167,1,eintracht-frankfurt,24,1,0,3.5555556,0,1.7777778,10.437908,6.9150329,3.4705882,2.1633987,2016,.87705785,.68251115,1.0443778,.5767175,.85299826,.60539246,.895338,.56169432,.72469133,.35714287,.54259259,.30555555
2704365,sv-werder-bremen,86,2,fc-ingolstadt-04,4795,1,0,0,0,0,6.1372547,8.973856,2.0392158,2.5359478,2016,1.3211076,1.0337354,1.0778388,.83604741,1.1435186,1.0572922,1.3506311,.95981443,1.175926,1.1435186,.92592591,.44444445
2704366,sv-darmstadt-98,105,0,hamburger-sv,41,2,0,0,0,0,5.2156863,9.2941179,1.4575163,2.8888888,2016,1.2597651,.71341467,1.0725303,.62565428,1.0775831,.64491141,.95092595,.61805558,.9074074,.4537037,1.6481482,.91666669
2704367,tsg-1899-hoffenheim,533,4,1-fc-koln,3,0,7.1666665,23,3.5555556,6.6111112,12.745098,9.3986931,4.0980392,2.7254901,2016,1.3697231,.89269632,1.6615592,.86199981,1.3680695,1.0556257,1.5979023,.88621622,1.4240741,.91666669,1.2407408,.73888886
2704368,rasenballsport-leipzig,23826,2,fc-schalke-04,33,1,0,1.7222222,0,.72222221,.11764706,7.7254901,.03267974,3.5490196,2016,1.6117982,1.003301,1.0787058,.80235678,1.6121353,1.1809964,.92790294,.78413564,1.7481482,1.2685186,.78333336,.88055557
2704425,fc-bayern-munchen,27,5,vfl-wolfsburg,82,0,0,0,0,0,36.784313,19.013071,28.986929,8.8496733,2016,1.4697428,1.2585216,1.1579058,.75453812,1.3934323,1.1070796,.9641735,.69501424,1.3694445,1,1.0731481,.79166669
2704426,borussia-monchengladbach,18,1,1-fsv-mainz-05,39,0,13.111111,15.166667,7.6111112,5.9444447,13.457517,6.8169932,6.7450981,2.5751634,2016,1.0331765,.98215842,1.0915014,.87289423,1.1947887,.94484526,1.0015137,.93774253,1.2351851,1.0027778,.95740741,1.0462962
2704427,fc-schalke-04,33,0,bayer-04-leverkusen,15,1,1.7222222,20.444445,.72222221,11.277778,8.9934645,9.3006535,4.0457516,4.8692808,2016,1.2367318,.82425421,1.2837392,.68606526,.9081499,.70557219,1.1885858,.66545516,.68148148,.77870369,1.0563492,.45462963
2704428,hertha-bsc,44,0,sv-werder-bremen,86,1,28.388889,0,10.5,0,19.575163,8.6209154,6.3202615,2.9738562,2016,1.0640559,.84624845,1.2683299,1.0314478,1.0801327,.86774689,1.1223545,1.0711812,1.2509804,.91666669,1.1898148,1.2546296
2704429,1-fc-koln,3,1,borussia-dortmund,16,1,16.444445,14.888889,4.6666665,10.611111,5.3856211,15.653595,1.5882353,9.4901962,2016,1.4774414,.75913644,1.6761829,1.3625209,1.3746532,.74521095,1.4879231,1.1674566,1.0972222,.54444444,1.8175926,1.2222222
2704430,hamburger-sv,41,1,fc-augsburg,167,0,0,0,0,0,10.124183,12.856209,3.0522876,4.1503267,2016,1.0820996,.62912649,.94650233,.72695559,.9675926,.62422842,.91318345,.64579648,1.6481482,.91666669,.79506171,.40158731
2704431,fc-ingolstadt-04,4795,1,rasenballsport-leipzig,23826,0,0,0,0,0,8.9084969,.11764706,2.5490196,.03267974,2016,1.0885226,.81289929,1.6067477,1.003301,1.3668349,.98990703,1.6051908,1.1809964,.9537037,.5,1.7481482,1.2685186
2704432,eintracht-frankfurt,24,0,tsg-1899-hoffenheim,533,0,3.8333333,5.8888888,1.9444444,3.0555556,7.5294118,10.013072,2.359477,3.1111112,2016,1.1362582,.61964679,1.1984241,.80953133,.97050142,.60137689,1.1930655,.92784792,.59814817,.33333334,1.4462963,1
2704433,sc-freiburg,60,1,sv-darmstadt-98,105,0,16.5,0,4.5,0,2.3660131,5.1111112,.55555558,1.4313725,2016,1.087859,.71277022,1.1623489,.77721941,1.1945988,.78561205,1.0222259,.72207189,1.772549,1.5588236,.90686274,.53921568
2704434,bayer-04-leverkusen,15,1,fc-ingolstadt-04,4795,2,19.722221,0,10.777778,0,8.4313726,7.2352943,4.3986926,2.0718954,2016,1.1456273,.70219886,1.250756,.94684988,1.1276196,.68559402,1.3228533,1.0079626,.98968256,.48796296,.96296299,.75
2704435,fc-schalke-04,33,1,sc-freiburg,60,1,1.7222222,16,.72222221,4.3333335,5.3660131,2.2810457,2.4836602,.56209153,2016,1.3902371,.93993562,1.1354549,.76736736,1.0885571,.85239762,1.2794753,.95191801,.96481484,1.1861111,1.9490196,1.7941177
2704436,1-fsv-mainz-05,39,3,hamburger-sv,41,1,15.722222,0,5.7777777,0,8.8431368,6.993464,3.0457516,2.2026143,2016,1.0609121,.82196832,1.0886421,.60141331,1.0022082,.89602494,.9719888,.60457516,.96296299,.9537037,1.5980393,.82352942
2704437,vfl-wolfsburg,82,1,eintracht-frankfurt,24,0,0,3.2777777,0,1.6666666,15.444445,5.4771242,7.1503267,1.6470588,2016,1.3734993,.89419281,1.1266623,.57612824,1.1421714,.80006474,.97821742,.58131516,1.212963,.86666667,.90370369,.41666666
2704438,fc-augsburg,167,1,borussia-monchengladbach,18,0,0,12.388889,0,7.1111112,10.751634,9.9673204,3.4640522,5.0522876,2016,.94730359,.74800825,.93826914,.864169,.93540567,.6541298,1.0342948,.80641937,.82680774,.40158731,1.0129629,.76203704
2704439,sv-werder-bremen,86,1,1-fc-koln,3,1,0,17.944445,0,5.1111112,8.6209154,6.0457516,2.9738562,1.751634,2016,1.2683299,1.0314478,1.3696721,.7448507,1.1223545,1.0711812,1.2360697,.70447022,1.1898148,1.2546296,1.0648148,.47962964
2704440,sv-darmstadt-98,105,0,fc-bayern-munchen,27,1,0,0,0,0,5.2222223,28.392157,1.4444444,22.137255,2016,1.181054,.79674798,1.2902009,1.1431264,.98233896,.71814376,1.2313952,.99939567,.99019605,.56862748,1.3333334,1.0138888
2704441,tsg-1899-hoffenheim,533,2,borussia-dortmund,16,2,6.5,16.5,3.1666667,11,11.993464,13.869281,3.7189543,8.5294113,2016,1.2723482,.82072663,1.8884336,1.4353204,1.265376,.95562571,1.7051928,1.2305695,1.5435185,.93518519,2.1157408,1.3333334
2704442,rasenballsport-leipzig,23826,2,hertha-bsc,44,0,0,28.888889,0,10.944445,.11764706,20.352942,.03267974,6.9542484,2016,1.5814952,.98742801,.94956893,.78390282,1.5818322,1.1651235,.93639368,.80524689,1.6925926,1.1574074,1.2148148,.86574072
2704452,fc-bayern-munchen,27,3,rasenballsport-leipzig,23826,0,0,0,0,0,29.549019,.11764706,23.30719,.03267974,2016,1.4859922,1.2755337,1.5764447,.98742801,1.4099667,1.1164591,1.5748878,1.1651235,1.4111111,1.0416666,1.6925926,1.1574074
2704453,borussia-dortmund,16,1,fc-augsburg,167,1,17.833334,0,11.888889,0,12.163399,12.117647,7.5947714,4.1045752,2016,1.6832392,1.3764969,.87983567,.68319345,1.5323101,1.2103674,.8896144,.60160458,1.9574074,1.375,.75180775,.35714287
2704454,borussia-monchengladbach,18,1,vfl-wolfsburg,82,2,12.722222,0,7.3888888,0,11.464052,15.091503,5.7712417,6.9673204,2016,1.0368803,.98877215,1.2193987,.75646132,1.2009616,.95641935,.9522965,.617966,1.2722223,1.0398148,1.0046296,.64444447
2704455,hertha-bsc,44,2,sv-darmstadt-98,105,0,27.444445,0,10.5,0,18.09804,6.006536,6.3660131,1.6862745,2016,1.0372232,.80859417,1.1908579,.79944861,1.0697271,.80061728,1.0008575,.73619932,1.2960784,.79313725,.88518518,.48148149
2704456,1-fc-koln,3,1,bayer-04-leverkusen,15,1,21.647058,17.777779,6.0588236,9.8888893,8.0514708,7.013072,2.2352941,3.7189543,2016,1.6164408,.82026869,1.2284172,.71366608,1.4627882,.77132982,1.1608207,.7033971,1.1323529,.52941179,1.0304233,.44537038
2704457,hamburger-sv,41,2,fc-schalke-04,33,1,0,1.7222222,0,.72222221,7.8039217,6.8366013,2.3398693,3.1241829,2016,1.0894865,.60450929,1.1856662,.89720058,.98669469,.61192811,.87250775,.80918771,1.6568627,.85294116,.74259257,1.1305555
2704458,fc-ingolstadt-04,4795,1,sc-freiburg,60,2,0,18.444445,0,4.7777777,8.7843142,2.8888888,2.490196,.6405229,2016,.94458312,.81598568,1.1587665,.76708245,1.1561867,1.0079626,1.2908951,.99358463,.71296299,.47222221,1.8796296,1.8425926
2704459,tsg-1899-hoffenheim,533,1,sv-werder-bremen,86,1,6.6666665,0,3.3888888,0,9.9150324,5.8104577,3.2483661,1.9738562,2016,1.2970439,.88427883,1.2516632,.98144776,1.2895863,1.0137386,1.1038359,1.0248848,1.5212963,.96296299,1.162037,1.1435186
2704460,eintracht-frankfurt,24,3,1-fsv-mainz-05,39,0,3.7777777,14.333333,1.9444444,5.2222223,5.8431373,7.4313726,1.8888888,2.503268,2016,.87771118,.55483198,1.0498892,.83585721,.78685939,.57668549,.99526376,.91189796,.70925927,.42592594,1,1.0092592
2704461,bayer-04-leverkusen,15,3,hertha-bsc,44,1,19.222221,27.055555,10.722222,10.055555,9.2810459,18.843138,4.993464,5.9150329,2016,1.2316548,.80290687,.95383167,.69616032,1.1952122,.83660412,.90449166,.68179011,1.1256614,.60648149,.97254902,.6754902
2704462,fc-schalke-04,33,1,fc-ingolstadt-04,4795,0,0,0,0,0,7.8758168,8.4705887,3.496732,2.4313726,2016,1.3785673,.89393115,1.1570238,.93601936,1.0746362,.80938411,1.3580385,1.0974687,.96203703,.98240739,.97685188,.72222221
2704463,1-fsv-mainz-05,39,0,1-fc-koln,3,0,12.833333,19.277779,4.9444447,5.4444447,5.5947714,6.8823528,1.9346405,2.0522876,2016,1.0946141,.78381199,1.3900348,.79109293,.90853536,.82173043,1.2666833,.76207602,.74722224,.84722221,1.2083334,.72222221
2704464,vfl-wolfsburg,82,1,hamburger-sv,41,0,0,0,0,0,10.784314,5.6666665,5.006536,1.7843137,2016,1.3427647,.82173389,.99634045,.55995339,1.208531,.79497218,.91488093,.57903439,1.3351852,.84722221,1.425926,.75
2704465,fc-augsburg,167,0,tsg-1899-hoffenheim,533,2,0,6.4444447,0,3.0555556,14.699347,10.535948,4.8496733,3.3464053,2016,.97029352,.74768144,1.3638579,.77918613,.95019042,.68051869,1.2767967,.81183058,.73791885,.37380952,1.4935185,.62962961
2704466,sv-werder-bremen,86,1,borussia-dortmund,16,2,0,17.277779,0,11.611111,4.8169932,16.006536,1.5947713,9.8954248,2016,1.1716672,.91250193,1.495478,1.330847,.99457669,.83749706,1.3013375,1.1613387,1.3055556,1.1527778,1.4925926,1.2592592
2704467,sv-darmstadt-98,105,0,borussia-monchengladbach,18,0,0,0,0,0,5.993464,11.392157,1.6862745,6.0653596,2016,1.065912,.7917546,1.2683462,1.1311313,.93316299,.74213362,1.480018,1.0858105,.66296297,.3888889,1.5796297,1.2064815
2704468,sc-freiburg,60,1,fc-bayern-munchen,27,2,19.444445,0,5.0555553,0,3.2483661,27.856209,.73202616,22.091503,2016,1.1873068,.82612807,1.4702795,1.2431263,1.3289422,1.0421958,1.3992829,1.0992634,2.0078433,1.9607843,1.4333333,1.0638889
2704469,rasenballsport-leipzig,23826,3,eintracht-frankfurt,24,0,0,3.2222223,0,1.5555556,.28758171,5.6013074,.11111111,1.7058823,2016,1.4090084,.87631691,1.329329,.59578067,1.4144841,1.0504409,1.2163256,.59410173,1.4796296,.96296299,.9685185,.62037039
2704479,bayer-04-leverkusen,15,2,borussia-monchengladbach,18,3,21.055555,0,11.611111,0,10.673203,16.222221,5.8562093,8.5555553,2016,1.5021374,.97328538,1.4223958,1.249751,1.4857088,1.0066979,1.5974121,1.1574556,1.218254,.70740741,1.6935185,1.2759259
2704480,fc-schalke-04,33,0,eintracht-frankfurt,24,1,0,2.6111112,0,1.1666666,5.013072,4.9084969,2.3333333,1.503268,2016,1.3448319,.86339223,1.2765512,.58652145,1.0684023,.83197111,1.2163256,.60799062,.90370369,.89444447,.95740741,.62037039
2704481,1-fsv-mainz-05,39,1,borussia-dortmund,16,1,15.444445,20.555555,5.7777777,13.777778,6.4444447,18.699347,2.2483661,11.869281,2016,1.0492244,.76753706,1.5927002,1.2266803,.90051067,.79880273,1.3854644,1.0155053,.80277777,.87037039,1.7425926,1.1342592
2704482,vfl-wolfsburg,82,1,fc-augsburg,167,2,0,0,0,0,11.169934,8.3529415,5.1568627,2.6470587,2016,1.3346629,.77599454,.87194443,.58289409,1.2094569,.72274995,.84288687,.45364702,1.337963,.7638889,.62446314,.30266106
2704483,fc-ingolstadt-04,4795,3,hamburger-sv,41,1,0,0,0,0,8.4705887,4.0392156,2.4313726,1.3006536,2016,1.1570238,.93601936,1.032714,.56038409,1.3580385,1.0974687,.92563027,.57633054,.97685188,.72222221,1.4509804,.7647059
2704484,sv-werder-bremen,86,1,fc-bayern-munchen,27,2,0,0,0,0,4.7320261,26.522877,1.4509804,20.660131,2016,1.2490177,1.0462626,1.3837255,1.1571614,1.0871693,1.0874971,1.3309958,1.031742,1.3888888,1.4027778,1.3731482,.93425924
2704485,sv-darmstadt-98,105,1,1-fc-koln,3,6,0,21.333334,0,6,4.2679739,6.7124181,1.2156863,1.7973856,2016,1.1159345,.78680933,1.6192014,.88533896,.88760269,.63420224,1.470387,.83085912,.66666669,.38235295,1.2824074,.73148149
2704486,sc-freiburg,60,2,hertha-bsc,44,1,18,29.444445,4.7222223,10.944445,3.1568627,21.947712,.74509805,7.1045752,2016,1.097029,.77176297,.97581238,.68381459,1.2594136,.95191801,.96560276,.6748457,2.0078433,1.8823529,1.2333333,.69351852
2704487,rasenballsport-leipzig,23826,2,tsg-1899-hoffenheim,533,1,0,6.6111112,0,3.1666667,.28758171,10.313725,.11111111,3.2287581,2016,1.4656863,.93187243,1.3842282,.77918613,1.4692681,1.1059965,1.3193651,.85865599,1.562963,1.0462962,1.4935185,.62962961
2704497,fc-bayern-munchen,27,1,fc-schalke-04,33,1,0,0,0,0,20.888889,4.8496733,16.379086,2.2549019,2016,1.385904,1.0196857,1.3448319,.86339223,1.3701078,.98282117,1.0684023,.83197111,1.4592593,1.0638889,.90370369,.89444447
2704498,borussia-dortmund,16,1,rasenballsport-leipzig,23826,0,18.944445,0,12.666667,0,16.777779,.16993465,10.588235,.078431375,2016,1.7476022,1.3471869,1.5153855,.97004569,1.5480907,1.1348236,1.5570105,1.0616403,1.937037,1.2731482,1.5351852,1.2685186
2704499,borussia-monchengladbach,18,3,sc-freiburg,60,0,0,14.944445,0,4.1666665,20.150328,1.9411764,10.457517,.54248369,2016,1.1282523,1.1010504,1.0494331,.7014963,1.3764246,1.1011283,1.178395,.75386602,1.412037,1.1203704,1.8215686,1.4705882
2704500,hertha-bsc,44,1,fc-ingolstadt-04,4795,0,25.611111,0,9.5555553,0,19.196079,7.1111112,6.2875819,2.1960785,2016,1.2322938,1.1753269,1.2885053,.97715294,1.2776518,1.1419091,1.3645201,.9987033,1.5058824,1.3960785,.96296299,.75
2704501,1-fc-koln,3,1,vfl-wolfsburg,82,0,20.888889,0,5.9444447,0,6.3856211,11.169934,1.7843137,5.1568627,2016,1.3774085,.76728338,1.3346629,.77599454,1.2508103,.73826653,1.2094569,.72274995,1.1712962,.7037037,1.337963,.7638889
2704502,hamburger-sv,41,1,bayer-04-leverkusen,15,0,0,18.388889,0,10.222222,6,7.8431373,1.7189542,4.2549019,2016,.93247259,.61161584,1.1758081,1.1169814,.83525133,.62764549,1.1997787,1.1546807,1.324074,.77777779,.91838622,.95092595
2704503,fc-augsburg,167,3,sv-werder-bremen,86,2,0,0,0,0,11.058824,4.4183006,3.5294118,1.2679739,2016,1.0081768,.76589298,1.1724974,1.0143402,.96504128,.65571713,1.0883598,1.1203253,.73051149,.32288361,.99537039,1.375
2704504,tsg-1899-hoffenheim,533,4,1-fsv-mainz-05,39,0,5.5555553,13.444445,2.6666667,4.8888888,10.830066,5.4836602,3.3398693,1.8758169,2016,1.1701518,.76896298,1.0637306,.78288794,1.1256934,.86620772,.93413907,.84046942,1.2194444,.7962963,.98333335,.93981481
2704505,eintracht-frankfurt,24,2,sv-darmstadt-98,105,0,3.1666667,0,1.5555556,0,5.6013074,4.0326796,1.7058823,1.1503268,2016,1.329329,.59578067,1.1126276,.74636644,1.2163256,.59410173,.88671237,.5989458,.9685185,.62037039,.71875,.40625
2704506,bayer-04-leverkusen,15,3,eintracht-frankfurt,24,0,22.666666,2.7777777,12.333333,1.3333334,12.006536,5.1568627,6.3790851,1.6209151,2016,1.5771962,1.1170495,1.1182103,.60070169,1.5518464,1.1053752,1.0129527,.62805235,1.3701059,.79907405,.87129629,.49074075
2704507,fc-schalke-04,33,2,hertha-bsc,44,0,0,29.444445,0,10.944445,8.6013069,22.496733,4.1111112,7.1633987,2016,1.3471351,.92038363,1.0884386,.75171584,1.052927,.82776237,1.1137509,.74429011,1.0148149,1.0055555,1.2705883,.73431373
2704508,1-fsv-mainz-05,39,2,fc-augsburg,167,0,14.222222,0,5.5555553,0,6.1372547,10.424836,2.2745099,3.5816994,2016,1.0705682,.74538797,.93046212,.73558992,.96112323,.79681861,.92211801,.63356704,.96111113,.84722221,.67125219,.31547618
2704509,vfl-wolfsburg,82,2,tsg-1899-hoffenheim,533,1,0,5.5555553,0,2.6666667,12.705882,10.830066,5.6862745,3.3398693,2016,1.3793657,.7838403,1.1701518,.76896298,1.2783962,.75683624,1.1256934,.86620772,1.575,.90277779,1.2194444,.7962963
2704510,fc-ingolstadt-04,4795,0,fc-bayern-munchen,27,2,0,0,0,0,9.1960783,26.078432,2.7320261,20.653595,2016,1.3702183,1.0953668,1.3717946,1.0891302,1.5600328,1.2436528,1.3306016,1.0075126,1.0462962,.75,1.4407407,1.0638889
2704511,sv-werder-bremen,86,0,borussia-monchengladbach,18,1,0,0,0,0,6.4052286,16.90196,2,8.7777777,2016,1.3545732,1.0839169,1.2126554,1.0301179,1.190873,1.1287428,1.24448,.90899873,1.287037,1.3472222,1.1898148,.80555558
2704512,sv-darmstadt-98,105,2,borussia-dortmund,16,1,0,17.611111,0,11.666667,3.5490196,11.823529,1.0130719,7.3660131,2016,1.1205641,.78525531,1.8805208,1.4415404,.8945471,.62031335,1.6955951,1.3187553,.70833331,.40625,2.1175926,1.6064814
2704513,sc-freiburg,60,2,1-fc-koln,3,1,18,21.333334,4.7222223,6,3.1568627,6.7516341,.74509805,1.7973856,2016,1.097029,.77176297,1.4075011,.80453086,1.2594136,.95191801,1.3989584,.75943053,2.0078433,1.8823529,1.1435186,.67592591
2704514,rasenballsport-leipzig,23826,0,hamburger-sv,41,3,0,0,0,0,.11764706,10.202615,.03267974,2.986928,2016,1.546815,.95039099,.82275039,.58436418,1.5444645,1.125441,.79960316,.55720901,1.6462963,1.1203704,1.5277778,.8611111
2704524,borussia-dortmund,16,3,vfl-wolfsburg,82,0,20.444445,0,13.777778,0,14.921569,12.705882,9.4836597,5.6862745,2016,1.7729812,1.4277385,1.3871726,.77468997,1.5752248,1.2439598,1.2790576,.73831773,2.0648148,1.3888888,1.5194445,.84722221
2704525,borussia-monchengladbach,18,1,rasenballsport-leipzig,23826,2,0,0,0,0,18.17647,.28758171,9.4771242,.11111111,2016,1.0347519,1.0493755,1.5958771,.9689095,1.1250798,.98700094,1.5427008,1.0573193,1.1675926,.96111113,1.812963,1.324074
2704526,1-fsv-mainz-05,39,0,sv-werder-bremen,86,2,15.666667,0,6.0555553,0,6.5686274,7.1568627,2.4183006,2.2549019,2016,1.0705682,.74538797,1.3545732,1.0839169,.96112323,.79681861,1.190873,1.1287428,.96111113,.84722221,1.287037,1.3472222
2704527,hertha-bsc,44,1,fc-bayern-munchen,27,1,29,0,10.888889,0,21.124184,25.424837,7.0653596,20.20915,2016,1.051121,.73690104,1.3717946,1.0891302,1.0767139,.72577161,1.3306016,1.0075126,1.3058823,.73431373,1.4407407,1.0638889
2704528,1-fc-koln,3,1,fc-schalke-04,33,1,18.111111,0,5.0555553,0,6.1176472,10.771242,1.751634,5.0718956,2016,1.3839968,.74963665,1.3673655,.87055999,1.3526622,.67212898,1.0893627,.80461419,1.0972222,.58333331,1.0657407,.9537037
2704529,hamburger-sv,41,2,sc-freiburg,60,2,0,18,0,4.7222223,9.5294113,2.9215686,2.7843137,.67973858,2016,.70308024,.49408865,1.097029,.77176297,.6172269,.48354343,1.2594136,.95191801,.70588237,.58823532,2.0078433,1.8823529
2704530,fc-augsburg,167,1,bayer-04-leverkusen,15,3,0,21.222221,0,11.611111,13.424836,9.679739,4.5424838,5.1830068,2016,.88857692,.59646183,1.5774378,1.1134374,.89968532,.53432465,1.5399415,1.1003246,.68209875,.40158731,1.3701059,.79907405
2704531,tsg-1899-hoffenheim,533,2,sv-darmstadt-98,105,0,5.9444447,0,2.7777777,0,10.137255,2.3790851,3.2091503,.67973858,2016,1.2288821,.85451293,1.0660007,.76210719,1.1501462,.93426329,.82047307,.58856732,1.262037,.93518519,.59375,.40625
2704532,eintracht-frankfurt,24,0,fc-ingolstadt-04,4795,2,2.9444444,0,1.3888888,0,5.0849671,6.986928,1.5228758,2.2614379,2016,1.326998,.64477056,1.237895,.99228042,1.2313168,.69132394,1.4287198,1.1431477,1.0101852,.74074072,.96296299,.66666669
2704542,fc-bayern-munchen,27,8,hamburger-sv,41,0,0,0,0,0,26.339869,8.5163403,20.993464,2.5359478,2016,1.4904815,1.2810893,.95058155,.6046105,1.4121034,1.1409301,.82923281,.61408728,1.4555556,1.1611111,1.425926,.83333331
2704543,bayer-04-leverkusen,15,0,1-fsv-mainz-05,39,2,20.444445,16.055555,11.111111,6.1666665,11.862745,6.9019608,6.2614379,2.4771242,2016,1.5042382,1.0918186,.9986105,.74191576,1.4537222,1.0733887,.90080577,.83154082,1.3534392,.79907405,.96111113,.95833331
2704544,fc-schalke-04,33,1,tsg-1899-hoffenheim,533,1,0,5.6666665,0,2.6666667,12.679739,9.0849676,5.8104577,2.9084966,2016,1.2992743,.87661415,1.1798851,.7881549,1.0177579,.77375001,1.086061,.82315218,1.0435185,.9537037,1.225,.9074074
2704545,hertha-bsc,44,2,eintracht-frankfurt,24,0,27.666666,2.7777777,10.444445,1.3333334,19.026144,4.5882354,6.4640522,1.4379085,2016,1.1078649,.80436134,1.4266759,.71804178,1.1415287,.80447531,1.3616298,.79498357,1.3196079,.84019607,1.1157408,.83518517
2704546,vfl-wolfsburg,82,1,sv-werder-bremen,86,2,0,0,0,0,12.130719,5.9084969,5.5228758,1.7385621,2016,1.3392422,.77839369,1.4576156,1.1507599,1.2467011,.76104498,1.2775133,1.1887958,1.5305556,.90277779,1.2175926,1.2546296
2704547,fc-ingolstadt-04,4795,0,borussia-monchengladbach,18,2,0,0,0,0,7.6274509,13.006536,2.2549019,6.4705882,2016,.94552684,.78919399,1.1130644,1.0188842,1.0861272,.85981441,1.2879833,.96162218,.62962961,.47222221,1.2601852,.96111113
2704548,sv-darmstadt-98,105,1,fc-augsburg,167,2,0,0,0,0,2.4509804,11.836601,.71241832,3.8039215,2016,1.2025468,.81483686,.90448803,.558447,.99165064,.68845201,.94928855,.5512799,.76041669,.4375,.83858025,.47566137
2704549,sc-freiburg,60,0,borussia-dortmund,16,3,18.722221,20.888889,4.7222223,14.055555,3.4313726,18.287582,.73202616,11.503268,2016,1.0317732,.71364331,1.5555208,1.1638496,1.1945988,.85191798,1.3567063,.98238569,2.0372548,1.7352941,1.7842592,1.0972222
2704550,rasenballsport-leipzig,23826,3,1-fc-koln,3,1,0,16.611111,0,4.6111112,.28758171,5.2222223,.11111111,1.4640523,2016,1.641973,1.0013169,1.6023017,.82581514,1.5974848,1.0943563,1.4359955,.74355751,1.812963,1.3518518,1.2361112,.6388889
2704551,borussia-dortmund,16,6,bayer-04-leverkusen,15,2,20.888889,19.277779,14.055555,10.555555,18.287582,9.5032682,11.503268,5.0980392,2016,1.5555208,1.1638496,1.3376942,1.0315566,1.3567063,.98238569,1.363863,1.0470419,1.7842592,1.0972222,1.3201058,.79907405
2704552,borussia-monchengladbach,18,4,fc-schalke-04,33,2,0,0,0,0,14.509804,8.8888893,7.3921571,4.1830068,2016,1.1130644,1.0188842,1.4243431,.96373379,1.2879833,.96162218,1.1557047,.85862654,1.2601852,.96111113,1.1037037,1.0425926
2704553,1-fsv-mainz-05,39,1,vfl-wolfsburg,82,1,16.055555,.44444445,6.1666665,.33333334,6.9019608,7.359477,2.4771242,3.6928105,2016,.9986105,.74191576,1.4354724,.84320849,.90080577,.83154082,1.3448253,.82585979,.96111113,.95833331,1.6972222,1.0694444
2704554,1-fc-koln,3,0,fc-bayern-munchen,27,3,16.388889,0,4.5555553,0,5.1241832,30.555555,1.385621,24.235294,2016,1.3939174,.78423262,1.4803805,1.3110275,1.2058368,.68892789,1.4074414,1.1579053,1.1064814,.55555558,1.4361111,1.1657407
2704555,hamburger-sv,41,1,hertha-bsc,44,0,0,26.777779,0,10.055555,11.392157,17.294117,3.4052289,5.7254901,2016,.91534299,.59614867,1.1144787,.87380582,.88055557,.58101851,1.1477015,.8785494,1.6388888,.91666669,1.3196079,.91862744
2704556,fc-augsburg,167,2,rasenballsport-leipzig,23826,2,0,0,0,0,8.0784311,.28758171,2.5620916,.11111111,2016,.81266391,.54349351,1.3130488,.82076132,.79584938,.46001005,1.3389971,.99118167,.62098765,.35529101,1.5074074,1.0185186
2704557,sv-werder-bremen,86,2,sv-darmstadt-98,105,0,0,0,0,0,7.4640522,2.1830065,2.3856208,.627451,2016,1.470314,1.20076,1.1643194,.80007017,1.2880952,1.235092,.97754377,.67502713,1.2453704,1.3657408,.76666665,.43333334
2704558,tsg-1899-hoffenheim,533,5,fc-ingolstadt-04,4795,2,5.7777777,0,2.9444444,0,10.915032,7.980392,3.3725491,2.3006537,2016,1.1849005,.78374571,.86566573,.73416752,1.0811228,.81204104,1.0080385,.80425888,1.2435185,.9074074,.62962961,.47222221
2704559,eintracht-frankfurt,24,1,sc-freiburg,60,2,2.8333333,18.666666,1.3888888,4.8333335,6.0326796,2.8692811,1.9084967,.65359479,2016,1.4226617,.69074798,1.0136957,.67267108,1.3720338,.76323754,1.1483024,.74874341,1.0935185,.76851851,1.9196079,1.6176471
2704569,fc-bayern-munchen,27,3,eintracht-frankfurt,24,0,0,2.5555556,0,1.3333334,32.503269,3.7254901,25.660131,1.248366,2016,1.4778552,1.2808087,1.1093603,.60547215,1.4128249,1.1315506,1.0644811,.67483366,1.4555556,1.1611111,.5935185,.66666669
2704570,bayer-04-leverkusen,15,1,sv-werder-bremen,86,1,0,0,0,0,9.5359478,5.0588236,5.3137255,1.5228758,2016,1.5292294,1.0968933,1.449679,1.1583948,1.5191984,1.1136003,1.2886243,1.2118727,1.3682539,.86296296,1.2824074,1.3472222
2704571,fc-schalke-04,33,3,fc-augsburg,167,0,0,0,0,0,10.843137,6.5163398,5,2.1764705,2016,1.3215276,.94627905,.99801099,.75198323,1.1004298,.85245371,.97100371,.67528784,1.0898148,.9685185,.77006173,.37843916
2704572,hertha-bsc,44,2,borussia-dortmund,16,1,28.388889,18.888889,10.722222,12.777778,18.450981,12.281046,6.2091503,7.8366013,2016,1.1737561,.91857892,1.5310221,1.2556252,1.2111274,.95222664,1.3733017,1.1092796,1.6235294,1.1362745,1.8648148,1.3333334
2704573,hamburger-sv,41,2,borussia-monchengladbach,18,1,0,0,0,0,9.1764708,12.980392,2.6862745,6.4575162,2016,.95423186,.52039111,.83756262,.78326917,.80277777,.50231481,.81344628,.64603573,1.1574074,.6388889,.76018518,.53518516
2704574,fc-ingolstadt-04,4795,2,1-fc-koln,3,2,0,25.111111,0,7.0555553,9.1960783,8.5816994,2.7320261,2.3856208,2016,.96034169,.84845322,1.2879932,.73176754,1.1989218,1.0214306,1.1698172,.67966861,.71296299,.47222221,1.0092592,.53703701
2704575,sv-darmstadt-98,105,2,1-fsv-mainz-05,39,1,0,16.055555,0,5.8888888,2.6339869,5.7320261,.751634,2.143791,2016,1.0261308,.7796998,.98754114,.7034542,.86985147,.65959501,.89007342,.76904082,.6722222,.41111112,.95185184,.95833331
2704576,sc-freiburg,60,1,tsg-1899-hoffenheim,533,1,20.166666,6.1111112,5.0555553,3,3.7647059,10.96732,.80392158,3.3986928,2016,1.1032019,.7333014,1.1849005,.78374571,1.2841049,.92136246,1.0811228,.81204104,2.0372548,1.7647059,1.2435185,.9074074
2704577,rasenballsport-leipzig,23826,0,vfl-wolfsburg,82,1,0,.44444445,0,.33333334,.28758171,13.464052,.11111111,6.4052286,2016,1.6371469,.97168726,1.4021784,.80138415,1.5834416,1.0499119,1.2932111,.76110971,1.812963,1.324074,1.5972222,.90277779
2704578,borussia-dortmund,16,1,fc-ingolstadt-04,4795,0,19.5,0,13.166667,0,14.869281,7.9084969,9.4509802,2.4575164,2016,1.3246728,1.1699771,.83704621,.74713051,1.1658943,1.0259463,1.0711699,.92597604,1.6537037,1.2407408,.62962961,.3888889
2704579,borussia-monchengladbach,18,0,fc-bayern-munchen,27,1,0,0,0,0,15.836601,33.490196,8.039216,26.346405,2016,.94208175,.8347261,1.3132746,1.0991647,1.1044006,.81771082,1.2578375,.90965205,.94537038,.60925925,1.3027778,.75833333
2704580,1-fsv-mainz-05,39,0,fc-schalke-04,33,1,13.277778,0,5.2777777,0,6.2091503,12.594771,2.3725491,5.8692808,2016,1.006547,.71761018,1.440075,.93955123,.90775019,.7898742,1.1865851,.83547843,.95185184,.84722221,1.1361111,.99074072
2704581,vfl-wolfsburg,82,1,sv-darmstadt-98,105,0,.44444445,0,.33333334,0,10.091503,1.0718955,4.8692808,.28104576,2016,1.1758485,.60667264,.91105139,.62978393,1.0366454,.51287341,.84472519,.60179484,1.2592592,.59722221,.63541669,.39583334
2704582,1-fc-koln,3,4,hertha-bsc,44,2,23,28.388889,6.4444447,10.722222,8.346405,19.019608,2.3333333,6.3660131,2016,1.5886054,.76562995,1.0857931,.86807388,1.428059,.70420569,1.0977015,.88873458,1.1157408,.47222221,1.3294117,.95980394
2704583,fc-augsburg,167,1,sc-freiburg,60,1,0,20.166666,0,5.0555553,6.8235292,3.7647059,2.0522876,.80392158,2016,.83882296,.57168901,1.1032019,.7333014,.81822592,.4669545,1.2841049,.92136246,.66384482,.35529101,2.0372548,1.7647059
2704584,sv-werder-bremen,86,3,rasenballsport-leipzig,23826,0,0,0,0,0,4.8627453,.28758171,1.4771242,.11111111,2016,1.2530979,1.0045487,1.5209854,.87786013,1.1343033,1.0637245,1.4764972,.97089946,1.324074,1.3472222,1.6851852,1.2407408
2704585,tsg-1899-hoffenheim,533,1,bayer-04-leverkusen,15,0,6.1111112,0,3,0,11.124183,7.9477124,3.4379084,4.4640522,2016,1.2147827,.77483308,1.6221782,1.2272352,1.0994377,.80554754,1.611791,1.2432299,1.262037,.9074074,1.4654762,1.0018518
2704586,eintracht-frankfurt,24,0,hamburger-sv,41,0,3.1111112,0,1.5555556,0,6.1437907,11.392157,1.9084967,3.4052289,2016,1.4353122,.69382358,.91534299,.59614867,1.3536125,.75618285,.88055557,.58101851,.7972222,.64814812,1.6388888,.91666669
2704587,fc-bayern-munchen,27,6,fc-augsburg,167,0,0,0,0,0,25.653595,7.8692808,20.17647,2.6274509,2016,1.4398117,1.1549009,1.109515,.80015224,1.3791872,.97119701,1.0998617,.73061168,1.3592592,.89259261,.79135805,.38955027
2704588,bayer-04-leverkusen,15,3,vfl-wolfsburg,82,3,0,.44444445,0,.33333334,6.9215684,11.104575,3.8758171,5.0784316,2016,1.4073759,.918405,1.2373564,.68339223,1.4102194,.93403679,1.0479009,.58324379,1.1674603,.78425926,1.4074074,.79166669
2704589,fc-schalke-04,33,1,borussia-dortmund,16,1,0,18.166666,0,12.888889,7.6078429,20.20915,3.5490196,12.751634,2016,1.4112878,.96469581,1.3346113,1.1390848,1.1655533,.89780033,1.238677,1.0155474,1.15,1.0648148,1.6268518,1.199074
2704590,hertha-bsc,44,1,tsg-1899-hoffenheim,533,3,24.222221,6.2222223,9.0555553,3,15.300653,11.830066,5.1633987,3.5424836,2016,1.1873643,.87578994,1.2170775,.73122048,1.2072253,.84746474,1.1751884,.78842992,1.6,.90098041,1.6546296,.9074074
2704591,hamburger-sv,41,2,1-fc-koln,3,1,0,22.888889,0,6.6111112,10.254902,9.5098038,3.0915034,2.8431373,2016,.81349111,.51534057,1.1896787,.54053175,.80515873,.50165343,1.1582177,.49047109,1.6111112,.83333331,1.2777778,.56481481
2704592,fc-ingolstadt-04,4795,2,1-fsv-mainz-05,39,1,0,14.611111,0,5.5,7.986928,6.3725491,2.4379084,2.143791,2016,.83704621,.74713051,.98661524,.66652608,1.0711699,.92597604,.92248082,.73694205,.62962961,.3888889,1,1.0138888
2704593,eintracht-frankfurt,24,0,borussia-monchengladbach,18,0,3.3333333,0,1.7222222,0,5.2287583,15.091503,1.7189542,7.7581701,2016,1.1134615,.63534296,1.1277144,1.0557579,1.0605587,.70433098,1.3358822,1.0569084,.56111109,.57407409,1.2601852,.99814814
2704594,sc-freiburg,60,2,sv-werder-bremen,86,5,17.944445,0,4.5555553,0,2.9411764,4.7124181,.64705884,1.5359477,2016,1.1365352,.76321596,1.355662,.97463411,1.2841049,.9352513,1.1775132,.9155764,2.0960784,1.8529412,1.1712962,.9861111
2704595,rasenballsport-leipzig,23826,4,sv-darmstadt-98,105,0,0,0,0,0,.16993465,.86274511,.078431375,.25490198,2016,1.3349344,.86135966,1.1013564,.68983686,1.492767,1.0714285,.93340796,.58397776,1.5074074,1.0185186,.72222221,.33333334
2704605,borussia-dortmund,16,3,hamburger-sv,41,0,18.5,0,12.888889,0,12.111111,6.5947714,7.9215684,1.9346405,2016,1.405288,1.1876147,1.0090224,.53687167,1.3192326,1.0840659,.84543651,.51455027,1.7240741,1.2287037,1.1111112,.6111111
2704606,borussia-monchengladbach,18,1,hertha-bsc,44,0,0,20.166666,0,7.3888888,15.078431,10.418301,7.5359478,3.4117646,2016,.99249023,1.0309893,1.2576907,1.3962485,1.0897402,.98067379,1.3326138,1.4190696,1.0935185,.92407405,1.9921569,2.0049019
2704607,1-fsv-mainz-05,39,2,rasenballsport-leipzig,23826,3,14.944445,0,5.7777777,0,6.2418299,.11764706,2.3071895,.03267974,2016,.98018694,.70854682,1.5518656,.95039099,.91966999,.78209877,1.5514089,1.125441,1.0185186,1.0138888,1.6462963,1.1203704
2704608,vfl-wolfsburg,82,0,sc-freiburg,60,1,.27777779,20.555555,.22222222,5.6111112,8.1699343,3.3660131,3.8823528,.83006537,2016,1.2022626,.64899468,1.0405034,.70372522,1.0014042,.52901095,1.1631173,.77255291,1.4814814,.70833331,1.9294118,1.6470588
2704609,1-fc-koln,3,1,eintracht-frankfurt,24,0,26.666666,2.8888888,7.7222223,1.5555556,11.124183,5.7516341,3.3856208,1.8169935,2016,1.0545971,.61090213,.94014466,.49092659,1.0539849,.59496844,.78972536,.53500885,1.0416666,.6388889,.74259257,.39814815
2704610,fc-augsburg,167,2,fc-ingolstadt-04,4795,3,0,0,0,0,15.424836,7.3137255,5.0392156,2.1307189,2016,.88859886,.57428831,1.1580338,.93725395,.81358624,.47172242,1.3506311,1.0875922,.62222224,.34999999,.96296299,.66666669
2704611,sv-werder-bremen,86,3,fc-schalke-04,33,0,0,0,0,0,6.9150329,8.7973852,2.3202615,4.0392156,2016,1.4397075,1.1935799,1.5508051,1.0256386,1.2994268,1.2544413,1.3342041,.9672448,1.4305556,1.4953704,1.25,1.1018518
2704612,sv-darmstadt-98,105,0,bayer-04-leverkusen,15,2,0,0,0,0,2.1503267,9.4444447,.60130721,4.8562093,2016,1.2002326,.84261465,1.4283465,1.0027485,.95071566,.66268146,1.3951731,1.0094787,.79166669,.45833334,1.1748677,.80277777
2704613,tsg-1899-hoffenheim,533,1,fc-bayern-munchen,27,0,6.2222223,0,3,0,11.830066,22.058823,3.5424836,17.758169,2016,1.2170775,.73122048,1.1744406,.93125761,1.1751884,.78842992,1.0621339,.7599777,1.6546296,.9074074,.91111112,.64722222
2704623,fc-bayern-munchen,27,4,borussia-dortmund,16,1,0,14.666667,0,10.277778,26.196079,12.470589,21.215687,7.7124181,2016,1.2225852,1.1241589,1.3203776,1.173741,1.1098224,.99917519,1.2753173,1.0510813,.99166667,.9990741,1.5574074,1.0648148
2704624,fc-schalke-04,33,4,vfl-wolfsburg,82,1,0,.16666667,0,.11111111,9.2418299,8.8562088,4.3267975,4.4183006,2016,1.6151422,.96724212,1.2450259,.67840642,1.1986221,.86280292,1.0569597,.57222086,1.187037,1.1240741,1.5,.7638889
2704625,hertha-bsc,44,2,fc-augsburg,167,0,26.777779,0,10.055555,0,16.725491,13.738562,5.5686274,4.6601305,2016,1.1907314,.91745657,1.0842674,.78967488,1.2125163,.9109568,1.0295815,.73232526,1.6235294,1.0480392,.729321,.40158731
2704626,1-fc-koln,3,2,borussia-monchengladbach,18,3,26.888889,0,7.6666665,0,11.810457,14.084968,3.5163398,7.1960783,2016,1.1573554,.6371367,1.1684551,1.1475568,1.1687998,.5887956,1.3790921,1.1388528,.9861111,.55555558,1.3342593,1.0722222
2704627,hamburger-sv,41,2,tsg-1899-hoffenheim,533,1,0,6.2777777,0,3.1666667,4.5163398,10.588235,1.4052287,3.3071895,2016,.9942593,.51494187,1.3461109,.84340179,.81633598,.49140212,1.3396103,.951922,1.1203704,.6111111,1.6277778,1.0555556
2704628,fc-ingolstadt-04,4795,3,sv-darmstadt-98,105,2,0,0,0,0,9.1045752,2.0196078,2.6470587,.58823532,2016,1.3997005,1.0705873,.98332232,.66067022,1.5585436,1.2214305,.83559221,.58027405,1.0185186,.69444442,.64215684,.3137255
2704629,eintracht-frankfurt,24,2,sv-werder-bremen,86,2,3.2222223,0,1.6666666,0,7.0718956,7.1111112,2.2810457,2.3921568,2016,.94532967,.56403512,1.8487984,1.2830862,.80749434,.64915025,1.5772046,1.3290445,.5009259,.43518519,1.8194444,1.4305556
2704630,sc-freiburg,60,1,1-fsv-mainz-05,39,0,8.2222223,15.777778,2.0555556,5.9444447,1.5751634,6.8300653,.41830066,2.4117646,2016,1.1276298,.71675879,1.0094514,.68285233,1.2246914,.76497716,.8993327,.69805318,1.8705882,1.4411764,.83703703,.7175926
2704631,rasenballsport-leipzig,23826,1,bayer-04-leverkusen,15,0,0,0,0,0,.28758171,6.980392,.11111111,4.0392156,2016,1.5108603,.89904416,1.4796263,1.1709675,1.5205448,1.0679013,1.4877657,1.1934614,1.6462963,1.0833334,1.259127,.96481484
2704641,borussia-dortmund,16,3,eintracht-frankfurt,24,1,20.222221,2.1666667,14.277778,1.1111112,27,4.0980392,16.862745,1.3790849,2016,1.4332563,1.0493596,.87090856,.51738107,1.2356551,.86657369,.72814959,.57204586,1.5814815,.97222221,.44537038,.35370371
2704642,bayer-04-leverkusen,15,0,fc-bayern-munchen,27,0,0,0,0,0,11.699347,24.078432,6.3071895,19.026144,2016,1.4796263,1.1709675,1.0607641,.9356702,1.4877657,1.1934614,1.0267656,.87114888,1.259127,.96481484,.98055553,.93888891
2704643,1-fsv-mainz-05,39,1,hertha-bsc,44,0,17.333334,21.333334,6.2222223,8,7.6078429,11.111111,2.4575164,3.5882354,2016,1.0785234,.78817642,1.1034918,.77983004,1.0095179,.85634243,1.1136106,.80632716,.92407405,.93981481,1.4666667,1.0509804
2704644,vfl-wolfsburg,82,3,fc-ingolstadt-04,4795,0,.44444445,0,.33333334,0,11.058824,6.4967322,5.3790851,1.7581699,2016,1.2457974,.67840642,.95207471,.8048746,1.0620102,.57222086,1.1492423,.98574036,1.5,.7638889,.6574074,.41666666
2704645,fc-augsburg,167,2,1-fc-koln,3,1,0,26.722221,0,7.6111112,11.869281,12.065359,3.856209,3.5686274,2016,1.0664454,.79722852,1.1562686,.64816362,1.0204766,.73798627,1.0404929,.59831941,.72746915,.4154762,1.0787038,.6388889
2704646,sv-werder-bremen,86,2,hamburger-sv,41,1,0,0,0,0,8.2614384,5.4967322,2.7581699,1.6928104,2016,1.4758695,1.1507599,.91367835,.49282214,1.3066138,1.1887958,.7197479,.4859944,1.2175926,1.2546296,.67647058,.55882353
2704647,sv-darmstadt-98,105,2,fc-schalke-04,33,1,0,0,0,0,2.4117646,5.0849671,.69934642,2.2156863,2016,.85730362,.71946651,1.3281229,.91079557,.74227208,.62608534,1.0185575,.79608881,.60294116,.37254903,.95784312,1.072549
2704648,tsg-1899-hoffenheim,533,5,borussia-monchengladbach,18,3,5.7777777,0,2.8333333,0,9.8104572,11.640523,2.9084966,5.7058825,2016,1.1806271,.67751676,.93133038,.9117083,1.139915,.69451457,.97934133,.81316537,1.5712963,.74074072,.98240739,.81296295
2704649,rasenballsport-leipzig,23826,4,sc-freiburg,60,0,0,16,0,4.1666665,.28758171,3.3529413,.11111111,.84967321,2016,1.5071325,.92724282,.94281822,.55581754,1.4950818,1.1022928,1.0527778,.6128307,1.6740741,1.1296296,1.5470588,1.1764706
2704650,fc-bayern-munchen,27,2,1-fsv-mainz-05,39,2,0,12.333333,0,4.8888888,26.09804,4.5490198,20.549019,1.6274509,2016,1.4829057,1.3008605,1.0943313,.76456529,1.4284852,1.1590277,1.0238477,.81346321,1.4592593,1.1564815,.77314812,.8287037
2704651,borussia-monchengladbach,18,2,borussia-dortmund,16,3,0,19.611111,0,13.944445,11.640523,22.09804,5.7058825,13.320261,2016,.93133038,.9117083,1.5082563,1.1488966,.97934133,.81316537,1.3117133,.9637959,.98240739,.81296295,1.6768519,1.0462962
2704652,fc-schalke-04,33,1,rasenballsport-leipzig,23826,1,0,0,0,0,6.9411764,.16993465,3.0588236,.078431375,2016,1.5511233,.98716176,1.5608603,.95171374,1.1987824,.83048034,1.5594336,1.133157,1.1268518,1.05,1.6648148,1.1388888
2704653,hertha-bsc,44,1,vfl-wolfsburg,82,0,22.888889,.44444445,8.7222223,.33333334,13.457517,11.372549,4.4967322,5.1960783,2016,1.1326725,.81784177,1.2348763,.65703893,1.1918935,.85632718,1.0558374,.56604797,1.6529412,1.1392157,1.5,.7638889
2704654,1-fc-koln,3,1,tsg-1899-hoffenheim,533,1,25.222221,6.1666665,7.1666665,3.0555556,9.5228758,13.006536,2.7647059,3.8692811,2016,1.264038,.6624493,1.1864141,.72844267,1.1790764,.63906014,1.1595559,.78895903,1.1111112,.7037037,1.5527778,.74074072
2704655,hamburger-sv,41,1,sv-darmstadt-98,105,2,0,0,0,0,4.8496733,2.4117646,1.4379085,.69934642,2016,.84380788,.49930894,1.0755576,.7873677,.67072827,.49824929,.91264248,.68225819,.99019605,.58823532,.70588237,.41176471
2704656,fc-ingolstadt-04,4795,2,sv-werder-bremen,86,4,0,0,0,0,4.7777777,4.5228758,1.385621,1.503268,2016,1.4881445,1.0542403,1.8208579,1.1219375,1.5925132,1.2255433,1.5526454,1.0578434,1.004902,.70588237,1.7314814,1.087963
2704657,eintracht-frankfurt,24,3,fc-augsburg,167,1,3.2222223,0,1.6666666,0,7.0718956,7.5947714,2.2810457,2.6209149,2016,.8739053,.43941143,.86489618,.70171195,.70454019,.45105821,.86511946,.63924885,.70925927,.35370371,.74810404,.39880952
2704658,sc-freiburg,60,2,bayer-04-leverkusen,15,1,15.888889,0,4.1111112,0,1.6013072,4.1241832,.3267974,2.3333333,2016,1.0154916,.55798423,1.40817,1.0671953,1.0848765,.62708032,1.4412782,1.0728595,1.4129629,1.0787038,1.3265873,.90185183
2704668,borussia-dortmund,16,0,1-fc-koln,3,0,19.277779,24.888889,13.611111,7.0555553,22.339869,10.411765,14.039216,2.9738562,2016,1.4943674,1.0910262,1.468002,.6686883,1.3093925,.91935146,1.2938439,.61514044,1.6787037,.99074072,1.2083334,.55555558
2704669,bayer-04-leverkusen,15,1,fc-schalke-04,33,4,0,0,0,0,11.281046,10.117647,6.0849671,4.6143789,2016,1.3307556,1.1911916,1.5024149,.92074573,1.3195953,1.2108225,1.1414462,.77745003,1.1025132,.97407407,1.0435185,.93888891
2704670,1-fsv-mainz-05,39,1,borussia-monchengladbach,18,2,11.777778,0,4.5,0,4.973856,7.7581701,1.7973856,3.8039215,2016,1.1359309,.75900978,.95866728,.94362938,1.1062551,.81081772,1.0179216,.87030822,.88425928,.77314812,1.1722223,.91018516
2704671,vfl-wolfsburg,82,0,fc-bayern-munchen,27,6,.44444445,0,.33333334,0,13.601307,23.960785,6.1503267,19.150328,2016,1.1400723,.70864695,1.4904815,1.2810893,.97017521,.64958316,1.4121034,1.1409301,1.0564815,.7361111,1.4555556,1.1611111
2704672,fc-augsburg,167,4,hamburger-sv,41,0,0,0,0,0,17.143791,5.4444447,5.8562093,1.6862745,2016,1.0531079,.84120435,.97282833,.41918215,.89150435,.70115966,.76876754,.36589634,.66137564,.40277779,1.0392157,.44117647
2704673,sv-werder-bremen,86,2,hertha-bsc,44,0,0,18.277779,0,6.8888888,4.1045752,9.0588236,1.2745098,3.0261438,2016,1.2944551,1.0754513,1.639154,1.3515719,1.2007936,1.1785264,1.693725,1.3699956,.8425926,1.2083334,2.5647058,1.972549
2704674,sv-darmstadt-98,105,3,sc-freiburg,60,0,0,17.166666,0,4.3888888,2.4117646,2.143791,.69934642,.4379085,2016,1.0755576,.7873677,1.0388499,.61530828,.91264248,.68225819,1.1737654,.77552909,.70588237,.41176471,1.7137254,1.3823529
2704675,tsg-1899-hoffenheim,533,1,eintracht-frankfurt,24,0,5.6111112,3.7222223,2.6111112,1.8888888,10.705882,6.980392,3.1176472,2.1895425,2016,1.200303,.7251358,1.1703211,.60794646,1.1842473,.78895903,1.0615728,.73005855,1.5527778,.74074072,.93981481,.77962965
2704676,rasenballsport-leipzig,23826,0,fc-ingolstadt-04,4795,0,0,0,0,0,.11764706,6.3071895,.03267974,1.8562092,2016,1.546815,.95039099,1.3253111,.87847382,1.5444645,1.125441,1.447192,.9460578,1.6462963,1.1203704,.99074072,.52777779
2704677,fc-bayern-munchen,27,1,sv-darmstadt-98,105,0,0,0,0,0,28.725491,2.4117646,22.653595,.69934642,2016,1.4733659,1.2743454,1.0755576,.7873677,1.4165804,1.1272817,.91264248,.68225819,1.3925925,1.0231482,.70588237,.41176471
2704678,borussia-dortmund,16,2,tsg-1899-hoffenheim,533,1,19.333334,6.6666665,13.722222,3.1666667,19.398693,13.019608,12.379085,3.9150326,2016,1.6021385,1.3776002,1.1686445,.68492419,1.4704221,1.194685,1.1225189,.72546697,1.8777778,1.3148148,1.4601852,.57407409
2704679,borussia-monchengladbach,18,1,fc-augsburg,167,1,0,0,0,0,7.2418299,17.143791,3.6143792,5.8562093,2016,.81916112,.87557381,1.0531079,.84120435,.87285984,.79669714,.89150435,.70115966,.94999999,.79907405,.66137564,.40277779
2704680,hertha-bsc,44,1,rasenballsport-leipzig,23826,4,24.555555,0,9.333333,0,16.17647,.28758171,5.4901962,.11111111,2016,1.1070993,.88692307,1.5121831,.92724282,1.1504914,.89283508,1.5020262,1.1022928,1.3196079,.90392154,1.6740741,1.1296296
2704681,1-fc-koln,3,4,sv-werder-bremen,86,3,26.277779,0,7.3888888,0,12.137255,5.3725491,3.6143792,1.7908497,2016,1.1562686,.64816362,1.3428211,1.1359451,1.0404929,.59831941,1.1896825,1.1734759,1.0787038,.6388889,1.25,1.3472222
2704682,hamburger-sv,41,0,1-fsv-mainz-05,39,0,0,13.722222,0,5,5.1830068,5.993464,1.5882353,1.9869281,2016,1.0506061,.52317375,.98754114,.7034542,.86680675,.50350142,.89007342,.76904082,1.1666666,.64705884,.95185184,.95833331
2704683,fc-ingolstadt-04,4795,1,bayer-04-leverkusen,15,1,0,0,0,0,6.5751634,7.5882354,1.8169935,4.013072,2016,1.3917946,1.0326244,1.5714011,1.1448237,1.5358163,1.1246293,1.611791,1.1760101,.96296299,.6111111,1.3710318,.91296297
2704684,eintracht-frankfurt,24,0,vfl-wolfsburg,82,2,3.0555556,0,1.6111112,0,6.3660131,9.1437912,2.0653596,4.2091503,2016,.88338929,.47772187,1.1557826,.70397758,.73827034,.5556758,.96569902,.59791893,.74537039,.47407407,1.3549019,.77941179
2704685,sc-freiburg,60,2,fc-schalke-04,33,0,22.722221,0,6,0,3.5555556,5.4575162,.77777779,2.5947711,2016,1.1478006,.72776622,1.4502325,.85471416,1.2635802,.89821428,1.113492,.77237946,1.9392157,1.6764706,1.0111111,.93055558
2704695,bayer-04-leverkusen,15,2,1-fc-koln,3,2,0,26.277779,0,7.3888888,8.013072,12.137255,4.3006535,3.6143792,2016,1.4175421,.95206267,1.1562686,.64816362,1.3578228,.9585498,1.0404929,.59831941,1.2043651,.64629632,1.0787038,.6388889
2704696,fc-schalke-04,33,1,hamburger-sv,41,1,0,0,0,0,3.1699347,6.0915031,1.4509804,1.993464,2016,1.5586982,.79298574,1.0741355,.52384222,1.2206349,.72145355,.96624649,.51330531,1.1592592,.89722222,1.6862745,.85294116
2704697,1-fsv-mainz-05,39,4,eintracht-frankfurt,24,2,16.055555,3.6111112,5.8888888,1.8888888,6.7189541,5.7777777,2.2091503,1.8823529,2016,.98754114,.7034542,1.050552,.57423186,.89007342,.76904082,1.004474,.67064494,.95185184,.95833331,.59722221,.67777777
2704698,vfl-wolfsburg,82,1,borussia-monchengladbach,18,1,.16666667,0,.11111111,0,12.09804,9.1568632,5.7647057,4.4444447,2016,1.1084142,.64688414,.99958795,1.0609244,.97104663,.55543524,1.1845882,1.0113136,1.3156862,.72058821,1.2972223,1.0166667
2704699,fc-augsburg,167,1,borussia-dortmund,16,1,0,17.722221,0,12.611111,14.163399,19.104576,4.9411764,11.797385,2016,1.0484782,.84120435,1.3659631,.99188983,.88533151,.70115966,1.1947701,.80225098,.66137564,.40277779,1.5259259,.89814812
2704700,sv-werder-bremen,86,3,tsg-1899-hoffenheim,533,5,0,5.8888888,0,2.8888888,7.0653596,11.48366,2.3660131,3.4379084,2016,1.345314,1.1256276,1.2552176,.77473897,1.2167989,1.1734759,1.254794,.89874738,1.2638888,1.3472222,1.7472222,1.074074
2704701,sv-darmstadt-98,105,0,hertha-bsc,44,2,0,19.222221,0,7.3888888,3.3137255,8.8627453,.92810458,3.1111112,2016,1.0607224,.79482323,1.561632,1.3139948,.96773505,.72546804,1.60769,1.3791667,.609375,.39583334,2.3647058,2.0460784
2704702,sc-freiburg,60,1,fc-ingolstadt-04,4795,1,17.166666,0,4.3888888,0,2.2614379,9.2549019,.47058824,2.6666667,2016,1.1268129,.69813657,.98149067,.84527862,1.2524692,.87043649,1.1932237,1.0042589,1.9490196,1.5882353,.68518519,.41666666
2704703,rasenballsport-leipzig,23826,4,fc-bayern-munchen,27,5,0,0,0,0,.28758171,28.921568,.11111111,22.816994,2016,1.4726207,.88250977,1.4666563,1.2838483,1.4698292,1.0467372,1.4119508,1.1496482,1.6740741,1.1666666,1.4175926,1.1148148
2704704,fc-bayern-munchen,27,4,sc-freiburg,60,1,0,18.611111,0,4.7222223,28.921568,2.9738562,22.816994,.63398695,2016,1.4666563,1.2838483,1.1710382,.75215513,1.4119508,1.1496482,1.3327161,.91378665,1.4175926,1.1148148,2.0078433,1.6470588
2704705,borussia-dortmund,16,4,sv-werder-bremen,86,3,16.944445,0,11.888889,0,16.196079,7.1985292,10.03268,2.3970587,2016,1.4202491,1.1039613,1.3720368,1.1910007,1.2574805,.95528132,1.2269841,1.2341006,1.5953704,1.0092592,1.3039216,1.4068627
2704706,borussia-monchengladbach,18,2,sv-darmstadt-98,105,2,0,0,0,0,12.941176,.97385621,6.640523,.26797387,2016,1.0528113,1.1393324,.97615796,.78716147,1.2554809,1.1121553,.81041414,.69746983,1.3712963,1.1092592,.72083336,.46875
2704707,hertha-bsc,44,2,bayer-04-leverkusen,15,6,23,0,8.666667,0,13.333333,5.9673204,4.2614379,3.2549019,2016,1.019401,.74207014,1.315614,.75668985,1.0467756,.81188273,1.2619985,.74558985,1.3254902,1.0421568,1.1424603,.54907405
2704708,1-fc-koln,3,2,1-fsv-mainz-05,39,0,25.333334,9.4444447,7.2222223,3.5,10.418301,2.7516339,3.0326798,.89542484,2016,1.3950853,.72594136,1.0951765,.66848266,1.2825563,.67609721,1.0486306,.7279253,1.2083334,.72222221,.88148147,.86574072
2704709,hamburger-sv,41,2,vfl-wolfsburg,82,1,0,.16666667,0,.11111111,3.0784314,12.065359,1.0457517,5.6209149,2016,.99314177,.5309723,1.1807325,.71158999,.88781512,.53851539,.99625671,.61425877,1.4509804,.7647059,1.3156862,.77941179
2704710,fc-ingolstadt-04,4795,1,fc-schalke-04,33,1,0,0,0,0,8.7843142,2.856209,2.8104575,1.3529412,2016,1.4858117,1.1237298,1.4509563,.67437154,1.6156143,1.2539082,1.1071428,.61356521,.99074072,.69444442,1.095098,.80784315
2704711,tsg-1899-hoffenheim,533,0,fc-augsburg,167,0,6.3333335,0,3.1111112,0,13.052288,11.352942,3.9150326,3.862745,2016,1.1864141,.72844267,1.0291972,.83194512,1.1595559,.78895903,.8839426,.69322312,1.5527778,.74074072,.65859789,.40277779
2704712,eintracht-frankfurt,24,2,rasenballsport-leipzig,23826,2,2.6111112,0,1.2777778,0,6.1176472,.28758171,1.7843137,.11111111,2016,1.0126805,.51389253,1.5121831,.92724282,.89722091,.52774173,1.5020262,1.1022928,.58137256,.34509805,1.6740741,1.1296296
2871486,bayer-04-leverkusen,15,1,fc-bayern-munchen,27,3,0,22.611111,0,17.388889,15.026144,27.130718,6.2745099,20.856209,2017,1.0212927,.8912468,1.2859772,1.1590645,1.0006274,.85857385,1.3267547,1.1433742,.71904761,.83518517,1.4018519,1.437037
2871487,sv-werder-bremen,86,1,tsg-1899-hoffenheim,533,1,0,19.388889,0,9.166667,8.8300657,13.248366,3.9346404,5.3006535,2017,1.7747204,1.2384368,1.4244342,1.1111797,1.5115777,1.4159483,1.4688762,1.2188632,1.2768519,1.3055556,2.0583334,1.4666667
2871488,vfb-stuttgart,79,1,hertha-bsc,44,0,0,41,0,16.611111,2.2287581,21.607843,.95424837,8.3660135,2017,1.2081547,.7194792,1.2330774,1.0105966,1.2495178,.83777857,1.2101051,1.0036576,1.2916666,1.1296296,.91203701,.7361111
2871489,eintracht-frankfurt,24,1,sc-freiburg,60,1,15.722222,36.722221,5.2222223,12.722222,8.1111107,9.2483664,2.4117646,3.4183006,2017,.84731513,.56174916,1.2313249,.71669096,.89155024,.57811522,1.2882496,.81355822,.7814815,.46944445,.72751325,.74074072
2871490,1-fc-koln,3,2,borussia-monchengladbach,18,1,0,8.833333,0,4.1666665,15.738562,17.745098,5.2287583,7.9346404,2017,1.4291564,.72456574,1.0953161,.89979482,1.335588,.66164023,1.0744505,.92465967,1.3935186,.94907409,.74586833,.63823527
2871491,rasenballsport-leipzig,23826,3,fc-schalke-04,33,1,14.444445,0,8.3888893,0,7.1176472,9.4379082,4.1633987,3.2418301,2017,1.343431,1.0422894,1.2144829,.87169206,1.3633298,.96498799,1.130533,.83820534,1.6092592,.9861111,.86501324,.57222223
2871492,fc-augsburg,167,1,hamburger-sv,41,0,7.5555553,15.666667,2.5,5.6111112,7.8300653,6.2614379,2.4705882,1.993464,2017,.95820642,.68713915,1.1045445,.61271226,.94026875,.69388652,.96198446,.60634923,1.8527777,.8611111,.9064815,.56851852
2871493,hannover-96,42,3,1-fsv-mainz-05,39,2,1.6666666,0,.33333334,0,1.9411764,7.5359478,.43137255,2.1503267,2017,1.1017458,.70655155,1.1454837,.72721404,1.080752,.80800867,1.1721087,.80468172,1.5,1.0833334,.89607841,.61764705
2871494,borussia-dortmund,16,0,vfl-wolfsburg,82,0,0,3.5,0,1.3888888,15.594771,5.5359478,9.6339865,2.2810457,2017,.98727673,.8803221,.86913466,.55362612,.87895846,.77406788,.88131791,.53313166,.89854497,.70231479,.7185185,.65277779
2871495,fc-bayern-munchen,27,3,bayer-04-leverkusen,15,1,18.611111,0,13.888889,0,21.352942,16.261438,16.17647,6.4313726,2017,1.7351176,1.232031,.94314855,.93570226,1.817458,1.2253667,.87955159,.8329345,2.5212963,1.8648148,.65238094,.76851851
2871496,tsg-1899-hoffenheim,533,1,sv-werder-bremen,86,0,23.444445,12.611111,11.277778,5.7777777,17.849672,10.856209,7.4640522,4.4967322,2017,1.2932092,1.016809,1.5744278,1.053609,1.3566147,1.1291566,1.3657614,1.1056789,2.0287037,1.6851852,1.4027778,1.2777778
2871497,hertha-bsc,44,2,vfb-stuttgart,79,0,45.5,0,18.333334,0,24.215687,.05882353,9.0196075,.019607844,2017,.94913161,.73984396,1.2836818,.75424296,.91472059,.70370573,1.5044469,.86123937,.60648149,.53703701,1.7675925,.78703701
2871498,sc-freiburg,60,0,eintracht-frankfurt,24,0,37.777779,13.833333,12.833333,4.7777777,12.490196,7.1568627,4.7320261,2.3856208,2017,1.1848252,.64578748,.79263717,.53568321,1.2854497,.81605941,.88768637,.55701059,1.0211641,.55925924,1.0388889,.67592591
2871499,borussia-monchengladbach,18,1,1-fc-koln,3,0,9.333333,42.611111,4.2777777,13.833333,18.777779,19.130718,8.4640522,6.640523,2017,.9479838,.85071754,.85171074,.64092278,.97712547,.75264537,.74010539,.66071427,.61449581,.43823528,.72314817,.97222221
2871500,fc-schalke-04,33,2,rasenballsport-leipzig,23826,0,0,18.555555,0,11.111111,11.601307,11.045752,4.1895423,6.6601305,2017,.99221873,.83949566,1.4667401,1.114291,.94046265,.86518145,1.5367866,1.1199262,.66805553,.62037039,1.7613757,1.4398148
2871501,hamburger-sv,41,1,fc-augsburg,167,0,17.611111,8.5555553,6.3333335,2.6111112,12.640523,9.5620918,4.2418299,3.0392158,2017,1.1027061,.71402878,1.0322114,.77870029,.9331044,.67389768,.81218237,.73039442,.89722222,.80462962,.91759259,.85185188
2871502,1-fsv-mainz-05,39,0,hannover-96,42,1,0,1.6666666,0,.33333334,9.4379082,2.7843137,2.9150326,.61437911,2017,1.06979,.83959848,1.0449764,.6259377,.99850953,.81281668,1.0189594,.74451661,1.0712963,.6111111,1.324074,.72222221
2871503,vfl-wolfsburg,82,0,borussia-dortmund,16,3,6.7777777,0,2.5555556,0,9.0718956,19.627451,3.509804,11.960784,2017,1.1968789,.64908117,1.2669946,1.0985136,1.1598039,.58588064,1.3219608,.99676555,.97645503,.54166669,1.3115741,.74953705
2871504,hertha-bsc,44,1,borussia-dortmund,16,1,37.333332,0,14.944445,0,17.915033,13.764706,6.9019608,8.4117651,2017,1.3056114,1.0700436,1.0210913,.89601123,1.2812877,1.0626963,.94364375,.82768744,.96568626,.77941179,1.0189153,.87638891
2871505,sc-freiburg,60,2,rasenballsport-leipzig,23826,1,32.222221,13.5,11.111111,7.7222223,8.3660135,7.0588236,3.0261438,4.0326796,2017,1.3423411,.67947352,1.2107149,.91721511,1.4387125,.79490739,1.2219156,.85943246,.89814812,.81481481,1.387037,.7638889
2871506,hamburger-sv,41,0,1-fc-koln,3,2,16.666666,0,6.0555553,0,9.1764708,16.039215,3,5.4836602,2017,.94523084,.68190622,1.3588983,.69925714,.7829721,.61252207,1.298551,.62978393,.73055553,.67962962,1.2314814,.87962961
2871507,fc-bayern-munchen,27,4,sv-werder-bremen,86,2,20.611111,0,15.777778,0,23.875816,9.7712421,18.287582,4.3071895,2017,1.6555424,1.2561545,1.2005622,1.1628196,1.7492211,1.2405964,1.1216036,1.3339858,1.9435185,1.5064815,1.3879629,1.3888888
2871508,vfl-wolfsburg,82,1,eintracht-frankfurt,24,3,3.5,14.555555,1.3888888,4.8888888,5.6862745,4.1111112,2.3137255,1.1830065,2017,.81504112,.5249685,.79419577,.5145269,.78535831,.48313168,.82448673,.50139564,.66296297,.59722221,.88333333,.57592595
2871509,tsg-1899-hoffenheim,533,1,bayer-04-leverkusen,15,4,22.055555,0,10.444445,0,16.555555,14.111111,6.647059,5.9346404,2017,1.4814779,1.1505315,1.0212927,.8912468,1.5205036,1.2662117,1.0006274,.85857385,2.0842593,1.5185186,.71904761,.83518517
2871510,borussia-monchengladbach,18,2,fc-augsburg,167,0,8.2222223,9,3.8888888,2.7777777,15.333333,10.830066,6.7843137,3.3267975,2017,1.0691723,.88672292,.94226438,.75569248,1.0654007,.9156099,.78980577,.70870131,.74586833,.63823527,.76944447,.72222221
2871543,borussia-dortmund,16,2,hertha-bsc,44,0,0,52.111111,0,21,19.627451,31.830065,11.960784,12.30719,2017,1.2669946,1.0985136,.9859041,.84441918,1.3219608,.99676555,.91363835,.72685385,1.3115741,.74953705,.67592591,.5925926
2871544,rasenballsport-leipzig,23826,4,sc-freiburg,60,1,18.555555,39.388889,10.833333,13.555555,11.48366,14.222222,6.653595,5.3921571,2017,1.2457525,.97976923,1.1674972,.70576918,1.3722363,1.0273336,1.2048721,.83710319,1.6740741,1.412037,.9537037,.56481481
2871545,1-fc-koln,3,1,hamburger-sv,41,3,47.444443,16.777779,15.111111,6,20.287582,11.647058,6.9084969,3.8431373,2017,.89495695,.69649613,1.0800189,.62036777,.77125019,.71388888,.97136241,.56278658,.82037038,1.125,.93981481,.63796294
2871546,sv-werder-bremen,86,0,fc-bayern-munchen,27,2,10.277778,21.722221,4.5555553,16.555555,10.405229,32.849674,4.1372547,25.647058,2017,1.5744278,1.053609,1.5668635,1.2308452,1.3657614,1.1056789,1.6163397,1.1878366,1.4027778,1.2777778,1.8351852,1.5037037
2871547,eintracht-frankfurt,24,0,vfl-wolfsburg,82,1,12.444445,5.2222223,4.4444447,2,6.2810459,7.6666665,2.1699347,3.0849674,2017,.81239027,.52428722,1.123886,.65921551,.90844339,.54034394,1.130968,.6449635,.99259257,.61574072,1.0181217,.72685188
2871548,bayer-04-leverkusen,15,2,tsg-1899-hoffenheim,533,2,0,22,0,10.444445,18.725491,19.065359,7.6143789,7.980392,2017,1.1904966,1.0544387,1.4050843,.92352808,1.0585121,.94746274,1.4066148,.99145824,.65238094,.85370368,1.4361111,1.074074
2871549,fc-augsburg,167,2,borussia-monchengladbach,18,2,9.666667,9.833333,3.0555556,4.5555553,12.718954,22.895424,4.013072,10.437908,2017,.92286867,.74382377,.89040804,.86640382,.76644719,.71822512,.87670958,.74997157,.67685187,.75,.56351542,.42647058
2871550,hannover-96,42,1,fc-schalke-04,33,0,1.6666666,0,.33333334,0,3.6143792,10.895425,.86928105,4.026144,2017,1.0294561,.6323911,1.0322981,.77663547,1.0641735,.73988694,.96060914,.75378972,1.5833334,.8611111,.91990739,.64629632
2871551,vfb-stuttgart,79,1,1-fsv-mainz-05,39,0,0,0,0,0,.12418301,8.2222223,.039215688,2.4444444,2017,1.2411773,.74910885,1.06979,.83959848,1.3983418,.81246591,.99850953,.81281668,1.5916667,.77777779,1.0712963,.6111111
2871552,fc-schalke-04,33,1,hannover-96,42,1,0,1.6666666,0,.33333334,8.8888893,1.8104575,3.1241829,.37908497,2017,1.2132215,.82616735,1.1293999,.72314602,1.1277858,.78820533,1.1154742,.85562772,.86038357,.53518516,1.537037,1.1574074
2871553,1-fsv-mainz-05,39,3,vfb-stuttgart,79,2,0,0,0,0,6.7450981,2.5073528,1.862745,1.0735294,2017,1.1297172,.74546415,1.1433402,.70026308,1.1486518,.80670196,1.1787734,.82758254,1.1313726,.67647058,1.0147059,1.0294118
2871564,fc-bayern-munchen,27,5,tsg-1899-hoffenheim,533,2,20.888889,19.444445,15.888889,9.166667,26.09804,13.947712,20.163399,5.6862745,2017,1.6868227,1.2936325,1.4411008,1.1347487,1.7816887,1.2618928,1.4694935,1.2396966,1.9768518,1.5481482,2.0953703,1.5407407
2871565,borussia-dortmund,16,2,sc-freiburg,60,2,0,25.222221,0,8.666667,15.954248,6.3986926,9.7058821,2.3137255,2017,1.3941071,1.0275902,1.2835176,.655168,1.4251252,.95731705,1.4248236,.78564817,1.5744709,.94583333,.87962961,.7962963
2871567,rasenballsport-leipzig,23826,1,hamburger-sv,41,1,14.444445,0,8.3888893,0,7.4575162,7.1176472,4.3398695,2.4705882,2017,1.343431,1.0422894,1.2762494,.60142726,1.3633298,.96498799,1.1402252,.56534392,1.6092592,.9861111,1.0777777,.52685183
2871569,1-fc-koln,3,1,fc-augsburg,167,1,0,9,0,2.7777777,19.555555,10.830066,6.5228758,3.3267975,2017,1.2454529,.63907194,.94226438,.75569248,1.1957732,.58117282,.78980577,.70870131,1.1898148,.76851851,.76944447,.72222221
2871571,sv-werder-bremen,86,0,hertha-bsc,44,0,0,37.722221,0,15,8.0326796,18.058823,3.5620916,6.7908497,2017,1.7121783,1.2843701,1.2091458,.96798033,1.5800251,1.4579937,1.1940416,.95836341,1.4935185,1.4027778,.8888889,.69907409
2871573,eintracht-frankfurt,24,2,borussia-monchengladbach,18,0,14.555555,8.2777777,4.8888888,3.8888888,4.1111112,13.169934,1.1830065,5.6666665,2017,.79419577,.5145269,.93004996,.78541577,.82448673,.50139564,.89797997,.81770778,.88333333,.57592595,.65028012,.60294116
2871575,bayer-04-leverkusen,15,2,1-fsv-mainz-05,39,0,0,0,0,0,14.111111,6.7450981,5.9346404,1.862745,2017,1.0212927,.8912468,1.1297172,.74546415,1.0006274,.85857385,1.1486518,.80670196,.71904761,.83518517,1.1313726,.67647058
2871577,hannover-96,42,0,vfl-wolfsburg,82,1,1.6666666,3.5,.33333334,1.3888888,2.496732,5.8366013,.54901963,2.2614379,2017,1.1893646,.77298266,.69998598,.56735653,1.1650773,.93306881,.69191772,.54187709,1.5833334,1.212963,.52552909,.74537039
2871579,vfb-stuttgart,79,0,fc-schalke-04,33,2,0,0,0,0,1.5947713,11.568627,.57516342,4.0392156,2017,1.4635339,.87688661,1.2025002,.87169206,1.4387594,.98072392,1.1120145,.83820534,1.6574074,1.375,.93908733,.60925925
2871591,tsg-1899-hoffenheim,533,2,fc-bayern-munchen,27,0,21,18.222221,10.055555,13.944445,12.372549,23.581699,5.006536,18.333334,2017,1.4673517,1.2896217,1.7553365,1.3397677,1.5159221,1.4530383,1.8667365,1.3412758,1.2597222,1.5962963,2.6518519,2.0064814
2871592,hertha-bsc,44,1,sv-werder-bremen,86,1,49.166668,9.7222223,19.777779,4.0555553,29.784313,9.7777777,11.529411,3.6535947,2017,1.0322005,.8999747,1.1837614,1.0750142,.94502366,.78703904,1.1267843,1.1276366,.66203701,.5925926,1.5083333,1.2777778
2871593,sc-freiburg,60,0,borussia-dortmund,16,0,23.277779,0,8.6111107,0,4.993464,18.320261,2,11.294118,2017,1.1548301,.88717759,1.347278,1.1463206,1.2467593,1.0599988,1.3817899,1.0523211,1.1190476,.81851852,1.5657407,.93472224
2871594,borussia-monchengladbach,18,0,eintracht-frankfurt,24,1,9.4444447,12.833333,4.3888888,4.1666665,19.705883,3.862745,8.9542484,1.0522876,2017,.90779364,.78123325,1.0173454,.61905432,.94220102,.73608428,1.0055754,.59471577,.6136905,.42500001,.86481482,.53888887
2871595,fc-schalke-04,33,3,vfb-stuttgart,79,1,0,0,0,0,9,.098039217,3.0392158,.045751635,2017,.94333154,.72051579,1.1408814,.62680948,.89978296,.74428999,1.2590852,.65452939,.92453706,.58148146,1.6240741,.72222221
2871596,fc-augsburg,167,3,1-fc-koln,3,0,8.8888893,40.944443,2.7222223,12.944445,10.993464,17.359478,3.2875817,5.8104577,2017,.9465152,.73272586,.80541444,.58037543,.72238559,.66672599,.66377664,.55515873,.74166667,.68518519,.57037038,.84722221
2871597,hamburger-sv,41,0,rasenballsport-leipzig,23826,2,17.222221,16.222221,6.1111112,9.4444447,11.163399,8.2287579,3.7189543,4.8235292,2017,1.0352458,.54862469,1.3719211,1.0932153,.96121287,.55881834,1.3934224,1.0046705,.85092592,.63796294,1.5907408,.9861111
2871598,1-fsv-mainz-05,39,3,bayer-04-leverkusen,15,1,0,0,0,0,11.535948,20.90196,3.4836602,9.3725491,2017,.8704164,.6913662,1.2349316,.98192608,.839118,.61208916,1.1140957,.8860209,.76018518,.3888889,.72645503,.77962965
2871599,vfl-wolfsburg,82,1,hannover-96,42,1,5.0555553,0,1.9444444,0,7.4248366,3.8758171,2.9542484,.93464053,2017,1.2015976,.68770552,1.1211423,.68794668,1.2234516,.69197208,1.1228155,.803379,1.1403439,.80092591,1.75,1.1666666
2871646,1-fc-koln,3,2,borussia-dortmund,16,3,0,0,0,0,16.333334,12.477124,5.5882354,7.5816994,2017,1.2489846,.56420422,.98654658,.84397137,1.2776434,.5233025,.91323847,.76236755,1.1120371,.58333331,.95410055,.86898148
2871647,hertha-bsc,44,1,tsg-1899-hoffenheim,533,1,35.944443,18.611111,14.611111,9.0555553,16.019608,14.169934,6.3202615,5.9346404,2017,1.365566,1.1697167,1.321784,1.1302463,1.3542653,1.1595684,1.2944936,1.1791807,1.0588236,.94607842,2.1037037,1.7259259
2871648,sc-freiburg,60,0,bayer-04-leverkusen,15,0,34.833332,0,11.722222,0,9.7124186,13.137255,3.4836602,5.5947714,2017,1.2536031,.70609391,1.0629728,.88974202,1.3544532,.80787039,1.0464828,.82255292,.96296299,.71296299,.78849208,.81666666
2871649,borussia-monchengladbach,18,0,rasenballsport-leipzig,23826,1,7.0555553,11.222222,3.3333333,6.5555553,9.2156858,5.6797385,3.9673202,3.2875817,2017,1.0087041,.80317813,1.2845516,.89329946,1.026248,.87243152,1.3247495,.8723954,.71890754,.62647057,1.6439815,1.0083333
2871650,fc-schalke-04,33,1,sv-werder-bremen,86,2,0,0,0,0,9.5163403,6.4575162,3.2941177,2.9477124,2017,1.2732675,.78389096,1.3192772,1.3551372,1.1502861,.77030408,1.2622782,1.5168562,.93908733,.61851853,1.4935185,1.7361112
2871651,fc-augsburg,167,3,eintracht-frankfurt,24,0,9.333333,14.722222,2.9444444,5.1666665,11.751634,3.7189543,3.4248366,1.1437908,2017,1.022295,.70036077,.82975131,.52907717,.97169012,.69240946,.8763386,.53380311,1.9777777,.8888889,1.0222223,.63148147
2871652,hamburger-sv,41,1,hannover-96,42,1,0,1.6666666,0,.33333334,10.503268,1.5490196,3.6013072,.34640524,2017,1.2710574,.63264531,1.0270189,.73086208,1.1357143,.62601411,.98452181,.87877584,1.1574074,.68055558,1.5925926,1.212963
2871653,1-fsv-mainz-05,39,0,fc-bayern-munchen,27,2,0,19.388889,0,14.944445,5.2745099,23.738562,1.3398693,17.90196,2017,1.0572535,.68805677,1.6023669,1.2305582,1.0778185,.76503527,1.7269878,1.1991823,1.082353,.69607842,1.9268519,1.5342592
2871654,vfl-wolfsburg,82,1,vfb-stuttgart,79,1,0,.055555556,0,.055555556,7.2418299,1.5947713,2.8692811,.57516342,2017,.7920571,.54799795,1.3135338,.75960267,.80729192,.53313166,1.2887595,.86343998,.58425927,.59722221,1.4398148,1.2592592
2871655,fc-bayern-munchen,27,4,1-fsv-mainz-05,39,0,19.611111,0,14.833333,0,31.705883,11.79085,24.732027,3.6732025,2017,1.6056652,1.3144591,.93261057,.81577051,1.6422055,1.2747475,.85457015,.78107065,1.824074,1.5064815,.90277779,.60185188
2871656,borussia-dortmund,16,5,1-fc-koln,3,0,0,42.944443,0,13.777778,20.55147,16.947712,12.772058,5.5882354,2017,1.3119063,1.0603899,.90263665,.6718992,1.3732526,1.0323974,.74771124,.67923278,1.6313726,.96029413,.7509259,1.0277778
2871657,rasenballsport-leipzig,23826,2,borussia-monchengladbach,18,2,16.888889,8.6111107,10.166667,4.0555553,9.2483664,18.882353,5.6143789,8.6601305,2017,1.2899301,1.0642046,.93980289,.79189402,1.2585458,.96079928,.9762342,.74408925,1.6,1.4583334,.62626052,.39117646
2871658,tsg-1899-hoffenheim,533,1,hertha-bsc,44,1,20.888889,51.833332,9.9444447,20.944445,12.071896,32.117645,5.0457516,12.385621,2017,1.403569,1.2179267,1.0322005,.8999747,1.557192,1.3810806,.94502366,.78703904,1.4171296,1.6240741,.66203701,.5925926
2871659,sv-werder-bremen,86,1,fc-schalke-04,33,2,9.7222223,0,4.0555553,0,9.7777777,9.9934645,3.6535947,3.3790851,2017,1.1837614,1.0750142,1.0431993,.77514541,1.1267843,1.1276366,1.0061321,.7628085,1.5083333,1.2777778,.9060185,.58148146
2871660,eintracht-frankfurt,24,1,fc-augsburg,167,2,14.055555,9.5555553,4.8888888,3,4.9215684,13.143791,1.4836601,3.8823528,2017,.77643633,.52814525,.91443849,.74136782,.81033731,.49630308,.7700848,.69265193,.83703703,.52962965,.67685187,.66666669
2871661,bayer-04-leverkusen,15,4,sc-freiburg,60,0,0,33.722221,0,11.777778,14.888889,8.2745094,6.2549019,3.0915034,2017,1.0195876,.88089824,1.0808128,.74489361,.98695898,.81889129,1.1693783,.91031748,.65238094,.76111114,1.0238096,.60185188
2871662,hannover-96,42,2,hamburger-sv,41,0,1.6666666,16.888889,.33333334,6,4.2549019,9.013072,1.0392157,2.9411764,2017,.93788105,.64249212,1.1553102,.66836423,.87810647,.74782348,1.0722579,.67072308,1.5462962,1.0833334,1.6009259,.72129631
2871663,vfb-stuttgart,79,1,vfl-wolfsburg,82,0,0,4.5,0,1.6111112,.37254903,6.2222223,.13071896,2.5882354,2017,1.1408814,.62680948,.97060347,.62474257,1.2590852,.65452939,.96419233,.62407082,1.6240741,.72222221,.94034392,.7824074
2871673,fc-bayern-munchen,27,2,fc-schalke-04,33,1,0,0,0,0,29.169935,8.4771242,23.078432,3.0522876,2017,1.6601479,1.2205774,1.4634652,.90129364,1.7245467,1.1501082,1.2834295,.87308186,1.8935186,1.2703704,.95297617,.61851853
2871674,borussia-dortmund,16,2,hamburger-sv,41,0,0,0,0,0,18.738562,7.2222223,11.614379,2.4248366,2017,1.1388359,1.0163699,1.2826078,.58476061,.98268288,.80218238,1.1649165,.56137568,.96666664,.86990738,1.0870371,.49907407
2871675,rasenballsport-leipzig,23826,2,fc-augsburg,167,0,12.666667,9.333333,7.5555553,2.9444444,5.7320261,11.751634,3.4117646,3.4248366,2017,1.2677177,.93726856,.76197755,.66495174,1.1960458,.75665468,.7147457,.65490943,1.4773148,.81388891,.64444447,.66666669
2871676,tsg-1899-hoffenheim,533,4,1-fsv-mainz-05,39,2,19.444445,0,9.333333,0,14.699347,8.5555553,5.9084969,2.5555556,2017,1.4375736,1.1307805,1.1020819,.66415101,1.4458824,1.2039822,1.1298046,.67938715,2.062037,1.5407407,.99607843,.47058824
2871677,sv-werder-bremen,86,3,vfl-wolfsburg,82,1,0,3.5,0,1.3888888,8.0326796,5.9411764,3.5620916,2.5882354,2017,1.6049199,1.3238763,.87023169,.58035445,1.4012552,1.4436419,.86361706,.58392531,1.337963,1.6388888,.81574076,.85648149
2871678,eintracht-frankfurt,24,4,1-fc-koln,3,2,11.944445,0,4.1111112,0,3.9346404,17.620914,1.1764706,5.9477124,2017,.7905097,.51161087,1.2457795,.61691886,.7896142,.48737451,1.2624919,.61959875,.89259261,.52962965,1.1722223,.68981481
2871679,bayer-04-leverkusen,15,0,hertha-bsc,44,2,0,42.166668,0,17.388889,11.084968,20.470589,4.2418299,8.1372547,2017,1.0451078,.85327476,1.2248864,1.005967,1.0452201,.81097883,1.2203864,1.014901,.78849208,.81666666,.96296299,.79166669
2871680,hannover-96,42,2,sc-freiburg,60,1,1.6666666,30.388889,.33333334,10.333333,2.509804,6.8039217,.61437911,2.3790851,2017,1.0350156,.69550854,1.1571559,.61280686,.97526252,.82322031,1.2830247,.66898149,1.5925926,1.212963,.8425926,.56481481
2871681,vfb-stuttgart,79,1,borussia-monchengladbach,18,0,.055555556,7.0555553,.055555556,3.3333333,2.2287581,10.385621,.95424837,4.5555553,2017,1.194398,.67721897,1.1739702,.91755724,1.1901636,.77649909,1.2027185,.97938335,1.3842592,1.2222222,.8144958,.66176468
2871691,1-fc-koln,3,0,eintracht-frankfurt,24,1,42.777779,12.055555,13.555555,4.2222223,19.241831,6.3137255,6.4967322,2.0261438,2017,1.0494316,.74355322,.83950669,.57752794,.87586778,.74960315,.87239057,.54568577,.72777778,1.0231482,.94814813,.59907407
2871692,hertha-bsc,44,2,bayer-04-leverkusen,15,1,51.833332,0,20.944445,0,31.509804,14.888889,12.267974,6.2549019,2017,1.0322005,.8999747,1.0195876,.88089824,.94502366,.78703904,.98695898,.81889129,.66203701,.5925926,.65238094,.76111114
2871693,sc-freiburg,60,1,hannover-96,42,1,34.5,1.6666666,12,.33333334,10.496732,2.7385621,3.993464,.61437911,2017,1.2908969,.76196915,1.1063995,.70422053,1.3811508,.8953042,1.0646144,.81726789,1.1851852,.7037037,1.5277778,1.0833334
2871694,borussia-monchengladbach,18,2,vfb-stuttgart,79,0,6.7222223,0,3.3333333,0,17.51634,0,8.1176472,0,2017,.90949988,.73718983,1.1297482,.65892011,.95368522,.71467745,1.2955931,.73945004,.60273111,.35588235,1.3833333,.60185188
2871695,fc-schalke-04,33,0,fc-bayern-munchen,27,3,0,14,0,10.722222,9.9934645,21.215687,3.3790851,16.777779,2017,1.0431993,.77514541,1.4652131,1.1903526,1.0061321,.7628085,1.496751,1.1761364,.9060185,.58148146,1.6055555,1.2888889
2871696,fc-augsburg,167,1,rasenballsport-leipzig,23826,0,9.5555553,18.222221,2.8888888,10.777778,12.653595,11.777778,3.7124183,6.986928,2017,.95332736,.75896043,1.6713839,1.2450166,.80964708,.71487415,1.6440256,1.2008903,.8435185,.72222221,2.2071428,1.587963
2871697,hamburger-sv,41,0,borussia-dortmund,16,3,18.277779,0,6.4444447,0,9.2483664,18.326797,3.0196078,11.379085,2017,1.03984,.59001666,1.4334671,1.1743188,.88846153,.54241621,1.4914052,1.1478814,.85092592,.63796294,1.8324074,1.1152778
2871698,1-fsv-mainz-05,39,2,tsg-1899-hoffenheim,533,3,0,20.888889,0,9.9444447,11.69281,12.071896,3.496732,5.0457516,2017,.99256426,.86206681,1.403569,1.2179267,.93790346,.84357065,1.557192,1.3810806,.90277779,.60185188,1.4171296,1.6240741
2871699,vfl-wolfsburg,82,1,sv-werder-bremen,86,1,0,9,0,3.7777777,5.7843137,7.2352943,2.4313726,2.6732025,2017,.95680088,.61662292,1.4008554,.95202535,.94343209,.60323751,1.3165991,1.03791,.93240738,.7824074,1.1472223,1.0555556
2871718,1-fc-koln,3,1,hannover-96,42,1,0,1.6666666,0,.33333334,20.392157,2.013072,6.8823528,.503268,2017,1.3461694,.71030509,.99857974,.72379142,1.2747575,.68441355,.9497996,.84173882,1.25,.81944442,1.537037,1.1296296
2871719,hertha-bsc,44,0,1-fsv-mainz-05,39,2,42.055557,0,17.277779,0,20.333334,10.313725,8,3.0392158,2017,1.206368,.99485594,1.0833528,.62416786,1.2018679,1.0037899,1.1201245,.63772047,.94907409,.7175926,1.0078431,.47058824
2871720,sc-freiburg,60,1,sv-werder-bremen,86,0,30.888889,0,10.888889,0,7.4705882,6.3006535,2.8169935,2.8823528,2017,1.2482053,.69931483,1.2491312,1.1241848,1.3058422,.76421958,1.1654527,1.1881524,.9537037,.7037037,1.4564815,1.5416666
2871721,borussia-monchengladbach,18,0,borussia-dortmund,16,1,6.6666665,0,3.1111112,0,8.7777777,14.980392,3.7647059,9.0980396,2017,1.0430179,.79625773,1.0605531,.93171388,1.0654637,.87243152,.88347656,.68252426,.77773112,.62647057,.89999998,.75879627
2871722,fc-schalke-04,33,2,tsg-1899-hoffenheim,533,1,0,22.611111,0,10.833333,8.5098038,16.464052,2.9673202,6.5751634,2017,1.2734262,.75857574,1.2560549,.8401323,1.1321949,.72123003,1.2310677,.84305155,.86732805,.54444444,1.2064815,.76296294
2871723,eintracht-frankfurt,24,2,rasenballsport-leipzig,23826,1,12.222222,14.611111,4.0555553,8.5555553,4.1633987,8.5359478,1.2026144,4.8888888,2017,.72693896,.50169021,1.4145528,.9933936,.77241844,.50404119,1.4898729,1.0396793,.80000001,.54814816,1.6532408,1.4342593
2871724,fc-augsburg,167,0,vfb-stuttgart,79,1,9.333333,.055555556,2.9444444,.055555556,11.751634,2.7254901,3.4248366,1.1176471,2017,.76197755,.66495174,1.194398,.67721897,.7147457,.65490943,1.1901636,.77649909,.64444447,.66666669,1.3842592,1.2222222
2871725,hamburger-sv,41,1,bayer-04-leverkusen,15,2,0,0,0,0,7.0522876,11.169934,2.4379084,4.4313726,2017,1.2614346,.55976063,1.0886264,.86901551,1.1309659,.5283069,1.0868869,.82857144,1.0777777,.47129631,.76997352,.79814816
2871726,vfl-wolfsburg,82,1,fc-bayern-munchen,27,2,3.5,17.222221,1.3888888,13.833333,7.2352943,29.973856,3.0849674,23.071896,2017,.85647696,.57108873,1.520633,1.1519312,.86411917,.59880626,1.6508695,1.106758,.80052912,.8425926,1.9240741,1.5592593
2871727,fc-bayern-munchen,27,2,vfl-wolfsburg,82,2,17.444445,0,13.222222,0,21.601307,4.9281044,16.836601,1.9738562,2017,1.6079379,1.2517561,.87613612,.59069699,1.6394277,1.2185606,.85255212,.54911494,1.7768519,1.4231482,.75978833,.70833331
2871728,borussia-dortmund,16,6,borussia-monchengladbach,18,1,0,7.6111112,0,3.6111112,13.398693,17.294117,8.2483664,7.7320261,2017,1.2865597,1.0029716,.94960684,.79881448,1.3358498,.93525767,.9811362,.74408925,1.5379629,.86527777,.62626052,.39117646
2871729,rasenballsport-leipzig,23826,2,eintracht-frankfurt,24,1,14.611111,10.611111,8.5,3.4444444,8.5098038,5.4052286,4.8366013,1.6928104,2017,1.319586,.96242917,.83950669,.57752794,1.4050946,1.0262755,.87239057,.54568577,1.5722222,1.300926,.94814813,.59907407
2871730,tsg-1899-hoffenheim,533,2,fc-schalke-04,33,0,19.666666,0,9.333333,0,10.542483,8.8235292,4.3071895,3,2017,1.2729694,1.015105,1.1280758,.81387997,1.4288189,1.1281044,1.0602632,.7776233,1.8731482,1.4574074,.82731479,.42407408
2871731,sv-werder-bremen,86,0,sc-freiburg,60,0,10.555555,40.444443,4.5,13.888889,8.5751638,12.352942,3.2745099,4.6601305,2017,1.4046566,.96956921,1.1853414,.74146646,1.2980806,1.03791,1.2283731,.85760581,1.1194445,1.0555556,.99074072,.62037039
2871732,bayer-04-leverkusen,15,3,hamburger-sv,41,0,0,18.555555,0,6.5555553,12.535948,9.3071899,4.9542484,3.0457516,2017,1.104555,.88645375,1.03984,.59001666,1.1027598,.8559283,.88846153,.54241621,.83015871,.83518517,.85092592,.63796294
2871733,1-fsv-mainz-05,39,1,hertha-bsc,44,0,0,49.166668,0,19.777779,7.7777777,26.496733,2.3006537,10,2017,.99001795,.75879043,1.0322005,.8999747,.89028442,.70964205,.94502366,.78703904,1.0601852,.6111111,.66203701,.5925926
2871734,hannover-96,42,0,1-fc-koln,3,0,1.6666666,40.833332,.33333334,12.944445,2.3921568,16.921568,.52941179,5.4901962,2017,1.1063995,.70422053,.88738114,.64914763,1.0646144,.81726789,.80167347,.60674602,1.5277778,1.0833334,.59814817,.84722221
2871735,vfb-stuttgart,79,0,fc-augsburg,167,0,0,8.7222223,0,2.7222223,.18954249,8.6928101,.071895428,2.5816994,2017,1.0672482,.57049417,.95135528,.61488074,1.1466514,.61960876,.77493489,.54873663,1.3833333,.80555558,.93611109,.68518519
2871754,fc-bayern-munchen,27,0,hertha-bsc,44,0,19.222221,36.277779,14.777778,14.833333,27.032681,16.366013,21.150328,6.3006535,2017,1.5917408,1.2277248,1.0715727,.97501469,1.7047656,1.2184584,1.0590107,.97667348,1.9351852,1.6009259,.72685188,.60648149
2871755,borussia-dortmund,16,1,fc-augsburg,167,1,0,8.6111107,0,2.7777777,18.620914,8.653595,11.228758,2.5359478,2017,1.0558393,.93705577,.81609011,.69862175,.87386113,.67458779,.77030122,.68136448,.88333333,.73101854,.74629629,.6388889
2871756,rasenballsport-leipzig,23826,1,1-fc-koln,3,2,14.055555,0,8.2777777,0,6.7843137,16.215687,4.006536,5.3137255,2017,1.2907244,.90790772,1.2625637,.75731361,1.3512366,.96579522,1.2747575,.77700615,1.599537,1.3555555,1.2777778,.95833331
2871757,tsg-1899-hoffenheim,533,1,sc-freiburg,60,1,18.277779,30.833334,8.8888893,10.833333,13.156863,7.7516341,5.4771242,2.9346404,2017,1.4411008,1.1347487,1.3877887,.90301853,1.4694935,1.2396966,1.4725088,.99149233,2.0953703,1.5407407,1.0925926,.98148149
2871758,sv-werder-bremen,86,1,hamburger-sv,41,0,0,0,0,0,8.0326796,7.3790851,3.5620916,2.4575164,2017,1.2895353,1.3322096,1.3965108,.59216803,1.2178338,1.4960228,1.2962081,.55608463,1.4712963,1.75,1.2592592,.47129631
2871759,bayer-04-leverkusen,15,0,fc-schalke-04,33,2,0,0,0,0,13.797385,11.568627,5.7385621,4.0392156,2017,1.176388,.93183321,1.2025002,.87169206,1.1020815,.88214284,1.1120145,.83820534,.7329365,.81666666,.93908733,.60925925
2871760,1-fsv-mainz-05,39,1,vfl-wolfsburg,82,1,0,.8888889,0,.3888889,7.7647057,3.4575164,2.1960785,1.3464053,2017,1.0741616,.61953825,.88463151,.55594802,1.1080874,.63077599,.95053893,.62142533,.98431373,.47058824,.86071426,.85648149
2871761,hannover-96,42,0,borussia-monchengladbach,18,1,0,6.6666665,0,3.1111112,1.8300654,9.3398695,.42483661,3.986928,2017,1.0754316,.75043279,.98044276,.7705397,1.1326699,.90734726,1.0071971,.84618527,1.6296296,1.1296296,.67896825,.59166664
2871762,vfb-stuttgart,79,1,eintracht-frankfurt,24,0,.055555556,17.111111,.055555556,5.8888888,2.7254901,6.6209149,1.1176471,1.9346405,2017,1.1035647,.60360789,.7321915,.42854205,1.0825032,.69096118,.7621671,.43393534,1.4027778,1.2222222,.74444443,.50648147
2871773,1-fc-koln,3,1,rasenballsport-leipzig,23826,2,41,14.333333,13.111111,8.2777777,16.986929,6.4901962,5.5424838,3.7320261,2017,.9726094,.68839431,1.1830322,1.0047926,.84130591,.63128304,1.1810205,.99479401,.7509259,.98148149,1.0259259,1.1805556
2871774,hertha-bsc,44,2,fc-bayern-munchen,27,2,45.388889,0,18.5,0,23.993464,31.392157,9.4705887,24.59477,2017,.89277548,.87686545,1.5391059,1.2721311,.824022,.77549505,1.6009356,1.2191919,.55092591,.60648149,1.7962962,1.5203704
2871775,sc-freiburg,60,3,tsg-1899-hoffenheim,533,2,34.833332,17.833334,12.222222,8.6111107,9.973856,8.7777777,3.8169935,3.6993463,2017,1.3126912,.94323415,1.5758748,1.3183286,1.3630953,1.0531325,1.5496303,1.4437791,1.1296296,.89814812,1.9773148,1.4574074
2871776,borussia-monchengladbach,18,2,hannover-96,42,1,8.333333,1.6666666,4.0555553,.33333334,21.40523,2.9411764,10.019608,.69934642,2017,1.0904953,.9283663,.99608207,.71193659,1.2478029,1.0676186,.95905882,.84041607,.86743695,.7088235,1.5555556,1.1388888
2871777,fc-schalke-04,33,1,bayer-04-leverkusen,15,1,0,0,0,0,10.03268,13.470589,3.4379084,5.8235292,2017,1.1044403,.84111762,1.1224198,.922921,1.0616877,.84217358,1.1040225,.86750239,.9060185,.60925925,.83015871,.83518517
2871778,eintracht-frankfurt,24,2,vfb-stuttgart,79,1,13.5,0,4.3333335,0,7.7973857,.18954249,2.2614379,.071895428,2017,.90680122,.58317471,1.1922482,.61750269,.92930895,.57666022,1.281572,.66960877,.9203704,.58518517,1.7027777,.94444442
2871779,fc-augsburg,167,1,borussia-dortmund,16,2,9.1111107,0,2.7222223,0,11.326797,16.346405,3.4248366,9.9346409,2017,1.0432745,.7819683,1.3312832,1.0837952,.83202362,.73656732,1.3907108,1.0606138,.99166667,.85185188,1.6503968,1.0055555
2871780,hamburger-sv,41,0,sv-werder-bremen,86,0,16.166666,11.055555,5.9444447,4.8333335,9.7908497,10.960784,3.4640522,4.1437907,2017,1.2311155,.59725016,1.4809754,1.1004333,1.1014245,.52918869,1.3914872,1.2480239,1.0222223,.61018521,1.1935185,1.2222222
2871781,vfl-wolfsburg,82,1,1-fsv-mainz-05,39,1,0,0,0,0,3.4705882,11.111111,1.1960784,3.4705882,2017,.8495661,.58452415,1.0861921,.86881584,.82080609,.54990858,.97866827,.85470378,.72275132,.65277779,1.0527778,.62962961
2871791,fc-bayern-munchen,27,6,hamburger-sv,41,0,19.5,0,15.055555,0,28.424837,8.5751638,22.450981,2.640523,2017,1.6295836,1.2388359,1.189226,.59827304,1.7347078,1.18462,.94578075,.56005293,1.9935185,1.5731481,.96203703,.47129631
2871792,borussia-dortmund,16,3,eintracht-frankfurt,24,2,0,11.055555,0,3.6111112,19.69281,5.7254901,11.980392,1.6732026,2017,1.1391727,1.0587082,.77898586,.52570415,.95769054,.80523491,.8202579,.49167344,1.0592593,.80740738,.79074073,.47870371
2871793,tsg-1899-hoffenheim,533,3,vfl-wolfsburg,82,0,20.222221,.8888889,9.666667,.3888889,15.75817,5.6274509,6.346405,2.2810457,2017,1.3141167,1.0355424,.99144852,.6348722,1.3329195,1.1193262,1.0338722,.66957349,1.9009259,1.4018519,.91626984,.93055558
2871794,hertha-bsc,44,0,sc-freiburg,60,0,40.055557,29.444445,16.555555,10.222222,17.947712,8.0196075,7.1960783,3.0326798,2017,1.2381096,1.0133744,1.2749265,.69151056,1.2124199,1.0087081,1.3544532,.80919313,.91203701,.7361111,.98148149,.73148149
2871795,sv-werder-bremen,86,3,1-fc-koln,3,1,0,0,0,0,8.6013069,17.48366,3.7581699,6.1176472,2017,1.2853265,1.2469121,1.4309647,.82120734,1.2051353,1.4196339,1.3934444,.84182101,1.475,1.625,1.3111111,.99537039
2871796,bayer-04-leverkusen,15,2,borussia-monchengladbach,18,0,0,8.0555553,0,3.7777777,17.117647,11.601307,7.3137255,5.019608,2017,1.1501172,.94988877,1.0087041,.80317813,1.0616775,.87801826,1.026248,.87243152,.73756611,.83518517,.71890754,.62647057
2871797,1-fsv-mainz-05,39,0,fc-schalke-04,33,1,0,0,0,0,7.4183006,11.777778,1.9869281,4.1045752,2017,1.0304698,.7349844,1.2580558,.90872908,1.0572991,.79975748,1.16757,.87524235,1.0555556,.6574074,.99464285,.64629632
2871798,hannover-96,42,1,fc-augsburg,167,3,0,7.8888888,0,2.5,4.3071895,9.6993465,1.0718955,2.9542484,2017,1.0996535,.73383826,1.4645749,.80572855,1.1085297,.83856422,1.4158039,.81271368,1.7037038,1.1666666,2.4962964,1
2871799,vfb-stuttgart,79,0,rasenballsport-leipzig,23826,0,2.5,15.222222,.72222221,8.833333,2.2026143,7.7450981,.96078432,4.4313726,2017,1.3666203,.84151149,1.3495007,.90439433,1.3607986,.9334656,1.4296877,.98246187,1.6481482,1.4027778,1.7847222,1.5037037
2871809,fc-bayern-munchen,27,5,sc-freiburg,60,0,13.722222,34.5,11.055555,12,26.156862,10.496732,20.241831,3.993464,2017,1.7335503,1.266608,1.3138136,.93313313,1.8693339,1.2858586,1.3742063,1.0531325,1.9861112,1.6037037,1.1296296,.89814812
2871810,borussia-dortmund,16,2,rasenballsport-leipzig,23826,3,0,18.055555,0,10.833333,11.764706,10.006536,7.3137255,6.0784316,2017,1.3334733,1.1010873,1.3730063,1.0584285,1.3636274,1.0371095,1.4474347,1.0656273,1.5240741,.93472224,1.7851852,1.5972222
2871811,tsg-1899-hoffenheim,533,2,fc-augsburg,167,2,22.111111,9.333333,10.666667,2.8333333,12.124183,11.575164,5.2091503,3.5424836,2017,1.4276431,1.178641,1.3129835,.83894098,1.4968745,1.3148108,1.0933872,.77583098,1.4324074,1.6796297,2.2370369,1.074074
2871812,hertha-bsc,44,0,fc-schalke-04,33,2,41.333332,0,16.944445,0,18.137255,10.745098,6.973856,3.6797385,2017,1.0448918,.79451251,1.248829,.95196164,.99573916,.78105056,1.1407,.92550689,.7037037,.60648149,.97083336,.62777776
2871813,sv-werder-bremen,86,0,borussia-monchengladbach,18,2,12.888889,8.7222223,5.5,4.2222223,9.1568632,24.424837,3.4771242,11.45098,2017,1.3908519,1.0599436,1.0197101,.96758199,1.2683188,1.236984,1.1268878,1.0382069,1.0268519,1.1111112,.78116244,.68529409
2871814,bayer-04-leverkusen,15,2,vfl-wolfsburg,82,2,0,0,0,0,12.620915,5.006536,5.4771242,1.8431373,2017,1.0594569,.86855251,.9204464,.53517449,1.0484669,.81889129,.89757669,.45156202,.7931217,.77962965,.86296296,.52777779
2871815,1-fsv-mainz-05,39,3,hamburger-sv,41,2,0,18.222221,0,6.6111112,7.9346404,9.6993465,2.3856208,3.2352941,2017,.99001795,.75879043,.97136444,.70227665,.89028442,.70964205,.8238672,.63897705,1.0601852,.6111111,.76759261,.72129631
2871816,hannover-96,42,1,eintracht-frankfurt,24,2,0,18.944445,0,6.1111112,2.0915034,8.9934645,.503268,2.509804,2017,1.17968,.79507565,1.0684867,.69473904,1.2037679,.94226789,1.0746953,.75093269,1.7592592,1.2222222,.97592592,.67314816
2871817,vfb-stuttgart,79,2,1-fc-koln,3,1,0,40.5,0,12.833333,.33333334,20.078432,.098039217,6.7450981,2017,1.1702439,.62328976,1.0996249,.72399759,1.2785417,.73526537,.90107024,.63128304,1.6888889,1.125,.75462961,.96296299
2871827,borussia-dortmund,16,1,hannover-96,42,0,0,1.6666666,0,.33333334,16.300653,2.640523,9.8692808,.69934642,2017,1.1022679,1.0080028,1.0032735,.71074641,.97343123,.82560527,1.090893,.86422557,1.0744709,.83425927,1.0648148,.93518519
2871828,rasenballsport-leipzig,23826,2,fc-bayern-munchen,27,1,12.833333,21.722221,7.5,16.555555,6.4444447,27.215687,3.7124183,20.849672,2017,1.415504,1.0189404,1.52502,1.1403998,1.5037618,1.0537225,1.5806865,1.0871452,1.8662037,1.6194445,1.625,1.2574074
2871829,1-fc-koln,3,2,bayer-04-leverkusen,15,0,0,0,0,0,18.464052,12.640523,6.1372547,5.3398695,2017,1.1289704,.77606845,.92473745,.68197846,.96471262,.7756173,.92484981,.6744709,.68611109,1.0648148,.68849206,.77962965
2871830,sc-freiburg,60,1,vfb-stuttgart,79,2,34.055557,2.5,11.722222,.72222221,8.640523,2.2026143,3.1176472,.96078432,2017,1.2953061,.74750704,1.2757869,.76790041,1.4058422,.85264552,1.2531381,.84792769,.96296299,.73148149,1.6666666,1.4027778
2871831,borussia-monchengladbach,18,3,tsg-1899-hoffenheim,533,3,7.7222223,22.888889,3.7222223,10.888889,16.986929,15.398693,7.9019608,6.2222223,2017,1.1147875,.85004735,1.2816281,.83470207,1.0755124,.75856888,1.2699565,.81130552,.77037817,.45294118,1.7842592,.8740741
2871832,eintracht-frankfurt,24,3,1-fsv-mainz-05,39,0,9.5555553,0,2.9444444,0,4.1372547,7.973856,1.1830065,2.3464053,2017,.81904131,.55996341,1.0241166,.75971985,.86467451,.57963639,1.016511,.77892417,.8740741,.55740738,1.0703703,.73148149
2871833,fc-augsburg,167,1,sv-werder-bremen,86,3,8.333333,0,2.6666667,0,11.385621,7.8954248,3.3725491,3.4052289,2017,1.0386491,.75648612,1.2831219,1.2403762,.99219275,.75120574,1.2070292,1.4095329,1.9407407,.8888889,1.475,1.625
2871834,hamburger-sv,41,1,hertha-bsc,44,2,0,40.055557,0,16.555555,7.7712417,18.392157,2.4052289,7.4183006,2017,1.4985359,.6850605,1.2381096,1.0133744,1.3463625,.68090826,1.2124199,1.0087081,1.4351852,.76851851,.91203701,.7361111
2871835,vfl-wolfsburg,82,0,fc-schalke-04,33,1,.8888889,0,.3888889,0,4.4640522,10.477124,1.745098,3.6928105,2017,.87585229,.57755297,1.2006484,.86262774,.92624843,.59920311,1.1193405,.83464408,.80052912,.83796299,.93908733,.57222223
2871854,rasenballsport-leipzig,23826,1,vfb-stuttgart,79,0,15.444445,0,9.166667,0,7.4509802,.33333334,4.4117646,.098039217,2017,1.3999665,1.0587134,1.1199598,.62020332,1.4724767,1.0934051,1.2412561,.73627543,1.8037037,1.5972222,1.6379629,1.1481482
2871855,1-fc-koln,3,0,sv-werder-bremen,86,0,36.055557,12.333333,11.166667,5.2222223,15.346405,12.130719,4.7712417,4.640523,2017,1.0994145,.74182165,1.7099606,1.3125076,.8869108,.64146823,1.5669298,1.4622927,.76851851,.97685188,1.5638889,1.3611112
2871856,sc-freiburg,60,1,hertha-bsc,44,1,34.5,34.666668,12,14,10.496732,16.418301,3.993464,6.3333335,2017,1.3138136,.93313313,1.1547238,.94388813,1.3742063,1.0531325,1.1125822,.97046858,1.1296296,.89814812,.92592591,.75462961
2871857,borussia-monchengladbach,18,1,bayer-04-leverkusen,15,5,8.9444447,0,4.2222223,0,24.431372,12.620915,11.235294,5.1764708,2017,1.0336733,1.0161347,1.0623555,.88707107,1.1452891,1.0585688,1.0464828,.82444686,.80469185,.72058821,.77460319,.81666666
2871858,fc-schalke-04,33,2,1-fsv-mainz-05,39,0,0,0,0,0,10.575164,7.9346404,3.640523,2.3856208,2017,1.2144375,.93235379,.99001795,.75879043,1.0737485,.86490083,.89028442,.70964205,1.0032407,.66481483,1.0601852,.6111111
2871859,eintracht-frankfurt,24,2,borussia-dortmund,16,2,18.388889,0,6.0555553,0,9.9411764,11.862745,2.9346404,7.2483659,2017,.88047498,.63918352,1.5800111,1.2109535,.92531258,.64954382,1.6385862,1.1960601,.97592592,.66388887,1.9189154,1.1541667
2871860,fc-augsburg,167,1,hannover-96,42,2,8.333333,0,2.5,0,10.24183,2.1960785,3.143791,.52287585,2017,1.2960817,.82932562,1.17968,.79507565,1.0829706,.77422839,1.2037679,.94226789,2.2037036,1.074074,1.7592592,1.2222222
2871861,hamburger-sv,41,0,fc-bayern-munchen,27,1,17.111111,14.277778,6.1666665,10.777778,11.470589,25.163399,3.8366013,19.267973,2017,.88882118,.60647893,1.8313898,1.346414,.7630291,.54162258,1.9430712,1.3627105,.7638889,.66574073,2.0472221,1.6314815
2871862,vfl-wolfsburg,82,1,tsg-1899-hoffenheim,533,1,3.5,19.333334,1.3888888,9.333333,7.5294118,9.8888893,2.9019608,4.2026143,2017,1.2537673,.74625254,1.5445232,1.0105901,1.2185644,.67907524,1.5374609,1.1251463,1.1324074,.80092591,2.0027778,1.1611111
2871872,borussia-dortmund,16,2,tsg-1899-hoffenheim,533,1,.83333331,20.333334,.22222222,9.7222223,19.372549,12.980392,11.581699,5.5555553,2017,1.0939184,.78887391,1.3435386,.92389709,1.1899909,.79478145,1.3873026,.99074876,1.312963,.82361114,1.7763889,.96296299
2871873,rasenballsport-leipzig,23826,2,hertha-bsc,44,3,14.777778,40.166668,8.9444447,15.944445,7.8496733,23,4.7843137,8.4967318,2017,1.236684,.96848762,1.1734629,1.0686567,1.1971681,.8122102,1.1102674,1.1002946,1.4796296,.875,.91203701,.7361111
2871874,1-fc-koln,3,1,vfl-wolfsburg,82,0,0,0,0,0,8.7450981,6.8104577,2.9803922,2.5359478,2017,.87026817,.38386387,1.0348535,.52384669,.82049662,.3335979,1.0631822,.52371812,.93981481,.4861111,.83015871,.44907406
2871875,sv-werder-bremen,86,2,1-fsv-mainz-05,39,2,0,0,0,0,8.0522881,9.8496733,3.4509804,3.137255,2017,1.0734763,.79667521,.97598368,.77192777,.87193424,.86608452,.92533731,.75615883,.9064815,.94444442,.83039218,.59803921
2871876,borussia-monchengladbach,18,3,hamburger-sv,41,1,7.3888888,16,3.6111112,5.6111112,13.620915,8.6274509,6.2549019,2.7647059,2017,1.2393721,.92616785,1.2516224,.63390058,1.3167779,1.005806,1.0681573,.58659613,1.0115546,.7352941,1.0083333,.67962962
2871877,eintracht-frankfurt,24,2,fc-schalke-04,33,2,11.333333,0,3.3888888,0,5.1895423,9.8235292,1.4248366,3.4248366,2017,.84593105,.55787706,1.1838832,.91288537,.88797879,.57282424,1.0898929,.87550688,.85555553,.54814816,.77175927,.51666665
2871878,fc-augsburg,167,3,sc-freiburg,60,3,9.4444447,31.833334,2.8888888,10.888889,13.594771,8.2483664,4.2156863,3.0457516,2017,.86602342,.69986951,1.1413083,.84984088,.69195229,.67677891,1.124537,.91535592,.66759259,.6388889,.98015875,.85555553
2871879,hannover-96,42,4,bayer-04-leverkusen,15,4,1.6666666,0,.33333334,0,2.9673202,9.7777777,.70588237,4.2483659,2017,1.0548356,.73694092,1.0754952,.86119962,1.0275112,.88208276,1.0451092,.80764788,.93518519,1.0833334,.75608468,.74259257
2871880,vfb-stuttgart,79,0,fc-bayern-munchen,27,1,0,21.722221,0,16.555555,.67320263,29.091503,.19607843,22.836601,2017,1.1472059,.65553689,1.4203901,1.1435225,1.3813297,.78622133,1.431407,1.101431,1.6240741,.88425928,1.5138888,1.2194444
2871899,fc-bayern-munchen,27,2,rasenballsport-leipzig,23826,0,12.166667,15.388889,9.3888893,9,20.673203,7.2026143,15.993464,4.1568627,2017,1.641415,1.1417522,1.3895848,1.0423735,1.7389767,1.1178691,1.4775273,1.0934051,2.0416667,1.437037,1.8037037,1.5972222
2871900,tsg-1899-hoffenheim,533,1,borussia-monchengladbach,18,3,20.666666,8.9444447,9.9444447,4.2222223,10.90196,24.758169,4.6078429,11.372549,2017,1.4267983,1.1726271,1.0336733,1.0161347,1.5204856,1.3404241,1.1452891,1.0585688,1.4287037,1.5962963,.80469185,.72058821
2871901,hertha-bsc,44,2,hamburger-sv,41,1,41.888889,16.722221,16.611111,6.2222223,20.908497,8.986928,7.6862745,3.2352941,2017,1.1168219,.96821636,1.2612535,.66825789,1.0478095,.95657969,1.1611773,.62839508,.99537039,.81018519,1.0925926,.64722222
2871902,sv-werder-bremen,86,0,fc-augsburg,167,3,13.055555,9.2222223,5.6111112,2.7222223,12.581699,13.921569,4.7908497,4.4117646,2017,1.2364563,1.2152854,1.0676582,.80462623,1.1595224,1.359118,.84222984,.76946652,1.5268519,1.3611112,.94444442,.93518519
2871903,fc-schalke-04,33,1,vfl-wolfsburg,82,1,0,0,0,0,8.8758173,7.3202615,3,2.6862745,2017,1.2608117,.95196164,1.0843858,.57183599,1.1592185,.92550689,1.0695153,.48474103,.89675927,.59074074,.8718254,.4537037
2871904,bayer-04-leverkusen,15,2,1-fc-koln,3,1,0,42.277779,0,13.333333,12.267974,19.431372,4.8562093,6.2614379,2017,1.104555,.88645375,.99246258,.67330313,1.1027598,.8559283,.80952984,.59517193,.83015871,.83518517,.71296299,.86574072
2871905,1-fsv-mainz-05,39,1,eintracht-frankfurt,24,1,0,8.2777777,0,2.6111112,12.542483,4.5947714,3.7516339,1.1895425,2017,1.0434572,.82155752,.89713216,.64177859,.91806221,.77137047,.92607802,.67189831,1.0416666,.62962961,.84629631,.58518517
2871906,hannover-96,42,4,borussia-dortmund,16,2,1.6666666,0,.33333334,0,2.2091503,18.764706,.55555558,11.581699,2017,1.0279604,.6841588,1.2755792,.99372894,1.0500641,.78750598,1.3287374,.95311481,1.5648148,1,1.3962963,.9375
2871907,vfb-stuttgart,79,3,sc-freiburg,60,0,0,34.5,0,12,.37908497,10.496732,.10457516,3.993464,2017,1.2691883,.68578976,1.3469331,.99878973,1.414272,.81861675,1.4112434,1.1253548,1.6472223,1.1296296,1.1534392,.9074074
2871908,fc-bayern-munchen,27,1,1-fc-koln,3,0,18.388889,0,13.944445,0,21.228758,7.7450981,16.647058,2.6732025,2017,1.7000285,1.2916707,.94387925,.39603317,1.7574652,1.2940235,.92982203,.37103173,1.7175926,1.4,1.050926,.5138889
2871909,tsg-1899-hoffenheim,533,1,vfb-stuttgart,79,0,17.777779,0,8.5,0,10.816994,.77124184,4.7058825,.24183007,2017,1.3667419,1.0947304,1.1316856,.66826838,1.4023639,1.2142336,1.3082527,.76816577,2.0583334,1.6518519,1.5962963,.93981481
2871910,hertha-bsc,44,3,hannover-96,42,1,40.833332,1.6666666,16.333334,.33333334,20.026144,2.9542484,7.4967322,.69934642,2017,1.0982423,.88833255,1.2194227,.75481194,1.0679393,.91028339,1.2474186,.89134198,.92592591,.75462961,1.5185186,1.1944444
2871911,sc-freiburg,60,1,borussia-monchengladbach,18,0,31.555555,5.6666665,10.833333,2.8333333,7.4967322,8.2810459,2.8431373,3.9150326,2017,1.2344925,.86629009,1.2897923,.85818446,1.1847222,.92878187,1.4196653,.98320305,1.0304233,.9203704,1.6615546,.79705882
2871912,fc-schalke-04,33,3,fc-augsburg,167,2,0,8.7777777,0,2.6666667,8.3071899,11.411765,2.7908497,3.5882354,2017,1.0560637,.82287467,.94805139,.74474967,1.0047077,.79217356,.78286135,.70870131,.6884259,.44259259,.76944447,.72222221
2871913,bayer-04-leverkusen,15,1,sv-werder-bremen,86,0,0,0,0,0,9.9934645,10.235294,4.2549019,4.1503267,2017,1.0644723,.86160809,1.230564,1.0905941,1.050451,.80806881,1.0589933,1.2368958,.76997352,.74259257,1.3046297,1.1111112
2871914,hamburger-sv,41,1,eintracht-frankfurt,24,2,16.5,14.722222,6.1111112,4.6111112,8.7712421,7.9673204,3.0588236,2.2679739,2017,1.1667913,.55276018,.8537544,.51118398,1.0258378,.50634921,.88930154,.51462317,.9861111,.47129631,.91111112,.58981484
2871915,1-fsv-mainz-05,39,0,borussia-dortmund,16,2,0,.83333331,0,.22222222,8.0980396,19.372549,2.4575164,11.581699,2017,.90458775,.77287126,1.0939184,.78887391,.83512568,.75483608,1.1899909,.79478145,.6637255,.44117647,1.312963,.82361114
2871916,vfl-wolfsburg,82,1,rasenballsport-leipzig,23826,1,3.5,15.944445,1.3888888,9.5555553,7.3137255,7.5294118,2.7189543,4.5490198,2017,1.0213727,.52332437,1.4991579,1.1175436,.98518294,.50967491,1.3341631,.90091234,.77129632,.50462961,1.9981482,1.087963
2871935,borussia-dortmund,16,1,sv-werder-bremen,86,2,0,0,0,0,18.477123,11.79085,11.281046,4.7450981,2017,1.1672263,.8431288,1.2969975,1.331447,1.2399909,.83869678,1.2327147,1.4702291,1.3407408,.85138887,1.5824074,1.5277778
2871936,rasenballsport-leipzig,23826,2,1-fsv-mainz-05,39,2,15.666667,0,9.2222223,0,6.7712417,8.0980396,4.0588236,2.4575164,2017,1.236684,.96848762,.90458775,.77287126,1.1971681,.8122102,.83512568,.75483608,1.4796296,.875,.6637255,.44117647
2871937,1-fc-koln,3,3,sc-freiburg,60,4,0,28.777779,0,9.7777777,10.639706,6.1045752,3.5955882,2.2418301,2017,.86848152,.43817315,1.2325084,.86629009,.85672903,.41694677,1.1827381,.92878187,.59313726,.41666666,1.0304233,.9203704
2871938,borussia-monchengladbach,18,1,fc-schalke-04,33,1,7.1111112,0,3.5,0,10.045752,8.3071899,4.5816994,2.7908497,2017,1.0755066,.81383342,1.0560637,.82287467,1.121346,.92858124,1.0047077,.79217356,.80861342,.64999998,.6884259,.44259259
2871939,eintracht-frankfurt,24,0,fc-bayern-munchen,27,1,10.666667,18.222221,3.1111112,13.777778,5.2941175,22.339869,1.4248366,17.346405,2017,.86739075,.53618395,1.7000285,1.2916707,.91178828,.58869725,1.7574652,1.2940235,.93888891,.63148147,1.7175926,1.4
2871940,fc-augsburg,167,1,hertha-bsc,44,1,10.111111,39,3.1111112,15.833333,13.745098,17.444445,4.1437907,6.7843137,2017,.97735208,.78161836,1.1942173,.96773672,.82128727,.74838388,1.1534865,.99591506,.8435185,.80555558,.96568626,.79901963
2871941,hamburger-sv,41,0,vfl-wolfsburg,82,0,16.222221,3.5,5.8888888,1.3888888,9.1241827,7.3137255,3.1111112,2.7189543,2017,1.1667913,.55276018,1.1352617,.56962067,1.0258378,.50634921,1.1222199,.55411935,.9861111,.47129631,.91018516,.52314812
2871942,hannover-96,42,2,tsg-1899-hoffenheim,533,0,1.6666666,16.944445,.33333334,8.0555553,1.9281045,10.888889,.41830066,4.7058825,2017,1.211426,.79016542,1.3626484,1.1069853,1.2566779,.94689757,1.401438,1.2104458,1.5185186,1.1944444,2.0398147,1.6518519
2871943,vfb-stuttgart,79,0,bayer-04-leverkusen,15,2,0,0,0,0,1.1437908,10.522876,.35947713,4.5424838,2017,1.1406499,.65388346,1.0644723,.86160809,1.3177204,.78584254,1.050451,.80806881,1.6157408,.9675926,.76997352,.74259257
2871953,borussia-dortmund,16,1,fc-bayern-munchen,27,3,0,12.166667,0,9.3888893,21.777779,22.712418,13.228758,17.620914,2017,1.3739588,1.0608062,1.6041676,1.1699269,1.4205033,1.0136561,1.712191,1.1654882,1.4948412,1.0083333,1.9861112,1.437037
2871954,rasenballsport-leipzig,23826,2,hannover-96,42,1,16.055555,1.6666666,9.666667,.33333334,9.1895428,2.2091503,5.4705882,.55555558,2017,1.4473882,1.1969751,1.0279604,.6841588,1.5242865,1.1953348,1.0500641,.78750598,1.7534392,1.5601852,1.5648148,1
2871955,1-fc-koln,3,0,tsg-1899-hoffenheim,533,3,40.777779,17.944445,12.777778,8.6111107,18.568628,8.1764708,5.8823528,3.4640522,2017,.99246258,.67330313,1.5838159,1.2206352,.80952984,.59517193,1.6443071,1.3838584,.71296299,.86574072,2.2111111,1.7629629
2871956,sc-freiburg,60,0,fc-schalke-04,33,1,29.055555,0,9.9444447,0,9.8496733,8.7581701,3.7124183,2.9346404,2017,1.1676252,.90020066,1.2608117,.95196164,1.1078703,.99440235,1.1592185,.92550689,.78306878,.76851851,.89675927,.59074074
2871957,borussia-monchengladbach,18,1,1-fsv-mainz-05,39,1,8.333333,0,4.0555553,0,21.032681,9.6078434,9.8104572,2.9542484,2017,.97017449,.86954272,1.1101238,.90982914,1.0778682,.97938335,1.0402844,.91581488,.76939774,.64999998,1.0972222,.7962963
2871958,eintracht-frankfurt,24,2,sv-werder-bremen,86,1,11.722222,0,3.8333333,0,5.5882354,12.313725,1.6078432,4.9607844,2017,.87155867,.58041096,1.3114328,1.2022135,.90943342,.65679693,1.2158496,1.3895413,.92962962,.59907407,1.5361111,1.4722222
2871959,fc-augsburg,167,1,bayer-04-leverkusen,15,1,9.4444447,0,2.7777777,0,15.215686,14.398693,4.7124181,6.019608,2017,1.0628963,.80326456,1.0668644,.8517977,.84475511,.77563936,1.0568002,.79666907,1.0185186,.93518519,.83015871,.83518517
2871960,hamburger-sv,41,3,vfb-stuttgart,79,1,13.277778,0,4.7777777,0,9.3856211,.37908497,3.2418301,.10457516,2017,1.2842283,.56261611,1.3136327,.74134529,1.1726326,.54206347,1.4587164,.87417227,1.1148148,.56388891,1.7212963,1.2222222
2871961,vfl-wolfsburg,82,3,hertha-bsc,44,3,0,39.777779,0,15.944445,8.3856211,18.607843,3.1699347,6.980392,2017,1.0909859,.68661773,1.0633826,.83372664,1.0581799,.61348885,1.0389711,.90354937,.76071429,.63425928,.92592591,.75462961
2871980,fc-bayern-munchen,27,3,hannover-96,42,1,21.722221,1.6666666,16.555555,.33333334,26.836601,5.4052286,20.947712,1.2941177,2017,1.4576043,1.1496953,1.0750189,.63225085,1.4749255,1.1176347,1.0763428,.73525733,1.5361111,1.2194444,1.3888888,.83333331
2871981,tsg-1899-hoffenheim,533,4,rasenballsport-leipzig,23826,0,17.055555,15.888889,8.0555553,9.4444447,11.039216,7.0849671,4.6862745,4.1895423,2017,1.3808302,1.0956217,1.3162155,1.0895314,1.4268348,1.200525,1.2909532,.98460883,2.0583334,1.6518519,1.5814815,1.4583334
2871982,hertha-bsc,44,1,eintracht-frankfurt,24,2,39.944443,15.222222,16.166666,5.1111112,19.477123,5.6601305,7.4509802,1.6078432,2017,1.1149089,.90355694,.82776374,.51934892,1.0793029,.92391974,.88797879,.55695122,.9074074,.7361111,.96666664,.65925926
2871983,sc-freiburg,60,0,hamburger-sv,41,0,31.5,14.833333,10.777778,5.3888888,7.4313726,7.8039217,2.7320261,2.7124183,2017,1.2076406,.83851236,1.2360978,.56095111,1.1589285,.90352935,1.1476326,.49708995,.99074072,.89814812,1.0361111,.49907407
2871984,sv-werder-bremen,86,1,vfb-stuttgart,79,0,0,0,0,0,11.79085,.77124184,4.7450981,.24183007,2017,1.2969975,1.331447,1.1316856,.66826838,1.2327147,1.4702291,1.3082527,.76816577,1.5824074,1.5277778,1.5962963,.93981481
2871985,fc-schalke-04,33,2,1-fc-koln,3,2,0,27.555555,0,8.833333,10.320261,8.8300657,3.6013072,2.8758171,2017,1.1807654,.87865919,1.0097362,.55827463,1.0898929,.85169739,.88684464,.47711641,.91990739,.58148146,.71296299,.72685188
2871986,bayer-04-leverkusen,15,1,borussia-dortmund,16,1,0,0,0,0,15.96732,18.568628,6.6078429,11.20915,2017,1.1198736,.91978711,1.0966796,1.0399925,1.0941019,.85857385,1.0414128,1.0295291,.77460319,.80740738,1.1753968,1.0333333
2871987,1-fsv-mainz-05,39,1,fc-augsburg,167,3,0,9.333333,0,2.8888888,6.5947714,12.803922,1.8300654,4.0522876,2017,.99720848,.72071415,.96572578,.66903961,.92192018,.74590749,.77679873,.62292093,.99705881,.52941179,.96388888,.85185188
2871988,vfl-wolfsburg,82,3,borussia-monchengladbach,18,0,3.5,7,1.3888888,3.5,4.4313726,13.90196,1.6928104,6.3986926,2017,1.0734131,.58486086,1.1051052,.87238783,1.100556,.60987329,1.1769129,1.005093,.9181217,.65277779,.85567224,.6970588
2871989,fc-bayern-munchen,27,3,fc-augsburg,167,0,16.17647,9.8888893,12.411765,2.9444444,21.242647,16.921568,15.830882,5.1176472,2017,1.6347955,1.1275834,.97294915,.78025675,1.7260734,1.0985739,.82237858,.75394619,2,1.4186275,.87037039,.80555558
2871990,tsg-1899-hoffenheim,533,1,eintracht-frankfurt,24,1,17.944445,13.555555,8.6111107,4.7222223,8.2810459,5.0457516,3.503268,1.5555556,2017,1.3192657,1.0432472,.86598784,.52832758,1.5054183,1.1933823,.908261,.57776254,1.9888889,1.6518519,1.0037037,.65462965
2871991,hertha-bsc,44,2,borussia-monchengladbach,18,4,37.388889,8.5,15.055555,4.1666665,19.052288,19.431372,7.2352943,9.0784311,2017,1.0435414,.82331002,1.1155032,.9166016,1.0197791,.88688272,1.1140673,.98473096,.9074074,.7361111,.76939774,.64999998
2871992,sv-werder-bremen,86,4,hannover-96,42,0,0,1.6666666,0,.33333334,12.156863,2.2222223,4.9150329,.59477127,2017,1.236151,1.2758914,1.1185168,.71177316,1.2149677,1.4609699,1.1421938,.80674601,1.5546297,1.5277778,1.6666666,1.0833334
2871993,fc-schalke-04,33,2,hamburger-sv,41,0,0,16.666666,0,5.8333335,8.7973852,8.8496733,3.006536,2.8954248,2017,1.2266985,.92727029,1.3730631,.63062954,1.1269299,.90328467,1.1818919,.60370368,.79953706,.51666665,1.1611111,.56851852
2871994,bayer-04-leverkusen,15,2,rasenballsport-leipzig,23826,2,0,15.388889,0,9,15.862745,6.8169932,6.6209149,3.9542484,2017,1.1319437,.92719448,1.3895848,1.0423735,1.1179113,.87444687,1.4775273,1.0934051,.83015871,.83518517,1.8037037,1.5972222
2871995,1-fsv-mainz-05,39,1,1-fc-koln,3,0,0,35.666668,0,11.222222,9.7385616,11.986928,2.7908497,3.9281046,2017,1.0063845,.77888721,1.1585965,.69222748,.90525353,.72275937,.97610629,.64914024,1.0157408,.6111111,.8435185,1.0555556
2871996,vfl-wolfsburg,82,3,sc-freiburg,60,1,0,37.888889,0,12.666667,7.5490198,9.4117651,2.9607842,3.4640522,2017,1.1356975,.58503044,1.1213288,.85544759,1.1338893,.56939709,1.0175925,.92614841,.89960319,.52314812,.78306878,.76851851
2871997,vfb-stuttgart,79,2,borussia-dortmund,16,1,0,0,0,0,1.1307189,17.382353,.35294119,10.625,2017,1.2510639,.72837639,1.0194563,1.0244845,1.4308997,.84594357,.93608123,.9545536,1.7259259,1.2546296,1.0078431,.81568629
2872016,fc-bayern-munchen,27,6,borussia-dortmund,16,0,17.222221,0,13.833333,0,28.013071,14.562092,21.908497,8.7385616,2017,1.6315004,1.2787549,1.0029966,.93809688,1.7527213,1.2271284,.84823394,.73611814,1.9907408,1.6175926,.95980394,.73480392
2872017,tsg-1899-hoffenheim,533,6,1-fc-koln,3,0,21.222221,0,10,0,13.54902,17.575163,5.6209149,6.019608,2017,1.2949234,.84978139,1.4309647,.82120734,1.3213454,.8655383,1.3934444,.84182101,1.7898148,.84629631,1.3111111,.99537039
2872018,hertha-bsc,44,0,vfl-wolfsburg,82,0,39.277779,.8888889,16.166666,.3888889,18.810457,3.5490196,7.4771242,1.4117647,2017,1.2546101,.96918875,.84688741,.55399805,1.2534251,.96568865,.90520465,.58320987,.85185188,.6111111,.94404763,.88425928
2872019,sv-werder-bremen,86,2,eintracht-frankfurt,24,1,0,11.555555,0,3.7222223,8.6013069,6.0915031,3.7581699,1.7581699,2017,1.2853265,1.2469121,.81213135,.52973253,1.2051353,1.4196339,.78332531,.47593272,1.475,1.625,1.0407407,.67314816
2872020,fc-schalke-04,33,2,sc-freiburg,60,0,0,39.555557,0,13.166667,11.921569,10.424836,4.1633987,3.8888888,2017,1.3423151,.85000455,1.2343136,.62735713,1.1777371,.83379614,1.262985,.65885043,1.0263889,.68333334,.9285714,.67962962
2872021,bayer-04-leverkusen,15,0,fc-augsburg,167,0,0,8.333333,0,2.6666667,15.745098,11.359477,6.647059,3.4640522,2017,1.0615188,.88831466,.9611358,.69825023,.97575879,.83121693,.92461216,.701823,.57367724,.76111114,1.8666667,.8611111
2872022,1-fsv-mainz-05,39,0,borussia-monchengladbach,18,0,0,9.6470585,0,4.4705882,5.4313726,17.470589,1.3790849,7.8455882,2017,1.0121145,.73435307,.93020475,.77169043,1.0211827,.79435629,.82058096,.63245088,1.1019608,.7352941,.52061009,.34999999
2872023,hannover-96,42,2,rasenballsport-leipzig,23826,3,1.6666666,13.611111,.33333334,7.9444447,1.9084967,4.7908497,.49673203,2.7843137,2017,1.1417015,.7949053,1.4289961,1.0192254,1.2371674,.95364356,1.5153359,1.0815003,1.574074,1.1851852,1.8662037,1.6194445
2872024,vfb-stuttgart,79,1,hamburger-sv,41,1,2.5,0,.72222221,0,1.3660131,5.640523,.62091506,1.6405228,2017,1.4784259,.90846306,1.3809681,.6504451,1.4583122,1.0243747,1.189608,.60478395,1.6944444,1.4398148,1.1703703,.70740741
2872025,borussia-dortmund,16,4,fc-schalke-04,33,4,0,0,0,0,20.019608,10.320261,11.980392,3.6013072,2017,1.3626163,1.1133703,1.1807654,.87865919,1.4105827,1.0758255,1.0898929,.85169739,1.5583333,.9861111,.91990739,.58148146
2872026,rasenballsport-leipzig,23826,2,sv-werder-bremen,86,0,14.611111,0,8.5555553,0,7.006536,11.091503,4.0392156,4.4836602,2017,1.3623693,1.0851543,1.1999557,1.0925581,1.3580828,1.0054421,1.1206114,1.1276366,1.6648148,1.4861112,1.4898148,1.2777778
2872027,1-fc-koln,3,0,hertha-bsc,44,2,27.111111,39.944443,8.6111107,16.166666,7.1503267,19.477123,2.2941177,7.4509802,2017,1.1708472,.69230241,1.1149089,.90355694,1.0825517,.66600531,1.0793029,.92391974,.86574072,.9074074,.9074074,.7361111
2872028,sc-freiburg,60,2,1-fsv-mainz-05,39,1,30.666666,0,10.222222,0,7.6797385,9.4117651,2.7908497,2.8300653,2017,1.1598961,.86845464,.97006822,.73057371,1.0709656,.92218012,.86255413,.72198772,.82010579,.82407409,.90294117,.49019608
2872029,borussia-monchengladbach,18,2,fc-bayern-munchen,27,1,8.5,8.7647057,4.1666665,6.7058825,19.431372,11.654411,9.0784311,8.5588236,2017,1.1155032,.9166016,1.4754976,.97796917,1.1140673,.98473096,1.5793202,1.0163802,.76939774,.64999998,1.8127451,1.1441176
2872030,eintracht-frankfurt,24,0,bayer-04-leverkusen,15,1,13.555555,0,4.7222223,0,5.0457516,17.013071,1.5555556,7.7647057,2017,.86598784,.52832758,1.2518541,.85617316,.908261,.57776254,1.1564598,.77153677,1.0037037,.65462965,.80370373,.73333335
2872031,fc-augsburg,167,2,vfl-wolfsburg,82,1,9.333333,0,2.8888888,0,12.803922,7.5490198,4.0522876,2.9607842,2017,.96374166,.67331308,1.1356975,.58503044,.77679873,.62986535,1.1338893,.56939709,.94999999,.85185188,.89960319,.52314812
2872032,hamburger-sv,41,3,tsg-1899-hoffenheim,533,0,16.111111,19.166666,5.7777777,9.166667,9.2156858,12.150327,3.1176472,5.0457516,2017,1.2459018,.52533853,1.4340565,1.1057194,1.1221696,.49470899,1.501438,1.1957151,1.1009259,.5324074,2.2194445,1.7074074
2872033,hannover-96,42,1,vfb-stuttgart,79,1,1.6666666,0,.33333334,0,3.6535947,.67320263,.86928105,.19607843,2017,1.0541508,.64992762,.96566093,.62434626,1.0011224,.7246753,1.1431893,.72612035,1.4722222,1.0277778,1.2398148,.82407409
2872043,borussia-dortmund,16,3,vfb-stuttgart,79,0,0,2.5,0,.72222221,11.287581,2.2026143,6.9346404,.96078432,2017,1.3981808,1.16089,1.3666203,.84151149,1.2545015,.96590698,1.3607986,.9334656,1.4219888,1.0009804,1.6481482,1.4027778
2872044,rasenballsport-leipzig,23826,1,bayer-04-leverkusen,15,4,15,0,8.9444447,0,6.8627453,19.941177,4.1372547,8.6862745,2017,1.4234405,1.032982,1.0479022,.91053694,1.4926507,1.0713508,.94461399,.82751322,1.8217592,1.5777777,.57367724,.76111114
2872045,1-fc-koln,3,1,1-fsv-mainz-05,39,1,0,0,0,0,13.202615,4.9281044,4.5424838,1.2810458,2017,1.3756737,.79500782,1.0588179,.7935161,1.3313793,.76867282,1.0748442,.85685629,1.2555555,1.037037,1.0156863,.71568626
2872046,sc-freiburg,60,0,vfl-wolfsburg,82,2,33.611111,.8888889,11.277778,.3888889,8.679739,3.5751634,3.2222223,1.4575163,2017,1.0282358,.57462746,.94152528,.57610071,.94982362,.59284514,1.0209454,.63326395,.79960316,.52222222,1.0273809,.93055558
2872047,borussia-monchengladbach,18,2,hertha-bsc,44,1,10.055555,40.333332,4.6666665,16.555555,21.137255,19.156862,9.4509802,7.5359478,2017,.97544265,.84195173,1.1187364,.90285689,.84093899,.6658361,1.1284552,.95261145,.5164566,.37941176,.96296299,.79166669
2872048,eintracht-frankfurt,24,1,tsg-1899-hoffenheim,533,1,10.888889,17.777779,3.6666667,8.4444447,4.7189541,11.274509,1.4379085,4.6797385,2017,.83076304,.571796,1.2171457,.78728837,.88015074,.55728191,1.2489308,.81163621,.99444443,.63148147,1.762037,.98518521
2872049,fc-augsburg,167,1,fc-bayern-munchen,27,4,9,18.333334,2.8888888,14.555555,12.607843,24.104576,3.8496733,18.581699,2017,.98706174,.70287985,1.6041676,1.2505363,.94986475,.701823,1.7282504,1.2132396,1.8666667,.8611111,1.9907408,1.6037037
2872050,hamburger-sv,41,3,fc-schalke-04,33,2,0,0,0,0,8.3725491,11.666667,2.5882354,4.0849671,2017,1.3051376,.63428348,1.267315,.88095129,1.1843253,.61563051,1.1702156,.81439579,1.1944444,.69444442,.98538357,.55370373
2872051,hannover-96,42,2,sv-werder-bremen,86,1,1.6666666,0,.33333334,0,2.1241829,5.973856,.54901963,2.359477,2017,1.1250348,.82950127,1.6466316,1.2922437,1.133662,.96025735,1.5991372,1.4617585,1.7037038,1.3518518,1.5305556,1.5972222
2872061,fc-bayern-munchen,27,5,borussia-monchengladbach,18,1,14.611111,9.2222223,11.5,4.2777777,23.078432,16.156862,17.843138,6.8758168,2017,1.6390191,1.2875733,.86573583,.73325384,1.760718,1.2304955,.8032316,.7599538,2.0462964,1.6592592,.60637254,.62647057
2872062,tsg-1899-hoffenheim,533,2,hamburger-sv,41,0,17.444445,0,8.3888893,0,10.921569,6.0522876,4.7385621,1.8104575,2017,1.179134,.84924722,1.5082012,.65877843,1.1699566,.84073675,1.331702,.67098767,1.8314815,1.0314815,1.4166666,.74074072
2872063,hertha-bsc,44,2,1-fc-koln,3,1,36.611111,0,14.944445,0,14.862745,19.555555,5.9019608,6.7712417,2017,1.3863459,1.049539,1.3312292,.84076142,1.3950918,1.046659,1.2750521,.84043211,1.0092592,.75462961,1.4222223,1.1203704
2872064,sv-werder-bremen,86,1,rasenballsport-leipzig,23826,1,0,14.941176,0,8.7647057,6.0653596,6.6397057,2.5228758,3.8676472,2017,1.6631311,1.3097876,1.4730083,1.1390429,1.5921926,1.4617585,1.4486355,1.0412341,1.5305556,1.5972222,1.7818627,1.5529412
2872065,fc-schalke-04,33,2,borussia-dortmund,16,0,0,0,0,0,9.960784,17.169935,3.5490196,10.411765,2017,1.4105551,.89248824,1.2780615,1.123523,1.1993839,.82080913,1.0965794,.87004972,1.0826058,.72962964,1.2179894,.88518518
2872066,bayer-04-leverkusen,15,4,eintracht-frankfurt,24,1,0,10.888889,0,3.6666667,15.96732,5.5686274,7.0980392,1.7777778,2017,1.0961555,.91856158,.83076304,.571796,.9895274,.83540565,.88015074,.55728191,.53664023,.70555556,.99444443,.63148147
2872067,1-fsv-mainz-05,39,2,sc-freiburg,60,0,0,39.444443,0,13.111111,5.5620914,10.326797,1.5359477,3.7058823,2017,1.0659666,.7935161,1.2343136,.62735713,1.0816818,.85685629,1.262985,.65885043,1.0156863,.71568626,.9285714,.67962962
2872068,vfl-wolfsburg,82,0,fc-augsburg,167,0,.8888889,8.2777777,.3888889,2.7222223,3.5620916,9,1.4379085,2.7843137,2017,.87040198,.50535476,1.5405129,.59303141,.91160196,.52909732,1.4630922,.51531512,.80052912,.72685188,3.0611112,.72222221
2872069,vfb-stuttgart,79,1,hannover-96,42,1,.055555556,1.6666666,.055555556,.33333334,2.7254901,1.3529412,1.1176471,.30718955,2017,1.358287,.88852006,1.114573,.78530937,1.3205055,.99024773,1.1434504,.94173884,1.3981482,1.3287038,1.537037,1.2407408
2872070,borussia-dortmund,16,4,bayer-04-leverkusen,15,0,0,0,0,0,11.104575,8.333333,6.8823528,3.1633987,2017,1.3255497,1.2327853,1.1687491,.92072213,1.1908647,1.0458535,1.0948064,.8708995,1.420028,1.059804,.71441799,.79814816
2872071,rasenballsport-leipzig,23826,2,tsg-1899-hoffenheim,533,5,15.111111,19.888889,8.7777777,9.4444447,6.6013074,13.163399,3.7843137,5.5947714,2017,1.396225,1.0757627,1.2171457,.81254089,1.3732063,.98338783,1.2417158,.8354457,1.6828704,1.4666667,1.762037,.98518521
2872072,1-fc-koln,3,2,fc-schalke-04,33,2,0,0,0,0,14.418301,10.052288,4.6143789,3.5163398,2017,1.3932345,.81392741,1.4134651,.90556014,1.3797759,.84413582,1.2456384,.88935173,1.5148149,1.1064814,1.1004629,.73888886
2872073,borussia-monchengladbach,18,3,vfl-wolfsburg,82,0,9.8888893,.8888889,4.5555553,.3888889,19.346405,4.1699347,8.2614384,1.6209151,2017,.87927079,.76879305,.9415974,.58056849,.74289978,.60701257,.94262648,.54937947,.5046919,.36764705,.82367724,.74537039
2872074,eintracht-frankfurt,24,0,hertha-bsc,44,3,15.777778,35,5.6111112,14.388889,8.7777777,14.156863,2.993464,5.5751634,2017,1.0869768,.4914389,1.2789928,1.2047859,1.1342591,.51225752,1.258646,1.1911917,1.0611111,.52777779,.91203701,.7175926
2872075,fc-augsburg,167,2,1-fsv-mainz-05,39,0,8.9444447,0,2.7777777,0,9.5032682,3.856209,2.9215686,.8888889,2017,1.2254969,.75513929,1.2339101,.80687082,1.0508448,.70552671,1.2995356,.89697969,2.0888889,.8611111,1.3296297,.8425926
2872076,hamburger-sv,41,1,sc-freiburg,60,0,0,40.666668,0,13.611111,9.2483664,10.470589,3.0196078,3.7581699,2017,1.509178,.6850605,1.2676469,.66748059,1.3741403,.68818343,1.3344135,.73359787,1.4074074,.74074072,.8888889,.6574074
2872077,hannover-96,42,0,fc-bayern-munchen,27,3,1.6666666,15.222222,.33333334,12.222222,1.6732026,23.313726,.42483661,17.908497,2017,1.0314339,.74153829,1.5608474,1.213012,1.0574715,.87692398,1.6701887,1.1632395,1.287037,1.0462962,1.9018519,1.5259259
2872078,vfb-stuttgart,79,2,sv-werder-bremen,86,0,.055555556,0,.055555556,0,1.8888888,6.4967322,.77777779,2.8888888,2017,1.3784258,.83153999,1.7337834,1.2998022,1.3795576,.94933861,1.582696,1.4357845,1.6666666,1.4305556,1.4194444,1.625
2872079,fc-bayern-munchen,27,4,eintracht-frankfurt,24,1,5.7222223,14.388889,4.5,4.8888888,10.333333,6.9281044,7.5032678,2.1764705,2017,1.8676716,1.2179084,1.0707678,.46991411,2.0134838,1.2412097,1.103361,.49994063,2.3472223,1.5712963,1.0259259,.47407407
2872080,tsg-1899-hoffenheim,533,3,hannover-96,42,1,20.5,1.6666666,9.666667,.33333334,14.941176,1.0261438,5.973856,.23529412,2017,1.2554777,.82224107,1.0147673,.72610623,1.313475,.85396427,.99265671,.82136846,1.8916667,1.0685185,1.4907408,1.1018518
2872081,hertha-bsc,44,2,fc-augsburg,167,2,34.277779,9.4444447,14.055555,2.8333333,13.69281,11.784314,5.359477,3.4444444,2017,1.1956594,.959647,1.1595457,.7527824,1.1778378,.95230281,.98942703,.70552671,.875,.625,2.0194445,.83333331
2872082,sc-freiburg,60,3,1-fc-koln,3,2,41,0,13.444445,0,11.444445,13.764706,3.9607842,4.4117646,2017,1.2615318,.70914727,1.3932345,.81392741,1.3833554,.85144299,1.3797759,.84413582,.83597887,.64259261,1.5148149,1.1064814
2872083,sv-werder-bremen,86,1,borussia-dortmund,16,1,0,0,0,0,3.9803922,18.588236,1.5882353,11.620915,2017,1.6278757,1.3145542,1.2815009,1.0685896,1.6007754,1.4747926,1.189154,.95555681,1.4935185,1.6527778,1.3911376,1.0037037
2872084,fc-schalke-04,33,1,borussia-monchengladbach,18,1,0,9.0555553,0,4.2222223,7.9346404,18.418301,2.7581699,7.9281044,2017,1.3278831,.81617248,1.0388759,.92467541,1.1288372,.73747581,1.015627,.92465967,1.0640873,.67407405,.74586833,.66176468
2872085,bayer-04-leverkusen,15,0,vfb-stuttgart,79,1,0,.055555556,0,.055555556,16.163399,1.8888888,7.0849671,.77777779,2017,1.2085116,.96485788,1.3784258,.83153999,1.1204798,.89096117,1.3795576,.94933861,.71441799,.77962965,1.6666666,1.4305556
2872086,1-fsv-mainz-05,39,3,rasenballsport-leipzig,23826,0,0,13.277778,0,7.8333335,4.9411764,6.7973857,1.3202615,4.0326796,2017,1.1974633,.81016076,1.2449905,.93654704,1.2648134,.93725747,1.1756754,.7673384,1.2185185,.8611111,1.4606482,.85555553
2872087,vfl-wolfsburg,82,1,hamburger-sv,41,3,.8888889,0,.3888889,0,5.3725491,11.954248,2.1568627,3.8496733,2017,.92360765,.57214463,1.0917177,.66191238,.92494971,.53456467,.95469576,.66701943,.76349205,.6712963,1.0185186,.74074072
2872088,borussia-dortmund,16,1,1-fsv-mainz-05,39,2,0,0,0,0,17.803921,4.9607844,10.908497,1.2941177,2017,1.3353169,1.2324412,1.1974633,.81016076,1.178979,1.0316659,1.2648134,.93725747,1.3800265,1.0287037,1.2185185,.8611111
2872089,rasenballsport-leipzig,23826,4,vfl-wolfsburg,82,1,11.5,.8888889,6.7222223,.3888889,4.4052286,6.9215684,2.5555556,2.5294118,2017,1.1858736,.85982746,.93243104,.58030391,1.1194464,.72517318,.84449732,.52246147,1.3384259,.7027778,.74629629,.6712963
2872090,1-fc-koln,3,1,fc-bayern-munchen,27,3,0,7.4444447,0,6,18.895424,11.503268,6.2549019,8.7058821,2017,1.4284394,.78659475,1.8468592,1.1795486,1.3376182,.76404321,1.988622,1.2047018,1.3527777,.92592591,2.3694444,1.5388889
2872091,sv-werder-bremen,86,0,bayer-04-leverkusen,15,0,0,0,0,0,5.973856,15.470589,2.359477,6.6274509,2017,1.6466316,1.2922437,1.1862485,.93800604,1.5991372,1.4617585,1.117233,.88831568,1.5305556,1.5972222,.75145501,.81666666
2872092,borussia-monchengladbach,18,3,sc-freiburg,60,1,7.5,40.944443,3.5,13.388889,15.490196,11.372549,7,3.8888888,2017,.94127733,.85876584,1.2346799,.68136948,.91004634,.82006621,1.3575617,.82619047,.60343134,.58823532,.7962963,.62037039
2872093,eintracht-frankfurt,24,3,hamburger-sv,41,0,11.777778,0,3.9444444,0,7.4575162,11.562092,2.3202615,3.6797385,2017,1.0122268,.53175277,1.2537547,.80080122,1.0137544,.51779777,1.0816799,.80590826,.97592592,.54814816,1.1574074,.9074074
2872094,fc-augsburg,167,1,fc-schalke-04,33,2,9.4444447,0,2.8333333,0,12.006536,7.006536,3.5490196,2.4705882,2017,1.104916,.63889349,1.3006501,.79495335,.87494892,.51108229,1.1042645,.72030407,1.9222223,.66666669,.98075396,.60000002
2872095,hannover-96,42,3,hertha-bsc,44,1,1.6666666,36.555557,.33333334,15.111111,1.6666666,15.601307,.38562092,6.1503267,2017,1.0076244,.69431609,1.3456594,1.0193158,1.0287017,.82136846,1.3171476,1.0103836,1.287037,1.074074,.88425928,.60648149
2872096,vfb-stuttgart,79,2,tsg-1899-hoffenheim,533,0,.055555556,18,.055555556,8.5,1.8888888,11.261438,.77777779,4.4444447,2017,1.3784258,.83153999,1.6461784,1.1127902,1.3795576,.94933861,1.57354,1.1652738,1.6666666,1.4305556,1.9773148,.90185183
2872097,fc-bayern-munchen,27,1,vfb-stuttgart,79,4,10.944445,.055555556,8.7777777,.055555556,15.013072,.32026145,11.601307,.078431375,2017,1.4686725,1.072197,1.3510962,.91767144,1.5826576,1.063432,1.3157972,1.0713323,1.7583333,1.3166667,1.587963,1.5231482
2872098,tsg-1899-hoffenheim,533,3,borussia-dortmund,16,1,19.777779,0,9.3888893,0,11.771242,19.084967,4.5751634,12.019608,2017,1.6277691,1.113724,1.1763326,1.0829855,1.5093144,1.1305696,1.0860806,.93611234,1.9578704,.90185183,1.2383598,1.0129629
2872099,hertha-bsc,44,2,rasenballsport-leipzig,23826,6,41,14.055555,16.777779,8.333333,19,5.4052286,7.1830068,3.1830065,2017,1.1536841,.70591712,1.2573361,.93608022,1.1540284,.68621331,1.205305,.78443241,.79166669,.48148149,1.5050926,.89722222
2872100,sc-freiburg,60,2,fc-augsburg,167,0,35.5,7.3888888,11.722222,2.1666667,10.359477,6.653595,3.5490196,1.8888888,2017,1.3651363,.87303615,1.6651927,.59563953,1.5053792,1.0217172,1.445181,.50830448,.93518519,.89814812,2.6305556,.66666669
2872101,fc-schalke-04,33,1,eintracht-frankfurt,24,0,0,10.888889,0,3.5,8.3921566,4.647059,2.9542484,1.3137255,2017,1.2814702,.81320727,.80233473,.51072097,1.0883915,.71104485,.79710978,.49564171,.96223545,.60000002,.75370371,.46481481
2872102,bayer-04-leverkusen,15,3,hannover-96,42,2,0,0,0,0,18.51634,1.2647059,8.3660135,.29411766,2017,.99888259,.76701838,1.0067997,.6406098,.90889972,.72433865,1.0317906,.7567991,.65145504,.79814816,1.4803921,1.0784314
2872103,hamburger-sv,41,2,borussia-monchengladbach,18,1,0,9.666667,0,4.5,10.137255,22.980392,3.3137255,10.235294,2017,1.2537547,.80080122,.98865235,.88596433,1.0816799,.80590826,.91909611,.84230673,1.1574074,.9074074,.60637254,.61470586
2872104,1-fsv-mainz-05,39,1,sv-werder-bremen,86,2,0,0,0,0,6.8235292,5.3333335,1.9084967,2.2026143,2017,1.2066544,.81479037,1.5961796,1.3612764,1.2768505,.94420195,1.4595475,1.4841361,1.2407408,.8611111,1.4157407,1.6805556
2872105,vfl-wolfsburg,82,4,1-fc-koln,3,1,0,0,0,0,6.2222223,19.091503,2.359477,6.352941,2017,.93706065,.59234738,1.24457,.805444,.83944678,.514525,1.1587462,.78256172,.75555557,.6712963,1.3472222,1.0277778
2872106,rasenballsport-leipzig,23826,1,borussia-dortmund,16,1,13.5,0,8.1111107,0,6.5032678,20.921568,3.8954248,12.581699,2017,1.4326997,1.0488551,1.1391727,1.0587082,1.5037618,1.0884448,.95769054,.80523491,1.8476852,1.6194445,1.0592593,.80740738
2872107,1-fc-koln,3,2,vfb-stuttgart,79,3,0,.055555556,0,.055555556,17.928104,2.7254901,5.9411764,1.1176471,2017,1.3427294,.80096442,1.194398,.67721897,1.3656666,.83256173,1.1901636,.77649909,1.3666667,1.050926,1.3842592,1.2222222
2872108,sc-freiburg,60,0,fc-bayern-munchen,27,4,28.666666,19.888889,9.9444447,14.888889,8.1503267,27.228758,3.143791,20.869282,2017,1.3371595,.7952143,1.529331,1.0688068,1.3941358,.8697992,1.6589503,1.0502765,1.0462962,.93518519,1.937963,1.4620371
2872109,borussia-monchengladbach,18,2,sv-werder-bremen,86,2,8.0555553,0,3.7777777,0,11.640523,5.4836602,5.026144,2.503268,2017,1.0087041,.80317813,1.2834747,1.3241849,1.026248,.87243152,1.201167,1.4844487,.71890754,.62647057,1.4101852,1.7361112
2872110,fc-schalke-04,33,1,hertha-bsc,44,0,0,38.888889,0,15.944445,9.5555553,18.555555,3.2941177,7.3398695,2017,1.0393506,.78994602,1.1843534,.96952915,.93700433,.75888646,1.1340468,1.0007716,.57612431,.49074075,.91203701,.75462961
2872111,eintracht-frankfurt,24,1,hannover-96,42,0,9.5555553,1.6666666,3.2222223,.33333334,7.026144,2.4444444,2.1568627,.58169937,2017,.87263471,.53568494,.93353432,.61405301,.86269039,.48968932,.97237653,.72401392,.94814813,.57129627,1.287037,.82407409
2872112,fc-augsburg,167,0,tsg-1899-hoffenheim,533,2,8.333333,20.222221,2.5555556,9.666667,8.1699343,15.75817,2.3267975,6.346405,2017,.98665476,.67264771,1.3141167,1.0355424,.99450755,.7099359,1.3329195,1.1193262,2.1074073,.94444442,1.9009259,1.4018519
2872113,hamburger-sv,41,0,1-fsv-mainz-05,39,0,0,0,0,0,8.7973852,9.1699343,2.7712419,2.6732025,2017,1.4193165,.62498242,1.0310382,.66183621,1.2017636,.56931216,1.0686935,.65855378,1.1898148,.41574073,.94074076,.44444445
2872114,vfl-wolfsburg,82,1,bayer-04-leverkusen,15,2,.8888889,0,.3888889,0,5.2941175,18.705883,2.0980392,7.8431373,2017,.96367073,.55550706,1.2641301,.9853735,1.0060945,.59020841,1.1690408,.8830688,.86071426,.74537039,.80701059,.80740738
3058406,fc-bayern-munchen,27,3,tsg-1899-hoffenheim,533,1,0,23,0,10.555555,46.633987,10.575164,36.915031,4.4705882,2018,1.5830836,1.2161275,1.2310045,.95865411,1.6788051,1.3018647,1.2334995,.9369188,1.6560185,1.6216931,.95555556,.64814812
3058407,borussia-dortmund,16,4,rasenballsport-leipzig,23826,1,2.4444444,0,1.1111112,0,8.1960783,18.921568,4.2352943,8.960784,2018,1.0949079,.95966476,1.1545151,.93615526,1.0459166,.8638531,1.1026775,.93557948,.87222224,.81296295,.82976192,.64087301
3058408,borussia-monchengladbach,18,2,bayer-04-leverkusen,15,0,25.277779,21.611111,10.111111,9.4444447,26.261438,17.104576,11.575164,6.8431373,2018,.92692149,.68609744,1.2939641,1.047943,.84203881,.59363073,1.2410263,.97168112,1.3037037,.66111112,1.7731482,1.2231481
3058409,hertha-bsc,44,1,1-fc-nurnberg,4,0,45.333332,0,16.722221,0,18.503267,.0065359478,6.6143789,0,2018,1.078751,.91880798,1.4628766,.87151539,1.1185355,.9978978,1.7848467,1.061993,.83703703,.66904759,1.7675925,.96666664
3058410,sv-werder-bremen,86,1,hannover-96,42,1,12.111111,19.722221,5.1666665,5.9444447,13.169934,9.9150324,5.0849671,3.0326798,2018,1.5472378,1.1474359,.90038216,.65001011,1.4097121,1.2260545,.98857623,.66471559,.97387564,.7013889,.9527778,.53703701
3058411,sc-freiburg,60,0,eintracht-frankfurt,24,2,44.277779,0,13.055555,0,12.908497,8.0718956,3.5882354,3.0915034,2018,1.1320764,.75005025,.94278985,.70829326,1.0473477,.75396824,.94411147,.71937829,.54351854,.35185185,1.175926,.72222221
3058412,1-fsv-mainz-05,39,1,vfb-stuttgart,79,0,9.4444447,7,2.4444444,3,9.7124186,11.444445,3.0653596,5.4640522,2018,1.1715757,.79308099,1.0114224,.56980389,1.0974106,.77173722,1.0814458,.61391604,.85780424,.6111111,1.1157408,.5787037
3058413,vfl-wolfsburg,82,2,fc-schalke-04,33,1,4.1666665,12.5,1,6.2777777,9.3790846,14.980392,2.3856208,6.980392,2018,1.045094,.64219093,1.4894719,.91983879,.95636177,.62872171,1.3990897,.89372897,1.3466932,.59722221,1.8740741,1.2361112
3058414,fortuna-dusseldorf,38,1,fc-augsburg,167,2,0,30.444445,0,8.9444447,.11764706,19.156862,.05882353,5.6013074,2018,.92926776,.73495495,1.0025178,.69364536,.91187471,.77156252,1.0748762,.65489417,1.6055555,1.3055556,1.1611111,1.1333333
3058424,fc-schalke-04,33,0,hertha-bsc,44,2,10.555555,39.444443,5.2222223,14.444445,12.300653,15.437908,5.7712417,5.4379086,2018,1.5156094,1.0591486,1.063211,.89782894,1.4357727,1.0342205,1.0996863,.98301685,1.925,1.375,.83703703,.66904759
3058425,tsg-1899-hoffenheim,533,3,sc-freiburg,60,1,27,44.277779,12.277778,13.055555,13.941176,12.503268,5.9411764,3.6862745,2018,1.0909661,.86081463,1.1320764,.75005025,1.077018,.87519038,1.0473477,.75396824,.82499999,.5925926,.54351854,.35185185
3058426,bayer-04-leverkusen,15,1,vfl-wolfsburg,82,3,21.111111,4.3333335,9.333333,.94444442,17.627451,5.4575162,7.3790851,1.3071896,2018,1.2805382,1.0251917,1.1023331,.65811038,1.2299153,1.0091811,1.0184108,.65464765,1.8564814,1.4175926,1.4578042,.61574072
3058427,rasenballsport-leipzig,23826,1,fortuna-dusseldorf,38,1,0,0,0,0,18.869282,.13071896,8.8888893,.071895428,2018,1.1594534,.94171083,.89391428,.72234988,1.1088502,.94175231,.86822391,.7556895,.82976192,.64087301,1.5777777,1.25
3058428,vfb-stuttgart,79,0,fc-bayern-munchen,27,3,7.2222223,0,3.0555556,0,12.333333,44.35294,6,35.058823,2018,1.1214521,.59727299,1.5861921,1.2138368,1.2014703,.69460386,1.637376,1.2662338,1.1574074,.62037039,1.7046297,1.6379629
3058429,eintracht-frankfurt,24,1,sv-werder-bremen,86,2,0,12.111111,0,5.1666665,8.1176472,13.294118,3.0522876,5.1176472,2018,.8978163,.64718217,1.6504123,1.0662069,.90791613,.66646826,1.5575294,1.1175889,1.1481482,.72222221,1.0849868,.78472221
3058430,fc-augsburg,167,1,borussia-monchengladbach,18,1,30.444445,24.444445,8.9444447,9.8888893,19.156862,23.836601,5.6013074,10.555555,2018,1.0025178,.69364536,.9181031,.70193458,1.0748762,.65489417,.84942031,.62696409,1.1611111,1.1333333,1.2481482,.66111112
3058431,hannover-96,42,0,borussia-dortmund,16,0,18.111111,2.4444444,5.2777777,1.1111112,8.2941179,8.8823528,2.4379084,4.7450981,2018,1.0100375,.63517427,1.03276,.85147762,1.1473866,.68323416,.98972815,.75671029,.96666664,.48148149,.82592595,.74629629
3058432,1-fc-nurnberg,4,1,1-fsv-mainz-05,39,1,0,7.3333335,0,2.0555556,.0065359478,4.7124181,0,1.5686275,2018,1.467312,.80207092,1.2433846,.90637183,1.7685328,1.047112,1.2141254,.87688041,1.8092593,.93888891,1.2115079,.90185183
3058433,fc-bayern-munchen,27,3,bayer-04-leverkusen,15,1,0,21.111111,0,9.3888893,44.176472,15.856209,35.169933,6.7450981,2018,1.628598,1.1786593,1.1998039,.94880283,1.7115896,1.2087001,1.2039893,.95362556,1.6560185,1.5189153,1.8564814,1.3342593
3058434,borussia-dortmund,16,3,eintracht-frankfurt,24,1,2.4444444,0,1.1111112,0,5.5882354,10.045752,2.9019608,3.6143792,2018,1.2438214,.99008799,.93069988,.65416372,1.1958349,.90919667,.98357755,.71752644,.91296297,.82129627,1.1435186,.7037037
3058435,rasenballsport-leipzig,23826,3,hannover-96,42,2,0,19.055555,0,5.6666665,16.48366,9.1895428,7.986928,2.7581699,2018,1.1059555,.92150879,.81850684,.60374892,1.0539119,.91744673,.90294212,.60386902,.6964286,.5575397,.6703704,.31481481
3058436,borussia-monchengladbach,18,2,fc-schalke-04,33,1,26.333334,11.555555,11.055555,5.8888888,28.738562,14.575164,12.562092,6.7777777,2018,.74814653,.64066935,1.3378845,.89576471,.69531518,.54691356,1.1899626,.84419191,1.0814815,.66111112,1.4990741,1.1527778
3058437,sv-werder-bremen,86,1,1-fc-nurnberg,4,1,11.666667,0,4.7777777,0,12.725491,.0065359478,4.5751634,0,2018,1.6642525,1.0878118,1.4943935,.7957052,1.5726811,1.1377909,1.7954558,1.0317986,1.107209,.81805557,1.8783951,1.0231482
3058438,sc-freiburg,60,3,vfb-stuttgart,79,3,45.555557,8.4444447,13.777778,6.2777777,13.542483,15.797385,4.2156863,7.6013074,2018,1.2187767,.85560584,1.0864187,.63069052,1.1211352,.91435188,1.0522792,.64764619,.68425924,.5138889,.91203701,.49537036
3058439,1-fsv-mainz-05,39,2,fc-augsburg,167,1,6.6666665,27.611111,1.8333334,8.166667,3.2941177,17.712418,1.0653595,5.2091503,2018,1.3749983,.8977536,1.0025178,.69364536,1.3096942,.86960524,1.0748762,.65489417,1.2022487,.86481482,1.1611111,1.1333333
3058440,vfl-wolfsburg,82,2,hertha-bsc,44,2,4.4444447,43.5,1,16,7.0915031,16.601307,1.6993464,5.8562093,2018,1.1023331,.65811038,1.0799339,.96097296,1.0184108,.65464765,1.1290083,1.0131936,1.4578042,.61574072,.7953704,.53941798
3058441,fortuna-dusseldorf,38,2,tsg-1899-hoffenheim,533,1,0,25.777779,0,11.833333,.039215688,11.137255,.026143791,4.9215684,2018,1.0966921,.8387242,1.0734396,.78850496,.99306297,.83770013,1.019787,.73855698,1.7722223,1.3333334,.9861111,.67592591
3058442,fc-schalke-04,33,0,fc-bayern-munchen,27,2,12.777778,0,6.2777777,0,16.542484,32.823528,7.6143789,25.869282,2018,1.2772115,.94345593,1.642409,1.1938918,1.1840174,.87193084,1.7315327,1.2381313,1.5129629,1.2638888,1.6560185,1.5466931
3058443,tsg-1899-hoffenheim,533,1,borussia-dortmund,16,1,26.111111,2.4444444,11.888889,1.1111112,11.79085,8.1895428,4.9542484,4.4771242,2018,1.1217897,.83098865,1.1590704,1.0310934,1.1330366,.89210635,1.2300334,1.0279945,.83333331,.53703701,.9685185,.85092592
3058444,bayer-04-leverkusen,15,1,1-fsv-mainz-05,39,0,19.222221,10.333333,8.5555553,2.8888888,13.385621,5.8758168,5.6666665,1.7973856,2018,1.2765236,.90664011,1.3087997,.90123236,1.2807089,.85918111,1.3372194,.96241832,1.8935186,1.2231481,1.2207671,.94814813
3058445,vfb-stuttgart,79,0,fortuna-dusseldorf,38,0,7.0555553,0,5.3888888,0,13.522876,.03267974,6.5098038,.013071896,2018,1.0864187,.63069052,1.0793309,.80830091,1.0522792,.64764619,.96528518,.76098055,.91203701,.49537036,1.7629629,1.3611112
3058446,eintracht-frankfurt,24,1,rasenballsport-leipzig,23826,1,0,0,0,0,11,18.241831,4.1699347,8.9542484,2018,.91171843,.61071646,1.2985271,1.0279902,.98474997,.67817461,1.24527,1.0045279,1.2268518,.6111111,.8223545,.70568782
3058447,hertha-bsc,44,4,borussia-monchengladbach,18,2,44.722221,26.333334,16.5,11.055555,21.366013,28.738562,7.4771242,12.562092,2018,1.1082059,.9491927,.74814653,.64066935,1.1409742,.98863173,.69531518,.54691356,.79814816,.576455,1.0814815,.66111112
3058448,fc-augsburg,167,2,sv-werder-bremen,86,3,27.833334,11.666667,8.2222223,4.7777777,17.575163,12.627451,5.0588236,4.5555553,2018,.98515666,.66023433,1.6052247,1.1181149,1.044012,.59041005,1.556808,1.2250925,1.1055555,1.0222223,1.1905423,.79027778
3058449,vfl-wolfsburg,82,1,sc-freiburg,60,3,4.4444447,40,1,11.777778,7.0915031,10.006536,1.6993464,2.8039215,2018,1.1023331,.65811038,.96925837,.72859222,1.0184108,.65464765,.9390713,.80173761,1.4578042,.61574072,.52407408,.4212963
3058450,1-fc-nurnberg,4,2,hannover-96,42,0,0,17.611111,0,5.3333335,.0065359478,7.4705882,0,2.3071895,2018,1.4943935,.7957052,.88576025,.66096693,1.7954558,1.0317986,.91547221,.63561505,1.8783951,1.0231482,.69351852,.44907406
3058451,fc-bayern-munchen,27,1,fc-augsburg,167,1,0,29.388889,0,8.5,38.496731,15.986928,30.366013,4.4509802,2018,1.642409,1.1938918,.93504775,.61578989,1.7315327,1.2381313,.98766279,.54102731,1.6560185,1.5466931,1.0685185,1.0222223
3058452,borussia-dortmund,16,7,1-fc-nurnberg,4,0,2.4444444,0,1.1111112,0,11.732026,.0065359478,6.6601305,0,2018,1.2067412,.99405628,1.4901201,.7957052,1.2604109,1.0057335,1.7892829,1.0109652,.82037038,.57314813,1.8645061,.9675926
3058453,rasenballsport-leipzig,23826,2,vfb-stuttgart,79,0,0,6.4444447,0,2.5555556,18.699347,9.4967318,8.973856,4.7843137,2018,1.175933,.96115524,.95540267,.51579154,1.1253507,.94241369,.96734333,.5596832,.83981484,.66203701,.87962961,.42592594
3058454,borussia-monchengladbach,18,3,eintracht-frankfurt,24,1,27.222221,0,11.166667,0,23.529411,11.052288,9.9934645,4.3398695,2018,.83211118,.7172125,.86676896,.63849419,.81568557,.64691359,.9328981,.6753968,1.2203704,.79074073,1.2083334,.6111111
3058455,sv-werder-bremen,86,3,hertha-bsc,44,1,10.833333,46.166668,4.6666665,16.944445,12.51634,23.039215,4.7058825,7.993464,2018,1.59958,.98596001,1.0919616,.93448681,1.504305,1.0359391,1.1258948,.97666591,1.0754629,.79027778,.82129627,.6240741
3058456,hannover-96,42,1,tsg-1899-hoffenheim,533,3,19.722221,23,5.9444447,10.222222,10.411765,9.5490198,3.1895425,3.8888888,2018,.94046926,.59608859,1.2182809,.9470017,1.1367244,.64928353,1.2026235,.963094,.98055553,.48148149,.95833331,.60185188
3058457,sc-freiburg,60,1,fc-schalke-04,33,0,40.611111,10.944445,12.055555,5.5,9.8496733,13.352942,2.6993463,6.2026143,2018,1.0950394,.7242927,1.3359417,.94004083,1.0177842,.75297618,1.2002568,.88051671,.63796294,.43518519,1.5638889,1.2361112
3058458,1-fsv-mainz-05,39,0,vfl-wolfsburg,82,0,9.2222223,4.4444447,2.5555556,1,5.3202615,7.0915031,1.6666666,1.6993464,2018,1.1730855,.76192737,1.1023331,.65811038,1.1194164,.76299149,1.0184108,.65464765,1.0263227,.77222222,1.4578042,.61574072
3058459,fortuna-dusseldorf,38,1,bayer-04-leverkusen,15,2,0,19.222221,0,8.5555553,.03267974,12.320261,.013071896,5.1895423,2018,1.0793309,.80830091,1.2765236,.90664011,.96528518,.76098055,1.2807089,.85918111,1.7629629,1.3611112,1.8935186,1.2231481
3058460,fc-schalke-04,33,1,1-fsv-mainz-05,39,0,12.444445,9,6.2777777,2.4444444,15.281046,6.7450981,7.0588236,2.0849674,2018,1.2137195,.93369162,1.0573277,.69930929,1.1558124,.86940557,1.0172338,.71219784,1.4805555,1.2083334,.77632272,.50370371
3058461,tsg-1899-hoffenheim,533,1,rasenballsport-leipzig,23826,2,23.777779,0,10.944445,0,10.248366,18.006536,4.5294118,8.7450981,2018,1.1995928,.93195015,1.0571746,.83152562,1.2472562,1.0039891,1.0215045,.73639518,.90277779,.62037039,.80939156,.6501323
3058462,bayer-04-leverkusen,15,2,borussia-dortmund,16,4,19.222221,1.3888888,8.5555553,.72222221,13.385621,4.3790851,5.6666665,2.1764705,2018,1.2765236,.90664011,1.2647492,1.0511991,1.2807089,.85918111,1.2435713,.99497199,1.8935186,1.2231481,.94259262,.8277778
3058463,vfb-stuttgart,79,2,sv-werder-bremen,86,1,6.5555553,10.833333,2.6111112,4.6666665,10.869281,12.51634,5.1045752,4.7058825,2018,.92222989,.54339528,1.59958,.98596001,1.004594,.61792839,1.504305,1.0359391,1.0601852,.5787037,1.0754629,.79027778
3058464,eintracht-frankfurt,24,4,hannover-96,42,1,0,19.166666,0,5.7777777,8.8039217,9.8823528,3.5228758,3.006536,2018,.8649171,.66442013,.94406074,.62265384,.9395119,.70317459,1.0703223,.62732583,1.2361112,.75,.86481482,.52314812
3058465,hertha-bsc,44,2,fc-bayern-munchen,27,0,42.555557,0,15.166667,0,20.196079,34.019608,6.7058825,26.928104,2018,1.1878611,1.0335771,1.5988361,1.1499765,1.160617,.97737819,1.6636314,1.1557901,.88611114,.60555553,1.5634259,1.4541005
3058466,fc-augsburg,167,4,sc-freiburg,60,1,30.611111,36,8.9444447,10.411765,21.111111,6.9338236,6.0326796,2.0220587,2018,1.1761289,.73851717,1.0318606,.78769433,1.1736417,.63902116,.90578896,.81862748,1.4388889,1.1055555,.47647059,.5
3058467,vfl-wolfsburg,82,2,borussia-monchengladbach,18,2,4.2222223,28.555555,1.1111112,11.944445,8.7320261,31.30719,2.2352941,13.836601,2018,1.0410408,.61772758,.93921036,.7949903,.99063307,.61165828,.92703408,.74783951,1.4383597,.57407409,1.324074,.90185183
3058468,1-fc-nurnberg,4,3,fortuna-dusseldorf,38,0,0,0,0,0,.0065359478,.03267974,0,.013071896,2018,1.4943935,.7957052,1.0422939,.77633208,1.7954558,1.0317986,.90124202,.73533952,1.8783951,1.0231482,1.5777777,1.3055556
3058469,fc-bayern-munchen,27,0,borussia-monchengladbach,18,3,0,27.166666,0,10.944445,25.764706,25.509804,20.130718,10.607843,2018,1.6442609,1.1823839,.91716927,.78070462,1.73894,1.2294011,.88274503,.72469133,1.6375,1.5096561,1.324074,.90185183
3058470,tsg-1899-hoffenheim,533,1,eintracht-frankfurt,24,2,23.777779,0,10.833333,0,8.7189541,9.7581701,3.8758171,3.8235295,2018,1.169251,.92435282,.87389141,.65979052,1.1815996,.96077919,.9395119,.66481483,.8888889,.5925926,1.2083334,.6111111
3058471,borussia-dortmund,16,4,fc-augsburg,167,3,2.4444444,29.333334,1.1111112,8.5,5.5163398,16.61438,2.7320261,4.6732025,2018,1.2209679,.92967135,.91305697,.6978606,1.1953058,.87889361,.87231886,.59041005,.76666665,.52962965,1.3555555,1.1611111
3058472,rasenballsport-leipzig,23826,6,1-fc-nurnberg,4,0,0,0,0,0,18.555555,.0065359478,9.026144,0,2018,1.125028,.93013674,1.4943935,.7957052,1.0398266,.92786342,1.7954558,1.0317986,.78902113,.6501323,1.8783951,1.0231482
3058473,sv-werder-bremen,86,2,vfl-wolfsburg,82,0,11.5,4.1111112,4.8333335,1.0555556,11.150327,8.5686274,4.2091503,2.1830065,2018,1.5555223,1.1620964,.97350264,.58578312,1.4081969,1.2323676,.94012803,.58388048,.96832013,.7347222,1.4244709,.57407409
3058474,hannover-96,42,3,vfb-stuttgart,79,1,14.888889,6.7777777,4.2777777,2.9444444,6.4509802,9.5555553,1.7712418,4.5620914,2018,1.0004416,.66286188,1.0010058,.56186736,1.0809845,.66127646,1.0703348,.61391604,.85092592,.52314812,1.1157408,.5787037
3058475,sc-freiburg,60,0,bayer-04-leverkusen,15,0,39.333332,19,11.5,8.3529415,9.4379082,10.536765,2.6013072,4.1544118,2018,.97504002,.79948908,1.3148484,.90955174,.87431657,.85945767,1.326633,.85825056,.48703703,.50925928,1.9166666,1.0892156
3058476,1-fsv-mainz-05,39,0,hertha-bsc,44,0,6.4444447,53.833332,1.6666666,19.555555,4.1176472,26.17647,1.2679739,9.013072,2018,1.3789119,.80145729,1.1878611,1.0335771,1.3173882,.78481686,1.160617,.97737819,1.1929895,.68888891,.88611114,.60555553
3058477,fortuna-dusseldorf,38,0,fc-schalke-04,33,2,0,11.944445,0,6,.03267974,13.679739,.013071896,6.2745099,2018,1.0953242,.78776217,1.3438781,.85350883,.94059384,.71777064,1.1835901,.79162782,1.7074074,1.3055556,1.5407407,1.0972222
3058478,fc-schalke-04,33,0,sv-werder-bremen,86,2,11.277778,9.1111107,5.4444447,4,11.320261,9.5294113,5.1699347,3.5228758,2018,1.2309152,.91197443,1.5258927,1.1531678,1.134516,.82496113,1.3970858,1.2240343,1.4990741,1.2083334,.95906085,.70694447
3058479,bayer-04-leverkusen,15,2,hannover-96,42,2,21.111111,16.444445,9.3888893,4.8333335,18.104576,7.7254901,7.8169932,2.2483661,2018,1.1998039,.97261232,.9291032,.58244228,1.1854708,.92584777,1.0094357,.56559741,1.7824074,1.2787037,.77314812,.49537036
3058480,vfb-stuttgart,79,0,borussia-dortmund,16,4,1.5,2.4444444,.66666669,1.1111112,11.947712,7.2483659,5.7777777,3.6862745,2018,1.0842549,.69486398,1.2221199,.97773421,1.0482388,.69486839,1.1871203,.93090183,.94537038,.48148149,.76851851,.56851852
3058481,eintracht-frankfurt,24,7,fortuna-dusseldorf,38,1,0,0,0,0,9.3071899,.039215688,3.3202615,.026143791,2018,.90774637,.70224065,1.0591289,.82020563,.91265601,.69689155,.94941217,.78214455,1.0555556,.66666669,1.7351851,1.3055556
3058482,borussia-monchengladbach,18,4,1-fsv-mainz-05,39,0,26.666666,10.555555,10.888889,2.8888888,27.633987,6.5751634,11.803922,1.9215686,2018,.96578038,.83996385,1.349663,.94016874,.94840157,.78024691,1.3460859,.99434072,1.3425926,.90185183,1.1652117,.94814813
3058483,hertha-bsc,44,1,sc-freiburg,60,1,43.722221,36.111111,16.166666,10.5,21.542484,8.8104572,7.5555553,2.3267975,2018,1.2252464,.92450136,1.0716152,.83145851,1.1772836,.82959801,1.0314434,.95881432,.7814815,.35740742,.6703704,.56944442
3058484,fc-augsburg,167,0,rasenballsport-leipzig,23826,0,30.833334,0,9.0555553,0,19.732027,19.130718,5.6928105,9.0326796,2018,1.1714993,.72967875,1.0639619,.84448856,1.1736417,.63207674,1.022573,.75888193,1.4166666,1.0833334,.80462962,.63425928
3058485,vfl-wolfsburg,82,1,fc-bayern-munchen,27,3,4.3333335,0,.94444442,0,6.8954248,45.882355,1.6405228,36.117645,2018,1.0347949,.62616593,1.5254778,1.1613677,.96790576,.62686992,1.5613047,1.1905724,1.4439154,.61574072,1.5657407,1.5407407
3058486,1-fc-nurnberg,4,1,tsg-1899-hoffenheim,533,3,0,28.777779,0,13.333333,0,14.673203,0,6.3790851,2018,1.4286901,.74194539,1.3323059,.93766654,1.7139964,.97469133,1.2978033,.9474715,1.8876543,.90277779,1.062037,.64814812
3058487,tsg-1899-hoffenheim,533,4,vfb-stuttgart,79,0,29.111111,1.5,13.333333,.66666669,14.921569,11.934641,6.3921571,5.7777777,2018,1.1395773,.85794944,1.0842549,.69486398,1.1589625,.89750761,1.0482388,.69486839,.81944442,.56481481,.94537038,.48148149
3058488,borussia-dortmund,16,2,hertha-bsc,44,2,2.4444444,50.111111,1.1111112,18.555555,9.1176472,25.810457,4.7124181,9.0915031,2018,1.1450998,1.0008824,1.1377634,.75237703,1.0773981,.89934695,1.1460968,.76601779,.80925924,.69351852,.84444445,.5462963
3058489,rasenballsport-leipzig,23826,0,fc-schalke-04,33,0,0,9.8888893,0,4.8333335,19.993464,9.8300657,9.5686274,4.5098038,2018,1.0639619,.84448856,1.2869998,.83846742,1.022573,.75888193,1.2760504,.79672039,.80462962,.63425928,1.7722223,1.0972222
3058490,sv-werder-bremen,86,2,bayer-04-leverkusen,15,6,9.5555553,21.111111,4,9.3888893,8.4117651,16.104576,3,6.9084969,2018,1.7303745,1.2064085,1.1998039,.94880283,1.6242683,1.2981083,1.2039893,.95362556,1.2275794,.81805557,1.8564814,1.3342593
3058491,hannover-96,42,1,fc-augsburg,167,2,15.666667,28.666666,4.7777777,8.3888893,7.5032678,16.941177,2.2222223,4.7385621,2018,.99372047,.67043763,1.1529807,.6534161,1.0664341,.66127646,1.1720543,.55182981,.85092592,.52314812,1.2777778,.72222221
3058492,sc-freiburg,60,3,borussia-monchengladbach,18,1,44.944443,28.944445,13.388889,11.944445,13.352942,32.241829,3.993464,13.915032,2018,1.1344807,.87326545,.96578038,.83996385,1.0542761,.98989898,.94840157,.78024691,.6564815,.55555558,1.3425926,.90185183
3058493,1-fsv-mainz-05,39,1,fc-bayern-munchen,27,2,10.833333,0,2.8333333,0,9.3660135,40.633987,2.6797385,31.928104,2018,.9913063,.74679267,1.4532555,1.0466255,.984622,.77939361,1.5892768,1.1112795,.8920635,.76296294,1.5402777,1.3846561
3058494,fortuna-dusseldorf,38,0,vfl-wolfsburg,82,3,0,3.9444444,0,.77777779,.013071896,6.4901962,.013071896,1.6535947,2018,1.0683881,.82113159,1.1075515,.73498946,.90620232,.75833505,1.0861988,.75233287,1.6240741,1.2222222,1.673545,.8425926
3058495,1-fc-nurnberg,4,1,eintracht-frankfurt,24,1,0,0,0,0,0,13.359477,0,5.019608,2018,1.4278456,.73782295,.75735468,.56534606,1.7024684,.90349174,.79797751,.55515873,1.7024691,.7175926,1.175926,.6111111
3058496,fc-bayern-munchen,27,1,sc-freiburg,60,1,0,39.055557,0,11.5,37.326797,9.4052286,29.274509,2.7843137,2018,1.5815624,1.1281719,.96110111,.83319813,1.6553218,1.1552188,.82510948,.92574555,1.5726852,1.5142857,.41018519,.53703701
3058497,fc-schalke-04,33,3,hannover-96,42,1,10.944445,14.333333,5.3333335,4.0555553,11.856209,6.4901962,5.4575162,1.8104575,2018,1.3528118,1.0186863,.91939783,.63612986,1.3482727,.98977596,.89060444,.67169315,1.8416667,1.3472222,.55462962,.47685185
3058498,bayer-04-leverkusen,15,1,tsg-1899-hoffenheim,533,4,22.833334,25.055555,10.222222,11.611111,20.830065,9.3725491,8.9084969,3.9150326,2018,1.1220262,.91267228,1.2622472,1.0149881,1.1507486,.94172078,1.3150651,1.0334504,1.699074,1.300926,.95555556,.5925926
3058499,vfb-stuttgart,79,0,eintracht-frankfurt,24,3,2.1666667,0,.94444442,0,11.862745,8.5490198,5.7647057,3.2156863,2018,1.0845705,.65229547,.84563816,.63849419,1.0500907,.62079436,.90986019,.62976193,.94537038,.48148149,1.1018518,.47222221
3058500,borussia-monchengladbach,18,3,fortuna-dusseldorf,38,0,26.666666,0,10.944445,0,31.509804,.013071896,13.816994,.013071896,2018,1.0305952,.85933709,1.0781735,.80873948,1.0663503,.82469136,.92901975,.80412257,1.5648148,.90185183,1.5037037,1.25
3058501,hertha-bsc,44,0,rasenballsport-leipzig,23826,3,53.388889,0,19.5,0,26.79085,17.718954,9.2418299,8.5686274,2018,1.1551054,.8953827,1.0171115,.8335458,1.1272837,.8408041,.97428232,.74383563,.83518517,.40185186,.68716931,.56679893
3058502,fc-augsburg,167,2,1-fc-nurnberg,4,2,28.444445,0,8.333333,0,17.215687,0,4.8823528,0,2018,1.1071124,.7030794,1.4290667,.76097107,1.0732889,.59812611,1.7086413,.93126953,1.1944444,1.0555556,1.7117285,.77314812
3058503,1-fsv-mainz-05,39,2,sv-werder-bremen,86,1,10.444445,10.055555,2.6111112,4.2222223,11.411765,11.75817,3.3137255,4.4771242,2018,.99081028,.73763514,1.59958,.98596001,.95532906,.71272695,1.504305,1.0359391,.78095239,.59629631,1.0754629,.79027778
3058504,vfl-wolfsburg,82,0,borussia-dortmund,16,1,3.8333333,1.3888888,.83333331,.72222221,6.6666665,5.8039217,1.6535947,2.9411764,2018,1.1100767,.67387837,1.1841518,.95281589,1.0767021,.67594397,1.1842,.92375988,1.6883597,.82407409,.72830689,.51031744
3058505,tsg-1899-hoffenheim,533,2,fc-augsburg,167,1,27.055555,28.944445,12.611111,8.4444447,12.888889,18.366013,5.5098038,5.1960783,2018,1.1292597,.88236016,1.1594622,.70947671,1.2174361,.95846438,1.1798706,.66393298,.90833336,.5925926,1.5185186,1.1666666
3058506,borussia-dortmund,16,3,fc-bayern-munchen,27,2,3.3333333,0,1.6111112,0,5.1176472,28.915033,2.6143792,22.379086,2018,1.1391783,.91325009,1.4823561,1.056567,1.082467,.88171554,1.5990448,1.0941077,.6574074,.5462963,1.5912037,1.4216931
3058507,rasenballsport-leipzig,23826,3,bayer-04-leverkusen,15,0,0,22.611111,0,10.111111,18.549019,20.503267,8.9934645,8.5555553,2018,1.0639619,.84448856,1.1215852,.86753339,1.022573,.75888193,1.116357,.87505412,.80462962,.63425928,1.6805556,1.2731482
3058508,eintracht-frankfurt,24,3,fc-schalke-04,33,0,0,14.444445,0,7.2222223,13.503268,18.607843,5.0653596,8.5163403,2018,.8754102,.64312387,1.2243015,.93661559,.92992193,.64960319,1.1558124,.86940557,1.1944444,.6111111,1.4805555,1.2083334
3058509,sv-werder-bremen,86,1,borussia-monchengladbach,18,3,10.333333,24.277779,4.5,9.833333,10.699347,27.627451,4.1503267,11.973856,2018,1.5753636,.95077485,1.0792063,.88070458,1.4782366,.95723534,1.0885725,.85246915,.99609786,.70694447,1.6203704,.98518521
3058510,hannover-96,42,2,vfl-wolfsburg,82,1,17,3.2777777,4.9444447,.66666669,7.2287583,6.2091503,2.1307189,1.4771242,2018,1.0318979,.70755845,1.1100767,.67387837,1.0271124,.77169311,1.0767021,.67594397,.68425924,.5324074,1.6883597,.82407409
3058511,sc-freiburg,60,1,1-fsv-mainz-05,39,3,39,11.111111,11.5,2.8888888,9.3529415,10.039216,2.7843137,2.862745,2018,.99350852,.86400616,.9913063,.74679267,.85288721,.95120853,.984622,.77939361,.48240742,.5925926,.8920635,.76296294
3058512,fortuna-dusseldorf,38,4,hertha-bsc,44,1,0,46.888889,0,17.055555,.15686275,21.653595,.03267974,7.5163398,2018,1.0985439,.80940318,1.1631945,.84994859,.93827903,.81389058,1.1203393,.78685111,1.5962963,1.25,.85370368,.43888888
3058513,1-fc-nurnberg,4,0,vfb-stuttgart,79,2,0,1.2222222,0,.6111111,0,6.4379086,0,3.0653596,2018,1.3146714,.7129913,1.0733076,.52323401,1.5894079,.88761872,1.1449888,.55571496,1.6080247,.74537039,1.1342592,.5787037
3058514,fc-bayern-munchen,27,3,fortuna-dusseldorf,38,3,0,0,0,0,37.522877,.1633987,29.450981,.045751635,2018,1.4041935,.97850609,1.1350362,.86009765,1.4701366,1.0217413,.97454447,.82314986,1.3597223,1.2698413,1.6611111,1.2222222
3058515,fc-schalke-04,33,5,1-fc-nurnberg,4,2,14.111111,0,6.9444447,0,18.882353,0,8.8562088,0,2018,1.1899254,.94545394,1.1930107,.61050814,1.1658958,.89765835,1.2199768,.74195325,1.6851852,1.2222222,1.2765433,.79166669
3058516,bayer-04-leverkusen,15,2,vfb-stuttgart,79,0,24.5,1.2222222,10.944445,.6111111,25.627451,7.2287583,10.908497,3.509804,2018,1.0448657,.93350559,1.6070553,.74040574,1.0211189,.94172078,1.6185337,.75280493,1.5694444,1.3287038,1.5231482,.63425928
3058517,borussia-monchengladbach,18,4,hannover-96,42,1,24.611111,18.944445,10.055555,5.5555553,27.078432,7.6601305,11.777778,2.0196078,2018,1.1120546,.91135651,1.0954971,.69822472,1.0525197,.85246915,1.1216129,.71238977,1.5462962,.98518521,.875,.5324074
3058518,hertha-bsc,44,3,tsg-1899-hoffenheim,533,3,51.833332,28.055555,18.777779,13.166667,24.69281,14.607843,8.4771242,6.4052286,2018,1.2543533,.86857003,1.1330554,.86291575,1.2189153,.81378204,1.2135079,.92311084,.98796296,.50238097,.88981479,.5
3058519,fc-augsburg,167,1,eintracht-frankfurt,24,3,30.333334,0,8.8888893,0,20.647058,13.614379,5.8823528,5.0915031,2018,.94418442,.6633423,.92615807,.64775348,1.0440681,.67702824,.96343166,.6654762,1.2074074,1.1888889,1.1944444,.6111111
3058520,sc-freiburg,60,1,sv-werder-bremen,86,1,41.611111,9.1111107,12.611111,4,11.320261,7.7058825,3.5294118,3.0718954,2018,1.2697027,.84189177,1.6475857,1.076316,1.1380002,.87400794,1.5456969,1.1175529,.63055557,.43981481,1.1535053,.70694447
3058521,1-fsv-mainz-05,39,1,borussia-dortmund,16,2,10.777778,2.4444444,2.8888888,1.1111112,10.20915,7.0588236,3.0915034,3.7450981,2018,.9584139,.65794557,1.146893,.9167223,.90823311,.63336188,1.1007005,.88727105,.78095239,.59629631,.7037037,.57407409
3058522,vfl-wolfsburg,82,1,rasenballsport-leipzig,23826,0,4,0,.83333331,0,6.4117646,12.228758,1.5620915,5.8300653,2018,1.1856663,.71922147,1.0860807,.71091056,1.1202627,.72686988,1.1353935,.73143482,1.7216932,.86574072,.88584656,.6501323
3058523,tsg-1899-hoffenheim,533,1,fc-schalke-04,33,1,28.555555,14.055555,13.055555,6.8888888,14.326797,17.647058,6.0784316,8.2679739,2018,1.0571736,.77808458,.97399139,.85664928,1.0416304,.73792565,.96189702,.80809605,.91759259,.55555558,1.2361112,1.0277778
3058524,borussia-dortmund,16,2,sc-freiburg,60,0,2.8888888,40,1.2222222,12.055555,6.4117646,10.653595,3.2091503,3.3790851,2018,1.2120688,.92217869,1.2033887,.92647058,1.1773163,.874264,1.0889542,1.0143698,.74444443,.51574075,.60277778,.49537036
3058525,rasenballsport-leipzig,23826,2,borussia-monchengladbach,18,0,0,23.833334,0,10.055555,19.810457,25.843138,9.4771242,11.640523,2018,1.0656712,.84819227,1.0519401,.81888843,1.0230478,.76196837,1.0622408,.79166669,.82050264,.6501323,1.4518518,.92962962
3058526,vfb-stuttgart,79,1,fc-augsburg,167,0,1.2222222,30.444445,.6111111,8.9444447,9.3529415,21.40523,4.4575162,6.2352943,2018,1.1126802,.59891772,.99048072,.69436681,1.1977665,.69552976,1.0470984,.646164,1.1342592,.63425928,1.1240741,1.1055555
3058527,eintracht-frankfurt,24,1,vfl-wolfsburg,82,2,0,4.7777777,0,1,12.418301,8.6339865,4.8300653,2.1764705,2018,.82278031,.56349421,1.0467775,.6279934,.84306127,.53862435,.9881078,.637981,1.1898148,.6111111,1.4994709,.65277779
3058528,sv-werder-bremen,86,1,fc-bayern-munchen,27,2,8.6111107,0,3.8888888,0,7.2549019,35.026142,3.006536,27.509804,2018,1.6475857,1.076316,1.3389462,.90915871,1.5456969,1.1175529,1.5070118,1.0217301,1.1535053,.70694447,1.4569445,1.2179894
3058529,hannover-96,42,0,hertha-bsc,44,2,16.222221,48.611111,4.8888888,17.833334,6.6862745,21.771242,2.0653596,7.5947714,2018,1.0059526,.63722521,1.283818,.88477373,1.0791086,.61004192,1.2407577,.81693864,.91203701,.58796299,.98796296,.50238097
3058530,fortuna-dusseldorf,38,0,1-fsv-mainz-05,39,1,0,11.555555,0,2.9444444,.1633987,10.666667,.045751635,3.1111112,2018,1.1350362,.86009765,.96881956,.69917363,.97454447,.82314986,.94943684,.71272695,1.6611111,1.2222222,.7994709,.59629631
3058531,1-fc-nurnberg,4,1,bayer-04-leverkusen,15,1,0,22.888889,0,10.222222,0,21.562092,0,8.986928,2018,1.2562822,.57748342,1.2086084,.98613721,1.2911408,.66645467,1.18223,.9917208,1.4015433,.88425928,1.7361112,1.3842592
3058532,fc-bayern-munchen,27,3,1-fc-nurnberg,4,0,0,0,0,0,38.928104,0,30.496733,0,2018,1.3562438,.92743355,.99251205,.51672846,1.5283793,1.0495079,.99572635,.53417957,1.4893519,1.2550265,1.1515433,.8287037
3058533,fc-schalke-04,33,1,borussia-dortmund,16,2,14.166667,2.4444444,6.9444447,1.1111112,18,6.1307192,8.5098038,3.0980392,2018,1.0517691,.81299847,1.2997556,1.0437064,.96189702,.76920718,1.2550216,.98603648,1.2916666,1.0555556,.79444444,.59629631
3058534,bayer-04-leverkusen,15,1,fc-augsburg,167,0,22.833334,32.166668,10.166667,9.4444447,22.058823,22.104576,9.2026148,6.4705882,2018,1.1286863,.97390968,1.1471937,.76182717,1.0840819,.96156204,1.1674688,.69378304,1.7083334,1.3620371,1.4388889,1.1888889
3058535,borussia-monchengladbach,18,3,vfb-stuttgart,79,0,25.055555,1.2222222,10.611111,.6111111,31.568628,8.5686274,14.457517,4.1568627,2018,1.1263448,.86732143,1.6950876,.77484369,1.0642611,.78055555,1.7116555,.82648218,1.4518518,.92962962,1.5787038,.68981481
3058536,hertha-bsc,44,1,eintracht-frankfurt,24,0,52.944443,0,19.555555,0,24.888889,11.346405,8.8562088,4.5620914,2018,1.3252512,.95184243,.85857093,.60815233,1.2754799,.85700274,.93256742,.63703704,.96944445,.46534392,1.2083334,.6111111
3058537,sv-werder-bremen,86,3,fortuna-dusseldorf,38,1,9.1111107,0,3.7777777,0,6.2810459,.1633987,2.2875817,.045751635,2018,1.6837327,1.1704733,1.0985439,.85569948,1.6139312,1.2850653,.97454447,.84166837,1.1821429,.85147059,1.6888889,1.2777778
3058538,sc-freiburg,60,3,rasenballsport-leipzig,23826,0,42.055557,0,12.722222,0,11.980392,15.79085,3.6209149,7.6339869,2018,1.2767172,.9521116,.99962187,.79124784,1.1607136,1.000481,.92933285,.71258563,.5935185,.43981481,.7427249,.62235451
3058539,1-fsv-mainz-05,39,1,hannover-96,42,1,12.055555,16.388889,3.0555556,4.7222223,12.084968,8.1176472,3.496732,2.3071895,2018,.96264672,.69917363,.93869913,.61274529,.94017756,.71272695,1.0014992,.56559741,.78095239,.59629631,.77314812,.49537036
3058540,vfl-wolfsburg,82,2,tsg-1899-hoffenheim,533,2,3.8333333,30.555555,.66666669,14.166667,9.7124186,16.477123,2.2549019,7.2091503,2018,1.0843916,.75613433,1.0780433,.81836236,1.0261148,.78535753,1.0617123,.8080014,1.4624338,.7824074,.98055553,.68981481
3058541,tsg-1899-hoffenheim,533,0,borussia-monchengladbach,18,0,29.166666,23.833334,13.333333,10.166667,15.111111,25.888889,6.4509802,11.888889,2018,1.0880148,.80821282,1.0936067,.86789125,1.0802307,.81494588,1.0622408,.78611112,.98055553,.68981481,1.3962963,.84629631
3058542,borussia-dortmund,16,2,sv-werder-bremen,86,1,2.4444444,9.2777777,1.1111112,4.1111112,7.653595,7.6013074,3.9477124,3.0849674,2018,1.1608667,.92069054,1.4435977,1.2025075,1.0957623,.84714758,1.4895614,1.3156441,.75925928,.56296295,1.3095938,.86617649
3058543,rasenballsport-leipzig,23826,4,1-fsv-mainz-05,39,1,0,12.055555,0,3.0555556,19.810457,12.130719,9.4771242,3.5228758,2018,1.0656712,.84819227,.96264672,.69917363,1.0230478,.76196837,.94017756,.71272695,.82050264,.6501323,.78095239,.59629631
3058544,vfb-stuttgart,79,2,hertha-bsc,44,1,0,54.666668,0,19.833334,5.640523,23.137255,2.6013072,7.6732025,2018,1.7173601,.77585781,1.1059686,.79510254,1.8292481,.87410122,1.0696598,.70074677,1.800926,.77314812,.7972222,.42500001
3058545,eintracht-frankfurt,24,2,bayer-04-leverkusen,15,1,0,21.5,0,9.5555553,10.091503,18.470589,3.9738562,7.5294118,2018,.87411094,.62540823,1.1768101,.94144213,.93256742,.62116402,1.1600078,.9486652,1.2083334,.6111111,1.6527778,1.1898148
3058546,fc-augsburg,167,1,fc-schalke-04,33,1,32.166668,11.111111,9.4444447,5.5,22.104576,11.647058,6.4705882,5.5816994,2018,1.1471937,.76182717,1.1827589,.9575851,1.1674688,.69378304,1.0537854,.9191258,1.4388889,1.1888889,1.4305556,1.037037
3058547,hannover-96,42,0,fc-bayern-munchen,27,4,15.277778,0,4.5555553,0,6.5294118,31.620914,1.9477124,24.816994,2018,.98833519,.59461159,1.288062,.85141015,1.0761023,.59152335,1.4905006,1.0040534,.88425928,.5324074,1.4337963,1.2550265
3058548,fortuna-dusseldorf,38,2,sc-freiburg,60,0,0,42.055557,0,12.722222,.15686275,11.980392,.03267974,3.6209149,2018,1.0985439,.80940318,1.2767172,.9521116,.93827903,.81389058,1.1607136,1.000481,1.5962963,1.25,.5935185,.43981481
3058549,1-fc-nurnberg,4,0,vfl-wolfsburg,82,2,0,4.2222223,0,.83333331,0,8.2875814,0,2.0326798,2018,1.1791217,.53987658,1.1041137,.6881786,1.1676841,.60031712,1.0560091,.71514148,1.1237655,.77314812,1.5550264,.7638889
3058550,fc-bayern-munchen,27,1,rasenballsport-leipzig,23826,0,0,0,0,0,33.300655,15.947712,25.888889,7.5947714,2018,1.3566711,.92187798,1.0749267,.78546083,1.5343622,1.0467302,1.0809063,.73804861,1.4615741,1.2179894,.84907407,.66203701
3058551,fc-schalke-04,33,1,bayer-04-leverkusen,15,2,13.388889,23.222221,6.6111112,10.277778,15.346405,19.352942,7.2156863,7.9411764,2018,1.0575738,.89475441,1.1027361,.92629063,.99880177,.83461726,1.0674152,.91295093,1.4444444,1.0925926,1.662037,1.1675926
3058552,borussia-monchengladbach,18,2,1-fc-nurnberg,4,0,24.611111,0,10.444445,0,21.196079,0,9.4640522,0,2018,1.0363264,.88803524,1.3761125,.73910499,.996144,.8376984,1.6214058,.83603138,1.2342592,.80925924,1.3135803,.60648149
3058553,hertha-bsc,44,2,fc-augsburg,167,2,48.944443,29.444445,17.833334,8.6111107,22.359478,22.143791,7.6862745,6.4509802,2018,1.1894462,.88901174,.8423326,.61515808,1.1394129,.78500605,.78981125,.51730597,.75833333,.41296297,1.0083333,.71666664
3058554,sv-werder-bremen,86,1,tsg-1899-hoffenheim,533,1,9.2777777,29.166666,4.1111112,13.333333,7.9215684,15.111111,3.137255,6.4509802,2018,1.814162,1.2544979,1.0880148,.80821282,1.7029305,1.3383714,1.0802307,.81494588,1.2860644,.83088237,.98055553,.68981481
3058555,sc-freiburg,60,1,hannover-96,42,1,39.111111,14.833333,11.944445,4.5,9.8235292,5.7516341,3.0588236,1.7843137,2018,1.2989395,.9824146,1.0709872,.58199996,1.1940469,1.037518,1.1155202,.54082894,.62129629,.4537037,.89351851,.4861111
3058556,1-fsv-mainz-05,39,2,eintracht-frankfurt,24,2,10.5,0,2.6666667,0,10.398693,10.320261,3.013072,4.0653596,2018,1.0928936,.75472915,.87411094,.62540823,1.0750982,.78680104,.93256742,.62116402,.82261902,.61481482,1.2083334,.6111111
3058557,vfl-wolfsburg,82,2,vfb-stuttgart,79,0,4.5555553,.55555558,.8888889,.33333334,8.8104572,5.986928,2.2614379,2.9411764,2018,1.0983266,.70349199,1.7896818,.81474668,1.0610244,.74125737,1.8725529,.92502713,1.562963,.7972222,1.824074,.87037039
3058558,fortuna-dusseldorf,38,2,borussia-dortmund,16,1,0,1.8333334,0,.77777779,.18954249,8.6993465,.05882353,4.5882354,2018,1.0892847,.80847728,1.1259613,.86332726,.98148888,.83770013,1.0781256,.82316852,1.7074074,1.3333334,.71481484,.57407409
3058559,tsg-1899-hoffenheim,533,1,1-fsv-mainz-05,39,1,33.166668,10.5,15.388889,2.6666667,17.562092,10.398693,7.6143789,3.013072,2018,.90622097,.79004949,1.0928936,.75472915,.95860577,.82806313,1.0750982,.78680104,.49814814,.48148149,.82261902,.61481482
3058560,borussia-dortmund,16,2,borussia-monchengladbach,18,1,2.4444444,26.444445,1.1111112,10.833333,8.2287579,24.875816,4.5163398,11.117647,2018,1.2288265,1.0382501,.88421482,.69325191,1.1367879,.99261618,.7786485,.57685184,.82037038,.89351851,1.1,.6703704
3058561,bayer-04-leverkusen,15,3,hertha-bsc,44,1,23.222221,43.277779,10.277778,15.777778,21.856209,17.163399,8.9215689,5.8562093,2018,1.1027361,.92629063,1.3000944,1.0482709,1.0674152,.91295093,1.2574685,.97019124,1.662037,1.1675926,.8277778,.61666667
3058562,rasenballsport-leipzig,23826,3,sv-werder-bremen,86,2,0,8.2777777,0,3.4444444,16.137255,5.3856211,7.993464,2.0326798,2018,1.0559491,.82597005,1.734122,1.1322757,1.0284491,.76119673,1.6198136,1.1832912,.82050264,.6501323,1.1821429,.74852943
3058563,vfb-stuttgart,79,1,fc-schalke-04,33,3,.55555558,11.444445,.33333334,5.6666665,7.1568627,8.666667,3.4183006,4.006536,2018,1.1328191,.57863557,1.1051668,1.0837034,1.2144332,.67965674,1.0770425,1.0597715,1.1712962,.63425928,1.2638888,1.1574074
3058564,eintracht-frankfurt,24,0,fc-bayern-munchen,27,3,0,0,0,0,9.7058821,47.174999,3.6078432,37.224998,2018,.90420353,.64107776,1.4108435,.96608174,.91629356,.61025131,1.5476617,1.0437173,1.0416666,.52777779,1.4828125,1.2202381
3058565,fc-augsburg,167,2,vfl-wolfsburg,82,3,28.166666,4.5555553,8.2222223,.8888889,21.202614,9.4183006,6.1437907,2.3986928,2018,1.075459,.56010377,1.0911717,.73219573,1.1106702,.46693122,1.0486788,.77443635,1.1194445,.38333333,1.5259259,.76018518
3058566,hannover-96,42,0,fortuna-dusseldorf,38,1,14.833333,0,4.5,0,5.7516341,.18300654,1.7843137,.045751635,2018,1.0709872,.58199996,1.0892847,.80847728,1.1155202,.54082894,.98148888,.83770013,.89351851,.4861111,1.7074074,1.3333334
3058567,1-fc-nurnberg,4,0,sc-freiburg,60,1,0,39.722221,0,12,0,10.738562,0,3.2483661,2018,1.1837513,.62012351,1.2257913,.87635404,1.1891127,.71142823,1.1067452,.91053391,1.1098765,.77314812,.62129629,.4537037
3058568,fc-schalke-04,33,2,vfl-wolfsburg,82,1,9.666667,4.3333335,4.7777777,.94444442,6.8431373,6.9411764,3.0915034,1.6666666,2018,1.2403842,.92906034,1.0162709,.69514745,1.0936424,.87884802,.97784644,.72362918,1.2305555,.8287037,1.4624338,.80092591
3058569,tsg-1899-hoffenheim,533,1,fc-bayern-munchen,27,3,31.5,0,14.166667,0,16.882353,38.196079,7.4967322,29.921568,2018,1.1462753,.98442703,1.3160923,.93819821,1.1108946,.99820626,1.4499023,1.0451789,.94814813,.68981481,1.4870371,1.4111111
3058570,bayer-04-leverkusen,15,0,borussia-monchengladbach,18,1,0,29.444445,0,12,22.320261,30.189543,9.4248362,12.764706,2018,1.1998365,.98579317,.91716927,.78070462,1.18223,.99727631,.88274503,.72469133,1.7361112,1.3842592,1.324074,.90185183
3058571,rasenballsport-leipzig,23826,0,borussia-dortmund,16,1,0,1.6666666,0,.72222221,14.784314,8.6862745,7.1045752,4.5294118,2018,1.0090916,.78569227,1.1366618,1.0005047,.95269144,.72786343,1.0748868,.96344954,.78439152,.67791003,.8296296,.88796294
3058572,vfb-stuttgart,79,2,1-fsv-mainz-05,39,3,2.8888888,9.0555553,1.3888888,2.2777777,8.3856211,7.7843137,3.9019608,2.3137255,2018,.89991951,.53180933,1.1327084,.68844235,.94604421,.58530051,1.1397446,.76334423,.81481481,.43055555,.9707672,.6240741
3058573,eintracht-frankfurt,24,3,sc-freiburg,60,1,0,35.111111,0,10.833333,10.196078,10.045752,3.8888888,3.1111112,2018,.79194701,.57235861,1.4302073,1.1027526,.8249616,.52098763,1.3657399,1.2107985,1.2083334,.52777779,.57499999,.34722221
3058574,fc-augsburg,167,1,fortuna-dusseldorf,38,2,27.111111,1.3888888,7.7777777,.22222222,17.398693,.03267974,4.8496733,.019607844,2018,1.0015821,.55454928,1.1024678,.81218094,.98011112,.42824075,1.0006688,.78875834,1.0916667,.60555553,1.6888889,1.1666666
3058575,hannover-96,42,0,sv-werder-bremen,86,1,10.277778,9.3888893,3.1111112,4,5.6666665,10.117647,1.8104575,3.9084966,2018,.92295229,.63570428,1.2163918,.96392202,.9833774,.65992063,1.3189732,1.0618626,.57407409,.51851851,1.1429272,.71911764
3058576,1-fc-nurnberg,4,1,hertha-bsc,44,3,0,47.388889,0,17.111111,0,24.418301,0,8.4444447,2018,1.5010073,.79940891,1.1333435,.74863344,1.8016287,.97888857,1.1465378,.75098419,1.8552469,1.0231482,.85370368,.51719576
3058577,fc-bayern-munchen,27,4,vfb-stuttgart,79,1,0,1.9444444,0,1.0555556,38.196079,4.8627453,29.921568,2.1176472,2018,1.3160923,.93819821,.99894744,.59315193,1.4499023,1.0451789,1.1240052,.69641161,1.4870371,1.4111111,1.0555556,.625
3058578,borussia-dortmund,16,5,hannover-96,42,1,2.4444444,12.944445,1.1111112,3.8333333,9.8562088,4.4509802,5.3202615,1.3986928,2018,1.1347332,.914639,1.2408845,.77238995,1.0839456,.88264143,1.2699735,.85228175,.69259262,.56018519,.89351851,.5925926
3058579,borussia-monchengladbach,18,2,fc-augsburg,167,0,26,27.5,10.555555,7.8333335,23.287582,16.261438,9.7124186,4.6274509,2018,.83350527,.68255645,1.0572196,.57690096,.80698746,.65802467,1.0681181,.46772486,1.037037,.65185183,1.1379629,.66111112
3058580,hertha-bsc,44,2,fc-schalke-04,33,2,57.444443,10.333333,21.111111,5.2222223,28.411764,8.5294113,10.006536,3.8169935,2018,1.1423403,.74400383,1.1614953,.96552157,1.1564143,.74403977,1.0895425,.90838265,.85833335,.51719576,1.3694445,1.0231482
3058581,sv-werder-bremen,86,2,eintracht-frankfurt,24,2,9.6111107,0,3.8333333,0,10.24183,11.96732,3.6732025,4.4836602,2018,1.5331339,.93094516,.85377038,.59194547,1.4759867,.99813718,.86563623,.56860667,1.1093137,.68970591,1.2824074,.66666669
3058582,sc-freiburg,60,2,tsg-1899-hoffenheim,533,4,42.055557,33.833332,12.722222,15.277778,11.647058,18.673203,3.490196,8.2549019,2018,1.2767172,.9521116,1.1390002,.98316437,1.1607136,1.000481,1.1011723,.99280506,.5935185,.43981481,.91481483,.66203701
3058583,1-fsv-mainz-05,39,2,1-fc-nurnberg,4,1,10.555555,0,2.6666667,0,9.8954248,0,2.8366013,0,2018,1.0771528,.72054112,1.5186778,.78111702,1.0953002,.77445531,1.7822284,.94394588,.8596561,.63333333,1.8459877,.9675926
3058584,fortuna-dusseldorf,38,0,rasenballsport-leipzig,23826,4,1.3888888,0,.22222222,0,.18300654,15.287581,.052287582,7.4836602,2018,1.0992931,.82379711,1.0765039,.83680338,.99393481,.80033237,1.0346359,.9024666,1.6944444,1.1944444,.78809524,.67791003
3058585,fc-schalke-04,33,0,borussia-monchengladbach,18,2,8.9444447,29.777779,4.3888888,12.111111,6.4705882,30.477123,2.9346404,12.843137,2018,1.0017952,.86344576,.92874336,.77787232,.90541553,.79991704,.92062384,.74135804,1.0291667,.89537036,1.3425926,.90185183
3058586,tsg-1899-hoffenheim,533,1,fortuna-dusseldorf,38,1,31.444445,1.3888888,14.333333,.22222222,17.274509,.39215687,7.359477,.084967323,2018,1.1761733,1.0023952,1.0480064,.84361082,1.1371571,.99814689,.96793073,.82793212,.9537037,.64814812,1.5314815,1.1388888
3058587,bayer-04-leverkusen,15,3,fc-bayern-munchen,27,1,0,0,0,0,17.947712,25.921568,7.1568627,20.274509,2018,1.3236356,1.0049342,1.2670487,.87313974,1.27641,.9526335,1.3815261,.95300716,1.6898148,1.1342592,1.3990741,1.3555555
3058588,vfb-stuttgart,79,2,sc-freiburg,60,2,2.2222223,36.944443,1.1111112,11.277778,5.6601305,9.2287579,2.503268,2.6535947,2018,1.0094458,.60103333,1.4029518,.95552814,1.13533,.71228462,1.3553504,1.0443121,1.1111112,.625,.73240739,.42592594
3058589,eintracht-frankfurt,24,1,borussia-dortmund,16,1,0,2.4444444,0,1.1111112,9.0065355,7.7385621,3.5359478,4.026144,2018,.84260225,.56709546,1.2819194,1.0332898,.86553448,.55008817,1.236503,.98140687,1.2824074,.66666669,.7814815,.58240741
3058590,hertha-bsc,44,0,vfl-wolfsburg,82,1,57.444443,3.7777777,21.111111,.72222221,28.411764,7.1960783,10.006536,1.8169935,2018,1.1423403,.74400383,1.0083451,.65721172,1.1564143,.74403977,.98058218,.65233284,.85833335,.51719576,1.5957671,.8425926
3058591,fc-augsburg,167,3,1-fsv-mainz-05,39,0,27.666666,10.333333,8,2.7777777,18.986929,7.4836602,5.4575162,2.1764705,2018,1.0595045,.64173144,1.1226555,.76754969,1.1046727,.5753417,1.0719416,.78415549,1.175,.74444443,.84113759,.63333333
3058592,hannover-96,42,0,rasenballsport-leipzig,23826,3,0,0,0,0,5.4640522,15.235294,1.7385621,7.3856211,2018,.98221201,.60940593,.97773844,.7955997,.98466408,.55162036,.86847425,.80524439,.56944442,.44907406,.67142856,.56679893
3058593,1-fc-nurnberg,4,1,sv-werder-bremen,86,1,0,8.666667,0,3.6111112,0,7.9019608,0,2.9215686,2018,1.2067291,.60217482,1.5643556,1.0219816,1.2172211,.69456315,1.5189732,1.0824509,1.1932099,.74537039,1.1037115,.68970591
3058594,fc-bayern-munchen,27,3,fc-schalke-04,33,1,0,8.1111107,0,3.8888888,28.993464,5.3790851,22.908497,2.4771242,2018,1.3953853,1.0666907,.95735073,.86900127,1.4959509,1.1424853,.86097109,.80547261,1.5703703,1.4666667,1.0847223,1.0898148
3058595,borussia-dortmund,16,3,tsg-1899-hoffenheim,533,3,1.6666666,29.944445,.72222221,13.444445,9.7777777,15.862745,5.1111112,6.8366013,2018,1.0678211,.93745643,1.2068421,1.0130789,.96615666,.8646841,1.1775612,1.0398136,.74629629,.7490741,.99814814,.68981481
3058596,rasenballsport-leipzig,23826,0,eintracht-frankfurt,24,0,0,0,0,0,17.444445,9.0065355,8.5098038,3.5359478,2018,1.1474915,.89930338,.84260225,.56709546,1.1345236,.95802218,.86553448,.55008817,.86587304,.70568782,1.2824074,.66666669
3058597,borussia-monchengladbach,18,0,hertha-bsc,44,3,27.166666,50.555557,10.944445,18.611111,25.509804,22.69281,10.607843,7.993464,2018,.91716927,.78070462,1.1598487,.73638552,.88274503,.72469133,1.1875831,.75462854,1.324074,.90185183,.92500001,.47460318
3058598,sv-werder-bremen,86,4,fc-augsburg,167,0,10.388889,20.666666,4.2222223,6.0555553,10.836601,11.575164,3.9803922,3.4705882,2018,1.3786412,.97506285,1.0279142,.62380219,1.291032,1.0275489,1.076895,.55946869,.81939775,.60147059,1.2861111,.8277778
3058599,hannover-96,42,2,1-fc-nurnberg,4,0,0,0,0,0,5.8823528,0,1.8692811,0,2018,1.051198,.67899871,1.551656,.7691887,1.0086499,.62839508,1.8236805,.98682505,.57407409,.50462961,1.7981482,.8425926
3058600,sc-freiburg,60,3,vfl-wolfsburg,82,3,40.555557,4.6666665,12.444445,.8888889,10.627451,8.3071899,3.4183006,2.1568627,2018,1.4371399,1.0060332,1.0848187,.69052064,1.3791599,1.1078042,1.0810311,.70742542,.7046296,.42592594,1.7439153,1.0277778
3058601,1-fsv-mainz-05,39,1,bayer-04-leverkusen,15,5,11.611111,0,3.0555556,0,8.8039217,19.908497,2.5882354,8.0065355,2018,1.0660418,.79129136,1.1768101,.94144213,1.0115581,.82013434,1.1600078,.9486652,.87354499,.69814813,1.6527778,1.1898148
3058602,fortuna-dusseldorf,38,3,vfb-stuttgart,79,0,1.3888888,2.2222223,.22222222,1.1111112,.36601308,7.7843137,.098039217,3.5620916,2018,.83680445,.72601259,.9566136,.58595395,.75751424,.66197258,1.0427374,.69993895,1.3703704,1.0833334,1.0555556,.58796299
3058603,fc-schalke-04,33,0,sc-freiburg,60,0,7.8333335,41.444443,3.7222223,12.888889,4.5098038,11.679739,2.1111112,3.8823528,2018,1.2542968,.88539952,1.4365786,1.0097369,1.17486,.85042208,1.3831282,1.0919312,1.3625,.97870368,.67685187,.39814815
3058604,tsg-1899-hoffenheim,533,3,hannover-96,42,0,27.055555,0,12.388889,0,11.96732,6.352941,5.2745099,2.1045752,2018,1.4177077,1.0977936,.93227035,.58693862,1.445256,1.1158718,.93792689,.52604717,1.3675926,.98148149,.56944442,.4074074
3058605,bayer-04-leverkusen,15,2,fortuna-dusseldorf,38,0,0,1.3888888,0,.22222222,17.607843,.25490198,7.1045752,.065359481,2018,1.2606308,.98184615,1.0128502,.80298263,1.2229707,.96850652,.96998018,.77605993,1.7916666,1.2231481,1.5777777,1
3058606,vfb-stuttgart,79,1,rasenballsport-leipzig,23826,3,2.2222223,0,1.1111112,0,5.3725491,16.980392,2.3725491,8.2352943,2018,.80574214,.57325554,1.1314421,.88695771,.93162626,.68450683,1.1110668,.9409281,.72222221,.56944442,.86587304,.70568782
3058607,eintracht-frankfurt,24,1,borussia-monchengladbach,18,1,0,29.111111,0,12.166667,10.026144,27.359478,3.9738562,11.830066,2018,.83690429,.54439247,.99167949,.75025994,.87029636,.55185187,.92703408,.71450615,1.2824074,.66666669,1.3981482,.9203704
3058608,hertha-bsc,44,1,sv-werder-bremen,86,1,52,10.388889,19.055555,4.2222223,24.281046,10.836601,8.4901962,3.9803922,2018,1.1127106,.66125327,1.3786412,.97506285,1.134192,.67058295,1.291032,1.0275489,.86018521,.50793654,.81939775,.60147059
3058609,fc-augsburg,167,2,fc-bayern-munchen,27,3,20.833334,0,6.1111112,0,9.6274509,42.607841,2.7581699,33.35294,2018,.87560302,.51222211,1.3703852,1.0539042,1.015399,.5276345,1.4738921,1.130316,1.0175925,.77222222,1.5333333,1.4481481
3058610,vfl-wolfsburg,82,3,1-fsv-mainz-05,39,0,5.1666665,9.2222223,1,2.3333333,8.8627453,10.091503,2.2026143,2.9411764,2018,1.009537,.64280826,1.085415,.64468646,.97223479,.65835136,1.0491241,.68494916,1.4994709,.81944442,.80410051,.5777778
3058611,1-fc-nurnberg,4,0,borussia-dortmund,16,0,0,.6111111,0,.33333334,0,5.4117646,0,2.490196,2018,1.1809533,.61872572,1.0548489,.87842864,1.2035526,.74747318,.9937222,.83493912,1.1314815,.78703701,.79259259,.82129627
3058612,fc-bayern-munchen,27,1,hertha-bsc,44,0,0,13.611111,0,4.5,34.196079,17.104576,26.947712,5.8627453,2018,1.3776604,1.0376134,1.0941026,.942559,1.4770973,1.1045223,1.06399,.90453357,1.5287037,1.4111111,.74166667,.53201056
3058613,borussia-dortmund,16,3,bayer-04-leverkusen,15,2,.6111111,0,.33333334,0,5.026144,17.470589,2.3986928,6.9477124,2018,1.063748,.88592136,1.1794556,.86031836,1.0117116,.83956879,1.1626533,.84628427,.81481481,.83518517,1.7731482,1.1120371
3058614,rasenballsport-leipzig,23826,1,tsg-1899-hoffenheim,533,1,0,27.388889,0,12.5,13.117647,12.496732,6.4379086,5.2418299,2018,.97168905,.84865522,1.3890549,.98017049,.79019147,.79730785,1.3440354,.97698289,.60291004,.56679893,1.2703704,.87037039
3058615,borussia-monchengladbach,18,0,vfl-wolfsburg,82,3,25.388889,5.1666665,10.888889,1,26.59477,8.8627453,11.470589,2.2026143,2018,1.0182495,.79523343,1.009537,.64280826,.94840157,.74691355,.97223479,.65835136,1.4166666,.9203704,1.4994709,.81944442
3058616,sv-werder-bremen,86,1,vfb-stuttgart,79,1,8.666667,2.2222223,3.6111112,1.1111112,7.8496733,5.3725491,2.9019608,2.3725491,2018,1.5727589,1.0759032,.80574214,.57325554,1.5439732,1.1510783,.93162626,.68450683,.81939775,.5720588,.72222221,.56944442
3058617,hannover-96,42,0,eintracht-frankfurt,24,3,0,0,0,0,6.0653596,7.0457516,1.8888888,2.8169935,2018,1.0717757,.69922823,.83030659,.55776078,1.0703784,.66361332,.85617346,.57898521,.57407409,.4675926,1.275,.73333335
3058618,sc-freiburg,60,5,fc-augsburg,167,1,32.833332,21.666666,10.277778,6.2777777,8.640523,12.51634,2.8888888,3.5359478,2018,1.4280317,.97982234,.62223601,.49580795,1.3751917,1.0522487,.70322973,.50481701,.65833336,.30555555,.83240741,.74444443
3058619,1-fsv-mainz-05,39,3,fc-schalke-04,33,0,8.4444447,8.1111107,2.3333333,4.0555553,7.3921571,5.6274509,2.2745099,2.6143792,2018,1.054408,.75458676,1.1822714,.93183196,.96296901,.7577005,1.0935646,.93093234,.66521162,.46666667,1.4319445,1.1175926
3058620,fortuna-dusseldorf,38,2,1-fc-nurnberg,4,1,1.3888888,0,.22222222,0,.071895428,0,.019607844,0,2018,1.1937376,.86268604,.99234158,.57532293,1.0908009,.82070273,.99984896,.65951025,1.8888888,1.25,1.2117285,.85648149
3058630,fc-schalke-04,33,0,fortuna-dusseldorf,38,4,11.888889,0,6.0555553,0,10.633986,.098039217,4.6928105,.03267974,2018,1.2781944,.97608805,1.1732349,.80620456,1.3033296,.98471743,1.0853996,.77572918,1.7861111,1.4398148,1.7962962,1.0833334
3058631,bayer-04-leverkusen,15,2,sc-freiburg,60,0,0,39.111111,0,12.166667,16.039215,10.333333,6.3137255,3.5359478,2018,1.2100112,.87672049,1.357875,.90367627,1.1560396,.79325396,1.2958266,.9649471,1.6851852,1.0148149,.67685187,.39814815
3058632,vfb-stuttgart,79,5,hannover-96,42,1,2.8888888,0,1.3888888,0,10.20915,4.5098038,4.8300653,1.5294118,2018,.85036361,.55870527,1.0452754,.68605483,.91032994,.62718761,1.0080327,.6040895,.55555558,.43055555,.58333331,.50462961
3058633,eintracht-frankfurt,24,3,tsg-1899-hoffenheim,533,2,0,21.888889,0,9.8888893,7.8169932,7.5032678,3.0326798,3.3267975,2018,.85452312,.58368671,1.4933573,.97404301,.87469196,.57633972,1.5778317,1.0675693,1.2935185,.73333335,1.5009259,.87037039
3058634,borussia-monchengladbach,18,1,fc-bayern-munchen,27,5,25.777779,0,10.388889,0,29.908497,27.026144,12.954248,21.039215,2018,1.132447,.89268714,1.2972391,.90324152,1.083017,.8358025,1.3837817,.93460196,1.6203704,.98518521,1.3620371,1.2629629
3058635,hertha-bsc,44,2,1-fsv-mainz-05,39,1,41.388889,11.888889,15,3.2222223,17.431372,12.006536,6.0457516,3.6209149,2018,1.1823298,.85212916,.91973484,.64711601,1.1618075,.80956006,.90128869,.66697532,.83425927,.36534393,.71428573,.51851851
3058636,fc-augsburg,167,2,borussia-dortmund,16,1,23.222221,.77777779,6.7222223,.3888889,16.104576,4.2549019,4.6993465,1.8954248,2018,.67223603,.52895898,1.2636474,.96461695,.70278782,.47048059,1.1971372,.87423164,.7490741,.66111112,.93333334,.83518517
3058637,vfl-wolfsburg,82,1,sv-werder-bremen,86,1,5.1666665,10.388889,1,4.2222223,8.8627453,10.836601,2.2026143,3.9803922,2018,1.009537,.64280826,1.3786412,.97506285,.97223479,.65835136,1.291032,1.0275489,1.4994709,.81944442,.81939775,.60147059
3058638,1-fc-nurnberg,4,0,rasenballsport-leipzig,23826,1,0,0,0,0,0,12.594771,0,6.0718956,2018,1.4303757,.7632978,1.044576,.89833474,1.6968668,.97204584,.88930762,.83203006,1.6793209,.81944442,.68068784,.59457672
3058639,fc-bayern-munchen,27,6,vfl-wolfsburg,82,0,0,5.1666665,0,1,28.17647,8.8627453,22.48366,2.2026143,2018,1.3569995,1.0273288,1.009537,.64280826,1.4375674,1.0665464,.97223479,.65835136,1.4638889,1.3555555,1.4994709,.81944442
3058640,tsg-1899-hoffenheim,533,2,1-fc-nurnberg,4,1,31.555555,0,14.388889,0,16.542484,0,7.0718956,0,2018,1.3954816,1.1027632,1.4480473,.83910793,1.3293469,1.0688633,1.7310548,1.0600088,1.2953703,.99537039,1.6657407,.8277778
3058641,borussia-dortmund,16,3,vfb-stuttgart,79,1,.77777779,1.3888888,.3888889,.72222221,5.2091503,6.8300653,2.5947711,2.9215686,2018,1.2414032,1.0102799,.94502699,.56197906,1.1589835,.93452722,1.0939788,.66466558,.93333334,.93137252,1.037037,.5138889
3058642,rasenballsport-leipzig,23826,0,fc-augsburg,167,0,0,21.055555,0,5.9444447,14.823529,11.071896,7.0718956,3.013072,2018,1.0538353,.87240881,1.3204522,.63632476,1.0434743,.86675233,1.4171296,.6174162,.80568784,.62235451,1.2398148,.88333333
3058643,sv-werder-bremen,86,4,fc-schalke-04,33,2,10.666667,12.888889,4.3888888,6.4444447,13.078431,13.287581,4.653595,6.0522876,2018,1.7065262,1.1370608,1.096403,.86913759,1.686101,1.226804,1.1640439,.89642382,1.1960979,.85416669,1.5486112,1.1314815
3058644,hannover-96,42,2,bayer-04-leverkusen,15,3,0,0,0,0,4.3006535,18.986929,1.3202615,7.5882354,2018,1.1116858,.75926566,1.2606308,.98184615,.98510504,.70617282,1.2229707,.96850652,.66203701,.56018519,1.7916666,1.2231481
3058645,sc-freiburg,60,2,hertha-bsc,44,1,41.444443,17.777779,12.888889,6.1666665,10.366014,23.941177,3.4052289,8.3790846,2018,1.4588009,.995848,.86796427,.8276704,1.4053503,1.0780423,.90649444,.8666656,.7046296,.42592594,.63796294,.46534392
3058646,1-fsv-mainz-05,39,0,borussia-monchengladbach,18,1,8.5555553,26.111111,2.3333333,10.833333,9.1830063,29.686274,2.7908497,12.75817,2018,1.0190569,.60195142,1.0973593,.86000741,1.0036696,.64791214,1.0274614,.77407408,.7670635,.55925924,1.4814814,.92962962
3058647,fortuna-dusseldorf,38,0,eintracht-frankfurt,24,3,0,0,0,0,.39215687,5.7124181,.11111111,2.2026143,2018,.8356297,.63341999,.81677383,.5751397,.78749663,.55615246,.8169719,.54955399,1.3425926,.83333331,1.1268518,.64999998
3058648,fc-bayern-munchen,27,6,1-fsv-mainz-05,39,0,0,11.611111,0,3.1111112,37.359478,10.039216,29.084967,2.9673202,2018,1.3266928,1.0339584,.96264672,.69917363,1.4048039,1.0994718,.94017756,.71272695,1.4462963,1.3935186,.78095239,.59629631
3058649,fc-schalke-04,33,0,rasenballsport-leipzig,23826,1,1.1666666,0,.27777779,0,7.3856211,11.568627,3.2156863,5.6666665,2018,1.1896855,.84821868,1.1780636,1.0105261,1.2057883,.82678896,1.1040803,1.0210733,1.4388889,.85648149,.85291004,.81679893
3058650,bayer-04-leverkusen,15,1,sv-werder-bremen,86,3,0,8.2777777,0,3.7222223,22.686274,6.8823528,9.666667,2.6339869,2018,1.1998365,.98579317,1.6523767,1.1483642,1.18223,.99727631,1.4895614,1.164477,1.7361112,1.3842592,1.1625351,.85147059
3058651,vfb-stuttgart,79,1,tsg-1899-hoffenheim,533,1,1.9444444,33.555557,1.0555556,15.333333,6.4183006,18.941177,2.8235295,8.2091503,2018,.94744247,.58080626,1.0931668,.84498775,1.0569416,.65077668,1.0585135,.83346438,1.0185186,.56944442,.97037035,.67592591
3058652,eintracht-frankfurt,24,1,1-fc-nurnberg,4,0,0,0,0,0,6.8692808,.0065359478,2.7777777,0,2018,.84597611,.59187758,1.3098928,.79769379,.87072372,.57633972,1.6786959,1.0123898,1.275,.73333335,2.0685184,1.0777777
3058653,borussia-monchengladbach,18,1,sc-freiburg,60,1,26.111111,37.5,10.833333,11.944445,29.686274,7.8888888,12.75817,2.8823528,2018,1.0973593,.86000741,1.5986999,1.0652925,1.0274614,.77407408,1.554733,1.1474868,1.4814814,.92962962,.87129629,.48148149
3058654,hertha-bsc,44,2,borussia-dortmund,16,3,48.888889,1.3888888,17.888889,.72222221,23.228758,6.4967322,8.1568632,3.359477,2018,1.1092019,.79798567,.94114673,.82338655,1.0699244,.72243482,.93799365,.77654845,.76759261,.38756615,.68888891,.66666669
3058655,fc-augsburg,167,3,hannover-96,42,1,25.888889,0,7.5,0,17.254902,3.5163398,4.8888888,1.0980393,2018,1.0024297,.62416101,1.1610302,.7657606,.99270284,.53714728,1.0118246,.71334875,.93888891,.71666664,.68981481,.56018519
3058656,vfl-wolfsburg,82,5,fortuna-dusseldorf,38,2,5.1666665,0,1,0,8.8627453,.27450982,2.2026143,.065359481,2018,1.009537,.64280826,.93887645,.72633749,.97223479,.65835136,.82171255,.64821601,1.4994709,.81944442,1.425926,1.0277778
3058657,tsg-1899-hoffenheim,533,4,bayer-04-leverkusen,15,1,30.222221,0,13.777778,0,13.647058,20.967319,5.7450981,8.9477119,2018,1.3732153,1.1238087,1.1930138,.96618533,1.3484708,1.1383077,1.162533,.96949857,1.2361112,.95833331,1.6805556,1.300926
3058658,borussia-dortmund,16,2,vfl-wolfsburg,82,0,.6111111,4.2777777,.33333334,.83333331,5.019608,7.3856211,2.359477,1.9281045,2018,.92347884,.76186121,1.0223235,.64215463,.85915428,.74080336,.97884852,.6724928,.71481484,.81296295,1.5272486,.74537039
3058659,rasenballsport-leipzig,23826,5,hertha-bsc,44,0,0,19.666666,0,6.6666665,14.274509,22.078432,6.8235292,7.4248366,2018,1.1967789,1.0583797,1.0043057,.86938113,1.1420854,1.0275217,.92115891,.7617867,.78624338,.7612434,.73518521,.51719576
3058660,eintracht-frankfurt,24,3,vfb-stuttgart,79,0,0,1.9444444,0,1.0555556,6.3398695,6.1176472,2.5751634,2.6862745,2018,.79201627,.53868932,1.0271527,.61475682,.84536982,.52642393,1.1458305,.72022116,1.2598039,.55882353,1.074074,.625
3058661,sv-werder-bremen,86,3,1-fsv-mainz-05,39,1,9.8888893,9.833333,4.0555553,2.6111112,8.4575167,9.7058821,3.2483661,2.9673202,2018,1.58184,1.0178087,1.0849299,.7371366,1.304401,1.008773,1.0621352,.74976397,1.0801821,.67892158,.77632272,.5314815
3058662,hannover-96,42,0,fc-schalke-04,33,1,0,.55555558,0,.055555556,3.6862745,3.2352941,1,1.4117647,2018,.95354778,.70373756,1.1117599,.73328149,.89074874,.677899,.92205811,.66567785,.56481481,.4675926,.89722222,.65277779
3058663,sc-freiburg,60,1,fc-bayern-munchen,27,1,40.888889,0,12.722222,0,10.267974,28.955883,3.5424836,22.727942,2018,1.2195714,.9833836,1.4049603,1.0682795,1.1485603,1.0681217,1.516474,1.1486769,.51203704,.4537037,1.5843138,1.4745098
3058664,fortuna-dusseldorf,38,3,borussia-monchengladbach,18,1,0,25.777779,0,10.388889,.21568628,29.908497,.039215688,12.954248,2018,.99508137,.7074542,1.132447,.89268714,.85818303,.6270299,1.083017,.8358025,1.4388889,.97222221,1.6203704,.98518521
3058665,1-fc-nurnberg,4,3,fc-augsburg,167,0,0,28.055555,0,8.166667,0,19.183006,0,5.5620914,2018,1.2789335,.75237954,1.029943,.5282014,1.628762,.95441765,1.0879409,.54332012,2.0083334,1.1425925,1.1981481,.74444443
3058666,fc-bayern-munchen,27,5,borussia-dortmund,16,0,0,2.4444444,0,1.1111112,43.712418,9.4248362,34.392159,4.9084969,2018,1.3703852,1.0539042,1.0871021,.8572095,1.4738921,1.130316,1.0767092,.78336573,1.5333333,1.4481481,.83518517,.76574075
3058667,fc-schalke-04,33,1,eintracht-frankfurt,24,2,.55555558,0,.055555556,0,5.4444447,5.9019608,2.5359478,2.3202615,2018,.99866056,.828179,.64217967,.48739377,1.0111467,.80880833,.59093469,.46176469,1.1985294,1.1294118,.90686274,.5
3058668,bayer-04-leverkusen,15,2,rasenballsport-leipzig,23826,4,0,0,0,0,17.169935,17.052288,6.8366013,8.1960783,2018,1.1794556,.86031836,1.0705408,.95251328,1.1626533,.84628427,1.0628507,.95486957,1.7731482,1.1120371,.80370373,.66203701
3058669,vfb-stuttgart,79,1,1-fc-nurnberg,4,1,2.2222223,0,1.1111112,0,5.4836602,0,2.4705882,0,2018,.87706894,.41955182,1.0072557,.69894594,.99148077,.55070549,1.0779684,.82386208,1.0462962,.56944442,1.3524691,.96203703
3058670,borussia-monchengladbach,18,1,sv-werder-bremen,86,1,31.833334,8.166667,13.055555,3.5,31.653595,7.4117646,13.725491,2.8758171,2018,1.041538,.81244028,1.6475857,1.076316,.9626466,.73580247,1.5456969,1.1175529,1.4814814,.85555553,1.1535053,.70694447
3058671,hertha-bsc,44,1,fortuna-dusseldorf,38,2,48.777779,0,17.333334,0,19.535948,.22222222,6.3986926,.052287582,2018,1.0118394,.75439799,1.1000712,.77120876,.95270252,.6803934,1.0137861,.78479004,.76018518,.33756614,1.7074074,1.1944444
3058672,fc-augsburg,167,0,tsg-1899-hoffenheim,533,4,28.388889,33.944443,8.2777777,15.555555,19.326797,17.633987,5.5294118,7.8431373,2018,1.067937,.64244372,1.3362224,1.105078,1.0974096,.5586971,1.2990999,1.0912398,1.1333333,.71666664,1.1009259,.9675926
3058673,1-fsv-mainz-05,39,5,sc-freiburg,60,0,10.555555,40.222221,2.7777777,12.444445,8.2614384,9.4248362,2.4771242,3.2091503,2018,1.0520647,.6835866,1.2234564,1.0056058,.99454266,.6677534,1.1485603,1.0998677,.80410051,.61481482,.51203704,.48148149
3058674,vfl-wolfsburg,82,3,hannover-96,42,1,3.7222223,0,.83333331,0,4.9084969,4.013072,1.0326798,1.1437908,2018,1.0492461,.64651197,.93824536,.70165563,1.046399,.70140696,.86331379,.66507936,1.5642858,.80092591,.56862748,.47549018
3058675,tsg-1899-hoffenheim,533,2,hertha-bsc,44,0,33.944443,9.9444447,15.555555,3.2222223,17.633987,15.784314,7.8431373,5.2614379,2018,1.0848335,.97924703,1.2247617,.92558986,1.0477111,.9654088,1.1919702,.8637979,.87314814,.8287037,.98981482,.68148148
3058676,borussia-dortmund,16,2,1-fsv-mainz-05,39,1,1.3888888,10.611111,.72222221,2.7222223,7.0849671,9.666667,3.503268,2.8431373,2018,1.2071117,.9173947,1.069525,.70794553,1.1509613,.82610077,1.0264871,.70743597,.89999998,.82129627,.82261902,.61481482
3058677,rasenballsport-leipzig,23826,2,vfl-wolfsburg,82,0,0,4,0,.72222221,13.398693,6.6078429,6.4771242,1.9869281,2018,1.1036605,.96177256,1.0173956,.62459636,1.1106902,.97107327,1.0001028,.67601007,.87037039,.7037037,1.536508,.74537039
3058678,vfb-stuttgart,79,0,bayer-04-leverkusen,15,1,1.2777778,0,.77777779,0,5.0326796,17.169935,2.2614379,6.8366013,2018,.91752958,.51885736,1.1794556,.86031836,1.0305527,.62762856,1.1626533,.84628427,1.0185186,.56944442,1.7731482,1.1120371
3058679,eintracht-frankfurt,24,1,fc-augsburg,167,3,0,.83333331,0,.3888889,5.8104577,14.176471,2.2614379,3.8496733,2018,.61659503,.50780147,1.0812638,.52192074,.55776078,.49432912,1.0741513,.38607803,.92777777,.67777777,1.0648148,.25
3058680,sv-werder-bremen,86,2,sc-freiburg,60,1,8.166667,34.888889,3.5,10.944445,7.2549019,7.0392156,2.8496733,2.5163398,2018,1.3553623,1.0647624,1.3734564,1.0226998,1.4072084,1.1391736,1.294592,1.0919312,1.2213585,.74852943,.68796295,.49074075
3058681,hannover-96,42,0,borussia-monchengladbach,18,1,0,31.833334,0,13.055555,4.3267975,31.673203,1.4248366,13.555555,2018,.945732,.69162893,1.041538,.81244028,.88945758,.69028944,.9626466,.73580247,.59803921,.53431374,1.4814814,.85555553
3058682,fortuna-dusseldorf,38,1,fc-bayern-munchen,27,4,0,0,0,0,.05882353,29.986929,.03267974,23.581699,2018,1.161222,.76995313,1.3278953,.93885958,1.0975349,.7588641,1.457737,1.0359197,1.9111111,1.1666666,1.4824075,1.3879629
3058683,1-fc-nurnberg,4,1,fc-schalke-04,33,1,0,.83333331,0,.22222222,0,8.7647057,0,4.013072,2018,1.1958673,.74234867,1.1414243,.88627321,1.2816721,.91182506,1.2458133,.93523127,1.2722223,.89259261,1.6388888,1.3055556
3058684,fc-bayern-munchen,27,1,sv-werder-bremen,86,0,0,9.3888893,0,4,31.326797,10.150327,25.084967,3.9150326,2018,1.3186777,.92094678,1.3189533,1.0214819,1.4477763,1.0323722,1.3568081,1.0981084,1.5194445,1.2675925,1.1905423,.7347222
3058685,fc-schalke-04,33,2,tsg-1899-hoffenheim,533,5,.83333331,33.5,.22222222,15.277778,9.5555553,18.797386,4.3986926,8.1503267,2018,.94261479,.74967968,.98298162,.78606516,.96454179,.7429353,.93937773,.76942116,1.0763888,.94629627,.7814815,.64814812
3058686,bayer-04-leverkusen,15,2,1-fc-nurnberg,4,0,0,0,0,0,20.052288,0,8.3398695,0,2018,1.1215852,.86753339,1.0072557,.69894594,1.116357,.87505412,1.0779684,.82386208,1.6805556,1.2731482,1.3524691,.96203703
3058687,borussia-monchengladbach,18,1,rasenballsport-leipzig,23826,2,28.111111,0,11.611111,0,26.758169,13.915032,12.124183,6.7254901,2018,.94259095,.74313843,1.2539256,1.0712001,.84844911,.62746912,1.210073,1.0787122,1.3037037,.66111112,.85092592,.74537039
3058688,hertha-bsc,44,0,hannover-96,42,0,60.5,0,22,0,30.647058,4,10.620915,1.1699346,2018,1.0167034,.67943108,.8702715,.67959684,.97830176,.59622908,.86984974,.65499532,.72592592,.32275131,.59803921,.53431374
3058689,fc-augsburg,167,6,vfb-stuttgart,79,0,0,1.9444444,0,1.0555556,14.359477,6.5032678,3.862745,3.0261438,2018,.8709777,.52071464,1.0880769,.57838118,.93096405,.4226774,1.2037009,.68935692,.77450979,.55882353,1.1296296,.625
3058690,sc-freiburg,60,0,borussia-dortmund,16,4,39.277779,1.3888888,12.222222,.72222221,8.5163403,8.5816994,2.9346404,4.4771242,2018,1.4081786,1.0302972,1.1881726,.95707726,1.3680047,1.1461641,1.1052096,.88498324,1.162037,.67592591,.85925925,.87962961
3058691,1-fsv-mainz-05,39,3,fortuna-dusseldorf,38,1,10.611111,0,2.7222223,0,9.666667,.21568628,2.8431373,.065359481,2018,1.069525,.70794553,.96366304,.73228258,1.0264871,.70743597,.96028,.72844082,.82261902,.61481482,1.6055555,1.0277778
3058692,vfl-wolfsburg,82,1,eintracht-frankfurt,24,1,4.3333335,0,.77777779,0,7.3267975,7.2745099,2.0980392,2.8823528,2018,.98961782,.63848525,.63173193,.54212445,.95635867,.66752243,.58431751,.53731853,1.4661375,.70833331,.99722224,.78888887
3058693,tsg-1899-hoffenheim,533,1,vfl-wolfsburg,82,4,32.833332,3.9444444,14.944445,.72222221,18.555555,8.1176472,8.026144,2.2352941,2018,.96137667,.75332707,1.0198691,.68570745,.88937777,.72621131,.98836929,.71999156,.7953704,.66203701,1.6513227,.95833331
3058694,borussia-dortmund,16,2,fc-schalke-04,33,4,1.3888888,.83333331,.72222221,.22222222,8.5816994,9.5555553,4.4771242,4.3986926,2018,1.1881726,.95707726,.95650369,.82110828,1.1052096,.88498324,.95858938,.80510461,.85925925,.87962961,1.1458334,1.0203704
3058695,rasenballsport-leipzig,23826,2,sc-freiburg,60,1,0,40.166668,0,12.444445,16.660131,9.9084969,8.1111107,3.2287581,2018,1.1600469,1.0196429,1.4196637,1.0730661,1.0748457,1.0173696,1.3825109,1.1873677,.7953704,.74537039,.77685183,.61666667
3058696,vfb-stuttgart,79,1,borussia-monchengladbach,18,0,0,30.333334,0,12.444445,5.6666665,33.568626,2.5947711,14.529411,2018,.89886129,.50557476,.79444283,.65803045,.98455435,.58441865,.67988306,.55246913,1.0416666,.54166669,1.1111112,.67962962
3058697,eintracht-frankfurt,24,0,hertha-bsc,44,0,0,50.222221,0,18.166666,4.8888888,22.712418,1.9738562,7.653595,2018,.5691005,.48394108,1.0241462,.6924932,.5369274,.45266247,.98861927,.60392141,.86759257,.53888887,.73055553,.33333334
3058698,fc-augsburg,167,1,bayer-04-leverkusen,15,4,.83333331,0,.3888889,0,15.437908,18.013071,4.2287583,7.6666665,2018,.92893618,.56242585,1.107035,.79219669,.98782682,.46761206,1.0832882,.77915466,.81372547,.55882353,1.6342592,1.1398149
3058699,hannover-96,42,1,1-fsv-mainz-05,39,0,0,10.444445,0,2.7777777,5.1111112,8.8235292,1.7124183,2.7254901,2018,1.0005335,.75934988,1.0229641,.68716031,.90732723,.68209875,.9764871,.72489625,.64351851,.54166669,.74854499,.58703703
3058700,fortuna-dusseldorf,38,4,sv-werder-bremen,86,1,1.3888888,7.2222223,.22222222,3.1666667,.21568628,5.6209149,.065359481,2.2418301,2018,.99432683,.80804014,1.7346987,1.1322757,.9720645,.78631121,1.6189731,1.1685853,1.6666666,1.1666666,1.1919467,.74852943
3058701,1-fc-nurnberg,4,1,fc-bayern-munchen,27,1,0,0,0,0,0,28.464052,0,22.326797,2018,1.0067114,.62043512,1.49387,1.0792476,1.1384842,.77293617,1.5903063,1.1785122,1.6472223,1.1425925,1.5796297,1.5592593
3058702,fc-bayern-munchen,27,3,hannover-96,42,1,0,0,0,0,37.372547,5.7450981,29.424837,1.5751634,2018,1.4906955,1.0889593,.92224872,.69032627,1.5747188,1.1930144,.83034313,.62469137,1.6314815,1.4944445,.64351851,.56018519
3058703,fc-schalke-04,33,0,fc-augsburg,167,0,.55555558,.83333331,.055555556,.3888889,5.2156863,17.588236,2.4248366,4.8039217,2018,.83257866,.7667411,.89121747,.5362305,.76114672,.72547501,.95146602,.44857803,.81617647,.95294118,.76851851,.52777779
3058704,bayer-04-leverkusen,15,6,eintracht-frankfurt,24,1,0,0,0,0,18.163399,8.0849676,7.7712417,3.2091503,2018,1.107035,.79219669,.62953818,.49250588,1.0832882,.77915466,.5823639,.49278593,1.6342592,1.1398149,.96944445,.64999998
3058705,borussia-monchengladbach,18,2,tsg-1899-hoffenheim,533,2,24.888889,32,10.5,14.5,24.130718,18.091503,10.45098,7.7843137,2018,.8552593,.66921419,.99623507,.80193818,.76498628,.59691358,.95452929,.78331006,1.2203704,.80925924,.77870369,.64814812
3058706,hertha-bsc,44,3,vfb-stuttgart,79,1,45.888889,0,16.444445,0,18.712418,5.4771242,6.2091503,2.4575164,2018,1.1352077,.67238486,.9879666,.54303265,1.1068552,.62036252,1.0794617,.60293716,.91851854,.489418,1.0972222,.59722221
3058707,sv-werder-bremen,86,2,borussia-dortmund,16,2,6.3333335,1.6666666,2.6666667,.72222221,4.3267975,8.333333,1.5228758,4.2875819,2018,1.7007781,1.1150812,1.0574377,.84447801,1.573595,1.1702193,1.0228907,.82554269,1.1527311,.79264706,.66296297,.59629631
3058708,sc-freiburg,60,1,fortuna-dusseldorf,38,1,41.888889,1.3888888,13,.22222222,10.039216,.36601308,3.2483661,.098039217,2018,1.6073629,1.1175106,.84224349,.69360518,1.5942392,1.2546296,.78132379,.61964458,.9990741,.61574072,1.3425926,.97222221
3058709,1-fsv-mainz-05,39,3,rasenballsport-leipzig,23826,3,10,0,2.7777777,0,7.5359478,14.594771,2.2287581,6.9607844,2018,1.0754333,.73037022,1.0207666,.92883903,1.0431538,.74711847,1.0103935,.95371217,.80410051,.61481482,.70013225,.62235451
3058710,vfl-wolfsburg,82,2,1-fc-nurnberg,4,0,3.8333333,0,.72222221,0,6.4183006,0,1.6862745,0,2018,1.0486089,.65951699,1.2740724,.72460181,.997832,.71999156,1.5940398,.88960284,1.5457672,.70833331,2.0361111,1.1148148
3058711,tsg-1899-hoffenheim,533,0,sv-werder-bremen,86,1,29.666666,9.1111107,13.555555,3.8888888,15.673203,7.4444447,6.653595,2.9084966,2018,1.2237042,1.0545254,1.2973696,.83894992,1.1839927,1.0333101,1.0728948,.87383926,1.0981481,.83796299,.72135854,.4495098
3058712,borussia-dortmund,16,3,fortuna-dusseldorf,38,2,1.6666666,1.3888888,.72222221,.22222222,6.9084969,.36601308,3.5686274,.098039217,2018,1.1010641,.89047676,.84224349,.69360518,1.0559114,.86822164,.78132379,.61964458,.64313728,.60196078,1.3425926,.97222221
3058713,bayer-04-leverkusen,15,1,fc-schalke-04,33,1,0,.55555558,0,.055555556,18.163399,7.019608,7.7712417,3.3071895,2018,1.107035,.79219669,1.2823025,.90153724,1.0832882,.77915466,1.3143518,.9426828,1.6342592,1.1398149,1.379902,1.1784314
3058714,rasenballsport-leipzig,23826,0,fc-bayern-munchen,27,0,0,0,0,0,13.026144,35.124184,6.4640522,27.575163,2018,1.195635,.96490383,1.4549812,1.0492768,1.1951157,1.0403523,1.5207064,1.1295223,.85753965,.73346561,1.5296296,1.4157407
3058715,vfb-stuttgart,79,3,vfl-wolfsburg,82,0,0,4.2222223,0,.77777779,5.8169932,8.5555553,2.6666667,2.3202615,2018,1.7158415,.81919909,.99107981,.63107783,1.8490894,.92061794,.955504,.65517676,1.824074,.77777779,1.4994709,.70833331
3058716,eintracht-frankfurt,24,0,1-fsv-mainz-05,39,2,0,9.5,0,2.6666667,8.8039217,7.6274509,3.4771242,2.3267975,2018,.8289209,.54982513,1.0098922,.68763518,.8704592,.6251933,.97525251,.70743597,1.3583333,.98333335,.69298941,.58703703
3058717,fc-augsburg,167,3,hertha-bsc,44,4,.83333331,38.333332,.3888889,13.333333,17.241831,17.967319,4.9150329,5.9542484,2018,.90659446,.566145,1.0315039,.60590816,.97703922,.50413358,1.0721329,.65431315,.7962963,.6111111,.84629631,.47089946
3058718,hannover-96,42,3,sc-freiburg,60,0,0,40.833332,0,12.666667,6.0392156,9.8758173,1.7385621,3.3986928,2018,1.0345584,.81163394,1.428077,1.0204207,1.0334536,.78743386,1.3983839,1.1147487,.91111112,.54166669,.7490741,.47685185
3058719,1-fc-nurnberg,4,0,borussia-monchengladbach,18,4,0,22.5,0,9.5,0,20.941177,0,8.7124186,2018,1.3005648,.75064343,.78967291,.60494399,1.6372497,.94195324,.75558454,.57469136,2.1811728,1.2305555,1.2759259,.80925924
3058720,fc-bayern-munchen,27,5,eintracht-frankfurt,24,1,0,0,0,0,35.124184,8.8431368,27.575163,3.496732,2018,1.4549812,1.0492768,.8289209,.54982513,1.5207064,1.1295223,.8704592,.6251933,1.5296296,1.4157407,1.3583333,.98333335
3058721,fc-schalke-04,33,0,vfb-stuttgart,79,0,.55555558,0,.055555556,0,5.8431373,8.1111107,2.7777777,3.8104575,2018,1.139133,.83784074,1.1141083,.67711157,1.0700519,.82000083,1.2466363,.77934813,1.2720588,1.1294118,1.2462963,.56944442
3058722,borussia-monchengladbach,18,0,borussia-dortmund,16,2,29.055555,2.4444444,11.833333,1.1111112,28.980392,12.104575,12.30719,6.5424838,2018,.79661733,.62809217,1.116451,.859855,.7020492,.54135805,1.0601004,.81998712,1.1092592,.72592592,.64629632,.5462963
3058723,hertha-bsc,44,1,bayer-04-leverkusen,15,5,38.333332,0,13.333333,0,17.967319,18.013071,5.9542484,7.6666665,2018,1.0315039,.60590816,1.107035,.79219669,1.0721329,.65431315,1.0832882,.77915466,.84629631,.47089946,1.6342592,1.1398149
3058724,sv-werder-bremen,86,2,rasenballsport-leipzig,23826,1,7.0555553,0,2.9444444,0,5.2287583,8.8692808,2.0457516,4.0849671,2018,1.532306,.93751705,1.0912237,.86765569,1.3624606,.97740889,.9849866,.87854683,.95665264,.52303922,.83439153,.6964286
3058725,sc-freiburg,60,5,1-fc-nurnberg,4,1,41.833332,0,12.833333,0,10.862745,0,3.509804,0,2018,1.2826225,.95097619,1.4267068,.79988587,1.2490011,1.0453042,1.7587571,1.0070988,.58240741,.4212963,2.0450618,1.1472223
3058726,1-fsv-mainz-05,39,4,tsg-1899-hoffenheim,533,2,9.833333,26.222221,2.6666667,11.833333,9,10.941176,2.7385621,4.7450981,2018,1.0658337,.75601125,1.1549908,.95619434,1.027904,.74711847,1.1325035,.96926683,.69298941,.58703703,1.0472223,.81481481
3058727,vfl-wolfsburg,82,8,fc-augsburg,167,1,3.3333333,0,.72222221,0,5.6143789,10.54902,1.5424837,2.8954248,2018,.94444585,.58989853,1.1174333,.49484873,.92319679,.65807325,1.1670084,.40613976,1.4846561,.69351852,.8888889,.3611111
3058728,fortuna-dusseldorf,38,2,hannover-96,42,1,1.3888888,0,.22222222,0,.25490198,5.2156863,.065359481,1.4379085,2018,.94390291,.73169661,.90379632,.77529132,.80992806,.64061016,.88778257,.78835976,1.3370371,.94444442,.64259261,.5324074
3093779,vfl-wolfsburg,82,0,bayer-04-leverkusen,15,3,4.3333335,0,.94444442,0,6.9411764,22.320261,1.6666666,9.4248362,2018,1.0162709,.69514745,1.1998365,.98579317,.97784644,.72362918,1.18223,.99727631,1.4624338,.80092591,1.7361112,1.3842592
3203424,fc-bayern-munchen,27,2,hertha-bsc,44,2,17.450001,0,12.65,0,28.010527,25.484211,21.768421,8.6736841,2019,1.5945646,1.0813829,1.2998724,.77536398,1.6353409,1.1401464,1.1594385,.76406747,1.67125,1.2397619,1.5208334,.92083335
3203425,borussia-dortmund,16,5,fc-augsburg,167,1,20.9,2.7368422,13.4,1.0526316,13.442105,5.4795322,8.7947369,1.4269006,2019,1.2058445,1.0548027,1.2628038,.55677396,1.2894078,1.1860402,1.427869,.65935671,1.7113637,1.7196429,1.0087719,.65789473
3203426,bayer-04-leverkusen,15,3,sc-paderborn-07,127,2,12.15,0,7.8000002,0,29.194736,.21578947,13.610526,.036842104,2019,1.0431353,.90583515,1.6888794,1.0727412,.99796844,.95917749,1.6536183,1.037369,1.2816666,1.045,1.5160714,1.2136905
3203427,borussia-monchengladbach,18,0,fc-schalke-04,33,0,0,0,0,0,21.342106,12.75,9.984211,4.3823528,2019,1.0581888,.84962118,1.0627645,.92960966,.95928752,.72764862,1.1275989,.83412701,1.1258334,.83333331,1.0591503,.85539216
3203428,vfl-wolfsburg,82,2,1-fc-koln,3,1,0,0,0,0,21.115789,5.2368422,8.6052628,1.4263158,2019,1.2642231,.89577073,1.6002752,1.1570749,1.4092075,1.0381758,1.5664086,1.1472223,1.4933333,1.45,2.0279763,1.7541667
3203429,eintracht-frankfurt,24,1,tsg-1899-hoffenheim,533,0,15.25,0,6.25,0,12.057895,12.405263,4.5210528,4.8473682,2019,.70464545,.5579465,.95647371,.84786373,.79568529,.65039682,.85837299,.70936507,1.0510714,.84166664,.99940479,.60166669
3203430,sv-werder-bremen,86,1,fortuna-dusseldorf,38,3,23.157894,10.45,9.5789471,4,14.497076,3.4526315,5.7719297,1.2684211,2019,1.5699657,.95072442,.88792568,.62928826,1.5293081,1.0086466,1.1081454,.77853346,2.0307016,1.2982457,1.2254386,.64649123
3203431,sc-freiburg,60,3,1-fsv-mainz-05,39,0,54.842106,28.049999,15.368421,8.8999996,13.473684,14.068421,3.6900585,4.5578947,2019,1.1385926,.76954448,1.0513622,.80057025,.95972151,.66405594,1.0729443,.75256556,.85463661,.5,1.015,.75166667
3203432,1-fc-union-berlin,89,0,rasenballsport-leipzig,23826,4,0,0,0,0,0,24.231579,0,13.010527,2019,1.6759177,.96990871,1.0122221,.83827573,1.6326543,.95884919,.89649034,.80231839,1.1308334,.71666664,.90607142,.75749999
3203442,rasenballsport-leipzig,23826,2,eintracht-frankfurt,24,1,0,14.3,0,6.1999998,24.557896,9.3578949,12.889474,3.7526317,2019,1.0589392,.86015069,.84217519,.60194838,.93379188,.82231838,.94804639,.67390871,.91857141,.75749999,1.2469047,.77916664
3203443,tsg-1899-hoffenheim,533,3,sv-werder-bremen,86,2,0,22,0,9,8,14.03268,3.1526315,5.4967322,2019,1.127655,1.0144373,1.5534824,.89243132,1.1057847,.90329367,1.5132595,.93690479,1.2577381,.76666665,1.8101852,1.2037038
3203444,fortuna-dusseldorf,38,1,bayer-04-leverkusen,15,3,12.95,11.45,4.8499999,7.3000002,5.7842107,24.263159,2.1052632,11.542106,2019,.84730411,.68419194,1.0449774,.92271012,1.0571753,.81246394,.98933208,.98417747,.96416664,.65166664,1.2616667,1.045
3203445,hertha-bsc,44,0,vfl-wolfsburg,82,3,0,0,0,0,23.531578,16.073685,7.8842106,6.305263,2019,1.2792841,.76345921,1.1755718,.85297322,1.1594385,.72372657,1.2993807,.97396231,1.5970238,.92500001,1.5475,1.5083333
3203446,1-fsv-mainz-05,39,1,borussia-monchengladbach,18,3,28.1,0,8.9499998,0,14.689474,26.436842,4.773684,12.094737,2019,1.0636349,.79455519,.90674311,.71122247,1.0636035,.73892921,.79285896,.57247186,.99000001,.7183333,1.0591667,.77083331
3203447,fc-schalke-04,33,0,fc-bayern-munchen,27,3,0,14.882353,0,10.823529,14.294118,24.154411,4.9044118,18.639706,2019,1.0907757,.90465426,1.5281867,1.0691322,1.0717165,.80051357,1.6894592,1.2311901,1.2062092,.87990195,1.3485295,1.1379552
3203448,fc-augsburg,167,1,1-fc-union-berlin,89,1,2.8,0,1.1,0,7.9000001,.042105265,2.1210527,.015789473,2019,1.1073616,.59833312,1.6294892,.96043903,1.3237367,.76686507,1.6109877,.96599209,1.205,.75833333,1.1558334,.75
3203449,1-fc-koln,3,1,borussia-dortmund,16,3,0,23,0,14.75,3.8736842,18.494738,.93157893,11.689474,2019,1.5785846,1.1443098,1.2058445,1.0548027,1.5756394,1.2213293,1.2894078,1.1860402,1.9779762,1.9041667,1.7113637,1.7196429
3203450,sc-paderborn-07,127,1,sc-freiburg,60,3,0,53.549999,0,14.9,.21578947,12.852632,.036842104,3.468421,2019,1.6635525,1.0610745,1.1749963,.77749586,1.6236184,1.0177886,.967291,.6683532,1.5785714,1.1970239,.82440478,.47499999
3203451,fc-bayern-munchen,27,6,1-fsv-mainz-05,39,1,15.15,28.049999,11.15,8.8999996,26.81579,13.978948,20.905264,4.5263157,2019,1.4450634,1.0708538,1.0603365,.75612581,1.6368949,1.2384307,1.0988371,.68917269,1.2887501,1.1297619,1.0316666,.7183333
3203452,bayer-04-leverkusen,15,0,tsg-1899-hoffenheim,533,0,12.3,0,7.8499999,0,25.978947,6.8736844,12.5,2.5473685,2019,1.073759,.97866255,.83955979,.82070303,1.0201402,1.0286219,.73446429,.67662698,1.2866666,1.1116667,.82523811,.49583334
3203453,borussia-monchengladbach,18,1,rasenballsport-leipzig,23826,3,0,0,0,0,26.200001,21.747368,11.994737,11.936842,2019,.90674311,.71122247,1.0561614,.85426837,.79285896,.57247186,.93052393,.81606835,1.0591667,.77083331,.91857141,.75749999
3203454,vfl-wolfsburg,82,1,sc-paderborn-07,127,1,0,0,0,0,16.073685,.21578947,6.305263,.036842104,2019,1.1755718,.85297322,1.6521248,1.0231199,1.2993807,.97396231,1.6890349,.99340796,1.5475,1.5083333,1.5541667,1.1541667
3203455,eintracht-frankfurt,24,2,fortuna-dusseldorf,38,1,10.9,11.3,4.5500002,4.4000001,8.6000004,5.2052631,3.2684209,1.9210526,2019,.8338635,.58537567,.84180772,.66371465,.88973397,.63817155,1.0303468,.79010028,1.1035714,.82916665,1.0043859,.67543858
3203456,sv-werder-bremen,86,3,fc-augsburg,167,2,18.352942,3.45,7.352941,1.2,12.602942,7.5947371,4.8823528,2.0526316,2019,1.3606731,.88387561,1.0712504,.56756389,1.5712291,1.0207283,1.2704899,.70972222,1.7598039,1.2352941,1.205,.75833333
3203457,sc-freiburg,60,1,1-fc-koln,3,2,55.200001,0,15.65,0,13.305264,3.1105263,3.7526317,.80526316,2019,1.1809053,.80866468,1.4879975,1.1152304,1.0260211,.71299601,1.4635514,1.1641865,.91690475,.58499998,1.6029762,1.7541667
3203458,fc-schalke-04,33,3,hertha-bsc,44,0,0,0,0,0,13.198831,28.721052,4.4853802,9.515789,2019,1.1994669,.95330989,1.133002,.7049427,1.1966829,.84456974,1.0607877,.69098848,1.0011696,.77412283,1.5886905,.99583334
3203459,1-fc-union-berlin,89,3,borussia-dortmund,16,1,0,22.25,0,14.6,.042105265,21.28421,.015789473,13.378947,2019,1.507876,.98801476,1.1347804,1.0048213,1.4836617,.94019842,1.1678388,1.1291211,1.1716666,.79333335,1.4375,1.5125
3203460,borussia-dortmund,16,4,bayer-04-leverkusen,15,0,22.68421,12.3,15.052631,7.8499999,20.181286,26.721052,12.888889,12.836843,2019,1.2999656,1.099947,1.003801,.89604348,1.3697546,1.2133757,.95902902,.92862195,1.8277512,1.6697994,1.22,.96166664
3203461,rasenballsport-leipzig,23826,1,fc-bayern-munchen,27,1,0,14.578947,0,10.789474,20.615789,24.409357,11.2,19.134502,2019,1.0974947,.81703758,1.6353111,1.0539228,1.0029016,.80597222,1.7573376,1.1847535,.96440476,.72000003,1.2644737,1.0927318
3203462,tsg-1899-hoffenheim,533,0,sc-freiburg,60,3,0,60.400002,0,17,8.2105265,17.5,3.2842104,4.7894735,2019,1.1821423,1.0232469,1.1199963,.80152184,1.1464195,.90240079,.95935446,.71656746,1.2610714,.70416665,.83690476,.57499999
3203463,fortuna-dusseldorf,38,1,vfl-wolfsburg,82,1,10.4,0,4.1500001,0,3.7842104,17.984211,1.5263158,7.3473682,2019,.82542938,.65353537,1.255964,.87707186,1.0041354,.80844158,1.3743211,1.0064298,.9885965,.65964913,1.4475,1.5
3203464,1-fsv-mainz-05,39,2,hertha-bsc,44,1,24.85,0,8,0,12.210526,22.794737,4.0368419,7.9315791,2019,1.0653365,.75612581,.99535513,.68525672,1.1071705,.68917269,.94804418,.71502441,1.0316666,.7183333,1.4683334,.94333333
3203465,fc-augsburg,167,2,eintracht-frankfurt,24,1,3.25,10.7,1.1,4.3499999,9.6315794,6.5263157,2.4473684,2.3421052,2019,1.0486677,.49113917,.77922064,.44441077,1.2405682,.62638891,.79826337,.45672923,1.1825,.72916669,.93023807,.43666667
3203466,1-fc-koln,3,0,borussia-monchengladbach,18,1,0,0,0,0,5.5578947,23.906433,1.4,10.649123,2019,1.5717664,1.2437415,.87222958,.65742719,1.5756394,1.3284723,.77669364,.5441224,2.0279763,2.0791667,1.0622807,.75877196
3203467,sc-paderborn-07,127,1,fc-schalke-04,33,5,0,0,0,0,.21578947,12.115789,.036842104,3.9947369,2019,1.7608052,1.0614532,1.1381893,.86484897,1.6923683,1.0061003,1.0999548,.7933135,1.55,1.1541667,.84694445,.65625
3203468,1-fc-union-berlin,89,1,sv-werder-bremen,86,2,0,13.764706,0,5.5294118,.042105265,7.625,.015789473,2.8897059,2019,1.5620427,1.028545,1.535743,1.0467715,1.5049117,.97353172,1.3783252,1.0794351,1.1416667,.78333336,1.6274509,1.0735294
3203469,fc-bayern-munchen,27,4,1-fc-koln,3,0,15.15,0,11.35,0,23.5,5.0578947,18.536842,1.331579,2019,1.4893892,1.0596895,1.6391907,1.2628856,1.634514,1.1917878,1.606958,1.3219246,1.3420833,1.0947618,1.9529762,2.0166667
3203470,bayer-04-leverkusen,15,2,1-fc-union-berlin,89,0,11.7,0,7.5,0,23.442104,.042105265,11.405263,.015789473,2019,.98321277,.89937681,1.659224,1.017939,.92954183,.96801585,1.642584,.98464286,1.2033334,1.0783334,1.1016667,.71666664
3203471,borussia-monchengladbach,18,2,fortuna-dusseldorf,38,1,0,10.65,0,4.1999998,24.424837,3.4368422,10.849673,1.3105264,2019,.92068678,.68654346,.86333883,.67060691,.84144819,.5866971,1.0507671,.83037138,1.1490741,.8287037,1.1359649,.83333331
3203472,vfl-wolfsburg,82,1,tsg-1899-hoffenheim,533,1,0,0,0,0,16.031578,10.760234,6.5,4.3859649,2019,1.2270424,.86378515,1.1566409,.99940777,1.3314639,1.009287,1.1353289,.897264,1.4710526,1.5087719,1.2853384,.7280702
3203473,eintracht-frankfurt,24,2,borussia-dortmund,16,2,10.8,24.200001,4.5999999,15.5,7.1157894,20.121052,2.5894737,12.557895,2019,.89755398,.57753575,1.2511212,1.0724497,.97715229,.63047922,1.3262668,1.1860402,1.1635715,.745,1.7530303,1.6863096
3203474,sv-werder-bremen,86,0,rasenballsport-leipzig,23826,3,18.888889,0,7.6666665,0,11.326797,17.116959,4.3856211,9.1988306,2019,1.5654145,1.1870592,.88006967,.66409153,1.388476,1.2647046,.79754382,.63786548,2.0185184,1.4583334,.65726817,.45964912
3203475,hertha-bsc,44,2,sc-paderborn-07,127,1,0,0,0,0,24.615789,.21578947,8.4421053,.036842104,2019,.99535513,.68525672,1.7608052,1.0614532,.94804418,.71502441,1.6923683,1.0061003,1.4683334,.94333333,1.55,1.1541667
3203476,sc-freiburg,60,1,fc-augsburg,167,1,62.700001,2.8499999,17.799999,1.05,19.342106,7.9894738,5.4052629,2.1052632,2019,1.1920201,.93009323,1.09791,.54190838,.99268782,.77351189,1.3054034,.69186509,.92440474,.64999998,1.1925,.72916669
3203477,fc-schalke-04,33,2,1-fsv-mainz-05,39,1,0,28.049999,0,8.8999996,13.805264,14.878947,4.7473683,4.8210526,2019,1.0039923,.8553468,1.0492253,.80057025,.92417049,.73180556,1.0850276,.7463156,.71123016,.66160715,1.015,.80500001
3203478,borussia-dortmund,16,2,sv-werder-bremen,86,2,21.9,21.777779,14.35,8.7777777,15.957894,15.470589,10.373684,6.019608,2019,1.2289933,1.0461339,1.328668,.92214513,1.2983364,1.1568736,1.1637846,1.0027999,1.8330144,1.7619047,1.8425926,1.162037
3203479,rasenballsport-leipzig,23826,1,fc-schalke-04,33,3,0,0,0,0,25.163158,13.805264,13.4,4.7473683,2019,1.0107557,.77786499,1.01613,.74201345,.9039079,.74763888,.98326141,.65958333,.85607141,.64499998,.91623014,.62410712
3203480,tsg-1899-hoffenheim,533,0,borussia-monchengladbach,18,3,0,0,0,0,8.8479528,25.882353,3.6023393,11.601307,2019,1.0451121,.96534532,.90813339,.69051176,1.0313188,.87387216,.8261348,.59132671,1.0291981,.63596493,1.1490741,.8287037
3203481,fortuna-dusseldorf,38,1,sc-freiburg,60,2,9.4499998,54.650002,3.6500001,15.5,3.1157894,13.447369,1.1947368,3.5947368,2019,.86493373,.61199445,1.2241629,.9306885,1.0949399,.8115744,1.0426878,.81656748,1.1096492,.78070176,.88690478,.61666667
3203482,1-fsv-mainz-05,39,0,vfl-wolfsburg,82,1,24.049999,0,7.6500001,0,10.226315,17.984211,3.3157895,7.3473682,2019,1.1064583,.8363657,1.255964,.87707186,1.1257851,.77631557,1.3743211,1.0064298,1.115,.83499998,1.4475,1.5
3203483,fc-augsburg,167,0,bayer-04-leverkusen,15,3,2.8,11.3,.75,7.25,8.7210522,20.421053,2.194737,9.9421053,2019,.87468749,.49001446,.97702545,.80166441,.97207004,.58019841,.91850287,.86801589,1.0675,.55416667,1.1482456,1.0298246
3203484,1-fc-koln,3,0,hertha-bsc,44,4,0,0,0,0,6.0947371,24.278948,1.5578947,8,2019,1.540171,1.173915,1.0688399,.72556806,1.5268298,1.1695436,.98103565,.70681012,1.9029762,1.7916666,1.4766667,.89749998
3203485,sc-paderborn-07,127,2,fc-bayern-munchen,27,3,0,17.111111,0,12.611111,.21578947,33.601307,.036842104,26.30719,2019,1.7551491,1.0906199,1.3776168,.9850446,1.6798683,1.0379184,1.4977845,1.1229477,1.4785714,1.1636904,1.1819445,1.0886244
3203486,1-fc-union-berlin,89,1,eintracht-frankfurt,24,2,0,10.85,0,4.5,.042105265,6.1368423,.015789473,2.2947369,2019,1.593786,1.0249903,.96570873,.60665667,1.618953,1.0297817,1.0053467,.66103482,1.1816666,.86000001,1.1385714,.76999998
3203487,fc-bayern-munchen,27,1,tsg-1899-hoffenheim,533,2,16.333334,0,11.944445,0,27.79085,8.6578951,21.79085,3.5421052,2019,1.4925393,1.083746,1.0071422,.93813068,1.6567352,1.2332996,1.0024801,.87017858,1.2763889,1.1164021,1.015238,.62083334
3203488,bayer-04-leverkusen,15,1,rasenballsport-leipzig,23826,1,11.25,0,7.25,0,19.336842,19.157894,9.3368425,10.221052,2019,1.042107,.86048794,1.0993698,.81562829,.95811325,.88944447,1.009106,.80805558,1.2491229,1.0649123,.93940479,.70749998
3203489,borussia-monchengladbach,18,5,fc-augsburg,167,1,0,2.7,0,.89999998,19.131578,6.4842105,8.4578943,1.6421052,2019,1.0308617,.69705582,.88188446,.46274173,.96147007,.6030274,.96373665,.55519843,1.3341666,.94583333,1.0675,.55416667
3203490,vfl-wolfsburg,82,1,1-fc-union-berlin,89,0,0,0,0,0,17.871346,.042105265,7.0233917,.015789473,2019,1.185747,.84226185,1.3904741,.85946,1.3128818,1.0081853,1.3744093,.85398811,1.4694444,1.3518518,.9066667,.64333332
3203491,eintracht-frankfurt,24,2,sv-werder-bremen,86,2,12.1,24.052631,5.0999999,9.8421049,7.9052629,14.619883,2.9894736,5.6549706,2019,.78348476,.58274412,1.4493814,1.0427841,.80891556,.63672924,1.2861586,1.1139307,1.0035714,.82416666,1.8508772,1.2324561
3203492,hertha-bsc,44,3,fortuna-dusseldorf,38,1,0,11.25,0,4.25,26.173685,4.3842106,8.8894739,1.5578947,2019,1.0221733,.68525672,.81730628,.61570847,.93137753,.67097682,1.0196573,.76544011,1.4433334,.89333332,1.0791667,.75416666
3203493,sc-freiburg,60,2,borussia-dortmund,16,2,55.75,23.299999,15.95,14.8,15.478948,20.468422,4.3736844,12.726315,2019,1.2843028,.91783136,1.1117855,1.0113386,1.1156045,.80871034,1.2129334,1.1496766,.99190474,.65166664,1.5952951,1.7575188
3203494,fc-schalke-04,33,1,1-fc-koln,3,1,0,0,0,0,14.28421,4.9263158,4.8421054,1.2736843,2019,1.01613,.74201345,1.498806,1.0277029,.98326141,.65958333,1.444687,.99454367,.91623014,.62410712,1.7196429,1.5166667
3203495,sc-paderborn-07,127,1,1-fsv-mainz-05,39,2,0,0,0,0,.21578947,13.173684,.036842104,4.226316,2019,1.567292,.98901737,1.1502082,.85511571,1.5111183,.96847403,1.2007852,.80131555,1.3535714,1.1053572,1.115,.83499998
3203496,borussia-dortmund,16,1,borussia-monchengladbach,18,0,20.894737,0,13.210526,0,13.608187,16.863157,8.7192984,7.3789473,2019,.98640335,.92053032,.94983137,.7042582,1.1081486,1.0791959,.90563965,.65679723,1.3598485,1.5218254,1.3925,1.1458334
3203497,rasenballsport-leipzig,23826,1,vfl-wolfsburg,82,1,0,0,0,0,19.389473,17.221052,10.405263,7.0210528,2019,1.1036217,.81972033,1.2173276,.835554,.98811728,.7770803,1.3472377,.97031873,.95190477,.62833333,1.4058334,1.4
3203498,eintracht-frankfurt,24,3,bayer-04-leverkusen,15,0,12.1,11.421053,5.0999999,7.3157897,8.2315788,22.65497,3.0684211,11.02924,2019,.8338635,.58537567,1.0515599,.86448121,.88973397,.63817155,.99651021,.90712196,1.1035714,.82916665,1.2953703,1.0685185
3203499,sv-werder-bremen,86,1,hertha-bsc,44,1,25.388889,0,10.388889,0,16.339869,21.673685,6.3202615,7.563158,2019,1.3138531,.89436734,1.1597996,.82771707,1.1415625,.96946651,1.0926275,.88919109,1.787037,1.050926,1.5933334,1.2016667
3203500,tsg-1899-hoffenheim,533,2,fc-schalke-04,33,0,0,0,0,0,10.073684,10.831579,4.063158,3.668421,2019,1.2199372,1.033947,1.1550188,.87246799,1.2989087,1.0209723,1.1016705,.77625,1.4052382,.76666665,1.0945635,.72410715
3203501,fortuna-dusseldorf,38,1,1-fsv-mainz-05,39,0,9.6999998,24.85,3.8,8,3.6842105,12.28421,1.3894737,4.063158,2019,.85350525,.64957654,1.1486698,.85057026,1.0544788,.81385279,1.2000276,.79631555,1.0791667,.79166669,1.115,.83499998
3203502,fc-augsburg,167,2,fc-bayern-munchen,27,2,3.05,15.947369,1,11.736842,7.6421051,30.163742,2.0105264,23.567251,2019,.93124342,.46979299,1.5123475,1.1184427,1.1196891,.60853177,1.7142754,1.2948394,1.0591667,.67916667,1.339035,1.1716791
3203503,1-fc-koln,3,3,sc-paderborn-07,127,0,0,0,0,0,4.9157896,.08421053,1.2789474,.015789473,2019,1.5904727,1.0652028,1.6965387,1.0798507,1.569687,1.0445436,1.727785,1.0562868,2.1696429,1.6416667,1.5410714,1.1220238
3203504,1-fc-union-berlin,89,2,sc-freiburg,60,0,0,52.650002,0,15.05,.042105265,12.515789,.015789473,3.4263158,2019,1.534224,.92636704,1.208149,.88568848,1.5493913,.86232144,1.0260211,.76585317,1.0066667,.53500003,.86190474,.59166664
3203505,fc-bayern-munchen,27,2,1-fc-union-berlin,89,1,16.611111,0,12.222222,0,28.908497,.042105265,22.620914,.015789473,2019,1.5703411,1.1746677,1.4904741,.88990873,1.7745802,1.3566442,1.5070482,.87273812,1.3837963,1.255291,1.0441667,.66000003
3203506,bayer-04-leverkusen,15,2,sv-werder-bremen,86,2,9.6842108,22.368422,6.1578946,9.2105265,15.520468,11.51462,7.6842103,4.4853802,2019,.91471785,.75149381,1.4010029,.93501467,.89899558,.75843775,1.2542872,.99300337,1.0546297,.95740741,2.0438597,1.1535088
3203507,borussia-monchengladbach,18,4,eintracht-frankfurt,24,2,0,12.421053,0,5.2105265,18.019608,7.7368422,7.9019608,3.0409358,2019,.87411815,.67854083,.62282401,.5128786,.81556112,.65443802,.71414918,.56649637,1.2694445,1.162037,.94411027,.75438595
3203508,vfl-wolfsburg,82,0,fc-augsburg,167,0,0,3.45,0,1.2,17.81579,11.589474,7.2315788,3.0684211,2019,1.2173276,.835554,1.0469631,.53694868,1.3472377,.97031873,1.2323081,.64805555,1.4058334,1.4,1.155,.71666664
3203509,hertha-bsc,44,2,tsg-1899-hoffenheim,533,3,0,0,0,0,24.873684,13.78421,8.3736839,5.6526318,2019,1.1223656,.70279872,1.2587467,1.0982827,1.0355568,.7286157,1.2953373,1.0424008,1.4058334,.89333332,1.4219048,.76666665
3203510,1-fsv-mainz-05,39,3,1-fc-koln,3,1,28.049999,0,8.8999996,0,14.068421,5.0263157,4.5578947,1.3052632,2019,1.1041961,.82115847,1.5975239,1.2441356,1.1763096,.7917701,1.5902914,1.3219246,1.0816667,.83499998,1.9696429,2.0166667
3203511,sc-freiburg,60,2,rasenballsport-leipzig,23826,1,45.950001,0,12.95,0,11.573684,22.326315,3.136842,11.973684,2019,1.246086,.93152183,1.0191615,.78798401,1.0751283,.84085315,.91365147,.76430553,.91190475,.64166665,.85607141,.65750003
3203512,fc-schalke-04,33,0,borussia-dortmund,16,0,0,19.35,0,12,11.763158,12.273685,4.0578947,7.8947368,2019,1.0577966,.84701347,1.1918721,1.1054562,1.0093977,.73180556,1.2960745,1.2633129,.95289683,.70327383,1.6238636,1.8279762
3203513,sc-paderborn-07,127,2,fortuna-dusseldorf,38,0,0,11.947369,0,4.3157897,.08421053,4.4853802,.015789473,1.4561404,2019,1.6595639,1.0548507,.83013082,.60441869,1.687785,1.0335594,.98560417,.6549328,1.4410714,1.0886905,1.0043859,.75438595
3203514,borussia-dortmund,16,3,vfl-wolfsburg,82,0,23.25,0,14.75,0,16.863157,17.963158,10.894737,7.2789474,2019,1.2668722,1.1165673,1.2173276,.835554,1.3394078,1.2496766,1.3472377,.97031873,1.7863636,1.8196429,1.4058334,1.4
3203515,rasenballsport-leipzig,23826,8,1-fsv-mainz-05,39,0,0,26.35,0,8.3000002,26.836601,12.815789,14.124183,4.1052632,2019,1.0561726,.90437883,1.1353365,.83807021,.93246043,.86877966,1.1774085,.77488703,.93452382,.8277778,1.09,.81
3203516,bayer-04-leverkusen,15,1,borussia-monchengladbach,18,2,11.85,0,7.5999999,0,24.884211,22.863157,11.757895,10.036842,2019,1.1212246,.93048793,.74426764,.59116179,1.0492672,.94171715,.729864,.57512337,1.3368421,1.1,1.0758333,.96666664
3203517,eintracht-frankfurt,24,5,fc-bayern-munchen,27,1,13.1,15.25,5.4000001,11.2,8.8999996,26.378948,3.3578947,20.652632,2019,.86795443,.59793639,1.6900115,1.1726772,.92506891,.64797926,1.8783723,1.3364559,1.0785714,.82416666,1.4204167,1.1897619
3203518,sv-werder-bremen,86,2,sc-freiburg,60,2,24.5,46.75,9.9499998,13.3,14.6,11.889474,5.6368423,3.3157895,2019,1.2815937,.89129424,1.2241995,.94049615,1.142684,.97251981,1.0015172,.83321428,1.6916667,1.0208334,.72440475,.60000002
3203519,tsg-1899-hoffenheim,533,3,sc-paderborn-07,127,0,0,0,0,0,13.315789,.08421053,5.4789472,.015789473,2019,1.3444611,1.0175134,1.6512306,1.0365174,1.4103373,.98684525,1.6577849,1.0103452,1.6094048,.70416665,1.4660715,1.0886905
3203520,fortuna-dusseldorf,38,2,1-fc-koln,3,0,12.35,0,4.6500001,0,4.7421055,5.0947371,1.6368421,1.3263158,2019,.8295334,.59086442,1.5374527,1.1270748,.97203827,.63885283,1.5518298,1.2641865,1.0041667,.71666664,2.0113096,2.0458333
3203521,fc-augsburg,167,2,fc-schalke-04,33,3,3.5,0,1.2,0,11.494737,10.263158,3.1157894,3.3947368,2019,1.0032132,.5262965,1.2833521,.99871802,1.2110581,.64305556,1.1702311,.83805555,1.1675,.72916669,1.2153969,.87410712
3203522,1-fc-union-berlin,89,1,hertha-bsc,44,0,0,0,0,0,.042105265,21.289474,.015789473,7.2789474,2019,1.4960296,.87939733,1.0156348,.69679517,1.5053437,.87273812,.98693305,.71819901,1.0441667,.66000003,1.5183333,.9683333
3203523,fc-bayern-munchen,27,4,borussia-dortmund,16,0,0,23.25,0,14.75,25.431372,17.005262,19.862745,10.942105,2019,1.5767285,1.1643192,1.2668722,1.1165673,1.7900124,1.3473849,1.3394078,1.2496766,1.4208333,1.255291,1.7863636,1.8196429
3203524,borussia-monchengladbach,18,3,sv-werder-bremen,86,1,0,26.947369,0,10.894737,23.731579,17.228069,10.668421,6.6491227,2019,.93968427,.71870148,1.341869,.93820447,.87604076,.62802738,1.1984392,1.0237051,1.1841667,.95416665,1.7807018,1.0745614
3203525,vfl-wolfsburg,82,0,bayer-04-leverkusen,15,2,0,10.85,0,7,17.963158,20.584211,7.2789474,9.936842,2019,1.2173276,.835554,1.052107,.8404879,1.3472377,.97031873,.98436326,.86444443,1.4058334,1.4,1.3017544,1.0649123
3203526,hertha-bsc,44,2,rasenballsport-leipzig,23826,4,0,0,0,0,22.452631,20.947369,7.6157894,11.02924,2019,1.0771732,.73525673,1.0155083,.82526952,.99804419,.72931015,.8983106,.78489655,1.5183333,.9683333,.8283208,.64385962
3203527,1-fsv-mainz-05,39,2,1-fc-union-berlin,89,3,27.444445,0,8.4444447,0,15.083333,.08791209,4.5555553,.032967035,2019,1.6230998,1.2535592,1.416947,.85354924,1.5798942,.98759919,1.3582832,.80229592,1.375,.875,.80595237,.32142857
3203528,sc-freiburg,60,1,eintracht-frankfurt,24,0,47.900002,13.1,13.5,5.4000001,9.6210527,8.8842106,2.6210527,3.3736842,2019,1.2306098,.89920831,.86795443,.59793639,1.0330648,.80017859,.92506891,.64797926,.92440474,.57499999,1.0785714,.82416666
3203529,fc-schalke-04,33,3,fortuna-dusseldorf,38,3,0,12.2,0,4.8000002,8.8999996,4.2894735,3.0052631,1.5842105,2019,1.2583522,1.0032635,.83594364,.62131315,1.1430088,.82912701,.9816342,.66663057,1.2253969,.89910716,1.0141667,.72666669
3203530,1-fc-koln,3,1,tsg-1899-hoffenheim,533,2,0,0,0,0,5.031579,6.7842107,1.3210527,2.7210526,2019,1.5341194,1.1437416,.99564332,.87360144,1.5497465,1.2784722,.99909812,.81162697,2.1446428,2.1458333,1.0377381,.69166666
3203531,sc-paderborn-07,127,0,fc-augsburg,167,1,0,3.3684211,0,1.2105263,.08421053,14.584795,.015789473,3.8421052,2019,1.6151195,1.0265174,.97706646,.50136477,1.627785,1.0037518,1.2177805,.63596493,1.4535714,1.0886905,1.1412281,.63596493
3203532,borussia-dortmund,16,3,sc-paderborn-07,127,3,20.68421,0,13,0,17.228069,.21578947,10.666667,.036842104,2019,1.1368077,.9911235,1.609167,1.0348507,1.18993,1.1239285,1.627785,1.0079185,1.7751197,1.7575188,1.4702381,1.1386905
3203533,rasenballsport-leipzig,23826,4,1-fc-koln,3,1,0,2.8,0,.89999998,17.368422,4.7421055,9.169591,1.2842106,2019,.98292685,.80184555,1.6447151,1.2514621,.8942436,.78621233,1.638208,1.3272817,.77305764,.71842104,2.1529763,2.1541667
3203534,bayer-04-leverkusen,15,1,sc-freiburg,60,1,11.111111,51.450001,7.1111112,14.5,20.156862,13.905263,9.8366013,3.863158,2019,.89722049,.86597425,1.2388425,.92287517,.91692919,.92557317,1.0328206,.84204364,1.0222223,1.0685185,.79690474,.59750003
3203535,eintracht-frankfurt,24,0,vfl-wolfsburg,82,2,10.3,0,4.4499998,0,5.2421055,16.047369,2.0684211,6.1736841,2019,.97433972,.64556462,1.2089052,.83933687,1.0157634,.69922924,1.3734877,.98735517,1.1927381,.84916669,1.5475,1.425
3203536,sv-werder-bremen,86,1,fc-schalke-04,33,2,28.299999,0,11.55,0,18.426315,9.4421053,7.1684213,3.1105263,2019,1.2983049,1.0001178,1.157876,.96171045,1.1585174,1.0475198,1.1335645,.83617061,1.7166667,1.1458334,1.0462302,.86160713
3203537,tsg-1899-hoffenheim,533,1,1-fsv-mainz-05,39,5,0,0,0,0,9.9105263,14.878947,4.0789475,4.8210526,2019,.95558119,.82243186,1.1436698,.85057026,.94515872,.78496033,1.1916943,.79631555,1.0669048,.51666665,1.115,.83499998
3203538,fortuna-dusseldorf,38,0,fc-bayern-munchen,27,4,12.85,0,4.8499999,0,5.5473685,25.254902,1.9210526,19.686274,2019,.84378678,.62547982,1.5767285,1.1643192,.999816,.67218614,1.7900124,1.3473849,1.0141667,.72666669,1.4208333,1.255291
3203539,fc-augsburg,167,4,hertha-bsc,44,0,3.2,0,1,0,9.3684206,21.78421,2.4894736,7.3000002,2019,.81696314,.45906407,.97859043,.71923107,.91802239,.58853173,.89817041,.6760093,.74666667,.59166664,1.3933333,.86833334
3203540,1-fc-union-berlin,89,2,borussia-monchengladbach,18,0,0,0,0,0,.11052632,26.957895,.036842104,12.194736,2019,1.3429741,.81399959,1.0479696,.86082566,1.3107983,.75845236,.91713387,.69570416,.92750001,.61833334,1.2591667,1.0333333
3203541,fc-bayern-munchen,27,1,bayer-04-leverkusen,15,2,0,11.45,0,7.3000002,35.066177,22.526316,27.367647,10.815789,2019,1.6565139,1.2344779,1.0449774,.92271012,1.8789674,1.4295263,.98933208,.98417747,1.4612745,1.3095238,1.2616667,1.045
3203542,borussia-monchengladbach,18,4,sc-freiburg,60,2,0,51.599998,0,14.7,28.494738,12.910526,12.536842,3.6894736,2019,1.0041583,.79568678,1.1276087,.78513902,.88211399,.66929722,.95449334,.71982145,1.2508334,1.0458333,.71690476,.53500003
3203543,vfl-wolfsburg,82,2,sv-werder-bremen,86,3,0,26.35,0,10.8,18.010527,17.178947,7.0947371,6.6105261,2019,1.2534016,.93378133,1.2983049,1.0001178,1.3900733,1.1049513,1.1585174,1.0475198,1.71,1.5916667,1.7166667,1.1458334
3203544,tsg-1899-hoffenheim,533,1,fortuna-dusseldorf,38,1,0,12.2,0,4.8000002,9.8000002,4.968421,3.9368422,1.8421053,2019,1.1670802,.9872368,.84378678,.62547982,1.2164196,.91648811,.999816,.67218614,1.3644048,.71249998,1.0141667,.72666669
3203545,hertha-bsc,44,1,borussia-dortmund,16,2,.2,20.35,.1,12.8,19.168421,15.342105,6.6736841,9.3842106,2019,1.073139,.72835809,1.006779,.93045622,.97080934,.73642594,1.0860585,1.0813684,1.135,.75166667,1.6023126,1.7662908
3203546,1-fsv-mainz-05,39,2,eintracht-frankfurt,24,1,0,10.263158,0,4.1578946,12.705263,4.2456141,4.0473685,1.5672514,2019,1.0436698,.81057024,1.0581365,.70565504,1.1416942,.76774412,1.1298108,.78866237,1.115,.83499998,1.4353384,.92017543
3203547,fc-schalke-04,33,2,1-fc-union-berlin,89,1,0,0,0,0,7.9210525,.11052632,2.5684211,.036842104,2019,.91318059,.81858271,1.3113074,.81399959,.89345759,.69509923,1.2857982,.79702383,.99623019,.81994045,.92750001,.64333332
3203548,1-fc-koln,3,1,fc-augsburg,167,1,2.8,3.2,.89999998,1,4.7421055,9.3684206,1.2842106,2.4894736,2019,1.6447151,1.2514621,.81696314,.45906407,1.638208,1.3272817,.91802239,.58853173,2.1529763,2.1541667,.74666667,.59166664
3203549,sc-paderborn-07,127,2,rasenballsport-leipzig,23826,3,0,0,0,0,.21578947,8.5,.036842104,4.694737,2019,1.64015,1.0173507,1.0102725,.69369727,1.670285,.99568069,.98743743,.6660226,1.4791666,1.1458334,.90190476,.64916664
3203550,borussia-dortmund,16,5,fortuna-dusseldorf,38,0,20.25,11.578947,13,4.3684211,13.131579,4.4678364,8.3684206,1.5438596,2019,1.1094667,.96342266,.843889,.61481971,1.1605295,1.0932268,.94811463,.64240146,1.8607744,1.8412699,.9649123,.7280702
3203551,rasenballsport-leipzig,23826,3,tsg-1899-hoffenheim,533,1,0,0,0,0,19.989473,7.8842106,10.668421,3.168421,2019,1.1702726,.91113424,1.1465443,.91223681,1.0961787,.909594,1.2151695,.84648812,1.0369048,.84500003,1.3769047,.71249998
3203552,bayer-04-leverkusen,15,2,fc-schalke-04,33,1,10.6,0,6.75,0,20.452631,7.3684211,9.6526318,2.3789473,2019,1.0582128,.9168278,1.1762093,.97989225,.99558204,.97167748,1.1557866,.84867066,1.2616667,1.0283333,1.0837301,.88660717
3203553,borussia-monchengladbach,18,2,fc-bayern-munchen,27,1,0,0,0,0,27.221052,31.967319,11.873684,25,2019,.98963624,.77027011,1.5737447,1.175155,.89586401,.65580517,1.7838396,1.3593675,1.2591667,1.0208334,1.3986111,1.255291
3203554,eintracht-frankfurt,24,2,hertha-bsc,44,2,10.05,.2,4.25,.1,4.5,16.915789,1.7052631,5.8578949,2019,.97217524,.67857742,1.1453551,.73882818,1.0681417,.74476498,1.0792942,.79627442,1.4552381,.95333332,1.485,.97666669
3203555,sv-werder-bremen,86,0,sc-paderborn-07,127,1,28.65,0,11.9,0,20.105263,.21578947,7.8947368,.036842104,2019,1.1934973,.96678442,1.64015,1.0173507,1.060303,1.0141865,1.670285,.99568069,1.6041666,1.1125,1.4791666,1.1458334
3203556,sc-freiburg,60,1,vfl-wolfsburg,82,0,52.157894,0,14.894737,0,9.5730991,14.3,2.6959064,5.5578947,2019,1.1788594,.82646215,1.0907892,.76086795,1.0047299,.75770676,1.2368807,.89396226,.75463659,.56315792,1.4225,1.4833333
3203557,fc-augsburg,167,2,1-fsv-mainz-05,39,1,3.0999999,0,1.05,0,8.9157896,10.805264,2.2684209,3.4631579,2019,1.0114076,.58406407,1.0349199,.79896307,1.0662367,.69964284,1.0881228,.74274415,.82166666,.59166664,1.14,.83499998
3203558,1-fc-union-berlin,89,2,1-fc-koln,3,0,0,2.9473684,0,.94736844,.11052632,2.3801169,.036842104,.60818714,2019,1.2939463,.82962459,1.4451607,1.0468607,1.2223079,.79702383,1.4300478,1.1490184,.91500002,.64333332,1.731203,1.8201754
3203559,fc-bayern-munchen,27,6,sv-werder-bremen,86,1,0,26.722221,0,11,21.666666,17.509804,16.797386,6.7189541,2019,1.8333448,1.3795166,1.4274937,1.1961185,2.0170169,1.5388832,1.2527176,1.2490962,1.5643518,1.406217,1.7916666,1.2638888
3203560,vfl-wolfsburg,82,2,borussia-monchengladbach,18,1,0,0,0,0,14.657895,23.810526,5.5999999,10.273685,2019,1.2040509,.92440635,.98218429,.74884152,1.3484066,1.1021736,.88128066,.62455517,1.5933334,1.4166666,1.1591667,.99583334
3203561,tsg-1899-hoffenheim,533,2,fc-augsburg,167,4,0,3.45,0,1.2,10.315789,8.6210527,4.2947369,2.3157895,2019,1.180473,1.0080701,.99057424,.57553309,1.2389195,.95398808,1.0004034,.65436506,1.3444048,.71249998,.77583331,.57916665
3203562,fortuna-dusseldorf,38,0,rasenballsport-leipzig,23826,3,10.473684,0,4.1052632,0,3.0701754,20.452631,1.1988304,10.763158,2019,.68646133,.50410587,1.1674948,.90525186,.78959328,.62736386,1.0929106,.90334404,.85964912,.57017541,1.0369048,.84500003
3203563,hertha-bsc,44,1,sc-freiburg,60,0,.2,51.900002,.1,14.95,24.968422,11.431579,8.5,3.2631578,2019,1.0608313,.72585809,1.2296386,.95299619,.9626897,.73267591,1.0169934,.83351189,1.1016667,.7183333,.68690479,.55000001
3203564,1-fsv-mainz-05,39,0,borussia-dortmund,16,4,0,17.549999,0,10.95,10.6,12.721052,3.5631578,7.9210525,2019,1.1469786,.77605098,1.150063,1.0153768,1.1941248,.76620191,1.2071161,1.1302321,1.29,.83499998,1.7982457,1.8026316
3203565,fc-schalke-04,33,1,eintracht-frankfurt,24,0,0,11,0,4.5,6.7578945,6.2210526,2.2263157,2.4000001,2019,1.0425084,.86070395,.96392304,.62825692,1.0418726,.75367063,.99512845,.67601496,1.0976191,.84285712,1.1594048,.81583333
3203566,1-fc-koln,3,2,bayer-04-leverkusen,15,0,2.8,10.6,.89999998,6.75,3.5631578,20.452631,.94736844,9.6526318,2019,1.5644224,.92576772,1.0582128,.9168278,1.5826524,1.112996,.99558204,.97167748,2.1738095,1.9208333,1.2616667,1.0283333
3203567,sc-paderborn-07,127,1,1-fc-union-berlin,89,1,0,0,0,0,.21578947,.11052632,.036842104,.036842104,2019,1.6148231,1.005684,1.4196407,.86324203,1.640285,.97610027,1.4157982,.83702379,1.5416666,1.1291667,1.0775,.69333333
3203568,borussia-dortmund,16,3,rasenballsport-leipzig,23826,3,17.9,0,11.15,0,13.526316,20.221052,8.436842,10.58421,2019,1.1539092,1.0153768,1.1674948,.90525186,1.2071161,1.1302321,1.0929106,.90334404,1.7982457,1.8026316,1.0369048,.84500003
3203569,bayer-04-leverkusen,15,0,hertha-bsc,44,1,9.7222223,0,6.2222223,0,15.287581,23.115789,7.4509802,8.0368423,2019,1.0113211,.81393385,1.073139,.72835809,.98224908,.91044974,.97080934,.73642594,1.3231481,1.0685185,1.135,.75166667
3203570,borussia-monchengladbach,18,2,sc-paderborn-07,127,0,0,0,0,0,29.278948,.21578947,13.152632,.036842104,2019,.99966913,.74798942,1.7488304,1.0556841,.88355631,.59127527,1.6736183,1.008373,1.2716666,.99583334,1.475,1.1458334
3203571,vfl-wolfsburg,82,1,fc-schalke-04,33,1,0,0,0,0,16.726316,3.9649122,6.7789474,1.1754386,2019,1.1988221,.92146516,1.0579035,.85337257,1.347952,1.1021736,1.0572343,.74070591,1.6058333,1.4166666,1.1203008,.79949874
3203572,eintracht-frankfurt,24,2,1-fc-koln,3,4,11.1,2.8,4.6500001,.89999998,7.6631579,2.2684209,2.9631579,.58421052,2019,.87969685,.61210304,1.7178982,1.056197,.92298561,.66047925,1.7370175,1.1022817,1.0785714,.82416666,2.307143,1.7791667
3203573,sv-werder-bremen,86,0,1-fsv-mainz-05,39,5,25.105263,0,10.421053,0,15.28655,11.252631,6,3.7842104,2019,1.5518472,1.2314105,1.1592513,.77003598,1.3822739,1.2798455,1.1847842,.75256556,2.0921052,1.3289474,1.265,.80166668
3203574,sc-freiburg,60,1,fc-bayern-munchen,27,3,50.833332,0,14.444445,0,10.535948,28.254902,2.9803922,22.254902,2019,1.2450529,.87982482,1.8831555,1.2756298,1.0327704,.79649472,2.0213158,1.4063877,.63822752,.39814815,1.5782408,1.306217
3203575,fc-augsburg,167,3,fortuna-dusseldorf,38,0,3.45,10,1.15,3.75,8.6210527,3.8947368,2.3157895,1.4157895,2019,.97321314,.53386641,.86047161,.60351592,1.1137366,.66686505,1.052197,.73766232,.91750002,.65416664,1.0666667,.71666664
3203576,1-fc-union-berlin,89,0,tsg-1899-hoffenheim,533,2,0,0,0,0,.068421051,9.8578949,.021052632,4.0736842,2019,1.5132915,.85718143,1.1447587,.95921481,1.4347377,.77938491,1.2241468,.93732142,.8775,.45166665,1.3644048,.71249998
3203577,fc-bayern-munchen,27,2,vfl-wolfsburg,82,0,0,0,0,0,21.673203,14.21579,16.777779,5.3105264,2019,1.9947957,1.3473296,1.1516,.88804269,2.1186907,1.472465,1.2600949,1.0450307,1.6004629,1.292328,1.5558333,1.35
3203578,rasenballsport-leipzig,23826,3,fc-augsburg,167,1,0,3.1500001,0,1,20.052631,8.015789,10.705263,2.1315789,2019,1.133972,.89671022,.95654643,.52591187,1.0714822,.89872861,1.07207,.6501984,1.0244048,.84500003,.8175,.62916666
3203579,tsg-1899-hoffenheim,533,2,borussia-dortmund,16,1,0,15.210526,0,9.3684206,10.636842,9.251462,4.5157895,5.7017546,2019,1.130473,.96576244,1.0407975,.95390546,1.2116468,.93732142,1.0905316,1.0799003,1.3444048,.71249998,1.5787038,1.6898148
3203580,fortuna-dusseldorf,38,2,1-fc-union-berlin,89,1,11.8,0,4.3000002,0,5.5421052,.11052632,1.9,.036842104,2019,.76764506,.64185846,1.4196407,.86324203,.93721992,.74550962,1.4157982,.83702379,.85701752,.62017542,1.0775,.69333333
3203581,hertha-bsc,44,0,borussia-monchengladbach,18,0,0,0,0,0,21.621052,31.210526,7.5,13.763158,2019,1.090639,.75335807,.9797172,.69132274,1.0105529,.78642595,.88272297,.56349748,1.085,.80166668,1.2466667,.97083336
3203582,1-fsv-mainz-05,39,0,bayer-04-leverkusen,15,1,0,9.5500002,0,6.1500001,14.210526,15.942105,4.7368422,7.436842,2019,1.164807,.80080521,1.0640397,.80247509,1.1225619,.72131556,.9874441,.84083331,1.34,.84666669,1.3807018,1.0473684
3203583,fc-schalke-04,33,2,sc-freiburg,60,2,0,54.052631,0,15.526316,4.0368419,12.169591,1.1578947,3.4385965,2019,1.1285378,.88070393,1.2417248,.95457089,1.127902,.77367061,1.0135018,.84229326,1.1753968,.79077381,.68358397,.56140351
3203584,1-fc-koln,3,1,sv-werder-bremen,86,0,2.8,26.4,.89999998,10.95,2.2684209,17.957895,.58421052,7.0684209,2019,1.6449881,.99869698,1.4464693,1.0990067,1.6636842,1.0460317,1.2861761,1.1546031,2.2321429,1.6041666,1.9875,1.2125
3203585,sc-paderborn-07,127,2,eintracht-frankfurt,24,1,0,9.8947372,0,4.1052632,.21578947,6.6491227,.036842104,2.5263157,2019,1.7404971,1.014573,1.1784872,.72198522,1.6369517,.93401402,1.2874994,.81936413,1.3625,.94583333,1.5263158,.91140354
3203586,rasenballsport-leipzig,23826,3,1-fc-union-berlin,89,1,0,0,0,0,13.357895,.078947365,6.9315791,.021052632,2019,1.2759639,.7648387,1.4836187,.93918902,1.2357068,.73099053,1.4249054,.9021104,1.2044047,.79083335,1.1275001,.8433333
3203587,tsg-1899-hoffenheim,533,1,eintracht-frankfurt,24,2,0,13.210526,0,5.8947368,8.5736837,8.3684206,3.5578947,3.374269,2019,1.3484514,1.0389371,.95891875,.62486315,1.4231944,1.0022024,.96892095,.68559217,1.5558333,.82249999,1.0037594,.81491226
3203588,fortuna-dusseldorf,38,0,sv-werder-bremen,86,1,16.9,20.25,6.3499999,8.5500002,8.0368423,12.363158,2.8947368,4.8473682,2019,1.0033605,.69890696,1.3694483,.92034185,1.2182955,.81603175,1.1998268,.9566865,1.3516667,.93083334,2.0333333,1.1458334
3203589,hertha-bsc,44,0,fc-bayern-munchen,27,4,.2,0,.1,0,19.28421,19.875816,6.4263158,15.48366,2019,.89081526,.60926467,1.8914677,1.2086985,.81818306,.64835775,2.0602183,1.3490083,.94333333,.68916667,1.6060185,1.130291
3203590,1-fsv-mainz-05,39,1,sc-freiburg,60,2,0,54.549999,0,15.75,14.073684,14.594737,4.6052632,4.3210526,2019,.97270644,.73893446,1.1170928,.90299618,1.0069941,.73040646,.86116004,.76654762,1.3150001,.83833331,.63690478,.52499998
3203591,fc-schalke-04,33,2,borussia-monchengladbach,18,0,0,0,0,0,3.9736843,32.115791,1.3,14.6,2019,1.1576251,.82737058,1.0372057,.84693676,1.1612552,.72537696,.89713383,.67570418,1.2295635,.75744045,1.2091666,1.0083333
3203592,fc-augsburg,167,3,borussia-dortmund,16,5,3.3499999,19.35,1.15,12,7.6157894,11.742105,2.0999999,7.3000002,2019,.95215315,.6134758,1.1949917,1.0671469,.9801057,.74353176,1.2725778,1.212844,.79666668,.75416666,1.7987374,1.9477513
3203593,1-fc-koln,3,3,vfl-wolfsburg,82,1,3.4736843,0,1,0,3.4912281,16.405264,.91812867,6.6684213,2019,1.4267998,.98344201,1.2041253,.94447649,1.4082094,1.0796574,1.3134283,1.1061418,1.6654135,1.5350877,1.6725,1.525
3203594,sc-paderborn-07,127,1,bayer-04-leverkusen,15,4,0,9.6842108,0,6.1578946,.21578947,16.918129,.036842104,8.3099413,2019,1.8319654,1.1102078,.99366522,.82902414,1.7579041,1.0617918,.90820611,.85580617,1.45,1.1375,1.225,1.0037037
3203595,fc-bayern-munchen,27,5,fc-schalke-04,33,0,0,0,0,0,23.69281,6.7105265,18.509804,2.2157896,2019,1.6614959,1.205879,1.1100707,.88002211,1.8407382,1.3978075,1.0795002,.77537698,1.4680556,1.3275132,.9545635,.72410715
3203596,borussia-dortmund,16,5,1-fc-koln,3,1,19.65,3.3,12.4,.94999999,11.71579,3.5052631,7.4263158,.87894738,2019,1.2229024,1.0262111,1.7321265,1.0388154,1.269069,1.1590163,1.7044656,1.104246,2.0070708,1.9107143,2.1321428,1.5833334
3203597,bayer-04-leverkusen,15,3,fortuna-dusseldorf,38,0,10.6,15.65,6.75,5.9000001,19.115789,6.8421054,9.2947369,2.4842105,2019,1.0023304,.89014602,.93703252,.65517676,.9719457,.93403858,1.1441288,.76470602,1.2691667,.97000003,1.0766667,.75583333
3203598,borussia-monchengladbach,18,3,1-fsv-mainz-05,39,1,0,0,0,0,35.02924,14.157895,15.824561,4.5578947,2019,1.0643446,.82302976,.92645639,.75768447,.92086965,.63515419,.98199415,.7554065,1.3122807,1.0350877,1.3150001,.83833331
3203599,vfl-wolfsburg,82,1,hertha-bsc,44,2,0,.21052632,0,.10526316,14.1,22.83041,5.4631581,7.6432748,2019,1.2041253,.94447649,.94261485,.64642131,1.3134283,1.1061418,.87624115,.66558063,1.6725,1.525,1.0526316,.74122804
3203600,eintracht-frankfurt,24,2,rasenballsport-leipzig,23826,0,12.3,0,5.5,0,8.1526318,14.994152,3.2368422,7.8830409,2019,.96422064,.62889796,1.2180188,.89268368,1.0070133,.68047923,1.1355618,.90221226,1.1827381,.84916669,1.0783209,.86754388
3203601,sv-werder-bremen,86,0,tsg-1899-hoffenheim,533,3,18.049999,0,7.6500001,0,10.305264,8.6631575,3.9105263,3.5157895,2019,1.4867561,1.042564,1.3493441,1.0350909,1.2955412,1.0866865,1.413373,1.0022024,2.0583334,1.1708333,1.5683334,.82249999
3203602,sc-freiburg,60,0,sc-paderborn-07,127,2,62.150002,0,17.75,0,19.836842,.21578947,5.7368422,.036842104,2019,1.2369951,.9065218,1.6109833,1.0177078,1.0322711,.76406747,1.637904,1.0047085,.89940476,.625,1.2541667,1.0708333
3203603,1-fc-union-berlin,89,2,fc-augsburg,167,0,0,3.1500001,0,1.1,.078947365,8.3631582,.021052632,2.3157895,2019,1.4038208,.87820417,1.0269449,.64314616,1.3524649,.86520565,1.1435256,.76472223,.95249999,.69333333,1.1091666,.84583336
3203604,borussia-dortmund,16,5,1-fc-union-berlin,89,0,20.35,0,12.8,0,15.331579,.036842104,9.3736839,.0052631581,2019,1.0884755,.96188372,1.4975978,.89320415,1.1700137,1.1207387,1.4232982,.89258659,1.6724881,1.7926065,.99833333,.66000003
3203605,rasenballsport-leipzig,23826,2,borussia-monchengladbach,18,2,0,0,0,0,13.068421,32.19883,6.7526317,14.596491,2019,1.2414927,.92249799,1.085582,.86898053,1.1987838,.95356631,.94786018,.68447328,1.2069048,.94916666,1.2991228,1.0087719
3203606,tsg-1899-hoffenheim,533,2,bayer-04-leverkusen,15,1,0,10.6,0,6.75,7.3736844,18.263159,3.0421052,8.9421053,2019,1.2998452,.90376389,.99875897,.87943178,1.425873,.94595236,.96639013,.91737193,1.7444048,.91000003,1.2691667,.97000003
3203607,fortuna-dusseldorf,38,1,eintracht-frankfurt,24,1,0,13.3,0,5.6999998,6.3368421,7.4842105,2.3263159,3.1105263,2019,.91373599,.80225283,.88262165,.64833248,1.1112248,.95849568,.97099888,.71881258,1.1141666,.93916667,1.2369047,.83666664
3203608,hertha-bsc,44,0,fc-schalke-04,33,0,.2,0,.1,0,17.299999,10.421053,6.0578947,3.6725147,2019,.91613847,.61561084,.99860942,.85464847,.93756145,.59239817,1.0436587,.75566,1.107619,.47666666,1.0457393,.84774435
3203609,1-fsv-mainz-05,39,1,fc-bayern-munchen,27,3,0,0,0,0,11.726315,23.69281,3.6842105,18.509804,2019,1.1719815,.76250875,1.6614959,1.205879,1.2172322,.77415645,1.8407382,1.3978075,1.3733333,.82999998,1.4680556,1.3275132
3203610,fc-augsburg,167,2,sv-werder-bremen,86,1,3,17.549999,1.1,7.4000001,8.6421051,8.1263161,2.4000001,3.1526315,2019,1.0186116,.63064617,1.6527923,1.1385164,1.1268589,.74805558,1.4539936,1.2057341,1.1091666,.84583336,2.1333334,1.3958334
3203611,1-fc-koln,3,4,sc-freiburg,60,0,3.3,59.799999,.94999999,16.950001,2.9736843,17.957895,.76842105,5.1210527,2019,1.8073596,1.1037785,1.1006856,.77382952,1.7754974,1.1256746,.95449334,.71267855,2.2654762,1.6333333,.81190479,.55000001
3203612,sc-paderborn-07,127,2,vfl-wolfsburg,82,4,0,0,0,0,.21578947,13.684211,.036842104,5.226316,2019,1.7227987,1.0474048,1.0076966,.85697651,1.682904,1.0045497,1.0547744,1.0005863,1.3375,1.1041666,1.3724999,1.35
3203613,fc-bayern-munchen,27,0,rasenballsport-leipzig,23826,0,0,0,0,0,25.187134,13.626316,19.695906,7.0789475,2019,1.5003715,1.0913796,1.1697756,.94652396,1.6438798,1.2482152,1.1210059,.99880439,1.3881578,1.2839599,1.0919048,1.0325
3203614,bayer-04-leverkusen,15,4,borussia-dortmund,16,3,9.75,19,6.1999998,11.95,14.910526,12.942105,7.2315788,7.9157896,2019,1.0711819,.81141895,.91036713,.86677754,1.0508345,.82987195,.99097633,1.0208584,1.4775,.89499998,1.3566985,1.5776942
3203615,borussia-monchengladbach,18,2,1-fc-koln,3,1,0,3.3,0,.94999999,35.654972,2.136842,15.976608,.54736841,2019,1.0035645,.77242506,1.6280472,.88319767,.84666973,.56425798,1.6532753,.9804365,1.1149123,.73245615,2.1279762,1.425
3203616,vfl-wolfsburg,82,1,fortuna-dusseldorf,38,1,0,0,0,0,13.742105,5.563158,5.4105263,1.8789474,2019,1.2018143,.94447649,.84160161,.82667816,1.3127289,1.1061418,1.009027,.94996393,1.66,1.525,1.0891666,.99333334
3203617,eintracht-frankfurt,24,5,fc-augsburg,167,0,14,2.95,6.25,1.05,9.6210527,8,3.8421052,2.2473683,2019,.71655023,.5941658,1.0644449,.6614154,.72766554,.66047925,1.1982875,.80519843,.91190475,.87416667,1.1091666,.84583336
3203618,sv-werder-bremen,86,0,1-fc-union-berlin,89,2,19.6,0,8.3500004,0,12.042106,.068421051,4.7315788,.0052631581,2019,1.4026535,1.0142307,1.4520025,.90051186,1.1973269,1.0700198,1.4048458,.89853895,1.675,1.1958333,1.0566666,.72666669
3203619,hertha-bsc,44,1,1-fsv-mainz-05,39,3,.2,0,.1,0,16.526316,10.766082,5.8789473,3.4327486,2019,.94508266,.62311995,1.1903448,.75479388,.92006147,.59100926,1.2148811,.74472612,1.0826191,.46416667,1.3403509,.84736842
3203620,sc-freiburg,60,1,tsg-1899-hoffenheim,533,0,60.5,0,17.35,0,19.789474,4.5789475,5.7368422,1.8421053,2019,1.1798522,.88509321,1.1956419,.81682748,.98227113,.72279763,1.1640768,.77205515,.89940476,.625,1.3581454,.63333333
3203621,fc-schalke-04,33,1,sc-paderborn-07,127,1,0,0,0,0,7.2923975,.13157895,2.4444444,.021052632,2019,1.142337,.84057587,1.6434734,1.1025239,1.1799098,.76560152,1.7075622,1.1184614,1.1890142,.81484962,1.3166667,1.1291667
3203622,borussia-dortmund,16,4,eintracht-frankfurt,24,0,18.1,12.3,11.3,5.5,11.873684,8.047368,7.2368422,3.2052631,2019,.78652811,.71875119,.86109567,.61202294,.8199237,.7577005,.90076339,.66047925,1.2468855,1.3505291,1.0660714,.82416666
3203623,rasenballsport-leipzig,23826,3,sv-werder-bremen,86,0,0,24.25,0,9.6999998,13.157895,14.489473,6.8210526,5.6473684,2019,1.24547,.95461923,1.3870746,.91034186,1.1940218,1.0048484,1.2328427,.93446428,1.2169048,1.0491667,2.1458333,1.275
3203624,tsg-1899-hoffenheim,533,2,vfl-wolfsburg,82,3,0,0,0,0,10.921053,15.031579,4.5105262,5.9315791,2019,1.3488649,.92684078,1.2242641,.94030982,1.4525397,.93345237,1.3491426,1.1047132,1.7110714,.88499999,1.7474999,1.5
3203625,fortuna-dusseldorf,38,1,borussia-monchengladbach,18,4,0,0,0,0,3.9947369,31.710526,1.3052632,14.226315,2019,.92889929,.87834483,.90359455,.77082562,1.1389873,1.0118687,.76088387,.6320678,1.1266667,1.01,1.0091667,.93333334
3203626,1-fsv-mainz-05,39,0,fc-schalke-04,33,0,0,0,0,0,11.115789,6.563158,3.4842105,2.2,2019,1.1258276,.71705419,1.09772,.81104708,1.1458037,.70748979,1.1209143,.72732145,1.2733333,.80500001,1.1295635,.77410716
3203627,fc-augsburg,167,1,sc-freiburg,60,1,2.95,62.150002,1.05,17.75,7.1578946,19.836842,1.9631579,5.7368422,2019,1.0061115,.62610072,1.2369951,.9065218,1.1268589,.74805558,1.0322711,.76406747,1.1091666,.84583336,.89940476,.625
3203628,1-fc-koln,3,1,fc-bayern-munchen,27,4,3.3,0,.94999999,0,1.7947369,25.187134,.47368422,19.695906,2019,1.6793293,.94569767,1.5003715,1.0913796,1.6794657,1.0256746,1.6438798,1.2482152,2.1404762,1.5,1.3881578,1.2839599
3203629,sc-paderborn-07,127,1,hertha-bsc,44,2,0,0,0,0,.13157895,18.531578,.021052632,6.2684212,2019,1.6858841,1.1229784,.98765349,.59021401,1.6846455,1.1306043,.96123749,.52833068,1.35,1.1791667,1.1117858,.42250001
3203630,1-fc-union-berlin,89,2,bayer-04-leverkusen,15,3,0,9.75,0,6.1999998,.078947365,19.347368,.021052632,9.2157898,2019,1.5633914,.90176475,1.1347114,.97481638,1.4528816,.86145562,1.1012512,1.0331458,.93916667,.49166667,1.4516667,1.1616666
3203631,fc-bayern-munchen,27,3,sc-paderborn-07,127,2,0,0,0,0,14.689474,.21578947,11.436842,.036842104,2019,1.9855543,1.2327589,1.728394,1.1589957,2.045948,1.3462503,1.6857566,1.1395786,1.4804167,1.2880952,1.3375,1.1958333
3203632,bayer-04-leverkusen,15,2,fc-augsburg,167,0,9.75,2.95,6.1999998,1.05,15.510527,6.6473684,7.694737,1.8263158,2019,.96042562,.80943173,1.0402024,.63686991,.9368068,.89439577,1.1905953,.79686511,1.1941667,.83666664,1.0991666,.84583336
3203633,borussia-monchengladbach,18,1,tsg-1899-hoffenheim,533,1,0,0,0,0,25.678947,8.7684212,11.242105,3.5052631,2019,.98963624,.77027011,1.2052753,.90850359,.89586401,.65580517,1.1260515,.81470239,1.2591667,1.0208334,1.2902381,.60166669
3203634,vfl-wolfsburg,82,4,1-fsv-mainz-05,39,0,0,0,0,0,6.8631577,10.847368,2.7473683,3.4315789,2019,1.1836933,.87463677,.97444212,.65733403,1.2541425,.95429653,.98518097,.64839888,1.6289474,1.1842105,1.2233334,.73000002
3203635,eintracht-frankfurt,24,1,1-fc-union-berlin,89,2,13.05,0,5.5,0,8.1526318,.078947365,3.2105262,.021052632,2019,1.0455681,.67496938,1.446245,.85252231,1.0957211,.74936813,1.3582387,.83544374,1.2119048,.86166668,1.0691667,.72666669
3203636,sv-werder-bremen,86,0,borussia-dortmund,16,2,23.6,18.1,9.8000002,11.3,13.615789,11.931579,5.5,7.2578945,2019,1.4984215,1.003049,.91036713,.86677754,1.3006601,.99696428,.99097633,1.0208584,1.6041666,1.2333333,1.3566985,1.5776942
3203637,hertha-bsc,44,0,1-fc-koln,3,5,0,.5,0,.050000001,15.489473,2.2,5.4842105,.53157896,2019,1.024698,.64715844,1.6840632,1.1833239,.98649001,.58208072,1.6611035,1.2179365,1.1242857,.42250001,2.2291667,1.8
3203638,sc-freiburg,60,0,fortuna-dusseldorf,38,2,51.099998,0,14.5,0,12.926316,5.4842105,3.6157894,1.9157895,2019,1.2048522,.89882952,.90413868,.8546297,1.0473505,.82696426,1.1296357,.95687133,.86190474,.59166664,.89649123,.87894738
3203639,fc-schalke-04,33,0,rasenballsport-leipzig,23826,5,0,0,0,0,7.3210526,14.442105,2.3473685,7.4842105,2019,1.0629978,.67604709,1.1930256,1.0011907,1.0800052,.61065477,1.1226543,1.0372659,1.0928968,.62827379,1.1294048,1.12
3203640,borussia-dortmund,16,1,sc-freiburg,60,0,16.65,55.105263,10.35,16,8.9263163,10.052631,5.5,2.9005847,2019,.83016664,.79660207,1.2543911,1.0420889,.93308163,.95243734,1.031882,.93627822,1.3024411,1.5357143,.66754389,.55701756
3203641,rasenballsport-leipzig,23826,1,bayer-04-leverkusen,15,1,0,11,0,7.0500002,13.424836,18.073685,7.0653596,8.7578945,2019,1.2671084,1.0210055,.9885506,.82866251,1.2084572,1.0695405,.9432354,.89707434,1.2039683,1.1194445,1.215,.88666666
3203642,sv-werder-bremen,86,0,eintracht-frankfurt,24,3,26.5,12.15,11.25,5.25,17.621052,8.0947371,6.9736843,3.1631579,2019,1.2917584,1.0515959,.83921158,.61258686,1.3203031,1.0922024,.87868005,.6750626,1.9625,1.4333333,1.0535715,.88249999
3203643,tsg-1899-hoffenheim,533,0,fc-bayern-munchen,27,6,0,0,0,0,12.643275,22.502924,5.1345029,17.789474,2019,1.1086318,.75517654,1.2119673,1.0587211,1.1410192,.77832079,1.3273576,1.2218994,1.3546365,.5105263,1.0197369,1.0865915
3203644,fortuna-dusseldorf,38,3,hertha-bsc,44,3,0,0,0,0,5.6315789,12.878947,2.1105263,4.4263158,2019,.87417746,.83562386,1.9469008,1.0153819,1.0106508,.91144526,1.9138114,.917795,1.1859649,1.045614,1.9742857,.98083335
3203645,1-fsv-mainz-05,39,2,sc-paderborn-07,127,0,0,0,0,0,10.847368,.21578947,3.4315789,.036842104,2019,.97444212,.65733403,1.5818067,1.0560411,.98518097,.64839888,1.5220066,1.0456836,1.2233334,.73000002,1.15,1.0625
3203646,fc-augsburg,167,2,borussia-monchengladbach,18,3,2.1500001,0,.80000001,0,4.8894739,25.678947,1.2684211,11.242105,2019,.99247515,.58959723,.98963624,.77027011,1.1607876,.75130951,.89586401,.65580517,1.0758333,.72083336,1.2591667,1.0208334
3203647,1-fc-koln,3,3,fc-schalke-04,33,0,2.8,0,.89999998,0,2.9842105,7.2222223,.7736842,2.6078432,2019,1.6620044,1.1053478,1.1994067,.88033009,1.7267795,1.1763889,1.2207689,.7873016,2.2488096,1.775,1.2458113,.83234125
3203648,1-fc-union-berlin,89,2,vfl-wolfsburg,82,2,0,0,0,0,.078947365,11.184211,.021052632,4.5052633,2019,1.4636692,.89456779,1.1887437,.90005344,1.4128816,.90687227,1.3241426,1.0834632,1.0691667,.72666669,1.7078947,1.3947369
3203649,fc-bayern-munchen,27,2,fc-augsburg,167,0,0,2.95,0,1.05,22.502924,8.6947365,17.789474,2.3578947,2019,1.3132832,1.0217055,.92000037,.53610069,1.4279215,1.1811726,1.1351923,.68305558,1.1162281,1.0839599,1.1341667,.77083331
3203650,bayer-04-leverkusen,15,4,eintracht-frankfurt,24,0,11,12.3,7.0500002,5.5,18.921053,7.8631577,8.968421,3.2052631,2019,.96632838,.78199583,.91071689,.67452294,.93698537,.85207433,.9797489,.75006258,1.215,.85333335,1.2244048,.84916669
3203651,borussia-monchengladbach,18,1,borussia-dortmund,16,2,0,18.1,0,11.3,28.010527,11.931579,12.552631,7.2578945,2019,1.0198445,.79164267,.91036713,.86677754,.90919733,.6381284,.99097633,1.0208584,1.2591667,.97083336,1.3566985,1.5776942
3203652,vfl-wolfsburg,82,0,rasenballsport-leipzig,23826,0,0,0,0,0,12.489473,9.836257,5.0684209,5.251462,2019,1.2168878,.92064166,1.2254949,.99634105,1.3525079,1.1042966,1.1741583,1.051373,1.7763158,1.5526316,1.1493734,1.0868421
3203653,hertha-bsc,44,2,sv-werder-bremen,86,2,0,28.700001,0,11.8,15.021052,20.526316,5.305263,8.0684214,2019,1.0930547,.7247504,1.3238635,.92030174,1.0329186,.64856422,1.1542315,.9044643,1.1976191,.50416666,1.6875,1.1833333
3203654,1-fsv-mainz-05,39,1,fortuna-dusseldorf,38,1,0,0,0,0,10.847368,7.6842103,3.4315789,2.8473685,2019,.97444212,.65733403,.85629183,.80638409,.98518097,.64839888,1.0763206,.90862572,1.2233334,.73000002,.7385965,.69473684
3203655,sc-freiburg,60,3,1-fc-union-berlin,89,1,52.349998,0,14.95,0,10.452632,.078947365,2.8736842,.021052632,2019,1.2278438,.95702994,1.4428359,.89320415,1.0326688,.85196429,1.4003816,.89258659,.85083336,.50416666,1.0358334,.69333333
3203656,fc-schalke-04,33,1,tsg-1899-hoffenheim,533,1,0,0,0,0,7.1633987,11.368421,2.6013072,4.6105261,2019,1.1938512,.90255231,1.130473,.85378134,1.2152134,.80952382,1.1277182,.82065475,1.2124779,.83234125,1.2869048,.48500001
3203657,sc-paderborn-07,127,1,1-fc-koln,3,2,0,3.3,0,.94999999,.21578947,2.4631579,.036842104,.70526314,2019,1.5818067,1.0560411,1.7413646,1.1541573,1.5220066,1.0456836,1.7395999,1.1947222,1.15,1.0625,1.9863095,1.725
3203658,borussia-dortmund,16,4,fc-schalke-04,33,0,17.9,0,11.45,0,11.305264,9.0789471,7.0999999,3.0947368,2019,1.0626407,.99439144,1.1025655,.90805244,1.2007773,1.1781683,1.1338941,.80930555,1.6935185,1.800926,1.1145635,.83660716
3203659,rasenballsport-leipzig,23826,1,sc-freiburg,60,1,0,50.900002,0,14.65,12.926316,10.878947,7.063158,3.0052631,2019,1.1495534,.89768225,1.1438632,.8815676,1.1100566,.9018172,.98157668,.77140874,1.1244048,1.02,.86190474,.59166664
3203660,eintracht-frankfurt,24,1,borussia-monchengladbach,18,3,13.6,0,5.9499998,0,9.5263157,27.126316,3.6315789,12.052631,2019,.81064016,.60262346,.98651123,.78550816,.86868006,.66256255,.85766953,.64122182,1.0385715,.8075,1.1591667,.99583334
3203661,sv-werder-bremen,86,1,bayer-04-leverkusen,15,4,22.15,10.2,9.4499998,6.5,16.378948,13.91579,6.3368421,6.7105265,2019,1.4419917,.95646363,1.0685506,.85497832,1.2690043,1.0111309,1.0043465,.90332431,1.4791666,1.1083333,1.2816666,.90333331
3203662,tsg-1899-hoffenheim,533,0,hertha-bsc,44,3,0,2.4000001,0,1,8.1210527,14.989473,3.2,5.1631579,2019,1.0732732,.82478803,2.014735,.91789258,.94456351,.73434526,2.0699477,.88239813,1.077738,.47666666,2.2909524,.98916668
3203663,fortuna-dusseldorf,38,0,sc-paderborn-07,127,0,0,0,0,0,6.8421054,.21578947,2.4421053,.036842104,2019,.86147523,.86340165,1.6845932,1.0793096,1.1264459,1.0314327,1.5408955,1.0123503,.76491231,.7473684,1.0625,.97083336
3203664,fc-augsburg,167,1,vfl-wolfsburg,82,2,2.7,0,.89999998,0,6.0421052,8.9315786,1.5105263,3.4736843,2019,.82402819,.53345549,1.2446983,.90197653,.87435895,.6558333,1.2627109,1.0866576,.83833331,.65833336,1.5225,1.325
3203665,1-fc-koln,3,2,1-fsv-mainz-05,39,2,3.3,0,.94999999,0,2.9473684,8.484211,.75789475,2.694737,2019,1.7773595,1.0734754,1.136063,.7794205,1.8121046,1.1328175,1.1900276,.76506555,2.1654761,1.55,1.14,.78500003
3203666,1-fc-union-berlin,89,0,fc-bayern-munchen,27,2,0,0,0,0,.042105265,23.748537,.015789473,18.461988,2019,1.5854993,.89350426,1.4411342,1.0656343,1.5531791,.85160714,1.5624903,1.2108134,.98166668,.45166665,1.3942982,1.2839599
3203667,fc-bayern-munchen,27,5,eintracht-frankfurt,24,2,0,14.3,0,6.3000002,20.736841,8.6421051,15.978948,3.3789473,2019,1.4900082,1.0852157,.82730687,.6080997,1.5970032,1.2180758,.85082293,.65809828,1.3779167,1.2072619,1.0427381,.84916669
3203668,borussia-monchengladbach,18,1,bayer-04-leverkusen,15,3,0,10.15,0,6.5,27.126316,12.905263,12.052631,6.2631578,2019,.98651123,.78550816,1.0567859,.83944684,.85766953,.64122182,.99323535,.8917172,1.1591667,.99583334,1.245,.87
3203669,vfl-wolfsburg,82,0,borussia-dortmund,16,2,0,17.9,0,11.45,10.852632,11.363158,4.3526316,7.1210527,2019,1.5158292,1.0332265,.98352981,.92434794,1.5385442,1.1638799,1.0930849,1.0796037,1.6975,1.45,1.4712963,1.6481482
3203670,hertha-bsc,44,4,1-fc-union-berlin,89,0,2.4000001,0,1,0,12.531579,.12631579,4.5157895,.047368422,2019,2.06794,.93968743,1.5794812,.9032799,2.0777256,.87475926,1.5130204,.86701119,2.2992857,.98916668,1.0191667,.50166667
3203671,1-fsv-mainz-05,39,0,rasenballsport-leipzig,23826,5,0,0,0,0,10.573684,15.4,3.3473685,8.0052633,2019,.98806685,.63753742,1.1462201,.89351559,.99148589,.62453526,1.1074376,.89765054,1.2816666,.73500001,1.0994048,1.0075001
3203672,sc-freiburg,60,0,sv-werder-bremen,86,1,60.549999,22.85,17.35,9.6000004,15.436842,14.752631,4.4105263,5.7947369,2019,1.2194737,.91068846,1.350729,1.0052724,.99477112,.7724008,1.400303,1.1047024,.68690479,.55000001,1.9541667,1.3083333
3203673,fc-schalke-04,33,0,fc-augsburg,167,3,0,2.7,0,.89999998,7.3947368,7.4894738,2.4894736,1.9105263,2019,1.2079822,.86782515,.84902817,.54884011,1.2098663,.77930558,.89102566,.66416669,1.2278968,.79077381,.83833331,.65833336
3203674,1-fc-koln,3,2,fortuna-dusseldorf,38,2,3.3,0,.94999999,0,3.4263158,6.5263157,.85263157,2.3842106,2019,1.6113805,.89986432,.85127932,.8026247,1.6366085,.99710315,1.0443658,.88811994,2.0904763,1.45,.63333333,.66842103
3203675,sc-paderborn-07,127,1,tsg-1899-hoffenheim,533,1,0,0,0,0,.21578947,8.3526316,.036842104,3.4105263,2019,1.6845932,1.0793096,1.2052753,.90850359,1.5408955,1.0123503,1.1260515,.81470239,1.0625,.97083336,1.2902381,.60166669
3203676,borussia-dortmund,16,0,fc-bayern-munchen,27,1,19.4,0,12.3,0,12.594737,20.736841,7.8947368,15.978948,2019,.96049243,.89928526,1.4900082,1.0852157,1.0621639,1.053288,1.5970032,1.2180758,1.428367,1.6283069,1.3779167,1.2072619
3203677,rasenballsport-leipzig,23826,2,hertha-bsc,44,2,0,2.4000001,0,1,15.836843,12.531579,8.3894739,4.5157895,2019,1.1062201,.92523825,2.06794,.93968743,1.0525424,.96265054,2.0777256,.87475926,.97940475,1.02,2.2992857,.98916668
3203678,bayer-04-leverkusen,15,1,vfl-wolfsburg,82,4,11,0,7.0500002,0,18.073685,9.1105261,8.7578945,3.5473685,2019,1.0735506,.85866255,1.4561702,.92635149,1.0382354,.92207432,1.4635442,1.0311021,1.3150001,.93666667,1.7808334,1.35
3203679,eintracht-frankfurt,24,3,sc-freiburg,60,3,11.2,57.599998,4.75,16.4,7.6473684,16.057896,3.0263157,4.6105261,2019,.82897353,.58836281,1.2036618,.83606726,.86675698,.63996643,.9846521,.67835319,1.0385715,.81999999,.87440479,.52499998
3203680,sv-werder-bremen,86,0,borussia-monchengladbach,18,0,21.549999,0,9.1499996,0,14.052631,26.521053,5.6210527,11.884211,2019,1.3924042,1.1658816,1.1690112,.73477292,1.4361761,1.2347023,1.078124,.62177742,2.0125,1.5,1.3591666,.95416665
3203681,tsg-1899-hoffenheim,533,3,1-fc-koln,3,1,0,3.3,0,.94999999,7.4736843,3.4526315,2.9789474,.86315787,2019,1.2140254,.90850359,1.6113805,.89986432,1.1398016,.81470239,1.6366085,.99710315,1.3027381,.60166669,2.0904763,1.45
3203682,fortuna-dusseldorf,38,2,fc-schalke-04,33,1,0,0,0,0,7.7368422,6.5526314,2.8736842,2.3,2019,.85629183,.80638409,1.1222334,.84934032,1.0763206,.90862572,1.1171895,.76125002,.7385965,.69473684,.99456352,.69910717
3203683,fc-augsburg,167,0,sc-paderborn-07,127,0,2.7,0,.89999998,0,6.2105265,.21578947,1.5736842,.036842104,2019,.8573615,.54429466,1.7671913,1.1643745,.89102566,.66416669,1.6886733,1.1234614,.83833331,.65833336,1.2625,1.1125
3203684,1-fc-union-berlin,89,1,1-fsv-mainz-05,39,1,0,0,0,0,.10526316,10.731579,.02631579,3.4052632,2019,1.6471219,.88168901,1.0576472,.67437947,1.5834371,.86701119,1.0794667,.6546489,.98166668,.46833333,1.3316667,.78500003
3203685,fc-bayern-munchen,27,5,fortuna-dusseldorf,38,0,0,0,0,0,19.505262,6.7842107,14.984211,2.3263159,2019,1.5498897,1.167321,.85646272,.85275,1.6692255,1.2871934,1.1004719,1.0072055,1.4204167,1.2947619,.65964913,.72105265
3203686,borussia-monchengladbach,18,4,1-fc-union-berlin,89,1,0,0,0,0,17.910526,.14210527,8.0578947,.042105265,2019,1.2219468,.83643955,1.4571036,.84934634,1.1662651,.75580519,1.3850154,.79191196,1.4758333,.97916669,.81916666,.47666666
3203687,vfl-wolfsburg,82,1,eintracht-frankfurt,24,2,0,13.9,0,5.75,11.410526,10.978948,4.4105263,4.0842104,2019,1.4635565,.99822652,.8508485,.63164133,1.4406276,1.0909632,.89993006,.7063126,1.7225,1.575,1.0760714,.88249999
3203688,hertha-bsc,44,2,fc-augsburg,167,0,2.4000001,2.7,1,.89999998,9.8421049,2.8894737,3.3947368,.72105265,2019,2.1130917,1.018213,.81986153,.4574815,2.0882812,.9223783,.83031136,.48916668,2.3659525,1.1391667,.73833334,.55833334
3203689,1-fsv-mainz-05,39,0,tsg-1899-hoffenheim,533,1,0,0,0,0,8.968421,4.5906434,2.8473685,1.7660819,2019,1.0416751,.69312948,1.1756823,.83501363,1.0401809,.67964888,1.1182122,.77449876,1.3483334,.78500003,1.3142858,.59824562
3203690,sc-freiburg,60,0,bayer-04-leverkusen,15,1,61.299999,10.2,17.450001,6.5,18.852633,15.9,5.4052629,7.4473686,2019,1.126519,.7896387,1.2361977,.93831164,.91798544,.62279761,1.1579828,.95471323,.87440479,.52499998,1.5066667,1.0700001
3203691,fc-schalke-04,33,0,sv-werder-bremen,86,1,0,23.049999,0,9.75,7.0789475,14.621053,2.4947369,5.8473682,2019,1.134371,.73600698,1.3631473,1.1074293,1.1762805,.68902779,1.4036363,1.1797024,1.1995635,.66160715,1.9625,1.4333333
3203692,1-fc-koln,3,2,rasenballsport-leipzig,23826,4,2.8,0,.89999998,0,3.3684211,13.035088,.84210527,6.7543859,2019,1.7021559,1.0204992,1.1707747,.86418372,1.7517794,1.0882937,1.1435895,.91340309,2.2529762,1.625,1.0528822,.85877192
3203693,sc-paderborn-07,127,1,borussia-dortmund,16,6,0,17.299999,0,10.9,.21578947,10.905263,.036842104,6.7526317,2019,1.8130246,1.1740714,1.0257692,.96983665,1.7186732,1.126636,1.1897557,1.1833824,1.2875,1.0958333,1.6181818,1.7671958
3203694,borussia-dortmund,16,1,hertha-bsc,44,0,15.85,2.4000001,9.9499998,1,6.5157895,13.852632,4.1263156,4.8578949,2019,1.0544205,1.0606898,2.0096068,.89083213,1.2596805,1.278837,2.0049479,.81850928,1.7218856,1.8458995,2.232619,.92666668
3203695,rasenballsport-leipzig,23826,1,sc-paderborn-07,127,1,0,0,0,0,14.189474,.13157895,7.4210525,.021052632,2019,.9845534,.80127996,1.7631735,1.1541264,.99279886,.89181721,1.7363122,1.1417947,.95440477,.97000003,1.3125,1.1458334
3203696,bayer-04-leverkusen,15,2,fc-bayern-munchen,27,4,11,0,7.0500002,0,19.057896,27.690058,8.9578943,21.573099,2019,1.0985507,.91250867,1.5169265,1.1520607,1.1032354,.92457432,1.6560576,1.2835687,1.2316667,1.0533333,1.456579,1.3585213
3203697,eintracht-frankfurt,24,0,1-fsv-mainz-05,39,2,12.45,0,5.1500001,0,8.8263159,9.1421051,3.2842104,2.7736843,2019,.84683067,.63092017,.96199846,.63958287,.89368004,.7063126,1.0245216,.62304717,1.0635715,.88249999,1.2983333,.79333335
3203698,sv-werder-bremen,86,0,vfl-wolfsburg,82,1,24.299999,0,10.25,0,15.631579,13.105263,6.0578947,5.1736841,2019,1.280925,1.0140959,1.3658506,.89820457,1.329394,1.0647024,1.4460442,1.0963799,1.6791667,1.2833333,1.6725,1.6
3203699,fortuna-dusseldorf,38,2,tsg-1899-hoffenheim,533,2,0,0,0,0,7.8631577,12.242105,2.9368422,5.063158,2019,.91273731,.82728195,1.3030108,.88628137,1.1223732,.92324561,1.2931349,.84386903,.79122806,.70789474,1.6194048,.63499999
3203700,sc-freiburg,60,1,borussia-monchengladbach,18,0,42.150002,0,11.85,0,17.294737,25.342106,5.0473685,11.378947,2019,1.1923308,.90509325,1.1690112,.73477292,1.0114378,.75684524,1.078124,.62177742,.88690478,.60000002,1.3591666,.95416665
3203701,fc-augsburg,167,1,1-fc-koln,3,1,2.7,3.3,.89999998,.94999999,5.4052629,2.9894736,1.4421053,.77894735,2019,1.0028918,.56817579,1.5710775,.85188448,1.1056089,.69583333,1.5504974,.84948415,1.0883334,.73333335,1.7779762,1.125
3203702,1-fc-union-berlin,89,1,fc-schalke-04,33,1,0,0,0,0,.073684208,3.4575164,.021052632,1.2156863,2019,1.5669812,.92396754,1.1820172,.86847997,1.4764043,.89270562,1.1687348,.79305553,.88916665,.54166669,1.2948854,.86937833
3203703,fc-bayern-munchen,27,2,borussia-monchengladbach,18,1,0,0,0,0,9.8894739,20.421053,7.6894736,9.1999998,2019,1.3150165,1.018912,1.1492385,.81800818,1.484781,1.12886,1.0312272,.71994656,1.6245834,1.1822619,1.3008333,.94583333
3203704,vfl-wolfsburg,82,2,sc-freiburg,60,2,0,58.900002,0,16.85,13.578947,16.6,5.2947369,4.7315788,2019,1.3869967,.93093485,1.1746324,.92240095,1.4502109,1.1152687,.9878267,.77390873,1.6808333,1.45,.87440479,.60000002
3203705,tsg-1899-hoffenheim,533,0,rasenballsport-leipzig,23826,2,0,0,0,0,9.7842102,14.552631,3.8578947,7.7473683,2019,1.3875346,.96512753,1.0806645,.84416687,1.3846231,.89386904,1.0111444,.87670732,1.6569048,.685,.99190474,.91166669
3203706,fortuna-dusseldorf,38,0,borussia-dortmund,16,1,0,14.4,0,8.8000002,8.0105267,7.194737,2.8684211,4.4105263,2019,.91178036,.81675559,.95644826,.98153031,1.1455847,.92032164,1.0726902,1.1578109,.7385965,.70789474,1.4385521,1.7301587
3203707,hertha-bsc,44,1,eintracht-frankfurt,24,4,2.4000001,12.9,1,5.5999999,13.805264,8.1210527,4.7210526,3.1894736,2019,2.0817223,.93364888,.83683068,.61571187,2.0809724,.83596957,.88256896,.70006257,2.270119,.90166664,1.0469048,.86583334
3203708,1-fsv-mainz-05,39,0,fc-augsburg,167,1,0,2.7,0,.89999998,10.515789,5.8105264,3.3210526,1.5631579,2019,1.2601731,.79807025,1.0495585,.61471426,1.2861882,.76828527,1.1785257,.74138892,1.4316666,.86000001,1.1633333,.85833335
3203709,fc-schalke-04,33,1,bayer-04-leverkusen,15,1,0,10.85,0,7,3.9346404,17.347368,1.4705882,8.4473686,2019,1.0809765,.86523324,1.1124765,.79650569,1.0175018,.78115082,1.0751497,.83944446,.96604937,.83101851,1.3991667,.98666668
3203710,1-fc-koln,3,1,1-fc-union-berlin,89,2,3.4736843,0,1,0,4.1695905,.14210527,1.1520468,.042105265,2019,1.5905126,1.2093999,1.5937489,.9815433,1.591689,1.2876775,1.5284877,.92246753,1.8276942,1.8421053,.96416664,.61666667
3203711,sc-paderborn-07,127,1,sv-werder-bremen,86,5,0,26.5,0,11.25,.08421053,17.978947,.015789473,7.0947371,2019,1.6181163,1.0648407,1.1917584,.99742925,1.5607566,1.0529058,1.2417316,1.0255357,1.1333333,.99583334,1.5875,1.2833333
3203712,borussia-dortmund,16,0,1-fsv-mainz-05,39,2,13.65,0,8.3000002,0,6.2789474,11.621053,3.8421052,3.6421053,2019,1.1134851,1.0203096,1.1774088,.76411301,1.2488177,1.2288219,1.2355655,.78040648,1.7523125,1.7706767,1.3983333,.85500002
3203713,rasenballsport-leipzig,23826,2,fortuna-dusseldorf,38,2,0,0,0,0,16.205263,5.5052633,8.531579,1.9210526,2019,.99622005,.82273829,.8802014,.76938719,.92741424,.85527873,1.1368128,.89400584,.86690474,.89499998,.7385965,.70789474
3203714,bayer-04-leverkusen,15,3,1-fc-koln,3,1,10.65,2.8,6.8499999,.89999998,17.731579,2.6526315,8.4263163,.7157895,2019,1.0711594,.86046398,1.7090262,1.1022633,1.0114821,.88957429,1.7204379,1.1732937,1.3125,1.02,1.9154762,1.575
3203715,borussia-monchengladbach,18,3,vfl-wolfsburg,82,0,0,0,0,0,19.826315,13.921053,8.8157892,5.6473684,2019,1.1747119,.88606375,1.3869967,.93093485,1.0302749,.7741313,1.4502109,1.1152687,1.1958333,1.0166667,1.6808333,1.45
3203716,eintracht-frankfurt,24,2,fc-schalke-04,33,1,14.6,0,6.0999999,0,9.031579,2.2573099,3.6052632,.7719298,2019,.84683067,.63092017,1.0903736,.79035658,.89368004,.7063126,1.0610502,.72349626,1.0635715,.88249999,1.1495405,.87625313
3203717,sv-werder-bremen,86,0,fc-bayern-munchen,27,1,24.450001,0,10.2,0,18.131578,15.1,7.0736842,11.510527,2019,1.2765623,.93860573,1.7627685,1.2104315,1.3117316,1.0130357,1.8275588,1.2999711,1.6791667,1.2083334,1.94125,1.4672619
3203718,sc-freiburg,60,2,hertha-bsc,44,1,58.900002,2.4000001,16.85,1,16.6,10.926316,4.7315788,3.9526315,2019,1.1746324,.92240095,2.1647809,.99136907,.9878267,.77390873,2.1196628,.87204182,.87440479,.60000002,2.4101191,1.0083333
3203719,fc-augsburg,167,1,tsg-1899-hoffenheim,533,3,2.7,0,.89999998,0,7.3789473,9.6473684,2.0421052,3.8842106,2019,1.0165281,.63044852,1.3224643,.84850073,1.1368589,.75138891,1.3723016,.85011905,1.1466666,.85833335,1.6469047,.685
3203720,1-fc-union-berlin,89,1,sc-paderborn-07,127,0,0,0,0,0,.14210527,.21578947,.042105265,.036842104,2019,1.5631933,.91487664,1.5596849,1.0263667,1.4701543,.89270562,1.4467288,.97115982,.88916665,.54166669,1.1,1.0041667
3203721,fc-bayern-munchen,27,3,sc-freiburg,60,1,0,51.450001,0,14.8,14.812865,9.3315792,11.409357,2.7315791,2019,1.4012274,1.0313148,1.232569,.9067083,1.4264507,1.0928913,1.036041,.77529764,1.2614036,1.1333333,.84523809,.5
3203722,rasenballsport-leipzig,23826,0,borussia-dortmund,16,2,0,11.15,0,6.75,13.189474,2.7421052,6.9789472,1.7315789,2019,1.0166527,.80800611,1.0726776,1.0202792,.95592463,.83587396,1.252534,1.239948,.95440477,.88666666,1.8496633,1.8783069
3203723,tsg-1899-hoffenheim,533,4,1-fc-union-berlin,89,0,0,0,0,0,10.768421,.073684208,4.3578949,.021052632,2019,1.3818799,.98101819,1.6433702,1.0256342,1.3874801,.93136907,1.5909877,.98675323,1.6469047,.685,1.0308334,.65833336
3203724,fortuna-dusseldorf,38,1,fc-augsburg,167,1,0,1.1,0,.2,7.6789474,7.226316,2.7473683,1.9578947,2019,.9047628,.82289594,1.0158703,.62732351,1.1439898,.93201756,1.1375083,.75138891,.7385965,.70789474,1.1266667,.85833335
3203725,hertha-bsc,44,2,bayer-04-leverkusen,15,0,2.5263157,10.9,1.0526316,7.0500002,12.280702,19.021053,4.3859649,9.2368422,2019,1.3556834,.67008346,1.1815941,.88650566,1.3270602,.62247765,1.1400535,.91671717,1.6615288,.57192981,1.4325,1.02
3203726,1-fsv-mainz-05,39,3,sv-werder-bremen,86,1,0,24.9,0,10.6,11.226315,19.968422,3.5736842,7.8631577,2019,1.1707287,.74807024,1.2965204,1.036715,1.1795216,.71828526,1.3317316,1.0880357,1.3316667,.82999998,1.7041667,1.3333334
3203727,fc-schalke-04,33,1,vfl-wolfsburg,82,4,0,0,0,0,3.7953217,10.578947,1.3508772,4.0894737,2019,1.0737532,.86543399,1.4771929,1.0238515,1.0466961,.79454887,1.4989609,1.1465187,1.219716,.85870928,1.6308334,1.425
3203728,1-fc-koln,3,1,eintracht-frankfurt,24,1,3.3,12.2,.94999999,5.1500001,1.7947369,8.8894739,.43684211,3.4105263,2019,1.5222138,.89683402,.76460844,.5817045,1.5056561,.98757935,.78214157,.63964593,1.7404761,1.4,.79690474,.73250002
3203729,sc-paderborn-07,127,1,borussia-monchengladbach,18,3,0,0,0,0,.0052631581,14.347368,0,6.5736842,2019,1.8390014,1.1337296,1.1774898,.87495261,1.70909,1.0373503,1.0245606,.75867677,1.375,.95416665,1.1708333,1.0041667
3203730,borussia-dortmund,16,0,tsg-1899-hoffenheim,533,4,13.65,0,8.4499998,0,3.7631578,10.921053,2.4736843,4.5105262,2019,1.0671152,1.0539818,1.1636548,.87491775,1.2201455,1.2686563,1.1873016,.87511903,1.8357744,1.9384921,1.4444047,.73500001
3203731,bayer-04-leverkusen,15,1,1-fsv-mainz-05,39,0,10.25,0,6.5,0,15.552631,12.336843,7.6157894,3.8,2019,1.1954691,.94615477,1.1825663,.7403639,1.1480694,.99439573,1.1997948,.6803301,1.4108334,1.1033334,1.375,.77499998
3203732,borussia-monchengladbach,18,2,hertha-bsc,44,1,0,2.4000001,0,1,22.863157,9.8578949,10.373684,3.4947369,2019,1.2146362,.80217487,1.3815343,.80523312,1.0426695,.63050753,1.3143164,.61540681,1.3041667,1.0041667,1.6284524,.5933333
3203733,vfl-wolfsburg,82,0,fc-bayern-munchen,27,4,0,0,0,0,12.510527,16.726316,4.9421053,12.810526,2019,1.4977812,.99902695,1.6614351,1.2542257,1.5223321,1.1224116,1.8211485,1.3955266,1.6683333,1.45,1.4970833,1.3572619
3203734,eintracht-frankfurt,24,3,sc-paderborn-07,127,2,15.65,0,6.6500001,0,11.663157,.08421053,4.4789472,.015789473,2019,.90273237,.62653762,1.8893982,1.1765074,.93340224,.67297924,1.7757566,1.114136,1.1160715,.89916664,1.4833333,1.1041666
3203735,sv-werder-bremen,86,6,1-fc-koln,3,1,26.5,.89999998,11.15,.2,19.326315,2.2157896,7.5789475,.62105262,2019,1.2420381,1.0110656,1.5683298,.97961175,1.2573268,1.0380358,1.5431714,1.0804365,1.2541667,1.1833333,1.5821428,1.6666666
3203736,sc-freiburg,60,4,fc-schalke-04,33,0,54.400002,0,15.5,0,11.373684,3.7953217,3.2210526,1.3508772,2019,1.2289976,.89837497,1.1658585,.89174974,1.036041,.77351189,1.1519592,.83402258,.86190474,.5,1.2723476,.96397245
3203737,fc-augsburg,167,1,rasenballsport-leipzig,23826,2,1.6,0,.69999999,0,6.2052631,12.005263,1.7052631,6.273684,2019,.90343297,.57891005,1.2723312,.83527261,1.0761447,.73638886,1.2533273,.90795732,1.13,.84166664,1.8085715,1.1491667
3203738,1-fc-union-berlin,89,3,fortuna-dusseldorf,38,0,0,0,0,0,.073684208,9.3421049,.021052632,3.3210526,2019,1.443512,.99962413,.87619132,.78591782,1.3672925,.9447096,1.1049721,.8909722,1.0583333,.80833334,.70166665,.67250001
