matchid,team_home,team_home_id,score_home,team_away,team_away_id,score_away,mu_coach_player_all_t1,mu_coach_player_all_t2,mu_coach_player_suc_t1,mu_coach_player_suc_t2,mu_rel_all_t1,mu_rel_all_t2,mu_rel_suc_t1,mu_rel_suc_t2,seasonyear,mean_goals_t1_bin_5,mean_assists_t1_bin_5,mean_goals_t2_bin_5,mean_assists_t2_bin_5,mean_goals_t1_bin_3,mean_assists_t1_bin_3,mean_goals_t2_bin_3,mean_assists_t2_bin_3,mean_goals_t1_bin_1,mean_assists_t1_bin_1,mean_goals_t2_bin_1,mean_assists_t2_bin_1
2225443,afc-sunderland,289,3,fc-reading,1032,0,17.833334,0,7.3333335,0,9.9346409,.21568628,3.0849674,.071895428,2012,.89257175,.58367765,.9760043,.60879308,.88766426,.65869391,.94327223,.55114377,.93981481,.65674603,1.2794118,1.0098039
2225444,swansea-city,2288,3,west-ham-united,379,0,0,26.5,0,9.7777777,12.75817,5.5686274,3.6666667,1.7320261,2012,.85506523,.57354003,1.1784062,.76173812,.8895092,.69662696,1.3935386,.82194364,.85370368,.48981482,1.6404762,1.1166667
2225445,aston-villa,405,1,fc-everton,29,3,0,94.833336,0,39.222221,7.9411764,37.516338,1.4248366,15.640523,2012,.91926241,.55527687,.90204149,.66780627,.98061699,.64574617,.96931428,.68918812,.73452383,.70833331,1.0759259,.68386245
2225446,fc-southampton,180,0,wigan-athletic,1071,2,0,49.666668,0,13.333333,.0065359478,21.091503,0,6.1437907,2012,1.145744,.75476617,.7872653,.50785774,1.3371252,.9384079,.7817505,.4526076,1.7083334,1.1074075,1.2435185,.44444445
2225447,manchester-united,985,3,fc-fulham,931,2,107.55556,19.111111,74.277779,7.2222223,36.045753,14.738562,25.437908,4.986928,2012,1.2696422,1.0041461,.98611796,.76011401,1.4595252,1.1012666,.92231458,.81612718,1.3314815,1.0787038,.53802907,.77314812
2225448,tottenham-hotspur,148,1,west-bromwich-albion,984,1,0,0,0,0,18.437908,11.797385,9.0718956,4.0718956,2012,1.0029575,.7126298,1.2388396,.86400396,1.0981209,.82993269,1.3686599,.99597162,1.4630952,1.2493386,.90145504,.83333331
2225449,fc-chelsea,631,2,newcastle-united,762,0,7.7222223,24.444445,3.4444444,11.666667,25.908497,15.79085,13.503268,7.7973857,2012,1.0942488,.87910753,1.0694602,.57911879,1.0758765,.9196201,1.1495723,.7169773,1.3245099,1.2029412,1.4981482,.89722222
2225450,norwich-city,1123,1,queens-park-rangers,1039,1,.16666667,9.9444447,0,3.3888888,11.124183,6.3660131,3.4705882,2.0588236,2012,1.4351133,.94763941,.93168825,.6849106,1.6070409,1.2169311,1.1145856,.88368946,1.2722223,.95925927,.84431219,.75462961
2225451,stoke-city,512,0,fc-arsenal,11,0,60.722221,33.944443,18.888889,19.111111,31.222221,7.5555553,9.666667,4.3137255,2012,.80097657,.57973468,1.0972267,.84856611,.70283931,.45323104,1.303944,.94768637,.58816528,.28235295,1.4350529,.94722223
2225452,fc-liverpool,31,2,manchester-city,281,2,2,42.888889,.6111111,28.222221,22.816994,23.228758,10.091503,15.124183,2012,1.150709,.97780818,1.040122,.76560378,1.1692631,1.0373888,1.0790135,.76896805,1.0790395,.80959594,.77671957,.66851854
2225453,newcastle-united,762,1,aston-villa,405,1,18.611111,0,8.7777777,0,11.745098,7.3006535,5.7516341,1.4444444,2012,1.0407565,.54786879,.9847734,.64353448,1.1290697,.67432863,1.0507996,.72188956,1.512037,.8740741,.89656085,.88240743
2225454,tottenham-hotspur,148,1,norwich-city,1123,1,0,.16666667,0,0,15.202615,10.261438,7.5947714,3.2287581,2012,.93480176,.64919454,1.3465736,.90635115,1.0191528,.77900678,1.4755563,1.1617454,1.340873,1.1715609,1.1657407,.91203701
2225455,swansea-city,2288,2,afc-sunderland,289,2,0,17.944445,0,7.3333335,10.24183,11.594771,3.1045752,3.5620916,2012,.80355555,.54192859,.97888494,.58032268,.93487352,.65535712,.93586856,.62409043,.8759259,.55092591,1.0272486,.69748676
2225456,fc-liverpool,31,0,fc-arsenal,11,2,2,31.277779,.6111111,17.222221,20.496733,7.6797385,9.1176472,4.3921571,2012,1.0978798,.99634969,1.1333488,.85510206,1.0738928,1.0103664,1.3343927,.95694566,1.0003358,.77255893,1.4628307,.95833331
2225457,fc-southampton,180,2,manchester-united,985,3,0,110.33334,0,75.777779,.0065359478,36.392159,0,25.477123,2012,1.2032098,.7997157,1.0843467,.87370521,1.3153095,.96962279,1.2336155,1.0235567,1.4198509,1.1579125,1.1611111,1.0259259
2225458,manchester-city,281,3,queens-park-rangers,1039,1,38.722221,12.944445,25.555555,4.8888888,19.51634,4.4640522,12.888889,1.503268,2012,1.1101909,.78875196,.9173227,.66910374,1.2098844,.81391758,.94022495,.67689931,.90899473,.76111114,.80820107,.6712963
2225459,fc-chelsea,631,4,fc-reading,1032,2,7.9444447,0,3.5,0,31.196079,0,16.862745,0,2012,1.1116149,.88503635,1.0957829,.70903212,1.103037,.93311214,1.0867106,.7371493,1.3715687,1.1882353,1.4203703,1.1111112
2225460,afc-sunderland,289,1,fc-liverpool,31,1,17.944445,2,7.3333335,.6111111,11.607843,18.457516,3.5947711,8.346405,2012,.90760291,.49951458,1.1876234,1.0965828,.85114634,.50927562,1.2191919,1.1757705,.96243387,.62341267,1.2567461,.95185184
2225461,fc-chelsea,631,1,stoke-city,512,0,6.5555553,45.555557,2.8888888,13.833333,22.993464,22.254902,12.607843,7.1307192,2012,1.0203664,.84162271,.92777973,.70906639,1.0194662,.91127473,.89105475,.68493479,1.3127451,1.2147058,.64698881,.64999998
2225462,fc-liverpool,31,1,manchester-united,985,2,2,105.72222,.6111111,72.166664,16.90196,31.810457,7.8169932,22.111111,2012,1.3367462,1.2779553,1.04094,.88069731,1.3812289,1.360114,1.2033687,1.0530741,1.4974868,1.0814815,1.1277778,1.0333333
2225463,stoke-city,512,1,manchester-city,281,1,46.666668,31.611111,14.277778,20.277779,21,16.941177,6.3856211,10.954248,2012,.92377645,.70544052,1.1629454,.88936675,.90336537,.72626477,1.2418085,.90850449,.66715688,.63823527,.94060844,.84074074
2225464,norwich-city,1123,0,west-ham-united,379,0,.16666667,26.5,0,9.7777777,10.071896,5.2745099,3.1241829,1.5882353,2012,1.2903639,.9032647,1.0122504,.73877513,1.3836468,1.1403619,1.2348965,.78999919,1.1009259,.94907409,1.5738095,1.1074075
2225465,queens-park-rangers,1039,0,fc-chelsea,631,0,10.888889,6.6111112,4.2222223,2.9444444,3.1045752,24.575163,1.0588236,13.437908,2012,1.0210264,.81592911,.92270333,.66261035,1.1939287,1.0194919,.93992072,.71363163,.8498677,.81018519,1.2892157,.99411762
2225466,fc-reading,1032,1,tottenham-hotspur,148,3,0,0,0,0,0,10.392157,0,4.6928105,2012,1.0732042,.69035798,1.1317273,.72709578,1.0906788,.7371493,1.1866131,.82235694,1.4342593,1.1111112,1.5575397,1.2132275
2225467,manchester-united,985,4,wigan-athletic,1071,0,95.888885,46.333332,65.611115,12.388889,27.908497,17.666666,19.509804,5.1111112,2012,1.1374867,.91331869,.79935378,.55078703,1.2845415,1.0698529,.80132121,.49939123,1.2537037,1.1,1.2316138,.4537037
2225468,fc-fulham,931,3,west-bromwich-albion,984,0,19.111111,0,7.1666665,0,13.215686,12.176471,4.5228758,4.1895423,2012,.93671453,.66691113,1.4432365,.96443129,.91919428,.69323593,1.5816228,1.066342,.61964285,.61388886,1.0496032,.7962963
2225469,fc-everton,29,2,newcastle-united,762,2,108.22222,22.722221,44.277779,10.722222,45.705883,13.150327,18.620914,6.5163398,2012,.86781532,.63562316,1.0435784,.54836631,.93420631,.65172118,1.1605071,.69944084,1.0472223,.64404762,1.437963,.8277778
2225470,fc-arsenal,11,6,fc-southampton,180,1,35,0,19.333334,0,11.647058,.0065359478,6.5751634,0,2012,1.1824375,.95232427,1.2218254,.86398476,1.3733938,1.0270845,1.3046041,1.0219617,1.4767196,.99007934,1.6782763,1.3358024
2225471,aston-villa,405,2,swansea-city,2288,0,0,0,0,0,6.3660131,8.986928,1.3267974,2.7450981,2012,1.0887417,.75483984,.87376314,.62133378,1.1898249,.8581329,1.0274662,.76141775,1.0013227,1.0421958,.94537038,.64814812
2225472,west-bromwich-albion,984,2,fc-everton,29,0,0,107.66666,0,44.388889,15.640523,44.986927,5.5163398,18.686274,2012,1.3364826,.94406933,.8742637,.64399672,1.4612525,1.0496753,.94153655,.66537863,1.0218254,.89629632,1.0342592,.64219576
2225473,west-ham-united,379,3,fc-fulham,931,0,26.5,19.333334,9.7777777,7.2222223,5.7516341,13.424836,1.7581699,4.5686274,2012,1.0731502,.68620902,.97124034,.71695924,1.3607664,.84846479,.94250435,.7666198,1.565873,1.0935185,.5602513,.7490741
2225474,wigan-athletic,1071,2,stoke-city,512,2,46.333332,55.222221,12.388889,17.111111,17.666666,26.287582,5.1111112,8.3137255,2012,.79935378,.55078703,.91927451,.68030006,.80132121,.49939123,.88920295,.65320295,1.2316138,.4537037,.64306724,.54607844
2225475,fc-arsenal,11,1,fc-chelsea,631,2,36.5,6.5555553,20.388889,2.8888888,8.640523,24.006536,4.9281044,13,2012,1.124763,.84769464,1.0203664,.84162271,1.3247772,.94768637,1.0194662,.91127473,1.4628307,.95833331,1.3127451,1.2147058
2225476,aston-villa,405,1,west-bromwich-albion,984,1,0,0,0,0,7.5882354,7.0980392,1.7908497,2.3660131,2012,1.0357527,.72810185,1.1839684,.87353003,1.1642551,.87947333,1.3050356,1.016799,.91613758,1.0005291,.92923278,.8277778
2225477,fc-everton,29,3,fc-southampton,180,1,95.555557,0,39.055557,0,39.189541,0,15.875817,0,2012,.85855603,.59371281,1.3265363,.8789795,.91322726,.59990495,1.4746659,1.0867765,1.0472223,.6996032,1.844943,1.4098766
2225478,west-bromwich-albion,984,1,fc-reading,1032,0,0,0,0,0,13.75817,0,4.5490198,0,2012,1.2229083,.83248687,1.0457188,.66094619,1.3488187,.95390815,1.0679516,.70011222,.84589946,.72222221,1.4574074,.94444442
2225479,west-ham-united,379,1,afc-sunderland,289,1,26.5,16,9.7777777,6.2222223,5.980392,13.104575,1.8039216,4.1633987,2012,1.0128446,.75474739,.88523823,.50463724,1.2413781,.83783871,.85246724,.53242373,1.5886244,1.1518519,.90410054,.59563494
2225480,wigan-athletic,1071,1,fc-fulham,931,2,43.666668,20.111111,11.555555,7.3333335,15.594771,14.405229,4.4509802,4.7973857,2012,.82527971,.56830841,1.1126919,.85782021,.80370218,.49939123,1.0332094,.84333515,1.0834656,.43148148,.52275133,.66018516
2225481,swansea-city,2288,0,fc-everton,29,3,0,94.833336,0,38.777779,8.9803925,37.725491,2.8300653,15.339869,2012,.876158,.62509316,.76371473,.58175111,1.0351381,.77729076,.80740714,.60241878,.94537038,.64814812,1.0166667,.66388887
2225482,fc-southampton,180,4,aston-villa,405,1,0,0,0,0,.0065359478,6.3660131,0,1.3267974,2012,1.2750255,.88307303,1.0887417,.75483984,1.3829221,1.0566839,1.1898249,.8581329,1.7190171,1.4098766,1.0013227,1.0421958
2225483,tottenham-hotspur,148,2,queens-park-rangers,1039,1,0,13.388889,0,5.1666665,8.6732025,2.9281046,3.7450981,.89542484,2012,1.0590392,.67476928,.85127044,.62182707,1.1346159,.782013,.8924616,.62273264,1.0714285,.89378309,.68875659,.56018519
2225484,manchester-city,281,1,fc-arsenal,11,1,36.055557,33.777779,23.722221,18.611111,19.601307,7.359477,13.156863,4.0980392,2012,1.2830511,.83121854,1.0829641,.84584278,1.3503284,.84590411,1.2679591,.9417941,1.0828042,.77592593,1.3961641,.94722223
2225485,newcastle-united,762,1,norwich-city,1123,0,21.5,.16666667,9.7777777,0,13.052288,8.4901962,6.1503267,2.6993463,2012,1.008515,.50634354,1.3711487,.90470642,1.0745282,.60011423,1.5017,1.1745659,1.3824074,.75833333,1.1842593,.94537038
2225486,newcastle-united,762,0,manchester-united,985,3,22.833334,109.77778,10.444445,75.222221,12.346405,36.607841,5.8496733,25.575163,2012,.98452914,.5180077,1.155212,.83254921,1.0634171,.62674564,1.3332025,.92029023,1.4101852,.81388891,1.2574074,.92592591
2225487,fc-southampton,180,2,fc-fulham,931,2,0,20.388889,0,7.6111112,.0065359478,15.555555,0,5.2679739,2012,1.194665,.80714715,.78569973,.72157681,1.322351,1.0011283,.7452271,.75980002,1.4375356,1.1876544,.36488095,.68981481
2225488,swansea-city,2288,2,fc-reading,1032,2,0,0,0,0,7.0653596,0,2.1895425,0,2012,.88266999,.63519418,1.1481633,.88755828,1.0258788,.77729076,1.1752467,.90613073,.94537038,.64814812,1.4666667,1.5277778
2225489,fc-chelsea,631,4,norwich-city,1123,1,6.5555553,.16666667,2.8888888,0,24.006536,8.5620918,13,2.6535947,2012,1.0203664,.84162271,1.3763087,.99112618,1.0194662,.91127473,1.5572556,1.3412325,1.3127451,1.2147058,1.1287037,.97314817
2225490,afc-sunderland,289,1,wigan-athletic,1071,0,14.277778,45.333332,5.6111112,12.055555,10.267974,16.189543,3.3856208,4.647059,2012,.94797325,.5803948,.77780497,.45719728,.94274503,.64723855,.76957518,.42531717,.96891534,.66970897,1.2593915,.48703703
2225491,fc-liverpool,31,0,stoke-city,512,0,2,48.888889,.6111111,15.111111,14.254902,22.333334,6.6078429,7.1699347,2012,1.3562462,1.3192507,.99327898,.78824347,1.3842432,1.3731288,.97859687,.79214799,1.5009972,1.1216331,.71757704,.73823529
2225492,manchester-city,281,3,afc-sunderland,289,0,43.111111,16.5,28.166666,6.8333335,28.352942,8.9934645,18.111111,2.9215686,2012,1.2982606,.97831905,.89811569,.5713039,1.3056109,.9657796,.87475747,.6364361,.93306881,.84629631,.95502645,.66970897
2225493,fc-reading,1032,2,newcastle-united,762,2,0,21.333334,0,9.8888893,0,12.444445,0,5.8954248,2012,1.1743071,.86590797,.91618699,.41745463,1.2308023,.91724187,.9808774,.49270684,1.6055555,1.5555556,1.3037037,.64722222
2225494,stoke-city,512,2,swansea-city,2288,0,43.722221,0,13.277778,0,20.058823,7.7973857,6.4248366,2.496732,2012,.94486451,.72956902,.88448006,.62284851,.9179908,.71607959,1.0305084,.77729076,.66757703,.70294118,.94537038,.64814812
2225495,queens-park-rangers,1039,1,west-ham-united,379,2,13.055555,26.5,5.1111112,9.7777777,2.7058823,4.5686274,.88235295,1.4117647,2012,.99031132,.784208,1.0591408,.76585847,1.1761036,.98371506,1.3632916,.89339423,.7572751,.67962962,1.6951058,1.0777777
2225496,fc-fulham,931,1,manchester-city,281,2,18.611111,41.888889,7,27.722221,13.653595,25.869282,4.6078429,17.568628,2012,1.0108401,.78559798,1.3116556,.94362247,.94802427,.8137055,1.3138425,.92755395,.57136244,.67870373,.97301584,.79444444
2225497,manchester-united,985,2,tottenham-hotspur,148,3,115.33334,0,79.055557,0,39.281044,8.6732025,27.40523,3.7450981,2012,1.1707003,.85741693,1.0590392,.67476928,1.3676932,.98561376,1.1346159,.782013,1.2944444,.89259261,1.0714285,.89378309
2225498,norwich-city,1123,2,fc-liverpool,31,5,0,2,0,.6111111,9.6862745,14.535948,3,6.6078429,2012,1.3209583,.98611075,1.3645309,1.3164495,1.4448187,1.2892123,1.3923452,1.3832297,1.05,.99629629,1.4547008,1.0892255
2225499,west-bromwich-albion,984,3,queens-park-rangers,1039,2,0,11.111111,0,4.2222223,10.555555,4.1568627,3.5620916,1.2156863,2012,1.2727536,.75349033,.9540329,.78685349,1.3851943,.79563493,1.1241195,.97512919,.99126983,.58240741,.71560848,.69907409
2225500,tottenham-hotspur,148,2,aston-villa,405,0,0,0,0,0,9.679739,7.5882354,4.3071895,1.7908497,2012,1.1847576,.70982224,1.0357527,.72810185,1.2261192,.81309766,1.1642551,.87947333,1.5575397,1.2132275,.91613758,1.0005291
2225501,wigan-athletic,1071,2,fc-everton,29,2,45.333332,94.111115,12.055555,38.5,16.189543,36.973858,4.647059,15.071896,2012,.77780497,.45719728,.87151897,.65414166,.76957518,.42531717,.93847978,.67308873,1.2593915,.48703703,1.0611111,.71349204
2225502,afc-sunderland,289,1,newcastle-united,762,1,16.277779,30.055555,6.7777777,13.388889,9.1437912,21.346405,3.0196078,10.019608,2012,.89550132,.57386798,1.0049657,.51587093,.888955,.65726942,1.0703615,.61384881,.97817463,.69748676,1.3962963,.81388891
2225503,norwich-city,1123,1,fc-arsenal,11,0,.16666667,30.166666,0,16.833334,10.359477,6.1633987,3.2549019,3.5163398,2012,1.4210391,1.0427134,1.1658353,.94464457,1.5905889,1.3739486,1.339049,.99762326,1.1796297,.99629629,1.5243697,.99243695
2225504,queens-park-rangers,1039,1,fc-everton,29,1,10.888889,86.055557,4.1111112,35.388889,4.0588236,29.777779,1.3267974,12.163399,2012,.94521457,.7720387,.86192906,.65642923,1.1214739,.96818471,.92260677,.6444692,.7378307,.69907409,.99166667,.58386242
2225505,swansea-city,2288,2,wigan-athletic,1071,1,0,45.333332,0,12.055555,7.7973857,16.189543,2.496732,4.647059,2012,.88448006,.62284851,.77780497,.45719728,1.0305084,.77729076,.76957518,.42531717,.94537038,.64814812,1.2593915,.48703703
2225506,tottenham-hotspur,148,2,fc-chelsea,631,4,0,6.6666665,0,2.9444444,9.013072,20.261438,4.2875819,10.51634,2012,1.0455642,.57390952,1.0617157,.84414798,1.0665072,.60785073,1.0648366,.90519005,1.365873,.86507934,1.3833333,1.2735294
2225507,west-bromwich-albion,984,1,manchester-city,281,2,0,44.5,0,28.944445,8.6209154,30.17647,3.0261438,19.444445,2012,1.2324759,.77963412,1.3082937,.85990024,1.3473636,.81078643,1.3614389,.8447839,.99404764,.59629631,1.0140212,.76666665
2225508,fc-liverpool,31,1,fc-reading,1032,0,2,0,.6111111,0,11.816994,0,5.1045752,0,2012,1.2690892,1.3095458,.96719211,.76808763,1.3025253,1.3887335,1.1184566,.878353,1.4095238,1.1185185,1.4018519,1.425926
2225509,manchester-united,985,4,stoke-city,512,2,118.27778,45.166668,80.944443,14.333333,42.130718,21.366013,29.156862,6.6339869,2012,1.0064025,.85522032,.87780374,.66826153,1.1957356,.99407935,.86706489,.65421093,1.3092593,.94259262,.60385156,.60294116
2225510,fc-fulham,931,1,aston-villa,405,0,15.111111,0,5.5555553,0,9.6928101,9.1241827,3.4575164,1.9738562,2012,1.0377461,.80967969,1.00888,.72051013,.92884439,.81327224,1.0841804,.82484365,.59120369,.93518519,.8791005,.9505291
2225511,fc-southampton,180,1,tottenham-hotspur,148,2,0,0,0,0,.0065359478,10.078431,0,4.5816994,2012,1.1916734,.7956087,.96382725,.59788436,1.3213589,.98426324,1.0694484,.70198655,1.4375356,1.1876544,1.0464286,.84656084
2225512,stoke-city,512,0,afc-sunderland,289,0,45.166668,18.055555,14.333333,7.3333335,21.366013,11.431373,6.6339869,3.5163398,2012,.87780374,.66826153,.90327132,.57386798,.86706489,.65421093,.88278216,.65109658,.60385156,.60294116,.95965606,.67896825
2225513,fc-liverpool,31,1,newcastle-united,762,1,2,29,.6111111,13.055555,10.490196,18.339869,4.4575162,8.4444447,2012,1.2640017,1.2858084,1.0418808,.53438944,1.2935897,1.3649961,1.1097134,.63657606,1.4170024,1.1336701,1.4240741,.81388891
2225514,manchester-united,985,2,fc-arsenal,11,1,95.555557,40.388889,66.055557,22,30.287582,11.385621,21.150328,6.2679739,2012,1.0729502,.90237284,1.1220065,.90080136,1.2630305,1.0354373,1.2811311,.96778643,1.2510582,.92870373,1.4864146,1.0042017
2225515,fc-fulham,931,2,fc-everton,29,2,17.055555,88.277779,6.3888888,35.833332,12.490196,32.653595,4.5490198,13.026144,2012,1.1776954,.9487136,.88276237,.6868214,1.0673975,.94020122,.92459089,.69901466,.63703704,1.050926,1.0055555,.71349204
2225516,fc-reading,1032,3,fc-fulham,931,3,0,16.666666,0,6.1666665,.052287582,12.24183,.0065359478,4.3986926,2012,1.156718,.84474641,1.1036214,.75625324,1.172469,.83858025,.96104831,.71356982,1.5222223,1.5648148,.62314814,.88425928
2225517,newcastle-united,762,2,west-bromwich-albion,984,1,29,0,13.055555,0,20.254902,9.8627453,9.4183006,3.4313726,2012,1.0418808,.53438944,1.2544057,.83388251,1.1097134,.63657606,1.3720549,.86634201,1.4240741,.81388891,1.0727513,.69351852
2225518,wigan-athletic,1071,2,west-ham-united,379,1,48.444443,24,12.722222,8.9444447,18.771242,4.3790851,5.2418299,1.4705882,2012,.75419384,.42941949,1.0548342,.81055886,.74874187,.39198384,1.3484806,.9349758,1.2435185,.46851853,1.6435574,1.137255
2225519,aston-villa,405,1,norwich-city,1123,1,0,.16666667,0,0,8.0653591,9.5359478,1.7712418,2.9281046,2012,1.0025308,.66090995,1.3763087,.99112618,1.0345263,.70555556,1.5572556,1.3412325,.88928574,.9171958,1.1287037,.97314817
2225520,fc-everton,29,2,fc-liverpool,31,2,96.055557,2,39.166668,.6111111,36.450981,15.156863,14.816994,6.7581701,2012,.89821124,.63219178,1.2640017,1.2858084,.94447726,.66486222,1.2935897,1.3649961,1.0388889,.61904764,1.4170024,1.1336701
2225521,west-ham-united,379,4,fc-southampton,180,1,22.666666,0,8.2777777,0,3.8039215,0,1.2679739,0,2012,1.0457845,.79245931,1.1670634,.76929289,1.3400773,.91816908,1.3167293,.97963363,1.6141456,1.0784314,1.4375356,1.1876544
2225522,manchester-city,281,1,swansea-city,2288,0,38.222221,0,24.388889,0,22.424837,6.973856,14.189543,2.1307189,2012,1.3281933,.80804616,.85160971,.59862125,1.3862714,.80307436,.97257197,.72636485,1.0736694,.76274508,.89907408,.63425928
2225523,fc-arsenal,11,1,queens-park-rangers,1039,0,38.5,11.388889,21,4.4444447,10.477124,3.5228758,5.7973857,1.1176471,2012,1.1439989,.94758499,.94147974,.7720387,1.3336003,1.0296098,1.1048617,.9526965,1.5250701,1.0630252,.73624337,.69351852
2225524,fc-chelsea,631,1,fc-liverpool,31,1,6.1666665,2,2.7777777,.6111111,16.372549,9.0065355,8.6732025,3.7189543,2012,.91506076,.87816423,1.286806,1.3616636,.91571504,.9476707,1.2944946,1.4202667,1.2245098,1.2588235,1.3824786,1.1401515
2225525,aston-villa,405,2,manchester-united,985,3,0,104.66666,0,72.277779,6.352941,33.006535,1.3725491,23,2012,.85649586,.62336999,1.0654708,.83234334,.87082148,.68260384,1.2518533,.9526425,.82354498,.91256613,1.2333333,.83796299
2225526,fc-chelsea,631,2,manchester-united,985,3,6.1666665,116.61111,2.7777777,80.166664,14.039216,41.888889,7.0784316,29.235294,2012,.91171569,.89181215,1.0871433,1.0113852,.90279955,.9530533,1.2979842,1.1700053,1.177451,1.2735294,1.2351851,1.0175925
2225527,fc-everton,29,2,afc-sunderland,289,1,88.5,15.555555,36.111111,6.6111112,33.150326,7.8300653,13.359477,2.6209149,2012,.94410497,.7016362,.94681317,.5864554,.99308836,.71614426,.93087417,.61405957,1.0944444,.71626985,.90873015,.59563494
2225528,newcastle-united,762,0,west-ham-united,379,1,20.444445,24,9.4444447,8.9444447,12.496732,4.3006535,6.1437907,1.3398693,2012,1.0800422,.61068928,1.0027683,.77247226,1.2029674,.76346999,1.2859107,.89692158,1.4935185,.9527778,1.5522487,1.074074
2225529,manchester-city,281,2,tottenham-hotspur,148,1,36.111111,0,22.833334,0,17.366013,10.679739,10.895425,4.9346404,2012,1.1565475,.87489438,1.0365154,.64175224,1.2224315,.87043512,1.1238415,.74201924,.92870373,.81851852,1.5398148,1.1481482
2225530,fc-reading,1032,0,norwich-city,1123,0,0,.16666667,0,0,.052287582,6.6862745,.0065359478,2.006536,2012,1.1437349,.85030192,1.4045917,1.0380067,1.1453557,.84274691,1.5813297,1.3776523,1.4481481,1.5388889,1.1101851,.9546296
2225531,fc-southampton,180,1,swansea-city,2288,1,0,0,0,0,.15151516,3.1904762,.030303031,.76190478,2012,1.2368604,.82554996,.75036424,.50307435,1.2534505,.93396163,.8344841,.59023809,1.5951923,1.3425926,.68333334,.22499999
2225532,stoke-city,512,1,queens-park-rangers,1039,0,53.722221,12.777778,16.444445,4.6666665,26.104576,6.0849671,7.9019608,1.862745,2012,.95239472,.75796264,.91210169,.73657572,.94155985,.7458517,1.0810963,.92458451,.67345941,.64999998,.70939153,.6712963
2225533,queens-park-rangers,1039,1,fc-reading,1032,1,12.777778,0,4.6666665,0,6.0849671,.052287582,1.862745,.0065359478,2012,.91210169,.73657572,1.1644795,.85099638,1.0810963,.92458451,1.1791941,.84706789,.70939153,.6712963,1.5268519,1.5759259
2225534,norwich-city,1123,1,stoke-city,512,0,.16666667,54.166668,0,17.166666,6.5098038,27.006536,1.9869281,8.5882349,2012,1.4154168,1.0315583,.95239472,.75796264,1.5924408,1.3838252,.94155985,.7458517,1.1287037,.97314817,.67345941,.64999998
2225535,afc-sunderland,289,0,aston-villa,405,1,18.055555,0,7.3333335,0,11.366014,5.6209149,3.4771242,1.0653595,2012,.90327132,.57386798,.85255945,.61686909,.88278216,.65109658,.8570869,.65019643,.95965606,.67896825,.8142857,.84312171
2225536,west-bromwich-albion,984,2,fc-southampton,180,0,0,0,0,0,9.666667,.0065359478,3.503268,0,2012,1.3222479,.89628017,1.3027846,.86968273,1.4644271,1.0157467,1.4201244,1.0328743,.95701057,.72592592,1.807906,1.4098766
2225537,fc-arsenal,11,3,fc-fulham,931,3,40.5,16.444445,22,6.1111112,13.90196,11.895425,7.6666665,4.2679739,2012,1.1654958,.93199569,1.2295473,.98495698,1.3258086,.99303895,1.1048975,.96952224,1.435582,.97619045,.62314814,.99537039
2225538,swansea-city,2288,1,fc-chelsea,631,1,0,5.6666665,0,2.6111112,6.4705882,12.477124,1.9869281,6.6209149,2012,.84328765,.60086596,.76827061,.66834384,.97720158,.72636485,.76116955,.70783186,.89907408,.63425928,1.0245098,.94999999
2225539,tottenham-hotspur,148,0,wigan-athletic,1071,1,0,46.222221,0,12.055555,9.5098038,16.137255,4.2418299,4.4575162,2012,1.1069068,.64828819,.71824616,.40349358,1.1831008,.75127852,.72559369,.36673132,1.5287037,1.1481482,1.2018518,.44074073
2225540,west-ham-united,379,0,manchester-city,281,0,24,36.388889,8.9444447,23.5,3.3071895,19.437908,1.2026144,12.601307,2012,1.0327754,.79095101,1.2283895,.73415363,1.3190688,.90556407,1.3047793,.722287,1.5651261,1.0588236,1.0060847,.65555555
2225541,fc-arsenal,11,5,tottenham-hotspur,148,2,40.611111,0,22,0,12.568627,11.771242,6.8888888,5.5686274,2012,1.0860502,.9058519,1.0504042,.6541791,1.2545404,.98765177,1.1391925,.75754213,1.5116247,1.0336134,1.5556878,1.1798942
2225542,wigan-athletic,1071,1,west-bromwich-albion,984,2,45.333332,0,11.888889,0,14.993464,8.2614384,4.2156863,2.9281046,2012,.73581153,.43523961,1.3328298,.9287588,.74642706,.39847735,1.4695441,1.0435245,1.2296296,.47777778,.9861111,.77407408
2225543,newcastle-united,762,1,swansea-city,2288,2,13.166667,0,6.1111112,0,6.8692808,7.5555553,3.503268,2.3202615,2012,.69066888,.41511175,.85590863,.58634055,.71518981,.46144381,.99638146,.73284632,.7814815,.5453704,.86759257,.56481481
2225544,manchester-city,281,5,aston-villa,405,0,33.722221,0,22.444445,0,20.137255,6.9542484,13.627451,1.4901961,2012,1.2691666,.96170545,.85649586,.62336999,1.3176357,.95533168,.87082148,.68260384,1.0001323,.91111112,.82354498,.91256613
2225545,queens-park-rangers,1039,1,fc-southampton,180,3,10.222222,0,3.7777777,0,3.4117646,.078431375,1.0130719,.013071896,2012,.77324718,.60563439,1.1820284,.82837218,.93569791,.79413581,1.2534577,.96034354,.64907408,.59722221,1.6042023,1.280247
2225546,norwich-city,1123,1,manchester-united,985,0,.16666667,109.5,0,74.888885,6.6862745,33.052288,2.006536,22.921568,2012,1.4045917,1.0380067,.83146042,.79858673,1.5813297,1.3776523,.98180777,.93862134,1.1101851,.9546296,.87883598,.80674601
2225547,fc-fulham,931,1,afc-sunderland,289,3,18.111111,15.166667,6.7777777,6,10.594771,10.529411,3.6993463,3.2679739,2012,1.2125882,.94949329,.92799664,.58649427,1.0963504,.93314993,.90476668,.66296744,.69259262,.9675926,.92910051,.66507936
2225548,fc-liverpool,31,3,wigan-athletic,1071,0,2,45.333332,.6111111,11.888889,17.398693,14.993464,7.9150329,4.2156863,2012,1.171061,1.2121137,.74970043,.45904914,1.1491243,1.2132285,.7603159,.42228687,1.1994098,.97163302,1.2177249,.45925927
2225549,fc-everton,29,1,norwich-city,1123,1,81.055557,.16666667,33.166668,0,25.973856,6.7254901,10.509804,2.0522876,2012,.74675685,.58165491,1.3880022,1.0280861,.78223372,.58471513,1.5862679,1.3776523,.78333336,.5283069,1.1287037,.97314817
2225550,fc-chelsea,631,0,manchester-city,281,0,2.5,34.777779,1.6111112,22.055555,15.444445,18.058823,7.9019608,11.346405,2012,.83301198,.86667985,1.3163406,1.0438484,.80985081,.92769718,1.3382626,1.023569,1.0245098,1.2,.99087304,.87777776
2225551,fc-southampton,180,2,newcastle-united,762,0,0,22.166666,0,10,.0065359478,10.588235,0,5.0457516,2012,1.2978504,.86188549,.84157503,.36186552,1.4401861,1.0529361,.94060868,.46174443,1.807906,1.4098766,1.2583333,.42962962
2225552,manchester-united,985,3,queens-park-rangers,1039,1,92.5,0,64,0,24.732027,4.0915031,17.411764,1.1045752,2012,1.0320376,.70583177,.82905537,.63600475,1.2177283,.81182462,.98168558,.81947005,1.2399471,.69748676,.66481483,.5777778
2225553,fc-reading,1032,2,fc-everton,29,1,0,68.944443,0,27.777779,.03267974,20.751635,0,7.973856,2012,1.1413592,.74659824,.73514527,.58496952,1.1175779,.70154321,.74571884,.59863585,1.3555555,1.0944444,.75555557,.54682541
2225554,west-bromwich-albion,984,2,fc-chelsea,631,1,0,6.1666665,0,2.7777777,11.196078,15.24183,3.9150326,7.6209149,2012,1.2499552,.93200791,.91171569,.89181215,1.3672049,1.0504689,.90279955,.9530533,.99404764,.90462965,1.177451,1.2735294
2225555,aston-villa,405,1,fc-reading,1032,0,0,0,0,0,7.0392156,.21568628,1.3398693,.071895428,2012,.82493019,.60383397,1.1244476,.71844453,.83625358,.65945566,1.1069719,.666821,.8328042,.92645502,1.3879629,1.0388889
2225556,aston-villa,405,0,fc-arsenal,11,0,0,42.666668,0,23.111111,5.6209149,11.96732,1.0653595,6.4836602,2012,.87038475,.62764347,1.0622941,.87822032,.88563627,.68723345,1.2354399,.9352451,.85132277,.92645502,1.4351541,.93067229
2225557,wigan-athletic,1071,3,fc-reading,1032,2,40.888889,0,10.722222,0,12.823529,.03267974,3.5620916,0,2012,.69556791,.3912825,1.1413592,.74659824,.70221406,.38099483,1.1175779,.70154321,1.1712962,.46388888,1.3555555,1.0944444
2225558,west-ham-united,379,1,stoke-city,512,1,24,50.111111,8.9444447,15.5,5.4901962,24.228758,1.6535947,7.4509802,2012,.94670188,.6790331,.95980215,.75399435,1.2154843,.84074879,.92943859,.74865752,1.3670635,1.1018518,.68228292,.67058825
2225559,fc-southampton,180,1,norwich-city,1123,1,0,.16666667,0,0,.0065359478,6.8758168,0,2.0849674,2012,1.2793318,.86188549,1.4048581,1.030015,1.4216676,1.0529361,1.6251569,1.3998746,1.7893875,1.4098766,1.1657407,1.0101852
2225560,manchester-united,985,1,west-ham-united,379,0,85,24,59.388889,8.9444447,26.17647,3.9084966,18.529411,1.1633987,2012,.98316193,.70647848,.95867282,.69202912,1.1527207,.80649352,1.2234107,.83135724,1.1473545,.73082012,1.4215686,1.1225491
2225561,stoke-city,512,1,fc-fulham,931,0,48.666668,19.277779,14.666667,6.8333335,24.026144,9.9019604,7.4379086,3.1764705,2012,.97832066,.76986736,.88639927,.58928597,.95166081,.7610032,.77328885,.58313352,.69698882,.68529409,.56064814,.7824074
2225562,afc-sunderland,289,2,west-bromwich-albion,984,4,18.055555,0,7.3333335,0,11.45098,7.1960783,3.490196,2.4509804,2012,.90327132,.57386798,1.361697,.95468473,.88278216,.65109658,1.4644271,1.0385642,.95965606,.67896825,1.0310847,.74444443
2225563,swansea-city,2288,0,fc-liverpool,31,0,0,2,0,.6111111,5.986928,19.169935,1.8235294,8.5163403,2012,.73717588,.56757551,1.2441605,1.2807412,.83676946,.6769821,1.2093095,1.278885,.74629629,.58796299,1.2364469,1.0086701
2225564,tottenham-hotspur,148,3,west-ham-united,379,1,0,24,0,8.9444447,9.9281044,5.5947714,4.4509802,1.7058823,2012,.94698113,.62406039,1.0105908,.83141404,1.02837,.71424145,1.2874539,.97487575,1.062037,.84814817,1.5046296,1.25
2225565,stoke-city,512,2,newcastle-united,762,1,48.666668,21.388889,14.666667,9.6111107,24.026144,10.607843,7.4379086,5.0653596,2012,.97832066,.76986736,.83919412,.35331851,.95166081,.7610032,.94060868,.46075237,.69698882,.68529409,1.2722223,.42962962
2225566,afc-sunderland,289,0,queens-park-rangers,1039,0,16.944445,1.3333334,6.7777777,.5,10.143791,3.6601307,2.7254901,1.1895425,2012,.91882688,.57778537,.80824077,.60822695,.89481914,.64646697,.96234095,.78912491,.97354496,.67896825,.65251321,.56944442
2225569,swansea-city,2288,3,west-bromwich-albion,984,1,0,0,0,0,5.6732025,10.163399,1.745098,3.4771242,2012,.6758942,.54745167,1.3235706,.89681435,.75828624,.64766115,1.4581139,.9949134,.7509259,.57407409,1.0218254,.79074073
2225570,tottenham-hotspur,148,2,fc-liverpool,31,1,0,2,0,.6111111,10.019608,16.803921,4.5359478,7.5686274,2012,.96087003,.63648731,1.2690892,1.3095458,1.0437208,.72976434,1.3025253,1.3887335,1.0779101,.8798942,1.4095238,1.1185185
2225571,wigan-athletic,1071,0,manchester-city,281,2,39.944443,34.833332,10.333333,22.611111,13,17.48366,3.509804,11.653595,2012,.7165041,.41773751,1.3265665,1.0004982,.73544818,.41168267,1.4048411,.99949497,1.2592592,.51481479,1.0914022,.88703704
2225695,swansea-city,2288,0,fc-arsenal,11,2,0,40.555557,0,22.555555,6.6862745,13.562092,2.1960785,7.6797385,2012,.71419472,.57912177,.91147053,.72521371,.80370748,.69766116,.99225593,.78345639,.78425926,.60185188,.95171958,.79166669
2225696,fc-reading,1032,0,wigan-athletic,1071,3,0,45.277779,0,12.166667,.12418301,17.137255,.039215688,4.9477124,2012,1.1354452,.78627831,.7288903,.42929161,1.2057374,.86682099,.70177066,.3623417,1.562963,1.6546296,1.2941177,.52058822
2225697,west-bromwich-albion,984,2,afc-sunderland,289,1,0,15.944445,0,6.6666665,13.908497,7.5555553,4.9411764,2.3071895,2012,1.3295382,.92650396,1.0104542,.60072309,1.4720029,1.0330087,1.0802358,.71200484,1.0662699,.87962961,1.1395502,.69748676
2225698,afc-sunderland,289,1,norwich-city,1123,1,16.5,.16666667,6.8888888,0,8.3267975,4.1503267,2.5751634,1.2418301,2012,1.0340011,.61186391,1.3210871,.94403219,1.118304,.73114061,1.4888763,1.2976269,1.1111112,.67896825,1.1166667,.99117649
2225699,fc-southampton,180,3,fc-liverpool,31,1,0,2,0,.6111111,.0065359478,10.431373,0,4.5228758,2012,1.1510249,.75632989,1.0565084,.96014345,1.2735194,.93565214,1.0414141,.96437883,1.7613122,1.3555555,1.2160053,.83148146
2225700,tottenham-hotspur,148,0,fc-fulham,931,1,0,14.5,0,5,8.7124186,8.2483664,4.2745099,2.7843137,2012,1.1766585,.71643752,1.1514246,.83132637,1.2127745,.80844986,.99544787,.76577783,1.6546296,1.1722223,.59537035,.8425926
2225701,stoke-city,512,0,west-bromwich-albion,984,0,44.888889,0,13.833333,0,20.241831,12.437908,6.1960783,4.4836602,2012,.99095482,.75308871,1.2536632,.85407931,.92288589,.74390918,1.4238547,.95355541,.67247897,.66176468,1.0051588,.81851852
2225702,west-ham-united,379,2,tottenham-hotspur,148,3,26.5,0,9.7777777,0,4.4967322,9.9084969,1.4836601,4.9477124,2012,1.0707667,.78792459,.9099471,.66996169,1.2648238,.88506091,.92309195,.76855087,1.443783,1.0407407,1.2370371,1.0981481
2225703,west-ham-united,379,2,manchester-united,985,2,26.5,105.5,9.7777777,73.055557,5.4248366,37.954247,1.7908497,26.705883,2012,1.1125474,.80997044,1.1977589,.93631542,1.4082652,.96314734,1.375891,1.0658447,1.667328,1.1564815,1.2880952,1.0798942
2225704,fc-everton,29,2,manchester-city,281,0,70.055557,35.555557,28.555555,22.888889,21.163399,17.006536,8.6274509,10.843137,2012,.87881178,.65103358,1.0621514,.79600686,.94139689,.67249566,1.1032561,.76537776,1.059804,.6917367,.705042,.65686274
2225705,aston-villa,405,0,manchester-city,281,1,0,31.611111,0,20.722221,3.8366013,16.79085,.74509805,11.267974,2012,.83659446,.58669478,1.0842271,.82041174,.98581266,.73855621,1.1507604,.82083654,.8920635,.91997355,.80476189,.75
2225706,manchester-united,985,1,fc-reading,1032,0,87.611115,0,60.333332,0,26.751635,.013071896,18.620914,.0065359478,2012,1.3052961,1.0123322,.9917528,.61323142,1.4625752,1.1017226,1.0248841,.65095401,1.5333333,1.2305555,1.3787037,1.15
2225707,fc-chelsea,631,1,west-bromwich-albion,984,0,2.5,0,1.6111112,0,22.398693,16.464052,12.287581,6.1045752,2012,1.234066,.91427231,1.184217,.81367844,1.2007793,.95988584,1.3311403,.88779813,1.7833333,1.332353,1.0113446,.74313724
2225708,aston-villa,405,3,queens-park-rangers,1039,2,0,4.8333335,0,2.1111112,4.4183006,2.2614379,.81045753,.77124184,2012,.95382881,.66396499,.93829346,.78784442,1.114362,.79424405,1.0807285,.92780781,.94576722,.85238093,.7962963,.79193121
2225709,manchester-city,281,4,newcastle-united,762,0,39.277779,13.277778,26.333334,6.6111112,24.529411,4.8627453,16.79085,2.4575164,2012,1.2800661,.95011759,.8649087,.45561036,1.3270832,.9313224,1.0375974,.62529659,.94920635,.86481482,1.2203704,.64259261
2225710,fc-everton,29,3,fc-reading,1032,1,75.666664,0,31.166666,0,24.967319,0,10.294118,0,2012,.90561593,.69802654,1.1533666,.79272121,.94262236,.70218754,1.2574403,.91718656,1.0215687,.6652661,1.6215687,1.8647059
2225711,queens-park-rangers,1039,0,manchester-united,985,2,5.1666665,107.66666,2.2777777,74.5,2.5228758,42.026142,.73856211,29.372549,2012,.93610805,.79048991,1.077706,.97927839,1.0751729,.92780781,1.27448,1.1296012,.7962963,.79193121,1.1796297,1.0175925
2225712,swansea-city,2288,1,newcastle-united,762,0,0,13.444445,0,6.2777777,6.6862745,6.4117646,2.1960785,3.0326798,2012,.71419472,.57912177,.92596328,.52599752,.80370748,.69766116,1.1244581,.71779102,.78425926,.60185188,1.225,.67685187
2225713,tottenham-hotspur,148,2,fc-arsenal,11,1,0,35.333332,0,19.5,12.993464,10.248366,6.346405,5.7843137,2012,1.049315,.71415359,1.0894265,.8671611,1.0943882,.83547008,1.2730399,.98732841,1.4731481,1.2092593,1.5028012,1.0735294
2225714,fc-chelsea,631,2,west-ham-united,379,0,2.5,15.5,1.6111112,5.6666665,22.398693,3.4117646,12.287581,1.0457517,2012,1.234066,.91427231,.88249511,.7037645,1.2007793,.95988584,1.0078022,.79555476,1.7833333,1.332353,1.2678572,.97592592
2225715,swansea-city,2288,1,tottenham-hotspur,148,2,0,0,0,0,4.6732025,14.254902,1.4640523,6.7581701,2012,.71045542,.54107463,1.1259338,.82277161,.78518897,.64905,1.1857249,.93853694,.76574075,.60185188,1.55,1.2803922
2225716,afc-sunderland,289,0,manchester-united,985,1,13.777778,64.722221,5.3888888,45.555557,8.3137255,19.954248,2.4248366,14.078431,2012,.82847416,.48282987,1.0389794,.88632131,.95377898,.5826838,1.1230191,1.0154479,.90343916,.61415344,1.1074075,1.1111112
2225717,fc-southampton,180,2,fc-chelsea,631,1,0,7.4444447,0,4.5,.071895428,21.045752,.013071896,12.045752,2012,1.0524869,.64772505,1.1575588,.95285499,1.1075141,.77917069,1.0934561,.95668715,1.5701357,1.1398693,1.6656862,1.2343137
2225718,wigan-athletic,1071,0,fc-liverpool,31,4,45.277779,2,12.166667,.6111111,17.137255,16.137255,4.9477124,7.4052286,2012,.7288903,.42929161,1.0781934,1.0439624,.70177066,.3623417,1.0924113,1.1073081,1.2941177,.52058822,1.3123728,.93922561
2225719,fc-fulham,931,3,queens-park-rangers,1039,2,16.111111,5.1666665,5.6666665,2.2777777,9.4771242,2.0261438,3.3006537,.55555558,2012,.93891776,.72803932,.88560295,.72323847,.82768697,.68584156,1.0381359,.86669672,.49484128,.8425926,.7962963,.79193121
2225720,fc-arsenal,11,0,fc-everton,29,0,45.611111,71.833336,25.166666,29.5,13.183006,28.058823,7.3006535,11.562092,2012,1.093467,.88620871,.82119083,.62750125,1.2799081,1.005847,.87081003,.63606071,1.5371149,1.1176471,.96481484,.61441797
2225721,fc-arsenal,11,4,fc-reading,1032,1,43.944443,0,24.166666,0,12.542483,.071895428,6.9477124,.039215688,2012,1.0038761,.77809322,.95037562,.64115161,1.1749418,.86864156,.93907064,.68251961,1.3498677,.90277779,1.3592592,.96944445
2225722,fc-everton,29,1,stoke-city,512,0,68.666664,46.611111,28.222221,14.111111,20.725491,21.48366,8.5228758,6.4705882,2012,.78327715,.55805677,.97613996,.68337196,.83850181,.56870121,.9050408,.63240957,.90370369,.45423281,.68620449,.59117645
2225723,wigan-athletic,1071,2,newcastle-united,762,1,45.333332,14.277778,12.166667,6.7777777,15.529411,6.4183006,4.5098038,2.9215686,2012,.70904905,.35664204,.86419082,.44266418,.71764368,.3623417,1.0649343,.61846441,1.25,.49166667,1.187963,.5796296
2225724,stoke-city,512,0,west-ham-united,379,1,42.388889,15.5,12.722222,5.6666665,17.758169,2.9346404,5.1764708,.89542484,2012,.91959304,.69273961,1.0306432,.76631963,.86185896,.63319302,1.2037127,.85419673,.59306723,.56764704,1.4298942,.96666664
2225725,manchester-united,985,4,norwich-city,1123,0,81.333336,.16666667,57.166668,0,30.699347,4.4313726,21.620914,1.3202615,2012,1.2615849,.97627646,1.2479467,.9557606,1.4604919,1.1104654,1.4520077,1.3107582,1.3481481,1.1009259,1.2,.9519608
2225726,afc-sunderland,289,2,fc-fulham,931,2,16,14.5,6.7647057,5,7.6691175,8.2483664,2.3308823,2.7843137,2012,1.0544128,.6291393,1.1410782,.8034361,1.1330839,.74800509,.99309099,.7523098,1.1869748,.71890754,.59537035,.8425926
2225727,aston-villa,405,1,fc-liverpool,31,2,0,0,0,0,4.2745099,21.816994,.73202616,9.9542484,2012,.81172591,.55805331,1.2063482,1.1211283,.95597529,.68498474,1.1785223,1.1045303,.82169312,.76441801,1.3160765,.95311445
2225728,fc-southampton,180,1,queens-park-rangers,1039,2,0,5.1666665,0,2.2777777,.071895428,1.9019607,.013071896,.58823532,2012,1.147876,.79603601,1.0277483,.76215422,1.2409467,.9640913,1.0815703,.90985906,1.5745727,1.280247,.76190478,.73637569
2225729,norwich-city,1123,0,fc-southampton,180,0,.16666667,0,0,0,4.4313726,.0065359478,1.3202615,0,2012,1.2479467,.9557606,1.1579694,.6671043,1.4520077,1.3107582,1.2928096,.84339023,1.2,.9519608,1.78092,1.2614379
2225730,queens-park-rangers,1039,3,afc-sunderland,289,1,4.5555553,15.833333,2.0555556,6.6111112,2.509804,7.1895423,.80392158,2.1960785,2012,1.0851595,.77870017,.90361661,.5729453,.99823695,.73521519,.96356916,.68025881,.77777779,.67156082,1.017328,.66574073
2225731,west-bromwich-albion,984,2,swansea-city,2288,1,0,0,0,0,12.673203,6.2418299,4.4379086,2.006536,2012,1.1842188,.86556435,.74051052,.60980439,1.2710769,.96404922,.80875796,.74766111,.90145504,.8277778,.78425926,.60185188
2225732,fc-liverpool,31,3,tottenham-hotspur,148,2,2,0,.6111111,0,14.90196,7.9542484,6.640523,3.6143792,2012,.987064,.89069897,.88987899,.63042802,.97196972,.89493442,.97854489,.73167419,1.0910053,.84537035,.9519608,.77058822
2225733,newcastle-united,762,2,stoke-city,512,1,12.444445,40.888889,5.7777777,12.388889,4.3921571,16.339869,2.0326798,4.9150329,2012,.84130722,.44907442,.99684703,.69938505,1.0071741,.61362433,.91278487,.64138395,1.187963,.58425927,.63718486,.56764704
2225734,fc-reading,1032,1,aston-villa,405,2,0,0,0,0,.013071896,4.4183006,.0065359478,.81045753,2012,1.0706372,.67355561,.95382881,.66396499,1.1028185,.70635772,1.114362,.79424405,1.4598039,1.1196078,.94576722,.85238093
2225735,manchester-city,281,1,wigan-athletic,1071,0,40.722221,45.277779,25.777779,12.166667,23.960785,18.522877,15.183006,5.4117646,2012,1.2356007,.82453579,.7288903,.42929161,1.2947955,.81904578,.70177066,.3623417,.92275131,.76296294,1.2941177,.52058822
2225736,fc-fulham,931,0,fc-chelsea,631,3,13.333333,6.6111112,4.7222223,3.8888888,6.1176472,16.59477,2.2026143,9.4183006,2012,1.0504334,.7259143,1.2476822,.92561734,.92131138,.65292311,1.1915201,.97192287,.50687832,.5009259,1.8127451,1.3813726
2225737,west-bromwich-albion,984,5,manchester-united,985,5,0,103,0,70.611115,11.594771,29.228758,3.862745,20.457516,2012,1.1726868,.75792545,1.0006466,.78406912,1.2988547,.87454307,1.1281466,.8906619,.82923281,.71666664,1.0120448,.9277311
2225738,wigan-athletic,1071,1,norwich-city,1123,0,45.277779,.16666667,12.166667,0,15.686275,4.5882354,4.5816994,1.4183006,2012,.7288903,.42929161,1.1433679,.90863991,.70177066,.3623417,1.3252929,1.2362684,1.2941177,.52058822,1.0333333,.89705884
2225739,west-ham-united,379,3,west-bromwich-albion,984,1,26.5,0,9.7777777,0,5.019608,14.248366,1.5816994,5.1437907,2012,1.0251826,.75932008,1.296322,.87544686,1.2387546,.87580168,1.4608917,1.0188332,1.4345238,1.0870371,.95701057,.75370371
2225740,stoke-city,512,1,aston-villa,405,3,38.888889,0,12.111111,0,20.928104,4.006536,6.5555553,.84967321,2012,1.0118543,.74201393,.97210747,.63261759,.96733034,.7536217,1.0895935,.7672599,.70189077,.67352939,.91613758,.89219576
2225741,west-bromwich-albion,984,1,fc-arsenal,11,2,0,41.277779,0,22.777779,10.732026,10.418301,3.7124183,5.8104577,2012,1.1737041,.84172499,1.0038761,.77809322,1.2919246,.97547323,1.1749418,.86864156,.87605041,.73921567,1.3498677,.90277779
2225742,newcastle-united,762,0,fc-arsenal,11,1,18.388889,49.444443,8.5,27.277779,7.006536,15.601307,3.3725491,8.640523,2012,.8799513,.47013247,1.093467,.88620871,1.0206001,.62407607,1.2799081,1.005847,1.262037,.63981479,1.5371149,1.1176471
2225743,tottenham-hotspur,148,1,afc-sunderland,289,0,0,0,0,0,11.954248,3.2418301,5.4183006,1.0718955,2012,1.2518899,.87039542,.77202457,.51046777,1.2873116,.96215361,.88013142,.62425447,1.7083334,1.3203703,.83981484,.58174604
2225744,fc-arsenal,11,3,norwich-city,1123,1,39.388889,.16666667,21.388889,0,11.03268,2.6601307,6.0392156,.77777779,2012,1.0418003,.84831011,1.243288,.81069887,1.2382414,.96418029,1.3883054,1.1416814,1.5135854,1.0588236,1.0529412,.87352943
2225745,aston-villa,405,1,fc-fulham,931,1,0,13.555555,0,4.7777777,3.006536,7.4248366,.66013074,2.5359478,2012,.93482679,.55427003,1.0754334,.77073222,1.1240842,.71422958,.95900983,.71707654,.9383598,.79497355,.52592593,.59814817
2225746,tottenham-hotspur,148,2,fc-everton,29,2,0,68.666664,0,28.222221,5.4313726,20.607843,2.6993463,8.4771242,2012,.96784621,.60668188,.78327715,.55805677,.91462636,.59183931,.83850181,.56870121,1.237963,.74629629,.90370369,.45423281
2225747,manchester-city,281,2,norwich-city,1123,3,0,0,0,0,21.30719,7.2352943,14.261438,2.1307189,2012,1.2451652,1.0382161,1.2527726,1.019914,1.2492952,1.0301735,1.5202007,1.4372202,.85568786,.91666669,1.3,1.1120371
2225748,fc-chelsea,631,2,tottenham-hotspur,148,2,7.4444447,0,4.5,0,16.470589,12.411765,9.2483664,5.7189541,2012,1.2990992,.95368749,1.1740391,.81136763,1.2447015,.98723626,1.2426687,.91122764,1.8303921,1.3696078,1.6953703,1.287037
2225749,swansea-city,2288,0,fc-fulham,931,3,0,15.555555,0,5.6666665,6.9477124,8.5490198,2.1895425,3.0784314,2012,.65503216,.52055109,1.1707063,.95432234,.70212018,.60229075,1.0813847,.92206287,.66018516,.50462961,.54576719,.73703706
2225750,fc-everton,29,2,queens-park-rangers,1039,0,79.5,4.8333335,32.833332,2.1111112,28.052288,1.8888888,11.503268,.64705884,2012,.87430978,.67379755,1.0191505,.74395311,.91340262,.68193614,1.0820112,.90005517,1.0064815,.66997355,.76560849,.73637569
2225751,fc-reading,1032,0,manchester-city,281,2,0,0,0,0,.05882353,20.843138,.03267974,14.248366,2012,.85446036,.54952067,1.2471493,1.0382161,.98671561,.68523729,1.250211,1.026677,1.1222222,.91388887,.84642857,.91666669
2225752,fc-southampton,180,1,stoke-city,512,1,0,36.444443,0,11.111111,.0065359478,18.424837,0,5.6274509,2012,1.1093872,.77731347,.90533072,.62614942,1.2174315,.95017815,.82728404,.6147328,1.3047276,1.1277778,.84754902,.58333331
2225753,newcastle-united,762,0,afc-sunderland,289,3,17.5,0,8.0555553,0,7.5490198,5.8823528,3.6928105,1.7777778,2012,.96792531,.54782951,.74052137,.50920349,1.15564,.72982806,.84363455,.62696207,1.2861111,.74629629,.85899472,.62804234
2225754,fc-reading,1032,0,fc-liverpool,31,0,0,0,0,0,.05882353,21.20915,.03267974,9.7058821,2012,1.0563122,.66517723,1.1507926,1.0420685,1.1013341,.74079287,1.1785223,1.0906415,1.387037,1.0759259,1.4271877,.95311445
2225755,manchester-city,281,1,west-bromwich-albion,984,0,34.611111,0,22.666666,0,16.137255,11.215686,10.607843,4.006536,2012,1.2066288,.98266053,1.2283909,.73606956,1.1917708,.94889927,1.3641568,.79590547,.78161377,.80555558,.96944445,.63518518
2225756,stoke-city,512,1,tottenham-hotspur,148,2,38.888889,0,12.111111,0,20.928104,8.3006535,6.5555553,3.6666667,2012,1.0118543,.74201393,1.2495751,.84879047,.96733034,.7536217,1.2803671,.92974615,.70189077,.67352939,1.6898148,1.2509259
2225757,norwich-city,1123,1,aston-villa,405,2,.16666667,0,0,0,4.1503267,5.0653596,1.2941177,.98039216,2012,1.2434824,.90880293,.98935515,.64590734,1.4392594,1.2665412,1.0993158,.75535512,1.0872549,.99117649,.90502644,.81997353
2225758,fc-fulham,931,2,fc-reading,1032,4,13.944445,0,5,0,7.4313726,.05882353,2.6013072,.03267974,2012,.96123582,.907637,1.0535344,.66517723,.90273273,.89664,1.0962836,.76301509,.43333334,.79259259,1.3222222,1.1222222
2225759,manchester-united,985,2,swansea-city,2288,1,102.55556,0,70.333336,0,32.124184,5.8496733,22.418301,1.8366013,2012,1.0054417,.76828754,.65503216,.52055109,1.1418607,.8782177,.70212018,.60229075,1.0510582,.93174601,.66018516,.50462961
2225760,fc-liverpool,31,1,queens-park-rangers,1039,0,0,.72222221,0,.44444445,10.836601,2.359477,4.8169932,.75816995,2012,.83024591,.68792123,.95617431,.60094064,.91456735,.77867562,.90934801,.61160409,1.2287749,.58922559,.73333335,.4910053
2225761,afc-sunderland,289,1,fc-southampton,180,1,0,0,0,0,5.006536,.0065359478,1.6078432,0,2012,.75241596,.43064007,1.1170744,.78816754,.87225407,.55064332,1.1932726,1.0112695,.75251323,.4058201,1.2868024,1.1202614
2225762,fc-chelsea,631,2,fc-everton,29,1,7.4444447,75.777779,4.5,30.611111,11.117647,29.431372,6.2222223,11.79085,2012,1.2040631,1.0080318,.77394599,.5696581,1.1241105,.98875976,.85113412,.59767687,1.471875,1.2489583,.97314817,.62552911
2225763,fc-southampton,180,1,west-ham-united,379,1,0,26.5,0,9.7777777,.078431375,4.9607844,.013071896,1.503268,2012,1.3270901,.88820124,.92201287,.66209787,1.4448158,1.0575657,1.2005963,.84318393,1.807906,1.4098766,1.4663866,1.0627451
2225764,norwich-city,1123,2,swansea-city,2288,2,.16666667,0,0,0,3.496732,5.647059,1.0653595,1.8039216,2012,1.1679431,.90699518,.7299242,.59389132,1.3514367,1.2490889,.79519379,.69210559,1.0529412,.93235296,.78425926,.60185188
2225765,stoke-city,512,0,manchester-united,985,2,49.722221,98.888885,14.944445,68.555557,22.61438,30.261438,6.6797385,21.352942,2012,.97826654,.68549848,1.190066,.84782523,.9050408,.63240957,1.3448063,.92870671,.68620449,.59117645,1.3047619,1.0206349
2225766,norwich-city,1123,4,west-bromwich-albion,984,0,.16666667,0,0,0,6.2026143,11.124183,1.8758169,4.006536,2012,1.3994278,.96806216,1.2816316,.89083147,1.6337038,1.3498745,1.4215642,1.0101912,1.2305555,.97314817,1.0138888,.85740739
2225767,fc-fulham,931,0,fc-arsenal,11,1,14.666667,45.611111,5.1666665,25.166666,6.8039217,13.183006,2.3921568,7.3006535,2012,1.1693792,.91427362,1.093467,.88620871,1.0608817,.87108684,1.2799081,1.005847,.59021163,.74537039,1.5371149,1.1176471
2225768,queens-park-rangers,1039,1,newcastle-united,762,2,5.1666665,20.111111,2.2777777,9.2777777,2.6601307,7.1372547,.82352942,3.4248366,2012,.85120833,.69055873,.86090368,.45630643,.99369144,.83197445,1.0002296,.61613959,.75462961,.65304232,1.262037,.63981479
2225769,fc-fulham,931,1,fc-liverpool,31,3,13.944445,0,5,0,6.9084969,7.4379086,2.3856208,3.2156863,2012,1.1845951,.97416359,.90392983,.73947561,1.0841625,.94146323,.98503214,.83164448,.53981483,.76481479,1.3317281,.63663101
2225770,wigan-athletic,1071,2,swansea-city,2288,3,40.833332,0,10.777778,0,11.620915,8.6339865,3.1764705,2.8300653,2012,.76479459,.45805967,.69348413,.51714867,.71622419,.36384293,.7503497,.61591512,1.3215686,.49607843,.52499998,.39814815
2225771,afc-sunderland,289,1,fc-everton,29,0,0,84,0,34.333332,4.3333335,28.993464,1.3660131,11.915032,2012,.73943204,.49809238,.83291286,.61486506,.83128887,.60612875,.89372671,.63513476,.84973544,.60026455,1.0148149,.6533069
2225772,queens-park-rangers,1039,0,stoke-city,512,2,.66666669,46.611111,.33333334,14.111111,2.2222223,21.48366,.57516342,6.4705882,2012,1.0039009,.71375704,.97613996,.68337196,1.0918877,.89874798,.9050408,.63240957,.79801589,.73637569,.68620449,.59117645
2225773,west-bromwich-albion,984,1,newcastle-united,762,1,0,14.444445,0,6.8333335,10.346405,5.9673204,3.6470587,3.0915034,2012,1.1619297,.90009069,.94974792,.51833397,1.272532,1.0379469,1.089304,.6532287,.92460316,.85092592,1.3138889,.81574076
2225774,west-ham-united,379,4,fc-reading,1032,2,26.5,0,9.7777777,0,4.8954248,.05882353,1.5816994,.03267974,2012,.95909297,.64533877,.80148476,.5098381,1.2410566,.85845852,.89782673,.61810768,1.3193277,1.0235294,1.0898148,.74722224
2225775,swansea-city,2288,0,fc-southampton,180,0,0,0,0,0,8.1307192,.078431375,2.5751634,.013071896,2012,.66478312,.5395152,1.1820284,.82837218,.75273067,.64766115,1.2534577,.96034354,.7509259,.57407409,1.6042023,1.280247
2225776,wigan-athletic,1071,2,aston-villa,405,2,31.333334,0,8.5555553,0,6.6143789,5.0522876,1.9673202,1.0261438,2012,.81324673,.49581987,.93683815,.53621447,.76469529,.41997936,1.0761142,.63143736,1.4614583,.609375,.82288361,.66666669
2225777,fc-liverpool,31,2,fc-chelsea,631,2,0,6.6111112,0,3.8888888,21.20915,19.993464,9.7058821,11.51634,2012,.96825296,.79206848,1.2503277,.92826283,1.0025965,.84064144,1.1957936,.97619635,1.2882987,.78644782,1.8127451,1.3813726
2225778,norwich-city,1123,2,fc-reading,1032,1,.16666667,0,0,0,4.4705882,.05882353,1.3398693,.03267974,2012,1.2041079,.87636244,.95104903,.6096217,1.360247,1.2017264,.96244514,.66671878,1.0284314,.93235296,1.312963,.90925926
2225779,manchester-united,985,3,aston-villa,405,0,97.444443,0,67.222221,0,29.575163,4.2549019,20.90196,.97385621,2012,1.2233999,.97318411,.99038231,.6394552,1.4036686,1.1163497,1.1129731,.77651918,1.3806878,1.1539682,.91058201,.90608466
2225780,tottenham-hotspur,148,3,manchester-city,281,1,0,42.277779,0,27.555555,9.6143789,23.215687,4.5294118,15.183006,2012,1.2067511,.76545715,1.2288756,.79552823,1.2428671,.84548694,1.270874,.76465571,1.6453704,1.1722223,.92275131,.68888891
2225781,aston-villa,405,6,afc-sunderland,289,1,0,0,0,0,5.0653596,7.8169932,.98039216,2.3660131,2012,.98935515,.64590734,.78417218,.51677924,1.0993158,.75535512,.90245807,.63978261,.90502644,.81997353,.90343916,.64193124
2225782,west-ham-united,379,2,wigan-athletic,1071,0,26.5,45.277779,9.7777777,12.166667,5.4771242,15.686275,1.8104575,4.5816994,2012,1.066251,.84744841,.7288903,.42929161,1.2825707,.96932018,.70177066,.3623417,1.5839947,1.1888889,1.2941177,.52058822
2225783,fc-chelsea,631,2,swansea-city,2288,0,7.4444447,0,4.5,0,19.464052,8.1307192,10.882353,2.5751634,2012,1.2432188,.90655988,.66478312,.5395152,1.183804,.93362319,.75273067,.64766115,1.7245098,1.2637255,.7509259,.57407409
2225784,fc-arsenal,11,1,manchester-united,985,1,45.611111,99.666664,25.166666,68.611115,13.705882,34.104576,7.6601305,23.771242,2012,.88513362,.78303409,1.1828547,.95873964,1.0502784,.87251359,1.358144,1.1015348,1.2429972,.88235295,1.3076719,1.1095238
2225785,fc-everton,29,1,fc-fulham,931,0,94.166664,13.555555,38.5,4.8888888,35.653595,7.359477,14.339869,2.5751634,2012,.8149513,.61313635,1.1945074,.96752155,.87829459,.63124168,1.0955287,.94395381,1.0194445,.67182541,.6291005,.84814817
2225786,fc-reading,1032,0,queens-park-rangers,1039,0,0,4.5,0,1.9444444,.05882353,2.1176472,.03267974,.66666669,2012,1.0535344,.66517723,.96074498,.70315868,1.0962836,.76301509,1.0023305,.84572512,1.3222222,1.1222222,.70436507,.56574076
2225787,manchester-city,281,2,west-ham-united,379,1,43.388889,26.5,28.277779,9.7777777,26.38562,5.4771242,17.535948,1.8104575,2012,1.2146815,.91476405,1.066251,.84744841,1.2024801,.88132238,1.2825707,.96932018,.83809525,.77222222,1.5839947,1.1888889
2225788,newcastle-united,762,0,fc-liverpool,31,6,16.166666,0,7.5555553,0,7.3333335,19.529411,3.7254901,9.0196075,2012,.94292527,.52759326,.89902896,.74414414,1.0800447,.65827924,.85808587,.73344773,1.3138889,.81574076,1.0244099,.57348484
2225789,wigan-athletic,1071,2,tottenham-hotspur,148,2,46.111111,0,12.277778,0,16.450981,11.888889,4.7058825,5.346405,2012,.76625657,.47777647,1.0845048,.79367584,.73175806,.39630482,1.1471971,.88344991,1.3117647,.55490196,1.2175926,.98703706
2225790,fc-liverpool,31,0,fc-everton,29,0,0,93.555557,0,38.277779,19.529411,34.973858,9.0196075,14.150327,2012,1.0101401,.85952878,.81098306,.60140413,1.0247526,.91400325,.8752082,.62479329,1.3021877,.76792932,.98703706,.63941801
2225791,stoke-city,512,1,norwich-city,1123,0,52.222221,.16666667,16.055555,0,24.849672,3.9215686,7.640523,1.2156863,2012,1.0380309,.77304053,1.2469224,.90880293,.98121923,.76919407,1.4781483,1.2720968,.72149861,.68529409,1.2294117,.97156864
2225792,fc-southampton,180,0,west-bromwich-albion,984,3,0,0,0,0,.078431375,11.686275,.013071896,4.2156863,2012,1.3085716,.88820124,1.2121091,.80877906,1.4262972,1.0575657,1.3358917,.86546016,1.8946456,1.4928105,1.0199735,.6388889
2225793,afc-sunderland,289,1,stoke-city,512,1,0,37.333332,0,11.666667,5.6732025,20.052288,1.7777778,6.1699347,2012,.7276907,.41801381,1.0169048,.74706441,.8502695,.53877246,.97196001,.75825131,.78306878,.419709,.70189077,.67352939
2225794,west-bromwich-albion,984,2,wigan-athletic,1071,3,0,40.166668,0,10.833333,11.686275,12.03268,4.1633987,3.5359478,2012,1.3095053,.78817934,.76228833,.46851718,1.4767543,.86868048,.72382152,.38976887,.9852941,.59019607,1.3411765,.55490196
2225795,swansea-city,2288,0,manchester-city,281,0,0,38.611111,0,25.555555,8.8692808,21.503267,2.7516339,14.647058,2012,.63621169,.50300723,1.1869621,.90510869,.71860367,.60321671,1.2071097,.88565141,.67314816,.49074075,.85132277,.7814815
2225796,queens-park-rangers,1039,0,fc-arsenal,11,1,5.1666665,43.444443,2.2777777,23.833334,2.9084966,12.843137,.95424837,7.1045752,2012,.98841834,.71659458,.89119422,.79044151,1.068944,.89864111,1.0562308,.88177288,.58333331,.46322751,1.2233894,.88235295
2225797,west-ham-united,379,0,newcastle-united,762,0,26.5,23.82353,9.7777777,10.882353,5.4771242,14.933824,1.8104575,7.2867646,2012,1.066251,.84744841,.95733386,.51783878,1.2825707,.96932018,1.0749493,.63649946,1.5839947,1.1888889,1.322549,.79313725
2225798,manchester-united,985,0,fc-chelsea,631,1,110.16666,7.4444447,75.722221,4.5,33.196079,21.137255,23.372549,11.810457,2012,1.159793,.83357,1.1809717,.8159821,1.323846,.93195444,1.12032,.82854676,1.2521164,.93915343,1.6147059,1.1460785
2225799,fc-arsenal,11,4,wigan-athletic,1071,1,49.444443,39.5,27.277779,10.666667,16.202614,9.1111107,9.0522881,2.6078432,2012,.88513362,.78303409,.77083474,.45243198,1.0502784,.87251359,.72122616,.37102759,1.2429972,.88235295,1.3803922,.54509807
2225800,tottenham-hotspur,148,1,fc-southampton,180,0,0,0,0,0,11.039216,.0065359478,4.9215684,0,2012,1.2171677,.82766038,1.251025,.82947809,1.2387004,.92048693,1.3679639,1.0807139,1.7037038,1.3203703,1.463273,1.1986928
2225801,fc-reading,1032,0,fc-southampton,180,2,0,0,0,0,.05882353,.078431375,.03267974,.013071896,2012,1.0488057,.67289764,1.1802647,.7826457,1.0739913,.7565937,1.2781491,.94028181,1.4194444,1.1361111,1.6634616,1.280247
2225802,queens-park-rangers,1039,1,wigan-athletic,1071,1,5.1666665,45.277779,2.2777777,12.166667,2.0261438,15.686275,.55555558,4.5816994,2012,.88560295,.72323847,.7288903,.42929161,1.0381359,.86669672,.70177066,.3623417,.7962963,.79193121,1.2941177,.52058822
2225803,aston-villa,405,1,fc-chelsea,631,2,0,7.4444447,0,4.5,4.9346404,17.745098,.96732026,9.8039217,2012,.9538613,.59280276,1.2990992,.95368749,1.0595009,.69781548,1.2447015,.98723626,.84153438,.7477513,1.8303921,1.3696078
2225804,fc-everton,29,2,west-ham-united,379,0,93.611115,26.5,38.611111,9.7777777,35.052288,5.3725491,14.437908,1.7189542,2012,.82139969,.62150997,1.066251,.84744841,.88562483,.64489907,1.2825707,.96932018,1.0064815,.66997355,1.5839947,1.1888889
2225805,fc-chelsea,631,2,afc-sunderland,289,1,6.6111112,0,3.8888888,0,19.993464,6.7908497,11.51634,2.0588236,2012,1.2608216,1.0812448,.80625194,.47428286,1.1865343,1.0943782,.93711227,.5826838,1.7245098,1.4107844,.88955027,.61415344
2225806,newcastle-united,762,1,fc-fulham,931,0,18.5,15.166667,8.6111107,5.4444447,8.1437912,8.4705887,3.8758171,3,2012,.9143796,.50455141,.87327284,.69533539,1.1087173,.69410974,.79360574,.65060824,1.1833333,.66574073,.42539683,.59814817
2225807,manchester-united,985,1,manchester-city,281,2,91.166664,43.388889,62.944443,28.277779,29.503267,26.424837,20.764706,17.562092,2012,1.3168187,1.130795,1.2146815,.91476405,1.5033711,1.2818589,1.2024801,.88132238,1.4455026,1.2789682,.83809525,.77222222
2225808,fc-liverpool,31,0,west-ham-united,379,0,0,26.5,0,9.7777777,21.20915,4.8954248,9.7058821,1.4705882,2012,1.1507926,1.0420685,.97613162,.64790034,1.1785223,1.0906415,1.2082793,.72597003,1.4271877,.95311445,1.4345238,.92962962
2230140,queens-park-rangers,1039,0,swansea-city,2288,5,16.222221,0,6.1666665,0,6.2810459,15.764706,2.0980392,4.7254901,2012,.95001668,.6660614,.76337916,.54456609,1.1658202,.89788699,.92869568,.68313491,.84431219,.71296299,.89074075,.56018519
2230141,newcastle-united,762,2,tottenham-hotspur,148,1,25.888889,0,12.111111,0,18.764706,21.294117,8.9542484,10.509804,2012,1.0484842,.56843501,.91948217,.66458142,1.1230071,.68288642,1.0385718,.77830529,1.4657408,.9203704,1.0695767,.98544973
2230142,west-ham-united,379,1,aston-villa,405,0,26.5,0,9.7777777,0,6.2679739,8.6732025,1.9607843,1.5163399,2012,1.1365762,.66501194,.94968569,.5636102,1.3465688,.76700538,1.0067112,.64921838,1.5293651,1.0611111,.76362431,.72500002
2230143,fc-reading,1032,1,stoke-city,512,1,0,62.055557,0,19.555555,0,33.627453,0,10.379085,2012,1.1426965,.69443518,.85338074,.65841228,1.1612055,.71168631,.76320577,.57365751,1.4342593,1.0277778,.6119709,.36944443
2230144,fc-everton,29,1,manchester-united,985,0,108.94444,95.111115,45,66.555557,46.039215,31.620914,19.241831,22.51634,2012,.76006615,.61225069,1.3062915,1.0419782,.79254663,.6336326,1.4245715,1.1044539,.79814816,.58664024,1.2736111,1.0407407
2230145,manchester-city,281,3,fc-southampton,180,2,43.611111,0,29.722221,0,26.078432,.0065359478,18.261438,0,2012,1.2515217,.8798728,1.145744,.75476617,1.2815776,.87873238,1.3371252,.9384079,.96190476,.77962965,1.7083334,1.1074075
2230146,fc-arsenal,11,0,afc-sunderland,289,0,41.055557,18.222221,23,7.6666665,11.392157,16.339869,6.4575162,5.2679739,2012,1.1341054,.92221934,.77051497,.50079107,1.333621,1.0016637,.73504084,.51730031,1.4310846,.95119047,.70965606,.58174604
2230147,fc-fulham,931,5,norwich-city,1123,0,20.166666,0,7.7222223,0,16.431372,10.568627,5.7581701,3.3725491,2012,1.0062889,.76768976,1.2497792,.9891901,.94929105,.82040066,1.3982517,1.2889769,.5300926,.77314812,1.1472223,.95925927
2230148,wigan-athletic,1071,0,fc-chelsea,631,2,52.722221,7.6666665,13.944445,3.4444444,23.535948,29.366013,6.6993465,16.51634,2012,.82518417,.53400153,1.0558203,.85650051,.82650357,.48627764,1.0594528,.91171515,1.3361111,.5,1.2303921,1.1147059
2230149,west-bromwich-albion,984,3,fc-liverpool,31,0,0,2,0,.6111111,9.6993465,24.431372,3.4313726,11.248366,2012,1.2317903,.85615456,1.1489843,.95137435,1.404018,.96501923,1.1995159,1.0350579,.95423281,.83796299,1.0391535,.91018516
2238003,west-ham-united,379,1,fc-arsenal,11,3,25.166666,32.222221,9.1111107,17.888889,5.8366013,9.1568632,1.8366013,5.2287583,2012,1.1431865,.84135705,1.1824375,.95232427,1.4232564,.98245955,1.3733938,1.0270845,1.6858466,1.2074074,1.4767196,.99007934
2250042,fc-chelsea,631,0,fc-fulham,931,0,2.5,22.117647,1.6111112,7.9411764,13.836601,12.080882,7.2810459,3.9485295,2012,.83301198,.86667985,.89862442,.55866218,.80985081,.92769718,.81142348,.55441028,1.0245098,1.2,.5558123,.56372547
2250043,fc-everton,29,1,fc-arsenal,11,1,88.555557,47.722221,36.388889,26.277779,32.320263,14.54902,13.274509,8.0653591,2012,.81570524,.64002848,.87177384,.71317923,.83321476,.66402912,.95120436,.7651062,.83981484,.65608466,1.0077031,.88235295
2250044,fc-arsenal,11,0,swansea-city,2288,2,36.777779,0,20.333334,0,10.281046,5.3006535,5.7320261,1.6535947,2012,1.0506445,.8324064,.71451855,.39127883,1.2440755,.94500035,.76586199,.43048942,1.4929972,1.0617647,.82037038,.30092594
2250045,fc-fulham,931,0,tottenham-hotspur,148,3,19.611111,0,7.2222223,0,10.150327,8.7581701,3.503268,4.1307192,2012,.96225393,.65211666,.99075222,.58157676,.83803242,.64552331,1.0617033,.68646365,.62215608,.85648149,1.062037,.84814817
2250046,fc-liverpool,31,1,fc-southampton,180,0,2,0,.6111111,0,20.627451,.0065359478,9.5163403,0,2012,1.1723814,1.2110693,1.1527886,.80205643,1.1451179,1.2233294,1.2488281,.95571387,1.1317461,.92407405,1.6042023,1.280247
2250047,manchester-city,281,1,fc-everton,29,1,39.444443,88.555557,25.888889,36.388889,20.738562,32.320263,13.679739,13.274509,2012,1.3706142,1.0198036,.81570524,.64002848,1.4281435,1.0116643,.83321476,.66402912,1.0980159,.93333334,.83981484,.65608466
2250048,newcastle-united,762,3,wigan-athletic,1071,0,24,44.222221,10.555555,11.444445,12.529411,14.444445,5.8104577,3.9411764,2012,.92385018,.42676938,.64200914,.35508087,1.0625223,.55986851,.66044819,.34025407,1.3092593,.52222222,1.1898148,.44537038
2250049,norwich-city,1123,2,afc-sunderland,289,1,.16666667,17.388889,0,7.0555553,6.8758168,8.7385616,2.0849674,2.5359478,2012,1.4048581,1.030015,.94799656,.63460356,1.6251569,1.3998746,.92007172,.67489761,1.1657407,1.0101852,.93981481,.65674603
2250050,queens-park-rangers,1039,1,aston-villa,405,1,1.0555556,0,.44444445,0,4.026144,7.7385621,1.2222222,1.4183006,2012,.80824077,.60822695,.9409796,.56770056,.96234095,.78912491,.96531337,.59378308,.65251321,.56944442,.83002645,.81997353
2250051,fc-reading,1032,3,manchester-united,985,4,0,103.61111,0,71.722221,.03267974,34.895424,0,24.549019,2012,1.1422926,.76474082,.97493148,.78647846,1.1347497,.72742707,1.1492485,.89167869,1.4064815,1.0388889,1.0917989,.76785713
2250052,west-bromwich-albion,984,0,stoke-city,512,1,0,53.722221,0,16.444445,8.6078434,26.941177,3.1241829,8.2091503,2012,1.3132221,.92146868,.84663343,.67643303,1.4417663,1.0324134,.81092012,.6360032,1.0416666,.88518518,.55973387,.61470586
2250053,west-ham-united,379,3,fc-chelsea,631,1,24,2.5,8.9444447,1.6111112,5.006536,12.738562,1.4836601,6.5490198,2012,.86475748,.70340478,.86593378,.8473562,1.0914663,.79586339,.84071499,.90547496,1.4460784,1.1617647,1.0480392,1.1705883
2250142,fc-arsenal,11,1,stoke-city,512,0,42.611111,52.222221,23.222221,16.055555,10.444445,24.836601,5.7450981,7.6013074,2012,1.0275699,.85550696,1.0380309,.77304053,1.1751028,.97643542,.98121923,.76919407,1.44986,1.0470588,.72149861,.68529409
2250143,fc-everton,29,3,aston-villa,405,3,88.555557,0,36.666668,0,31.418301,3.6339869,13.091503,.83660132,2012,.8492732,.63027126,1.02547,.64871448,.88592941,.63420105,1.2194546,.79503769,.98703706,.62552911,1.0216931,.92460316
2250144,fc-fulham,931,0,manchester-united,985,1,15.055555,103.44444,5.6666665,71.166664,12.823529,37.666668,4.4509802,26.169935,2012,1.1001201,.9651382,1.1898501,.92912394,.99402708,.95437872,1.3816228,1.0702298,.51898146,.97777778,1.3111111,1.0592593
2250145,manchester-city,281,2,fc-liverpool,31,2,28.722221,2,18.944445,.6111111,13.601307,20.627451,9.3071899,9.5163403,2012,1.2778575,.98745853,1.0735719,.89995825,1.3163129,.95966071,1.0584776,.90419364,.92976189,.8425926,1.0910053,.80833334
2250146,newcastle-united,762,3,fc-chelsea,631,2,17.166666,7.4444447,7.2777777,4.5,7.1764708,15.843137,3.0522876,8.7908497,2012,.94760072,.52528524,1.1746799,.96133637,1.1429765,.71968496,1.0949163,.94160038,1.2388889,.67685187,1.5029411,1.1578431
2250147,queens-park-rangers,1039,0,norwich-city,1123,0,5.1666665,.16666667,2.2777777,0,3.3006537,4.9215684,.91503268,1.5098039,2012,.936598,.74602461,1.4022673,.97317916,.99082953,.90515822,1.6137329,1.3432269,.4861111,.51322752,1.2120371,.93981481
2250148,fc-reading,1032,2,afc-sunderland,289,1,0,12.166667,0,5,.098039217,7.7843137,.045751635,2.3529413,2012,.95977181,.70334971,1.0499654,.60327804,1.13495,.82591188,1.1436779,.71725172,1.3268518,1.3722222,1.1349206,.67896825
2250149,west-bromwich-albion,984,0,tottenham-hotspur,148,1,0,0,0,0,11.163399,13.189543,3.9542484,6.0653596,2012,1.1313741,.83342403,1.1040027,.77978694,1.2479287,.97128028,1.1559935,.86956102,.88293654,.80925924,1.2194444,.98703706
2250150,west-ham-united,379,1,swansea-city,2288,0,26.5,0,9.7777777,0,6.1503267,5.346405,1.9150326,1.6928104,2012,1.1604609,.91457802,.72758502,.58922279,1.3635893,1.0239499,.79973924,.69766116,1.6521164,1.2629629,.78425926,.60185188
2250151,wigan-athletic,1071,2,fc-southampton,180,2,39.222221,0,10.333333,0,12.816994,.071895428,3.5882354,.013071896,2012,.67678529,.418486,1.1015639,.73973346,.57809126,.31470412,1.1538643,.87570745,.75,.29270834,1.5360903,1.0900112
2250152,aston-villa,405,2,west-ham-united,379,1,0,26.5,0,9.7777777,4.346405,5.5620914,.90196079,1.6535947,2012,.95207441,.56755978,1.1160709,.87606794,1.1338065,.70232481,1.3203794,.98228317,.92724866,.72275132,1.568783,1.2074074
2250153,fc-chelsea,631,4,wigan-athletic,1071,1,7.4444447,39.222221,4.5,10.333333,12.601307,12.816994,6.8627453,3.5882354,2012,1.2780865,1.0957584,.72251946,.42301455,1.1964109,1.0910712,.67791951,.33690313,1.6715686,1.3960785,1.2058823,.42254901
2250154,fc-liverpool,31,0,west-bromwich-albion,984,2,2,0,.6111111,0,20.627451,13.333333,9.5163403,4.7712417,2012,1.0366672,.89995825,1.1504136,.84317064,1.0056999,.90234178,1.3034843,.99905807,1.0576719,.77592593,.8903439,.8611111
2250155,manchester-united,985,2,fc-everton,29,0,96.777779,83.055557,67.166664,34.5,31.398693,27.496733,21.895424,11.633986,2012,.99377763,.83405423,.83869117,.63027126,1.1898239,.97263479,.86883539,.63420105,1.1380953,.89656085,.98703706,.62552911
2250156,norwich-city,1123,0,fc-fulham,931,0,.16666667,14.888889,0,5.2222223,3.9346404,7.7385621,1.2156863,2.640523,2012,1.1367948,.84654838,1.2078424,.97302061,1.2292341,1.1128116,1.1003898,.96189576,.98039216,.97058821,.65092593,1.0648148
2250157,fc-southampton,180,3,manchester-city,281,1,0,32.166668,0,21.833334,.071895428,18.581699,.013071896,12.895425,2012,.99045283,.66565937,1.1118094,.97152281,1.0550988,.82709634,1.1004719,.94248897,1.2342917,.9188354,.92050266,.89814812
2250158,stoke-city,512,2,fc-reading,1032,1,52.222221,0,16.055555,0,24.836601,.098039217,7.6013074,.045751635,2012,1.0380309,.77304053,1.1474823,.77826548,.98121923,.76919407,1.2306291,.84863919,.72149861,.68529409,1.5305556,1.5944444
2250159,afc-sunderland,289,0,fc-arsenal,11,1,15.777778,43.588234,6.5555553,23.82353,8.8823528,9.3161764,2.5490196,5.0661764,2012,.90181726,.57145989,.99101603,.85247082,.95346814,.67470324,1.1513834,.97762924,.99880952,.64722222,1.4717262,1.1
2250160,swansea-city,2288,4,queens-park-rangers,1039,1,0,5.1666665,0,2.2777777,4.3986926,3.6797385,1.3464053,1.0326798,2012,.72304595,.59389132,.95028561,.76338571,.78990275,.69210559,1.0004255,.92182487,.78425926,.60185188,.4861111,.51322752
2250161,tottenham-hotspur,148,2,newcastle-united,762,1,0,18.555555,0,8.2222223,9.3398695,11.673203,4.5947714,5.2875819,2012,1.1019274,.76329499,.95929664,.53454453,1.0947189,.8443085,1.1522359,.72473544,1.4833333,1.2092593,1.2388889,.67685187
2250162,fc-arsenal,11,2,aston-villa,405,1,39.222221,0,21.611111,0,10.457517,2.9607842,5.9084969,.64705884,2012,1.1259345,.89679068,.83659446,.58669478,1.3096561,1.0225136,.98581266,.73855621,1.517507,1.0735294,.8920635,.91997355
2250163,fc-fulham,931,1,stoke-city,512,0,16.444445,48.888889,5.8333335,15.055555,11.215686,22.699347,3.9150326,7.2091503,2012,1.2167268,.99454689,1.0293573,.80315751,1.1029367,.9781642,1.0010004,.79989207,.60925925,1.0092592,.67738098,.68529409
2250164,fc-liverpool,31,5,swansea-city,2288,0,2,0,.6111111,0,20.339869,7.3921571,9.4836597,2.359477,2012,1.1180164,.92773604,.68562329,.5426138,1.1029221,.93197143,.76958048,.65321672,1.2021164,.84537035,.70648146,.51851851
2250165,manchester-city,281,2,fc-chelsea,631,0,30.555555,2.5,20.611111,1.6111112,16.496733,21.418301,11.490196,11.90196,2012,1.2532086,.86993551,1.234066,.91427231,1.3362305,.87546623,1.2007793,.95988584,.978836,.8277778,1.7833333,1.332353
2250166,newcastle-united,762,4,fc-southampton,180,2,15.5,0,7.0555553,0,8.3725491,.078431375,3.9150326,.013071896,2012,.95929664,.53454453,1.1820284,.82837218,1.1522359,.72473544,1.2534577,.96034354,1.2388889,.67685187,1.6042023,1.280247
2250167,norwich-city,1123,2,fc-everton,29,1,.16666667,86.166664,0,35.166668,4.5490198,30.372549,1.3464053,12.176471,2012,1.2479467,.9557606,.83392233,.64334315,1.4520077,1.3107582,.87057853,.65576971,1.2,.9519608,.94537038,.63941801
2258916,fc-arsenal,11,2,west-bromwich-albion,984,0,41.277779,0,22.611111,0,10.03268,9.7908497,5.4313726,3.4575164,2012,.97638339,.77275032,1.3502591,.95480204,1.1531924,.86166704,1.4752295,1.0486171,1.3998599,.94411767,1.0866402,.92962962
2258917,aston-villa,405,0,stoke-city,512,0,0,49.777779,0,15.555555,7.7385621,28.40523,1.4183006,9.1241827,2012,.9409796,.56770056,.8644318,.65548831,.96531337,.59378308,.7896238,.59433651,.83002645,.81997353,.65777314,.48921567
2258918,fc-fulham,931,2,newcastle-united,762,1,15.666667,20.111111,5.7222223,9.0555553,10.647058,14.470589,3.7908497,7.0326796,2012,1.0830452,.87367749,.89937699,.41971707,.98684192,.89660555,1.0115963,.54850489,.63009262,1.050926,1.3092593,.60555553
2258919,manchester-city,281,2,manchester-united,985,3,34.777779,107.66666,22.611111,74,22.202614,36.986927,14.555555,26.045752,2012,1.2718185,.94212204,1.016821,.88351548,1.2707767,.91404521,1.1918886,.97443485,.95515871,.79444444,1.15291,.90489417
2258920,fc-southampton,180,1,fc-reading,1032,0,0,0,0,0,.0065359478,.03267974,0,0,2012,1.2978504,.86188549,1.0999529,.75678438,1.4401861,1.0529361,1.094882,.70649141,1.807906,1.4098766,1.4068627,1.1
2258921,afc-sunderland,289,1,fc-chelsea,631,3,18.555555,2.5,7.5555553,1.6111112,10.921569,15.235294,3.496732,8.0588236,2012,.77271575,.52216971,1.0552342,1.0308212,.81359023,.60356575,1.032073,1.0687228,.76521164,.62341267,1.2598039,1.3470588
2258922,swansea-city,2288,3,norwich-city,1123,4,0,.16666667,0,0,5.6993465,9.6013069,1.8039216,2.8823528,2012,.8032214,.5380109,1.3647177,1.0686969,.93733865,.66567463,1.5778106,1.4257154,.8759259,.55092591,1.1379629,.97685188
2258923,west-ham-united,379,2,fc-liverpool,31,3,24,0,8.9444447,0,5.5882354,20.640522,1.7189542,9.4771242,2012,.8717019,.72771031,.9536255,1.0632579,1.0976391,.8143819,.89680946,1.0556699,1.3796296,1.1388888,1.0929284,1.0271885
2258924,wigan-athletic,1071,2,queens-park-rangers,1039,2,34.944443,1.3333334,9.2777777,.5,10.51634,4.2745099,2.993464,1.1437908,2012,.75463384,.45345181,.80328041,.63600475,.75677758,.44588745,.94804358,.81088418,1.287037,.53333336,.6564815,.59722221
2258925,fc-everton,29,2,tottenham-hotspur,148,1,75.111115,0,30.722221,0,25.908497,6.986928,10.437908,3.5359478,2012,.91134679,.67270821,1.1126827,.62676448,.95759451,.69165838,1.1042056,.6587767,1.062037,.68386245,1.3880953,.8984127
2258926,fc-chelsea,631,2,fc-southampton,180,2,2.5,0,1.6111112,0,21.372549,.071895428,11.69281,.013071896,2012,1.2472053,1.0698998,1.0756351,.65259838,1.1957936,1.0823412,1.1397011,.81852251,1.695098,1.3617647,1.5384616,1.0395062
2258927,fc-liverpool,31,1,aston-villa,405,3,2,0,.6111111,0,20.82353,6.5163398,9.6732025,1.3006536,2012,1.1657066,1.1558505,.78659445,.59451067,1.1190317,1.1304563,.90803486,.76729596,1.2179284,.99015152,.8003968,.90793651
2258928,manchester-united,985,3,afc-sunderland,289,1,124.61111,16.055555,85.944443,6.7777777,41.967319,8.4052286,29.529411,2.8366013,2012,1.0704192,.9199335,1.0192592,.64201099,1.249759,1.0330567,.98087418,.67578793,1.1714286,.89563495,.95039684,.65119046
2258929,newcastle-united,762,1,manchester-city,281,3,24.166666,24.777779,10.666667,17,13.732026,14.267974,6.4052286,9.7450981,2012,.89051688,.40643206,1.1675946,.77473801,1.0115963,.53461599,1.2413231,.77748638,1.2537037,.49444443,.91402113,.76296294
2258930,norwich-city,1123,2,wigan-athletic,1071,1,.16666667,40.944443,0,10.722222,7.3921571,13.660131,2.2483661,3.7973857,2012,1.4076976,1.0351321,.67725289,.3912825,1.6051859,1.3932269,.68336487,.38099483,1.1472223,.97685188,1.162037,.46388888
2258931,queens-park-rangers,1039,2,fc-fulham,931,1,1.3333334,18.277779,.5,6.7222223,3.3464053,12.712419,.86928105,4.3267975,2012,.80791008,.61864364,1.0793415,.86627012,.95763952,.81088418,.9798975,.88271666,.64259261,.55555558,.57453704,.93981481
2258932,fc-reading,1032,2,fc-arsenal,11,5,0,46.555557,0,25.611111,.052287582,14.026144,.0065359478,7.7058825,2012,1.1574061,.80506384,1.0860596,.8627519,1.187901,.82932097,1.2752784,.97806913,1.4990741,1.6388888,1.5371149,1.1176471
2258933,stoke-city,512,1,fc-everton,29,1,53.722221,76.333336,16.444445,31,26.104576,26.960785,7.9019608,10.705882,2012,.95239472,.75796264,.78673261,.62085634,.94155985,.7458517,.79818797,.63980651,.67345941,.64999998,.80648148,.59775132
2258934,tottenham-hotspur,148,1,swansea-city,2288,0,0,0,0,0,7.7777777,6.0457516,3.9411764,1.8758169,2012,1.0735413,.66296357,.78745627,.49313068,1.0893909,.6911841,.92495292,.62261903,1.4019841,.8984127,.85740739,.55092591
2258935,west-bromwich-albion,984,0,west-ham-united,379,0,0,25.411764,0,9.4705887,10.954248,5.6323528,3.6535947,1.6691177,2012,1.4101447,.93594831,.92682999,.72339118,1.540838,1.0445768,1.1635133,.81326711,1.0283068,.80462962,1.4739584,1.234375
2258936,fc-chelsea,631,8,aston-villa,405,0,2.5,0,1.6111112,0,12.928104,7.0915031,6.986928,1.3660131,2012,1.0998913,1.0191253,.75220293,.5314855,1.073526,1.0516288,.77946341,.6022166,1.3068627,1.3352941,.78187829,.85238093
2258937,fc-liverpool,31,4,fc-fulham,931,0,2,16.111111,.6111111,6,20.627451,9.5098038,9.5163403,3.3333333,2012,1.1723814,1.2110693,.82648373,.71806616,1.1451179,1.2233294,.74919534,.71704209,1.1317461,.92407405,.41527778,.80185187
2258938,manchester-city,281,1,fc-reading,1032,0,31.666666,0,20.166666,0,15.196078,.052287582,9.7908497,.0065359478,2012,1.1813953,.82908589,1.1579672,.84081882,1.2277479,.80962926,1.1894443,.90304434,.90687829,.73518521,1.3509259,1.5555556
2258939,newcastle-united,762,1,queens-park-rangers,1039,0,25.277779,1.3333334,11.277778,.5,14.947712,5.2156863,6.9084969,1.5163399,2012,.92176688,.42566285,.80791008,.61864364,1.0475441,.56424564,.95763952,.81088418,1.2759259,.53611112,.64259261,.55555558
2258940,fc-southampton,180,0,afc-sunderland,289,1,0,16.833334,0,7.0555553,.0065359478,8.8300657,0,2.7450981,2012,1.2910534,.84128106,.94004339,.63269722,1.3700804,1.0823011,.91460031,.67397171,1.6643875,1.2617284,.9212963,.63822752
2258941,swansea-city,2288,1,manchester-united,985,1,0,108.38889,0,75.166664,7.5424838,37.052288,2.3398693,26.352942,2012,.78745627,.49313068,1.1116003,.96786422,.92495292,.62261903,1.2982047,1.0959426,.85740739,.55092591,1.2566137,.99748677
2258942,tottenham-hotspur,148,0,stoke-city,512,0,0,55.555557,0,17,10.019608,28.784313,4.8300653,8.7450981,2012,.94784886,.62747788,.8644318,.65548831,1.0376712,.75122899,.7896238,.59433651,1.3269842,1.1021163,.65777314,.48921567
2258943,west-bromwich-albion,984,2,norwich-city,1123,1,0,.16666667,0,0,10.026144,5.8562093,3.4705882,1.8235294,2012,1.3408637,.95051807,1.2460814,.94834912,1.4414994,1.0279822,1.3817981,1.2518688,1.0125661,.74444443,1.050926,1.0046296
2258944,west-ham-united,379,1,fc-everton,29,2,24,85.777779,8.9444447,35.666668,5.5620914,29.196079,1.6993464,12.287581,2012,.95508295,.74393505,.75127935,.56704372,1.1744909,.82364118,.77914733,.55763179,1.4990196,1.232353,.79259259,.45423281
2258945,wigan-athletic,1071,0,fc-arsenal,11,1,44.333332,44.055557,11.666667,23.833334,15.562092,15.156863,4.3202615,8.2875814,2012,.6967122,.40005443,.9383229,.86115682,.70558709,.38099483,1.109514,.91302288,1.2175926,.46388888,1.2488796,.85714287
2258946,fc-arsenal,11,5,west-ham-united,379,1,41.944443,26.5,22.722221,9.7777777,12.875817,5.7843137,6.973856,1.7189542,2012,1.0101891,.81775069,.95912904,.7844854,1.180989,.93293792,1.1241713,.85049301,1.4640056,.99831933,1.5275133,1.1629629
2258947,aston-villa,405,0,tottenham-hotspur,148,4,0,0,0,0,6.2483659,10.183006,1.1111112,4.9084969,2012,.72998071,.55067742,.94784886,.62747788,.75724119,.62140852,1.0376712,.75122899,.76865077,.8708995,1.3269842,1.1021163
2258948,fc-everton,29,2,wigan-athletic,1071,1,84.777779,44.333332,35.5,11.666667,29.183006,14.934641,12.411765,4.1830068,2012,.80656785,.61889559,.71006685,.3683084,.84048992,.6145342,.71947598,.3492488,.83981484,.52645504,1.2268518,.42685184
2258949,fc-fulham,931,1,fc-southampton,180,1,20.388889,0,7.6111112,0,13.09804,.0065359478,4.6928105,0,2012,.90943807,.79728192,1.1786196,.74405885,.81995744,.7718811,1.2774878,.91563451,.42222223,.81481481,1.6273504,1.2061728
2258950,manchester-united,985,4,newcastle-united,762,3,107.61111,21.111111,73.888885,9.3888893,33.594772,10.862745,23.418301,5.0849671,2012,.74625725,.63965946,.89772528,.36084801,.86251765,.7612865,.99507493,.44113958,.78439152,.66851854,1.2342592,.46203703
2258951,norwich-city,1123,0,fc-chelsea,631,1,.16666667,2.5,0,1.6111112,7.0849671,14.464052,2.1633987,8.0653591,2012,1.3763087,.99112618,1.0238678,.9686203,1.5572556,1.3412325,1.0065325,1.0037361,1.1287037,.97314817,1.1303922,1.232353
2258952,queens-park-rangers,1039,1,west-bromwich-albion,984,2,.6111111,0,.22222222,0,4.1503267,10.359477,1.0588236,3.6013072,2012,.77955925,.58276403,1.369867,.9620921,.91964853,.76335329,1.5030073,1.0597283,.63981479,.55555558,1.0310847,.81851852
2258953,fc-reading,1032,0,swansea-city,2288,0,0,0,0,0,0,6.3137255,0,1.9607843,2012,1.1164119,.81780297,.79115999,.49313068,1.1588678,.91693324,.92892116,.62261903,1.3138889,1.5666667,.85740739,.55092591
2258954,stoke-city,512,3,fc-liverpool,31,1,54.055557,2,16.666666,.6111111,26.79085,22.843138,8.2745094,10.405229,2012,.97327018,.76481688,1.1696749,1.1717235,.9470312,.75637358,1.1259761,1.158234,.69698882,.68529409,1.2179284,.99015152
2258955,afc-sunderland,289,1,manchester-city,281,0,16.666666,33.722221,6.8333335,21.666666,8.1241827,16.784313,2.4052289,11.215686,2012,.94799656,.63460356,1.1813953,.82908589,.92007172,.67489761,1.2277479,.80962926,.93981481,.65674603,.90687829,.73518521
2258956,fc-arsenal,11,7,newcastle-united,762,3,52.722221,23.555555,29.222221,10.666667,16.006536,12.254902,8.7973852,5.8300653,2012,1.0619181,.85012561,.90285552,.37239486,1.2496374,.97343951,1.0018288,.44896784,1.5371149,1.1176471,1.2675925,.4537037
2258957,aston-villa,405,0,wigan-athletic,1071,3,0,44.333332,0,11.666667,5.5032678,14.934641,.96078432,4.1830068,2012,.82062399,.57592994,.71006685,.3683084,.86372268,.64666104,.71947598,.3492488,.85595238,.8708995,1.2268518,.42685184
2258958,fc-everton,29,1,fc-chelsea,631,2,67.333336,2.5,27.611111,1.6111112,23.424837,12.928104,9.5816994,6.986928,2012,.78842354,.60126275,1.0998913,1.0191253,.8239004,.59582627,1.073526,1.0516288,.83888888,.5283069,1.3068627,1.3352941
2258959,fc-fulham,931,1,swansea-city,2288,2,19.611111,0,7.1111112,0,10.607843,9.3660135,3.6797385,2.9019608,2012,.83536398,.60482156,.77693772,.60048199,.71360821,.54524976,.89188415,.74554473,.40833333,.64814812,.63055557,.53703701
2258960,manchester-united,985,2,west-bromwich-albion,984,0,86.333336,0,59.722221,0,28.372549,9.6862745,20,3.0784314,2012,1.0833204,.9060263,1.3430831,.90591514,1.2168165,1.0191348,1.4583344,.96437991,1.1037037,1.0416666,1.0449735,.75462961
2258961,norwich-city,1123,3,manchester-city,281,4,.16666667,37.055557,0,23.944445,5.3790851,23.686274,1.6405228,15.490196,2012,1.2146925,.90434331,1.2638267,.90778959,1.3338679,1.1998745,1.3122684,.88370335,1.0324074,1.0009259,.95449734,.81851852
2258962,queens-park-rangers,1039,0,fc-liverpool,31,3,1.3333334,2,.5,.6111111,3.3464053,21.215687,.86928105,9.7843142,2012,.80791008,.61864364,1.2159712,1.2156795,.95763952,.81088418,1.2405595,1.283234,.64259261,.55555558,1.4123728,1.1151515
2258963,fc-reading,1032,1,west-ham-united,379,0,0,26.5,0,9.7777777,0,6.1437907,0,1.8758169,2012,1.1164119,.81780297,.98558408,.72680545,1.1588678,.91693324,1.2318102,.81654239,1.3138889,1.5666667,1.5691799,1.1305555
2258964,stoke-city,512,3,fc-southampton,180,3,49,0,14.888889,0,23.287582,.078431375,6.9019608,.013071896,2012,1.0018951,.76420218,1.3147377,.86204129,.95878333,.75160146,1.3677654,1.0799863,.67771167,.63611114,1.6643875,1.2617284
2258965,afc-sunderland,289,1,tottenham-hotspur,148,2,17.111111,0,7.1666665,0,9.2156858,10.640523,2.8431373,4.9084969,2012,1.0307819,.68367761,1.1261183,.74351501,.98828155,.71424949,1.2055215,.83461183,1.0027778,.68452382,1.5666667,1.1814815
2258966,fc-chelsea,631,0,queens-park-rangers,1039,1,1.6666666,1,1,.33333334,12.189543,2.7908497,6.3986926,.86928105,2012,1.1057392,1.0308212,.83762109,.65072036,1.0820731,1.0687228,1.0031319,.85162491,1.3186275,1.3470588,.64417988,.58333331
2258967,fc-liverpool,31,3,afc-sunderland,289,0,2,16.666666,.6111111,6.8333335,19.065359,8.1241827,8.9215689,2.4052289,2012,1.1684132,1.1951964,.94799656,.63460356,1.1381733,1.1955516,.92007172,.67489761,1.1317461,.92407405,.93981481,.65674603
2258968,manchester-city,281,3,stoke-city,512,0,39.166668,54.055557,25.388889,16.666666,21.202614,26.967319,13.705882,8.359477,2012,1.1864458,.82908589,.97327018,.76481688,1.2320215,.80962926,.9470312,.75637358,.90687829,.73518521,.69698882,.68529409
2258969,newcastle-united,762,1,fc-everton,29,2,22.166666,86.666664,9.8888893,35.444443,10.300653,34.882355,4.8496733,14.261438,2012,.74560946,.32862017,.83484167,.63671243,.88042849,.42942521,.8490327,.6427238,.85925925,.39259258,.88055557,.61626983
2258970,fc-southampton,180,1,fc-arsenal,11,1,0,47.611111,0,26.222221,0,14.045752,0,7.7254901,2012,1.3040164,.83572555,1.0860596,.8627519,1.3816544,1.0753567,1.2752784,.97806913,1.682906,1.2617284,1.5371149,1.1176471
2258971,swansea-city,2288,2,aston-villa,405,2,0,0,0,0,7.2745099,6.4313726,2.2091503,1.1895425,2012,.85160971,.59862125,.81821597,.55000401,.97257197,.72636485,.83363008,.59110552,.89907408,.63425928,.8003968,.7320106
2258972,tottenham-hotspur,148,3,fc-reading,1032,1,0,0,0,0,8.6274509,0,4.0849671,0,2012,1.1143339,.64935654,1.1164119,.81780297,1.1258918,.67103159,1.1588678,.91693324,1.3861111,.86666667,1.3138889,1.5666667
2258973,west-bromwich-albion,984,1,fc-fulham,931,2,0,16.055555,0,5.5555553,8.4052286,8.3725491,2.8039215,2.8366013,2012,1.2853417,.83717245,.96191669,.83798659,1.4414994,.88554394,.85451943,.81544715,.9496032,.73148149,.49166667,.87962961
2258974,west-ham-united,379,2,norwich-city,1123,1,15.5,.16666667,5.6666665,0,4.3398695,4.6078429,1.2418301,1.3267974,2012,.8647728,.67124987,.99209183,.81210399,1.0183842,.73629552,1.09003,1.086182,1.5465773,1.146875,.86574072,.85740739
2258975,wigan-athletic,1071,0,manchester-united,985,4,44.333332,105.27778,11.666667,72.277779,14.934641,33.934639,4.1830068,23.830065,2012,.71006685,.3683084,1.0325958,.86410713,.71947598,.3492488,1.1647333,.96705145,1.2268518,.42685184,1.0111111,.9675926
2258976,fc-arsenal,11,0,manchester-city,281,2,41.277779,34.888889,22.111111,22.888889,11.379085,17.248365,6.0784316,11.464052,2012,.96793783,.72366238,1.041967,.71582782,1.1508262,.86700779,1.092921,.71088725,1.4492997,.96470588,.78650796,.58148146
2258977,aston-villa,405,0,fc-southampton,180,1,0,0,0,0,6.0457516,.071895428,1.1503268,.013071896,2012,.90350538,.67127872,1.1008211,.68494105,.94985586,.75072551,1.0864038,.85745353,.78835976,.82923281,1.4110903,.94186306
2258978,fc-everton,29,0,swansea-city,2288,0,87.333336,0,35.777779,0,29.954248,6.973856,12.078431,2.1307189,2012,.75645661,.60854566,.73212498,.57639903,.78474003,.61479747,.848068,.69303149,.80277777,.54682541,.8435185,.63425928
2258979,fc-fulham,931,1,wigan-athletic,1071,1,16.777779,46.941177,6.1666665,12.352942,11.895425,19.330883,4.1764708,5.4411764,2012,1.2295473,.97750932,.66360021,.36056182,1.1077465,.95827883,.62209219,.32777604,.62314814,.98240739,.79901963,.30490196
2258980,manchester-united,985,2,fc-liverpool,31,1,87.666664,2,60.611111,.6111111,27.627451,19.065359,19.339869,8.9215689,2012,1.0188849,.84722066,1.0696037,.88408524,1.1487797,.94927549,1.0515332,.87641585,.98439151,.98267198,1.0910053,.80833334
2258981,norwich-city,1123,0,newcastle-united,762,0,.16666667,18.166666,0,8.2777777,7.2483659,7.0718956,2.137255,3.3006537,2012,1.206305,.9013955,.82824576,.45632672,1.360696,1.210705,.97196287,.62252283,1.0546297,.91296297,1.0537037,.62129629
2258982,queens-park-rangers,1039,0,tottenham-hotspur,148,0,1,0,.33333334,0,5.2352943,14.176471,1.4836601,6.5359478,2012,1.0392373,.67735147,1.1249609,.76511997,1.1780757,.92261255,1.2082992,.86701924,.50529099,.43518519,1.5833334,1.2509259
2258983,fc-reading,1032,3,west-bromwich-albion,984,2,0,0,0,0,0,7.3676472,0,2.5661764,2012,1.0607376,.7963382,1.0253553,.76754677,1.1509372,.93536353,1.0764275,.88070196,1.3953704,1.6592592,.74705881,.77549022
2258984,stoke-city,512,0,fc-chelsea,631,4,54.055557,2.5,16.666666,1.6111112,26.967319,20.712418,8.359477,11.477124,2012,.97327018,.76481688,1.206607,1.052356,.9470312,.75637358,1.1525837,1.0730819,.69698882,.68529409,1.6656862,1.3617647
2258985,afc-sunderland,289,3,west-ham-united,379,0,13.111111,25.166666,5.3333335,9.1111107,9.2614384,4.1372547,2.8235295,1.2156863,2012,.94494313,.63506651,.97097063,.70786762,.92484379,.67573941,1.1193212,.75036073,.97685188,.67896825,1.3734127,.95925927
2258986,fc-chelsea,631,2,fc-arsenal,11,1,2.5,45.111111,1.6111112,24.277779,15.052288,14.026144,8.2156858,7.5228758,2012,1.2245716,1.0505762,.79480439,.6520164,1.1711022,1.0601189,.86147976,.7130726,1.6598039,1.332353,.91568625,.73361343
2258987,fc-liverpool,31,5,norwich-city,1123,0,2,0,.6111111,0,13.48366,5.1764708,6.1045752,1.5555556,2012,1.0696037,.88408524,1.2526138,.91119492,1.0515332,.87641585,1.4089214,1.2387635,1.0910053,.80833334,1.0824074,.9546296
2258988,manchester-city,281,2,fc-fulham,931,0,38.611111,15.388889,25.666666,5.3333335,22.653595,10.973856,15.379085,3.6601307,2012,1.2773552,.90113878,1.2093763,.97738123,1.269861,.86997819,1.077921,.9652487,.90820104,.70185184,.63108468,.99537039
2258989,newcastle-united,762,1,fc-reading,1032,2,23.333334,0,10.166667,0,11.019608,.05882353,4.8627453,.03267974,2012,.88776958,.48552901,1.1036669,.81132358,1.056178,.66981119,1.1901529,.93853813,1.0074074,.57499999,1.512037,1.6731482
2258990,fc-southampton,180,0,fc-everton,29,0,0,85.888885,0,35,.071895428,33.803921,.013071896,13.679739,2012,1.1919863,.76691461,.85177946,.65087366,1.2402302,1.0089988,.88755387,.64951968,1.5754986,1.0950618,.99166667,.63015872
2258991,swansea-city,2288,3,stoke-city,512,1,0,47.277779,0,14.833333,6.7385621,22.797386,2.1830065,7.3986926,2012,.88991022,.63029134,1.0346993,.76965851,1.0179932,.77636486,.99711537,.75867218,.93240738,.66203701,.71757704,.64999998
2258992,tottenham-hotspur,148,1,manchester-united,985,1,0,97.777779,0,67.722221,12.542483,32.411766,5.8104577,22.647058,2012,.9733938,.70491225,1.1570458,.81282914,1.0861591,.80792338,1.3201149,.88842893,1.1103175,.94933861,1.2251322,.92989421
2258993,west-bromwich-albion,984,2,aston-villa,405,2,0,0,0,0,9.2810459,5.4705882,3.0653596,1.0784314,2012,1.1737341,.80954581,.97522259,.70366138,1.2326753,.89658892,1.0486213,.77732486,.83055556,.70925927,.85846561,.9033069
2258994,west-ham-united,379,1,queens-park-rangers,1039,1,26.5,1.3333334,9.7777777,.5,5.0849671,4.7450981,1.4901961,1.3398693,2012,1.0189668,.8018465,.96272922,.70349449,1.1717021,.82950538,1.0796453,.92303991,1.4984127,1.1074075,.73214287,.5796296
2258995,wigan-athletic,1071,2,afc-sunderland,289,3,42,13.666667,11.166667,5.7222223,13.562092,10.352942,3.8366013,3.1960785,2012,.71556139,.41318017,.91981083,.64788705,.64011091,.30956626,.90015244,.68191224,.86764705,.30490196,.94907409,.63730156
2258996,manchester-united,985,2,fc-southampton,180,1,84.166664,0,59,0,23.751635,.071895428,16.718954,.013071896,2012,1.1004615,.81818265,1.1386009,.77677047,1.2099297,.91684771,1.203247,.93820745,1.2066138,.98452383,1.5916458,1.1455668
2258997,norwich-city,1123,1,tottenham-hotspur,148,1,.16666667,0,0,0,4.1241832,11.228758,1.1568627,5.2875819,2012,1.2438682,.97798282,1.0808547,.74465626,1.4312347,1.3344424,1.1328453,.84641284,1.0083333,.91759259,1.2194444,.98703706
2258998,fc-reading,1032,2,fc-chelsea,631,2,0,6.6111112,0,3.8888888,.10457516,16.241831,.045751635,9.0653591,2012,.94773477,.71136248,1.1746799,.96133637,1.1100583,.84409374,1.0949163,.94160038,1.3592592,1.4324074,1.5029411,1.1578431
2258999,stoke-city,512,2,wigan-athletic,1071,2,54.5,41.555557,17.388889,11.166667,27.666666,12.287581,8.9215689,3.6078432,2012,.99075985,.68970722,.6107139,.37936375,.96554971,.75808299,.52437013,.28178847,.67051822,.66176468,.70588237,.30490196
2259000,afc-sunderland,289,0,swansea-city,2288,0,13.833333,0,5.7222223,0,10.529411,4.0588236,3.2287581,1.2614379,2012,.89220208,.59485674,.89642221,.64039236,.90130985,.66107887,1.008734,.77636486,.97288358,.63730156,.93240738,.66203701
2259001,queens-park-rangers,1039,0,manchester-city,281,0,1.3333334,32.666668,.5,21.944445,3.006536,16.862745,.92810458,11.686275,2012,.8489787,.66999012,1.232884,.87912518,.94664866,.88898247,1.2726622,.85282308,.41468254,.40370369,.88809526,.75
2259002,aston-villa,405,1,newcastle-united,762,2,0,18,0,7.8888888,7.5555553,10.058824,1.5228758,4.5098038,2012,1.0658659,.7289139,.92236924,.48581818,1.1551027,.80257738,1.0588807,.61598122,.94576722,.9033069,1.2166667,.63518518
2259003,fc-everton,29,2,west-bromwich-albion,984,1,90.111115,0,37.444443,0,33.281044,9.5620918,13.960784,3.2287581,2012,.90456164,.68212306,1.1223872,.80190694,.947272,.69110346,1.2340399,.92822468,1.0342592,.69775134,.82738096,.69814813
2259004,fc-fulham,931,3,west-ham-united,379,1,17.111111,26.5,6,9.7777777,13.679739,5.6862745,4.6274509,1.7189542,2012,1.0954192,.77119696,1.1160709,.87606794,.94889796,.68929935,1.3203794,.98228317,.52592593,.7175926,1.568783,1.2074074
2259005,fc-arsenal,11,2,fc-liverpool,31,2,46.055557,2,25.111111,.6111111,13.03268,20.627451,7.0915031,9.5163403,2012,.99293786,.74893469,1.0735719,.89995825,1.1625783,.90404481,1.0584776,.90419364,1.4728291,1.0235294,1.0910053,.80833334
2331955,fc-southampton,180,1,afc-sunderland,289,1,11.388889,2.0555556,2.8888888,.5,12.803922,10.803922,3.4379084,2.9215686,2013,1.2699221,.86541158,.85849273,.61457431,1.5470891,1.109612,.97087741,.62113196,2.1297619,1.4472222,1.2151961,.74509805
2331956,west-ham-united,379,2,cardiff-city,603,0,48.444443,0,16.777779,0,15.045752,.065359481,4.8235292,.013071896,2013,.88956118,.62038523,1.2622242,1.0268933,.99395484,.63300186,1.3926427,1.2786316,.71141976,.53531748,2.4923041,1.8589947
2331957,cardiff-city,603,3,manchester-city,281,2,0,0,0,0,0,27.30719,0,18.150328,2013,1.3429425,1.1190941,1.360298,1.0694089,1.5429072,1.4828644,1.2836388,.98204345,2.5108225,1.8126984,1.3768518,.94722223
2331958,cardiff-city,603,0,fc-everton,29,0,0,2.7777777,0,.72222221,0,26.82353,0,10.882353,2013,1.2312208,1.0968719,1.1061971,.72081876,1.4452882,1.4749279,1.4187388,.84946311,2.5663781,1.8960317,1.5622715,.97453701
2331959,fc-everton,29,2,fc-southampton,180,1,7.4444447,10.666667,1.9444444,2.6666667,13.601307,12.862745,5.6078429,3.2614379,2013,.94105071,.6547389,1.0691382,.76880664,1.0949113,.66464794,1.1879933,.9429453,1.20579,.77546299,1.6324074,1.3194444
2331960,fc-fulham,931,1,stoke-city,512,0,31.611111,2.7777777,9.6111107,1,13.849673,32.281044,4.1176472,9.4117651,2013,1.0515294,.82523936,.90989661,.80522692,1.0590607,.91944444,.83655101,.77851331,.93611109,.8740741,.65436506,.73404557
2331961,hull-city,3008,0,aston-villa,405,0,5,11.444445,1.4444444,2.4444444,.41176471,12.019608,.16993465,3.2352941,2013,1.1411276,.7383275,.7209866,.42153943,1.1562887,.80279738,.68742371,.46145475,1.0148149,.7638889,.78888887,.29351851
2331962,fc-liverpool,31,3,crystal-palace,873,1,13.888889,.3888889,5.6666665,.11111111,9.1503267,.29411766,3.7320261,.065359481,2013,1.0969152,.77896804,1.0803226,.70042121,1.039277,.73004025,.99199039,.65527129,1.6342151,1.6997354,.89973545,.60370368
2331963,newcastle-united,762,5,stoke-city,512,1,34.5,2.7777777,13.111111,1,17.09804,20.888889,6.653595,5.8823528,2013,1.0447706,.53449267,.81652594,.68885076,1.0153325,.54236829,.74554574,.65881634,.81269842,.40370369,.64047617,.73404557
2331964,norwich-city,1123,1,fc-fulham,931,2,15.666667,0,4.2222223,0,8.5294113,10.588235,2.4117646,3.359477,2013,1.4095012,.86131978,1.0436755,.95619386,1.4917958,1.0091429,1.0524977,1.1206434,1.2079365,.83796299,.66944444,.81851852
2331965,west-ham-united,379,1,fc-arsenal,11,3,47.388889,63.5,16.166666,35.888889,19.379086,20.039215,5.8235292,11.607843,2013,.97718644,.73814249,1.2282752,1.1238153,.99679273,.7215721,1.3244605,1.2612591,.62808645,.43716931,1.2842592,1.1888889
2331966,aston-villa,405,1,swansea-city,2288,1,9.9444447,18.833334,2,5.5555553,10.633986,8.4052286,2.8823528,2.5751634,2013,.95744228,.63519078,.8294363,.57205766,.98433727,.71992034,.87695408,.62951362,1.1268518,.54351854,1.260582,.72222221
2331967,cardiff-city,603,2,afc-sunderland,289,2,0,0,0,0,0,4.2026143,0,1.006536,2013,1.3821189,1.033434,.83251816,.44717583,1.4958894,1.2347162,.96855658,.51003563,2.1682298,1.3775132,1.0046296,.37037036
2331968,fc-chelsea,631,2,fc-liverpool,31,1,12.333333,18.555555,8.5,7.4444447,29.169935,11.666667,17.392157,4.986928,2013,1.4256599,1.1707489,.89999413,.68541902,1.3441266,1.2010387,.88179857,.65527606,1.2587963,1.0623474,1.4497354,1.6259259
2331969,swansea-city,2288,1,fc-arsenal,11,2,18.333334,64.888885,5.0555553,36,8.6274509,19.581699,2.3071895,11.045752,2013,.86721212,.48450601,.82968664,.75944203,.9898048,.53830993,.76856703,.82053024,1.510582,.71296299,.7175926,.65833336
2331970,cardiff-city,603,1,newcastle-united,762,2,0,37.555557,0,14.388889,0,17.954248,0,7.2875819,2013,1.401419,1.2043742,.94923127,.49765772,1.6056778,1.549531,.94421428,.49034005,2.1682298,1.7386243,.74541444,.35509259
2331971,fc-fulham,931,1,cardiff-city,603,2,29.888889,0,9.0555553,0,10.849673,0,3.1699347,0,2013,1.1083671,.94384605,1.401419,1.2043742,1.1318656,1.029321,1.6056778,1.549531,.94722223,.80000001,2.1682298,1.7386243
2331972,afc-sunderland,289,1,fc-liverpool,31,3,0,15.333333,0,6.3888888,9.5098038,11.908497,2.3006537,5.1372547,2013,.78454721,.54805225,.96271604,.69841248,.88875031,.56935501,.87183326,.60504025,1.1106482,.66666669,1.0231041,.69973546
2331973,tottenham-hotspur,148,1,fc-chelsea,631,1,16.222221,12.333333,8.8888893,8.5,10.980392,36.22876,5.9411764,21.163399,2013,1.7681834,1.0847033,1.4277433,1.0942428,1.6946166,1.1374642,1.3349892,1.0760387,1.8233466,1.2099206,1.2347223,.97669923
2331974,tottenham-hotspur,148,1,west-bromwich-albion,984,1,0,0,0,0,5.2352943,11.954248,2.8496733,4.4313726,2013,1.3746302,.89930272,1.0451611,.76584446,1.3527359,.95537657,1.0199155,.87558877,1.7657408,.98703706,.93161374,.82222223
2331975,norwich-city,1123,0,manchester-united,985,1,16.833334,0,4.6666665,0,8.8888893,36.69281,2.6274509,26.59477,2013,1.3924446,.86479199,.88218451,.84353322,1.481302,1.0091429,.8873052,.8586548,1.1746032,.83796299,.7548942,.82222223
2331976,tottenham-hotspur,148,3,stoke-city,512,0,0,2.7777777,0,1,3.7254901,20.915033,2.1307189,5.9477124,2013,1.6009395,1.0137311,.78941149,.71165967,1.551347,1.0504524,.71776795,.69656885,1.7451059,1.0501323,.50158733,.51182336
2331977,fc-arsenal,11,2,cardiff-city,603,0,69.611115,0,39.611111,0,22.941177,0,13.529411,0,2013,.9729982,.78303045,1.2522137,.97379494,1.0729164,.87704176,1.3061347,1.1521765,.96481484,.72777778,2.0663781,1.3682539
2331978,fc-southampton,180,2,crystal-palace,873,0,11.388889,0,2.8888888,0,11.803922,.29411766,2.9803922,.065359481,2013,1.2699221,.86541158,1.0210143,.68796992,1.5470891,1.109612,.92049342,.66517156,2.1297619,1.4472222,.69510579,.35740742
2331979,manchester-united,985,1,west-bromwich-albion,984,2,9.166667,19.277779,3.5555556,7.0555553,37.882355,12.124183,26.411764,4.3202615,2013,1.2581897,1.0434383,.92902339,.63907629,1.3161883,1.1724533,.89085287,.59872013,1.3398148,1.4324074,.58716929,.61759257
2331980,crystal-palace,873,1,norwich-city,1123,1,3,15.666667,.94444442,4.2222223,.22875817,8.5294113,.05882353,2.4117646,2013,1.0034336,.62712336,1.4095012,.86131978,.89965177,.57096791,1.4917958,1.0091429,.74365079,.54351854,1.2079365,.83796299
2331981,west-ham-united,379,2,fc-everton,29,3,47.722221,7.4444447,16.555555,1.9444444,17.065359,16.503267,5.3986926,6.7647057,2013,1.1040123,.73159319,1.055684,.66681886,1.1146542,.7431277,1.2073045,.68010008,.81944442,.5787037,1.3900493,.77083331
2331982,aston-villa,405,3,manchester-city,281,2,10.944445,0,2.3888888,0,9.9281044,26.137255,2.7189543,16.79085,2013,.85104704,.53078163,1.2390165,.90748072,.89615387,.6301657,1.3730322,.8558659,.98796296,.4601852,1.4685185,.83611113
2331983,fc-everton,29,3,newcastle-united,762,2,9.333333,34,2.4444444,13,15.51634,15.503268,6.3202615,6.1633987,2013,1.1990012,.70810127,.94626963,.45226163,1.4789095,.76651984,.95134443,.46256226,1.6238456,.87962961,.7787478,.35509259
2331984,hull-city,3008,1,west-ham-united,379,0,5,49.277779,1.4444444,16.944445,.41176471,16.647058,.16993465,5.1176472,2013,.91612762,.74169451,1.1127094,.76082695,.98569393,.80424035,1.1235607,.79173881,1.0009259,.92592591,.83796299,.66759259
2331985,stoke-city,512,0,norwich-city,1123,1,2.7777777,18.388889,1,5.1111112,30.712418,11.862745,8.8692808,3.4509804,2013,.85984498,.72799957,1.3838061,.90767676,.80170256,.71437192,1.4744978,1.0261074,.65436506,.73404557,1.0664021,.70092595
2331986,hull-city,3008,6,fc-fulham,931,0,5,0,1.4444444,0,.41176471,9.0718956,.16993465,2.9542484,2013,1.0358546,.63219571,.86481535,.71977413,1.1041644,.68146497,.70968497,.71231008,.88518518,.66203701,.57499999,.58703703
2331987,newcastle-united,762,0,fc-arsenal,11,1,33.777779,69.777779,12.777778,39.333332,17.470589,23,6.8562093,13.222222,2013,1.0128562,.51898712,1.1333817,.86620814,.98065561,.52182156,1.2423608,.98512262,.78059965,.38842592,1.1824074,.85740739
2331988,west-ham-united,379,3,west-bromwich-albion,984,3,16.142857,0,4.8571429,0,5.7142859,13.659341,1.6190476,4.7362638,2013,.91478992,.54626691,1.1532713,.99379832,.77787101,.45705128,.97016734,.99683231,.33333334,.30000001,.80000001,1.0607142
2331989,fc-southampton,180,2,tottenham-hotspur,148,3,9.6111107,0,2.4444444,0,9.8692808,7.9215684,2.6535947,4.3071895,2013,1.1129724,.7951324,1.5721374,1.0077683,1.2288883,.94680333,1.4976432,1.0720432,1.7712963,1.2361112,1.9839947,1.141799
2331990,afc-sunderland,289,0,norwich-city,1123,0,0,17.111111,0,4.6111112,8.9803925,8.5751638,2.6601307,2.4444444,2013,.89244717,.56137335,1.3828127,.84743088,1.0258758,.61698008,1.4362403,.9721058,1.1911764,.65686274,1.1523809,.80092591
2331991,fc-liverpool,31,0,fc-southampton,180,1,13.777778,11.388889,5.7222223,2.8888888,10.686275,11.803922,4.6274509,2.9803922,2013,.82054967,.58677226,1.2699221,.86541158,.85471028,.58321488,1.5470891,1.109612,1.4119929,1.5775132,2.1297619,1.4472222
2331992,newcastle-united,762,2,hull-city,3008,3,35.5,2.7222223,13.611111,.72222221,15.96732,.41176471,6.3660131,.16993465,2013,.97231132,.49914584,1.169655,.81098074,.93663853,.48478448,1.1957909,.89400351,.75652558,.39953703,1.0379629,.92592591
2331993,crystal-palace,873,0,newcastle-united,762,3,3,34.888889,.94444442,13.277778,.22875817,16.862745,.05882353,6.6274509,2013,.97843361,.6055184,1.0164305,.52369022,.87372583,.5501346,.99372751,.53928185,.67420638,.52499998,.81269842,.40370369
2331994,fc-fulham,931,2,manchester-city,281,4,0,0,0,0,14.20915,18.973856,4.5816994,12.137255,2013,.91834265,.91414428,1.3471034,1.0033034,.93815774,1.0410578,1.3109673,.96292967,.64166665,.7814815,1.5583333,.91111112
2331995,fc-liverpool,31,3,cardiff-city,603,1,18.833334,0,7.4444447,0,12.366014,0,5.2091503,0,2013,.97053349,.73191881,1.2407048,1.0175611,.94097823,.6940937,1.4366302,1.2810125,1.4985008,1.6433862,2.1404521,1.3404762
2331996,manchester-united,985,3,west-ham-united,379,1,1.6111112,35.5,.44444445,11.833333,30.915033,16.581699,22.38562,5.019608,2013,1.0415312,.92692661,.85597432,.71075052,1.0168232,.95667529,.84780282,.68453509,.81322753,.9212963,.49845678,.45568782
2331997,stoke-city,512,2,aston-villa,405,1,0,11,0,2.3888888,29.156862,10.091503,8.3137255,2.5686274,2013,.7728287,.64430308,.87756842,.55400693,.75514168,.67245269,.9162156,.64921331,.64047617,.73404557,.97407407,.4601852
2331998,manchester-city,281,1,crystal-palace,873,0,0,3,0,.94444442,23.777779,.22875817,15.928104,.05882353,2013,1.1524893,.94314629,.97843361,.6055184,1.0635227,.87992704,.87372583,.5501346,1.1898148,.85555553,.67420638,.52499998
2331999,fc-chelsea,631,2,fc-fulham,931,0,13.111111,27.888889,9,8.7777777,27.09804,10.725491,16.117647,3.2352941,2013,1.3757606,1.0688963,.94000119,.89868081,1.3526959,1.1430421,1.0019203,1.0438509,1.4114197,1.0762362,.58611113,.60555553
2332000,crystal-palace,873,0,swansea-city,2288,2,.3888889,20.222221,.11111111,5.7222223,.3137255,13.75817,.071895428,3.9738562,2013,1.0459684,.72618377,.93133247,.54693985,.93244624,.68953055,1.0478295,.60621113,.82566136,.53888887,1.5661376,.73148149
2332001,manchester-city,281,4,manchester-united,985,1,0,9.166667,0,3.5555556,25.647058,44.490196,16.601307,31.960785,2013,1.4523568,1.0306691,1.1381457,.94472563,1.5974591,.95110399,1.14715,1.0382928,1.6574074,.90555555,1.0160053,1.087963
2332002,norwich-city,1123,0,aston-villa,405,1,18.555555,9.666667,5.1666665,1.9444444,11.823529,11.084968,3.503268,2.9673202,2013,1.3482474,.86157042,.9990626,.61743689,1.4550574,.96276563,.99668294,.6756202,1.1349206,.75648147,1.3133597,.55092591
2332003,west-bromwich-albion,984,3,afc-sunderland,289,0,16.444445,1.8888888,6.0555553,.5,8.9477119,7.1633987,3.1830065,1.614379,2013,1.031809,.74609792,.92678702,.52073741,.99110544,.74017632,1.0200313,.53814614,.71865082,.85648149,1.2435185,.61574072
2332004,hull-city,3008,2,manchester-united,985,3,5,1.9444444,1.4444444,.66666669,.41176471,41.915031,.16993465,30.503267,2013,1.0358546,.63219571,1.0028964,.81247908,1.1041644,.68146497,.98069382,.84001416,.88518518,.66203701,.80396825,.93518519
2332005,stoke-city,512,0,manchester-city,281,0,2.7777777,0,1,0,35.575165,19.48366,10.477124,12.633986,2013,.83811295,.73780346,1.4525433,.9997322,.73441857,.68535954,1.6017703,.91908044,.65436506,.73404557,1.687037,.90555555
2332006,cardiff-city,603,0,tottenham-hotspur,148,1,0,16.277779,0,8.833333,0,8.3986931,0,4.7254901,2013,1.4537066,1.1507126,1.4918042,.91753072,1.6667889,1.4689754,1.4705424,.99936295,2.205267,1.6460317,1.4921176,1.0395503
2332007,fc-arsenal,11,0,fc-chelsea,631,0,71.444443,8.6111107,40.722221,5.9444447,24.51634,29.30719,14.398693,17.078432,2013,1.1990354,1.1250409,1.4648608,1.2006307,1.2927145,1.2589443,1.3857371,1.2195573,1.2842592,1.1805556,1.2865741,1.0970696
2332008,aston-villa,405,0,crystal-palace,873,1,8.2222223,3,1.4444444,.94444442,9.6078434,.22875817,2.4509804,.05882353,2013,.96913821,.60601014,.91266096,.58403689,1.01161,.6826188,.84039247,.53690708,1.1268518,.54351854,.66494709,.52962965
2332009,manchester-city,281,2,fc-liverpool,31,1,0,18.555555,0,7.4444447,26.529411,10.48366,16.921568,4.4444447,2013,1.1434405,.94660187,.96249413,.73832905,1.0599824,.88464081,.94062209,.71083158,1.1953703,.87777776,1.5114639,1.6656084
2332010,fc-southampton,180,0,west-ham-united,379,0,11,49.333332,2.8333333,17,11.908497,18.026144,2.9215686,5.7058825,2013,1.4003234,.91216874,.96905857,.64895427,1.6526446,1.1843034,.99274057,.65238696,2.1297619,1.4472222,.75833333,.53703701
2332011,swansea-city,2288,2,fc-liverpool,31,2,20.222221,15.222222,5.7222223,6.3888888,13.895425,10.130719,3.986928,4.3267975,2013,.93133247,.54693985,.85138303,.62513208,1.0478295,.60621113,.8819539,.61965066,1.5661376,.73148149,1.4258819,1.6886244
2332012,tottenham-hotspur,148,2,norwich-city,1123,0,18.166666,18.833334,9.8888893,5.2222223,12.281046,10.712419,6.5032678,3.1699347,2013,1.6063988,.95156187,1.2789357,.75832969,1.551561,1.0360278,1.3922975,.91244513,1.6011243,1.0691799,1.0867724,.71944445
2332013,cardiff-city,603,0,fc-southampton,180,3,0,11.222222,0,2.8333333,0,14.947712,0,3.8954248,2013,1.3576639,1.0716286,1.1001518,.79008192,1.5025032,1.3180496,1.2160678,.93754411,2.0386002,1.2941799,1.7527778,1.2175926
2332014,fc-chelsea,631,1,swansea-city,2288,0,9.7222223,17.111111,6.7222223,5.0555553,30.601307,9.4248362,17.764706,2.8823528,2013,1.4648608,1.2006307,.78903228,.53112197,1.3857371,1.2195573,.839917,.57395804,1.2865741,1.0970696,1.2328042,.69444442
2332015,fc-everton,29,0,afc-sunderland,289,1,11.333333,0,3.1111112,0,23.156862,3.3986928,9.6601305,.83006537,2013,.93544018,.61157149,.86050421,.54036969,1.0450556,.60644686,.95850366,.59257531,1.1400493,.7199074,1.0083333,.5
2332016,manchester-united,985,2,crystal-palace,873,0,9.166667,.3888889,3.5555556,.11111111,34.758171,.3137255,24.732027,.071895428,2013,1.1472929,1.0388119,1.0466994,.70457888,1.1603754,1.1262217,.95124966,.65712315,1.3252646,1.4101852,.88584656,.53888887
2332017,swansea-city,2288,1,hull-city,3008,1,19.777779,5,5.7222223,1.4444444,10.294118,.41176471,2.9803922,.16993465,2013,.82576936,.57034582,.89317787,.66807532,.86613756,.63193667,1.0031543,.725236,.85317463,.7037037,.94074076,.8425926
2332018,aston-villa,405,0,manchester-united,985,3,10,1.6111112,2,.44444445,11.313725,38.254902,3.0196078,27.261438,2013,.91714245,.56941402,.76194286,.90004915,.93753594,.62177223,.75358409,.95452577,.99391532,.42314816,.64563495,.92592591
2332019,fc-arsenal,11,3,stoke-city,512,1,60.611111,2.7777777,33.5,1,17.346405,35.61438,9.6732025,10.503268,2013,.82968664,.75944203,.83811295,.73780346,.76856703,.82053024,.73441857,.68535954,.7175926,.65833336,.65436506,.73404557
2332020,afc-sunderland,289,1,fc-arsenal,11,3,2.3888888,60.611111,.6111111,33.777779,8.359477,17.679739,2.1241829,9.9215689,2013,.87214643,.57501364,.90780395,.78486437,1.0096638,.56771362,.93221235,.91817331,1.2181373,.60294116,1.0148149,.86203706
2332021,west-bromwich-albion,984,1,hull-city,3008,1,0,5,0,1.4444444,15.30719,.41176471,5.7058825,.16993465,2013,1.1893411,.87287712,1.0358546,.63219571,1.1788801,.94094473,1.1041644,.68146497,1.0232804,.94537038,.88518518,.66203701
2332022,fc-everton,29,1,fc-chelsea,631,0,7.4444447,12.333333,1.9444444,8.5,17.980392,33.045753,7.3660131,19.352942,2013,.95846176,.64708203,1.4976928,1.2059109,1.0846193,.67525679,1.4500284,1.251321,1.099044,.68088627,1.5125,1.2266992
2332023,hull-city,3008,1,cardiff-city,603,1,5,0,1.4444444,0,.29411766,0,.13725491,0,2013,.92316025,.80035043,1.2956499,1.0667675,1.033313,.87206143,1.4445667,1.3286315,1.0009259,.92592591,2.2237854,1.4608465
2332024,manchester-united,985,0,newcastle-united,762,1,0,35.833332,0,13.833333,31.921568,21.69281,22.79085,8.7450981,2013,.94383204,.96976608,1.0468227,.58966243,.97796524,1.0573877,1.0235255,.60039294,.97156084,1.1555556,.81455028,.42592594
2332025,stoke-city,512,3,fc-chelsea,631,2,2.7777777,12.333333,1,8.5,29.156862,32.862743,8.3137255,19.137255,2013,.8194499,.70639461,1.6151521,1.1840839,.75059623,.68911934,1.5700134,1.2271475,.61269844,.73404557,1.6007715,1.1732805
2332026,cardiff-city,603,1,west-bromwich-albion,984,0,0,18.055555,0,7,0,13.379085,0,5.0522876,2013,1.4073714,1.0889896,1.1893411,.87287712,1.5421858,1.3365681,1.1788801,.94094473,2.1682298,1.3775132,1.0232804,.94537038
2332027,newcastle-united,762,1,fc-southampton,180,1,37.777779,9.7222223,14.166667,2.4444444,17.130718,10.111111,6.6078429,2.7385621,2013,.94584233,.42518413,1.2497779,.82175279,.94906521,.44404376,1.519563,1.05097,.65837741,.35509259,2.0027778,1.2361112
2332028,manchester-city,281,6,fc-arsenal,11,3,0,72.277779,0,40.722221,30.745098,25.470589,20.771242,14.712419,2013,1.3767037,1.0728767,1.0670578,1.0100268,1.3001422,.98450857,1.0587275,1.148308,1.412037,.94722223,1.1398149,1.0611111
2332029,fc-everton,29,4,fc-fulham,931,1,4.7777777,0,1.3888888,0,14.79085,15.803922,6.013072,5.026144,2013,1.0197204,.60760319,.91508365,.80445945,1.1338003,.6104151,.79686087,.76602733,1.306716,.7337963,.80833334,.73518521
2332030,aston-villa,405,1,newcastle-united,762,2,15.166667,34.722221,4.8888888,13.277778,9.4640522,15.470589,2.503268,6.1045752,2013,1.0903549,.66176909,.99134785,.51011074,1.0846459,.71891826,.96441633,.49404377,1.4152117,.60648149,.75652558,.39953703
2332031,fc-fulham,931,1,west-bromwich-albion,984,1,33.111111,18,10.277778,6.5555553,14.339869,13.235294,4.2875819,4.5294118,2013,1.0139226,1.000854,1.0925779,.79456282,1.0725223,1.1126543,.97985184,.82617521,.93611109,.91111112,.67513227,.89537036
2332032,fc-liverpool,31,5,norwich-city,1123,1,20.555555,15.888889,8.2222223,4.2777777,15.372549,8.7058821,6.6209149,2.4771242,2013,1.1022002,.85096639,1.1335752,.72411025,1.0300986,.7866863,1.1763496,.79591537,1.6003528,1.7433863,.95661378,.66203701
2332033,fc-southampton,180,1,manchester-city,281,1,8.8888893,0,2.2222223,0,9.4575167,29.20915,2.4705882,19.111111,2013,1.247926,.79953057,1.3241317,.94401199,1.5041308,1.0262786,1.251264,.84462249,1.8916667,1.2083334,1.3425926,.76666665
2332034,afc-sunderland,289,1,tottenham-hotspur,148,2,0,17.944445,0,9.833333,8.9803925,12.941176,2.6601307,6.9673204,2013,.88874346,.56137335,1.6922719,1.0236694,1.0186608,.62174201,1.6138431,1.0288459,1.167647,.64215684,1.6946429,.97380954
2332035,west-bromwich-albion,984,0,norwich-city,1123,2,17.277779,15.888889,6.3888888,4.2777777,10.823529,8.7058821,3.993464,2.4771242,2013,1.1393694,.81169015,1.1335752,.72411025,1.1049613,.88052207,1.1763496,.79591537,1.0888889,1.0675926,.95661378,.66203701
2332036,tottenham-hotspur,148,0,fc-liverpool,31,5,17.944445,18.833334,9.833333,7.4444447,13.601307,12.366014,7.3267975,5.2091503,2013,1.6922719,1.0236694,.97053349,.73191881,1.6138431,1.0288459,.94097823,.6940937,1.6946429,.97380954,1.4985008,1.6433862
2332037,west-ham-united,379,0,afc-sunderland,289,0,35.5,0,11.833333,0,16.581699,6.7843137,5.019608,2.1045752,2013,.85597432,.71075052,.87886691,.53849757,.84780282,.68453509,1.0181317,.60182858,.49845678,.45568782,1.1911764,.65686274
2332038,swansea-city,2288,1,fc-everton,29,2,17.5,11.333333,5.1111112,3.1111112,7.0522876,22.039215,2.143791,9.1568632,2013,.80351043,.52443862,.81289113,.55877644,.84362072,.58013093,.95497626,.57751167,1.2050265,.7037037,1.0474567,.73842591
2332039,tottenham-hotspur,148,2,manchester-united,985,2,18.166666,9.166667,10,3.5555556,15.431373,39.405228,8.2352943,28.562092,2013,1.6378275,.93439919,1.1054573,.90279567,1.5274869,.90880454,1.1429373,1.0286791,1.4113095,.90899473,1.0058202,1.0490741
2332040,fc-arsenal,11,2,hull-city,3008,0,67.055557,5,37.833332,1.4444444,24.431372,.41176471,14.137255,.16993465,2013,1.0108709,.95943159,1.1513485,.73715556,1.0023783,1.0879447,1.2152754,.77516991,1.1175926,1.0388889,.89629632,.8425926
2332041,fc-southampton,180,2,aston-villa,405,3,9.1111107,11.666667,2.2777777,2.5,6.7581701,13.281046,1.8104575,3.503268,2013,1.0935534,.73031461,.88315791,.55036938,1.3571401,.97204584,.85779405,.59810698,1.7130952,1.2527778,1.0170635,.41203704
2332042,crystal-palace,873,1,west-ham-united,379,0,3,44.555557,.94444442,15.388889,.3137255,15.215686,.071895428,4.640523,2013,1.0345293,.71442491,.96602726,.71862006,.93864745,.65970248,1.0514387,.70839548,.80251324,.48333332,.71141976,.48902115
2332043,manchester-united,985,0,fc-everton,29,1,9.166667,7.4444447,3.5555556,1.9444444,40.444443,21.686274,29.274509,9.1241827,2013,1.1392044,1.046134,1.0519625,.62777519,1.1607383,1.1525905,1.1615781,.62917417,1.0530423,1.1296296,1.3900493,.78935188
2332044,swansea-city,2288,3,newcastle-united,762,0,17.611111,34.666668,4.8333335,13.055555,11.627451,14.660131,3.1764705,5.7712417,2013,.65462154,.51892388,.69613075,.42382249,.63655001,.56655067,.65689999,.42640707,.60317463,.6111111,.58800703,.28101853
2332045,fc-fulham,931,1,tottenham-hotspur,148,2,0,18.666666,0,10.166667,13.117647,13.75817,4.1372547,7.2026143,2013,.86532104,.94409531,1.7119015,.99866933,.94130528,1.0691137,1.6774869,.99672341,.85833335,.85555553,1.8041667,.97645503
2332046,fc-arsenal,11,1,fc-everton,29,1,67.055557,7.4444447,37.833332,1.9444444,24.431372,21.686274,14.137255,9.1241827,2013,1.0108709,.95943159,1.0519625,.62777519,1.0023783,1.0879447,1.1615781,.62917417,1.1175926,1.0388889,1.3900493,.78935188
2332047,fc-chelsea,631,2,crystal-palace,873,1,11.166667,3,7.6666665,.94444442,27.607843,.10457516,16.326797,.019607844,2013,1.6697186,1.2673808,.96981972,.73235208,1.5964985,1.295904,.89420301,.6630134,1.4865741,1.1367521,.77275133,.5472222
2332048,hull-city,3008,0,stoke-city,512,0,5,2.7777777,1.4444444,1,.41176471,23.954248,.16993465,6.8366013,2013,.89317787,.66807532,.70694035,.62614769,1.0031543,.725236,.64958614,.63356382,.94074076,.8425926,.48769841,.65997154
2332049,hull-city,3008,0,crystal-palace,873,1,5,0,1.4444444,0,.41176471,.22875817,.16993465,.05882353,2013,.98546183,.69346493,.9787423,.59934556,1.0886521,.72586733,.87614745,.54319012,.97037035,.82407409,.75158733,.54351854
2332050,afc-sunderland,289,3,fc-chelsea,631,4,0,12.333333,0,8.5,8.9803925,31.30719,2.6601307,18.215687,2013,.89244717,.56137335,1.42085,1.1810315,1.0258758,.61698008,1.3998746,1.2570621,1.1911764,.65686274,1.4415123,1.1547619
2332051,newcastle-united,762,2,norwich-city,1123,1,39.666668,15.611111,15,4.2777777,18.973856,8.8627453,7.4444447,2.5882354,2013,1.0241032,.52188647,1.2409827,.78506708,.99536151,.53928185,1.3201768,.85702646,.8250441,.41064814,1.0492064,.7175926
2332052,west-bromwich-albion,984,2,aston-villa,405,2,16.222221,12.555555,6.0555553,2.7777777,11.124183,13.392157,4.0653596,3.5947711,2013,1.2410685,.92297602,.90944761,.51672941,1.1285141,1.0171583,.88201058,.55084866,1.1305555,1.137037,1.0263227,.42314816
2332053,west-ham-united,379,3,fc-fulham,931,0,47.111111,25.666666,16.055555,8.1111107,18.960785,8.5620918,5.6732025,2.7189543,2013,1.0440695,.8136856,.85178488,.80881155,1.0660291,.81052792,.90542567,.944475,.72993827,.58161378,.65092593,.68888891
2332054,west-bromwich-albion,984,2,manchester-city,281,3,15.888889,0,5.9444447,0,9.8888893,25.653595,3.6535947,16.535948,2013,1.1016375,.84885013,1.3443338,.95570791,1.028867,.93862295,1.2704438,.85472351,1.0490741,.97777778,1.3648148,.76666665
2332055,crystal-palace,873,2,cardiff-city,603,0,3,0,.94444442,0,.3137255,0,.071895428,0,2013,1.0345293,.71442491,1.2432301,.9705525,.93864745,.65970248,1.4300164,1.1950337,.80251324,.48333332,2.4182298,1.4515873
2332056,fc-liverpool,31,4,west-ham-united,379,1,18.888889,47.388889,7.4444447,16.166666,12.640523,19.431372,5.2810459,5.8300653,2013,1.0904042,.84257472,1.0208373,.79624063,1.0219077,.79290229,1.0462155,.79438353,1.5809083,1.7656084,.67438269,.5260582
2332057,norwich-city,1123,1,swansea-city,2288,1,15.888889,20.5,4.2777777,6.0555553,8.7058821,15.006536,2.4771242,4.5098038,2013,1.1335752,.72411025,.90785539,.65671372,1.1763496,.79591537,1.0383598,.74957335,.95661378,.66203701,1.5800265,.9074074
2332058,newcastle-united,762,2,fc-chelsea,631,0,37.722221,9.7222223,14,6.7222223,16.352942,32.019608,6.1895423,18.542484,2013,1.0258496,.53559494,1.4648608,1.2006307,1.0055187,.55515486,1.3857371,1.2195573,.82272929,.41064814,1.2865741,1.0970696
2332059,fc-everton,29,3,fc-liverpool,31,3,7.4444447,21.388889,1.9444444,8.6111107,19.535948,16.267973,7.9673204,7.013072,2013,1.1114591,.72936654,1.0119003,.84647709,1.2609607,.73411244,.90594035,.77174699,1.5127345,.91666669,1.3392416,1.6164021
2332060,west-ham-united,379,0,fc-chelsea,631,3,46.388889,12.333333,15.777778,8.5,17.555555,27.640522,5.2091503,16.470589,2013,1.0440695,.8136856,1.543014,1.1785361,1.0660291,.81052792,1.4889948,1.1829411,.72993827,.58161378,1.3748456,1.0484585
2332061,fc-chelsea,631,3,fc-southampton,180,1,12.333333,10.777778,8.5,2.7222223,32.915031,11.457517,19.38562,2.856209,2013,1.4182407,1.1368693,1.123183,.75253683,1.351053,1.1480408,1.40035,.99673724,1.2433642,.98595846,1.8519841,1.2805556
2332062,fc-everton,29,4,stoke-city,512,0,7.4444447,2.7777777,1.9444444,1,25.69281,26.222221,10.718954,7.3071895,2013,.96466094,.56052369,.81478679,.67368704,1.0541706,.56507158,.73073089,.62607825,1.3344938,.77546299,.58095241,.55883193
2332063,stoke-city,512,0,cardiff-city,603,0,2.7777777,0,1,0,23.751635,0,6.9607844,0,2013,.82529783,.70639461,1.2432301,.9705525,.76069725,.68911934,1.4300164,1.1950337,.64047617,.73404557,2.4182298,1.4515873
2332064,stoke-city,512,2,afc-sunderland,289,0,0,0,0,0,28.882353,7.2222223,8.0326796,2.2941177,2013,.8451907,.74340379,.90836596,.57357877,.83867645,.76509339,1.0450354,.62160969,.66428572,.70698005,1.25,.71568626
2332065,cardiff-city,603,0,fc-arsenal,11,3,0,71.888885,0,40.666668,0,26.888889,0,15.633986,2013,1.3934826,1.1885012,.96289116,.95169348,1.6588525,1.549531,.98398006,1.097803,2.3626745,1.7849207,1.1509259,1.0611111
2332066,newcastle-united,762,2,west-bromwich-albion,984,1,40.222221,16.722221,15.277778,6.3888888,19.562092,12.764706,7.7581701,4.8235292,2013,1.0402868,.53956324,1.0541948,.85848248,1.0175837,.55515486,1.0044982,.92527521,.81578481,.41064814,.8740741,.96388888
2332067,fc-chelsea,631,2,west-bromwich-albion,984,2,9.7222223,18.166666,6.7222223,6.7777777,29.228758,13.104575,17.071896,4.8366013,2013,1.413002,1.1915315,1.1077352,.82185036,1.405201,1.2142963,1.0662246,.94746131,1.4143518,1.1410511,1.075,1.0259259
2332068,crystal-palace,873,0,fc-everton,29,0,0,7.4444447,0,1.9444444,.10457516,26.960785,.019607844,11.320261,2013,1.0028189,.74443322,1.1114591,.72936654,.90079641,.68589699,1.2609607,.73411244,.78201056,.56574076,1.5127345,.91666669
2332069,fc-fulham,931,1,swansea-city,2288,2,22.333334,19.277779,7.0555553,5.5,6.2745099,11.934641,1.9084967,3.496732,2013,.92077243,.79260111,.75007123,.42120889,1.0248653,.94543654,.80400234,.47580993,.84537035,.61481482,1.1957672,.53703701
2332070,manchester-city,281,6,tottenham-hotspur,148,0,0,19.333334,0,10.722222,23.078432,17.575163,15.437908,9.4771242,2013,1.4807047,.9612276,1.7124767,.95448124,1.4623101,.883313,1.615586,.9738645,1.637037,.80000001,1.642791,.94417989
2332071,aston-villa,405,0,afc-sunderland,289,0,11.666667,0,2.5,0,13.281046,8.9803925,3.503268,2.6601307,2013,.88315791,.55036938,.89244717,.56137335,.85779405,.59810698,1.0258758,.61698008,1.0170635,.41203704,1.1911764,.65686274
2332072,hull-city,3008,3,fc-liverpool,31,1,5,18.555555,1.4444444,7.4444447,.41176471,13.934641,.16993465,6.0522876,2013,.99811614,.70653683,1.1022002,.85096639,1.1104774,.74606937,1.0300986,.7866863,.97962964,.8425926,1.6003528,1.7433863
2332073,manchester-city,281,3,swansea-city,2288,0,0,17.111111,0,5.0555553,25.071896,9.960784,16.640522,3.0915034,2013,1.3331805,.94363058,.78003001,.5471977,1.2595973,.84678704,.7592352,.59324616,1.3537037,.76666665,.60317463,.6111111
2332074,norwich-city,1123,1,crystal-palace,873,0,15.888889,3,4.2777777,.94444442,8.7058821,.3137255,2.4771242,.071895428,2013,1.1335752,.72411025,1.0345293,.71442491,1.1763496,.79591537,.93864745,.65970248,.95661378,.66203701,.80251324,.48333332
2332075,fc-fulham,931,2,aston-villa,405,0,0,11.888889,0,2.5,15.359477,14.143791,4.8954248,3.6928105,2013,.76230586,.77504766,.99821842,.64792228,.68574977,.74936068,.98540562,.68014765,.76018518,.71666664,1.2022487,.61759257
2332076,west-bromwich-albion,984,2,crystal-palace,873,0,20.5,0,7.6111112,0,15.281046,.019607844,5.6078429,.0065359478,2013,1.1523873,.84718788,.92987013,.57020938,1.083146,.88823813,.85655594,.53476059,.94444442,.93981481,.78862435,.56203705
2332077,fc-chelsea,631,2,manchester-city,281,1,10.5,0,7.2222223,0,30.764706,25.542484,18.058823,17.130718,2013,1.4648608,1.2006307,1.360131,1.0762035,1.3857371,1.2195573,1.2892269,.99885529,1.2865741,1.0970696,1.3898149,.94722223
2332078,stoke-city,512,1,fc-southampton,180,1,2.7777777,11.555555,1,2.9444444,32.241829,12.261438,9.3856211,3.3202615,2013,.90989661,.80522692,1.1685036,.84301418,.83655101,.77851331,1.3091627,1.0270294,.65436506,.73404557,1.8519841,1.3916667
2332079,afc-sunderland,289,1,manchester-city,281,0,0,0,0,0,9.5294113,23.758169,2.8496733,15.490196,2013,.90466231,.57357877,1.2786285,.88344538,1.0378203,.62637162,1.2085665,.75419444,1.2264706,.70098037,1.2888889,.64166665
2332080,fc-liverpool,31,4,west-bromwich-albion,984,1,19.444445,17,7.7222223,6.4444447,14.640523,12.163399,6.1830068,4.3986926,2013,.9719165,.80130005,1.2576451,.94622493,.8662324,.73689759,1.1488765,.97901773,1.296649,1.5275133,1.1,1.1675926
2332081,manchester-united,985,3,stoke-city,512,2,8.833333,2.7777777,3.3333333,1,35.901962,32.686275,26.019608,9.2810459,2013,1.2908021,1.1196047,.85107309,.71045566,1.2984016,1.215028,.786551,.68406886,1.331746,1.375,.65436506,.73404557
2332082,west-ham-united,379,0,aston-villa,405,0,44,11,15.111111,2.3888888,13.058824,10,3.7973857,2.6535947,2013,.97939003,.74632972,1.0762228,.62607688,1.0572231,.733648,1.1061728,.6992774,.72993827,.5445767,1.2902117,.56203705
2332083,fc-liverpool,31,4,fc-fulham,931,0,23.111111,24.611111,9.333333,7.6666665,18.784313,7.3986926,7.9673204,2.1830065,2013,1.013517,.88275367,.96117646,.84815663,.91982925,.82320714,1.0376858,.95932537,1.3892416,1.7312169,.87314814,.63333333
2332084,manchester-united,985,1,fc-arsenal,11,0,9.166667,64.055557,3.5555556,35.666668,42.823528,19.17647,30.797386,10.941176,2013,1.2820336,1.1147411,.89775771,.84016097,1.288252,1.2101579,.86993784,.95386356,1.3595238,1.3888888,.85092592,.82499999
2332085,norwich-city,1123,3,west-ham-united,379,1,18.166666,43.833332,4.8888888,15.111111,12.248366,14.313725,3.5424836,4.359477,2013,1.361353,.90728927,.96602726,.71862006,1.479899,1.0665503,1.0514387,.70839548,1.1455027,.8287037,.71141976,.48902115
2332086,fc-arsenal,11,2,fc-southampton,180,0,72.5,9.8888893,40.666668,2.5,28.673203,9.6732025,16.496733,2.4183006,2013,1.0462245,1.0020903,1.1227082,.7344144,1.0266287,1.1344191,1.3986405,.98192239,1.0768518,1.0425926,1.8612434,1.262037
2332087,aston-villa,405,2,cardiff-city,603,0,9,0,1.8333334,0,7.5816994,0,2.006536,0,2013,1.0220561,.61020386,1.401419,1.2043742,1.0765432,.69286716,1.6056778,1.549531,1.1050265,.45092592,2.1682298,1.7386243
2332088,aston-villa,405,0,fc-everton,29,2,11.277778,7.4444447,2.4444444,1.9444444,11.352942,20.888889,3.0196078,8.4967318,2013,1.0651023,.65065801,1.0986133,.7456038,1.0568681,.70657259,1.2500396,.75880378,1.3411375,.60648149,1.50579,.9375
2332089,fc-southampton,180,2,fc-fulham,931,0,11.222222,30.444445,2.8888888,9.5555553,11.640523,13.51634,3.1764705,4.2418299,2013,1.2561359,.75372046,1.0123161,.82928538,1.3801029,.98690593,.88548517,.78487653,1.7964286,1.3361111,.86388886,.79074073
2332090,fc-everton,29,0,tottenham-hotspur,148,0,7.4444447,17.888889,1.9444444,9.9444447,20.888889,15.274509,8.4967318,8.1960783,2013,1.0986133,.7456038,1.6576334,1.0451245,1.2500396,.75880378,1.5955424,1.1142685,1.50579,.9375,1.7122355,1.1988095
2332091,fc-southampton,180,4,hull-city,3008,1,10.722222,5,2.7222223,1.4444444,10.163399,.29411766,2.6535947,.13725491,2013,1.0893666,.746364,1.2444124,.80120909,1.3665335,.99056435,1.2814691,.8633132,1.8519841,1.2805556,.97037035,.74537039
2332092,swansea-city,2288,3,stoke-city,512,3,18.388889,2.7777777,5.3333335,1,11.928104,31.986929,3.4771242,9.3921566,2013,.80586731,.53562689,.90989661,.80522692,.86819988,.59926671,.83655101,.77851331,1.2744709,.66666669,.65436506,.73404557
2332093,cardiff-city,603,2,manchester-united,985,2,0,8.833333,0,3.3333333,0,43.058823,0,30.849672,2013,1.3934826,1.1885012,.95588726,.97857994,1.6588525,1.549531,.98224384,1.0866814,2.3626745,1.7849207,.9456349,1.0907408
2332094,crystal-palace,873,0,fc-arsenal,11,2,0,71,0,39.833332,.10457516,23.633987,.019607844,13.588235,2013,.92094755,.69766033,.95648092,.88721979,.86350042,.6490283,.91358864,.98627096,.80978835,.56574076,.91759259,.83888888
2332095,tottenham-hotspur,148,0,newcastle-united,762,1,14.333333,34.055557,7.7777777,13,10.202615,18.503267,5.2875819,7.2810459,2013,1.6576334,1.0451245,1.0402868,.53956324,1.5955424,1.1142685,1.0175837,.55515486,1.7122355,1.1988095,.81578481,.41064814
2332096,manchester-united,985,1,tottenham-hotspur,148,2,1.9444444,0,.66666669,0,45.281044,7.5620914,32.77124,4.1764708,2013,1.0332955,.83995956,1.3302701,.91454798,1.0010011,.86063707,1.2920877,.9648537,.78544974,.92592591,1.7333213,1.0436507
2332097,afc-sunderland,289,2,newcastle-united,762,1,0,36.555557,0,13.777778,10.424836,15.745098,2.503268,6.013072,2013,.89522499,.56998283,1.0372418,.53250855,1.0185807,.61508614,1.0171453,.55088139,1.1435186,.6388889,.8435626,.41064814
2332098,fc-arsenal,11,2,fc-liverpool,31,0,63.5,17.666666,35.611111,6.9444447,22.202614,12.124183,12.869281,5.1568627,2013,1.0367949,.85634559,.85108322,.7077781,.97315657,.93148702,.72642082,.62490463,.97222221,.82407409,.72257495,.54603177
2332099,fc-fulham,931,1,manchester-united,985,3,26.222221,9.166667,8.2222223,3.5555556,9.1307192,30.705883,2.7712419,21.758169,2013,.97403049,.88969105,1.2950757,1.0760068,1.0463438,.9918651,1.3103063,1.1843642,.86388886,.72592592,1.3085979,1.2824074
2332100,fc-southampton,180,0,fc-chelsea,631,3,11.5,8.833333,2.8888888,6.1111112,14.673203,21.215687,3.8104575,12.228758,2013,1.07099,.79102886,1.4575094,1.1197795,1.2034254,.9676367,1.4037354,1.2115606,1.7435185,1.3472222,1.3458333,1.1410511
2332101,stoke-city,512,1,fc-everton,29,1,2.7777777,7.4444447,1,1.9444444,18.960785,17.895424,5.5163398,7.2091503,2013,.82529783,.70639461,1.0203041,.74378502,.76069725,.68911934,1.1686903,.74533576,.64047617,.73404557,1.2585678,.88657409
2332102,west-bromwich-albion,984,1,newcastle-united,762,0,0,38.222221,0,14.5,15.30719,18.915033,5.7058825,7.4117646,2013,1.269341,.95929682,1.0176325,.51700294,1.1430005,.97901773,.97902161,.51520777,1.062963,1.0472223,.76825398,.38148147
2332103,afc-sunderland,289,1,manchester-united,985,2,0,1.9444444,0,.66666669,9.9411764,44.366013,2.3725491,31.326797,2013,.84501725,.54342258,1.2571484,1.0758537,.95940554,.56725067,1.2553928,1.1425831,1.0458333,.6111111,1.1641535,1.3296297
2332104,norwich-city,1123,0,cardiff-city,603,0,16.777779,0,4.6111112,0,9.3660135,0,2.6862745,0,2013,1.2995909,.75971854,1.4537066,1.1507126,1.4122684,.92526561,1.6667889,1.4689754,1.0978836,.71944445,2.205267,1.6460317
2332105,swansea-city,2288,0,west-ham-united,379,0,22.111111,50.277779,6.3333335,17.222221,17.20915,19.091503,5.0457516,5.8300653,2013,.93801975,.58762449,1.1080496,.82213354,1.0620791,.67222422,1.1402036,.84491342,1.5555556,.81481481,.75771606,.6834656
2332106,cardiff-city,603,1,swansea-city,2288,0,0,20.722221,0,5.8888888,0,14.921569,0,4.2810459,2013,1.401419,1.2043742,.91744357,.51916212,1.6056778,1.549531,1.0339406,.57843339,2.1682298,1.7386243,1.5476191,.69444442
2332107,norwich-city,1123,1,fc-chelsea,631,3,18.5,11.166667,5.1111112,7.6666665,10.771242,25.843138,3.0849674,15.352942,2013,1.2995909,.75971854,1.574264,1.2032274,1.4122684,.92526561,1.5207409,1.2014596,1.0978836,.71944445,1.4180555,1.0762362
2332108,fc-southampton,180,2,swansea-city,2288,0,11.111111,20.666666,2.8888888,5.8333335,11.248366,15.803922,2.6470587,4.5620914,2013,1.2595055,.83049858,.86883247,.49138433,1.4957002,1.0777557,.97207189,.5321371,1.9075397,1.3361111,1.4179894,.58333331
2332109,fc-arsenal,11,4,norwich-city,1123,1,72.611115,19.833334,40.833332,5.3333335,24.862745,14.137255,14.339869,4.0915031,2013,.90092534,.85249758,1.2746527,.86046386,.85803306,.95154876,1.3542677,.9886775,.88425928,.81666666,1.0978836,.81481481
2332110,stoke-city,512,0,west-bromwich-albion,984,0,2.7777777,17.722221,1,6.6666665,35.601307,14.091503,10.326797,5.0392156,2013,.86896092,.76927918,1.2804512,.94486624,.78840286,.73486251,1.1654007,.97859687,.60277778,.68703705,1.1444445,1.1787037
2332111,tottenham-hotspur,148,1,hull-city,3008,0,19.777779,5,10.944445,1.4444444,15.287581,.16993465,8.2745094,.071895428,2013,1.6576334,1.0538391,1.2018313,.84056091,1.6066536,1.1185895,1.2115772,.91078794,1.7122355,1.1988095,.98518521,.89814812
2332112,hull-city,3008,1,afc-sunderland,289,0,4.6666665,0,1.4444444,0,.30718955,12.751634,.11764706,3.490196,2013,1.099483,.78868186,.89244717,.56513274,1.1440177,.85523242,1.0157748,.61091948,1.0037037,.88425928,1.1872549,.66176468
2332113,fc-fulham,931,2,west-ham-united,379,1,0,45.333332,0,15.333333,12.156863,14.725491,3.8954248,4.2287583,2013,.88205951,.79705203,1.0017723,.8083179,1.0051984,.9630664,1.0127182,.79775053,.75277776,.58703703,.65123457,.53994709
2332114,fc-liverpool,31,2,hull-city,3008,0,15.222222,5,6.2222223,1.4444444,12.986928,.41176471,5.5490198,.16993465,2013,1.0661415,.82000893,1.0883237,.74330682,.98259151,.75400138,1.1402755,.82035387,1.572575,1.7656084,.89907408,.74537039
2332115,swansea-city,2288,4,afc-sunderland,289,0,20.166666,0,5.6666665,0,12.261438,13.143791,3.4640522,3.2026143,2013,.89313805,.53212506,.88277447,.57278395,1.0231382,.58769262,.99938875,.59585536,1.5661376,.73148149,1.1527778,.6388889
2332116,swansea-city,2288,2,manchester-city,281,3,17.722221,0,5.1111112,0,8.333333,24.40523,2.5620916,15.581699,2013,.82290035,.5685854,1.0966765,.79887748,.8676948,.62446314,1.0171583,.72066778,1.260582,.72222221,1.1481482,.69722223
2332117,manchester-united,985,1,fc-southampton,180,1,8.833333,11.222222,3.3333333,2.8888888,36.222221,11.522876,25.588236,2.7450981,2013,1.3036491,1.1470058,1.2351999,.80619305,1.379153,1.282419,1.4887558,1.0708113,1.4703704,1.4898148,1.8519841,1.2805556
2332118,manchester-city,281,3,fc-everton,29,1,0,9.333333,0,2.4444444,32.019608,16.588236,20.875816,6.9215684,2013,1.3410641,1.0910866,1.1886227,.6639185,1.2590662,1.0066595,1.4761622,.74423653,1.3435185,.94722223,1.6201419,.8611111
2332119,tottenham-hotspur,148,0,west-ham-united,379,3,16.222221,48.166668,8.8888893,16.666666,10.980392,14.647058,5.9411764,4.6666665,2013,1.7681834,1.0847033,1.0710427,.70440871,1.6946166,1.1374642,1.1488694,.70778823,1.8233466,1.2099206,.85030866,.590873
2332120,west-bromwich-albion,984,1,fc-arsenal,11,1,19.222221,62.888889,7.0555553,35.388889,14.921569,19.509804,5.2679739,11.248366,2013,1.2023872,.92434835,.84842664,.7795167,1.0535164,.93200922,.78047174,.82729661,.75555557,.93981481,.7509259,.6722222
2332121,aston-villa,405,0,tottenham-hotspur,148,2,10,19.777779,2.0555556,10.944445,10.385621,15.287581,2.9477124,8.2745094,2013,1.0771273,.65567344,1.6576334,1.0538391,1.0827941,.71330661,1.6066536,1.1185895,1.3411375,.59907407,1.7122355,1.1988095
2332122,fc-chelsea,631,4,cardiff-city,603,1,10.5,0,7.2777777,0,25.816994,0,15.019608,0,2013,1.3611672,1.2123843,1.2956499,1.0667675,1.3265473,1.2745508,1.4445667,1.3286315,1.3327161,1.1479955,2.2237854,1.4608465
2332123,manchester-city,281,7,norwich-city,1123,0,0,17.611111,0,4.7777777,27.862745,11.69281,19.143791,3.3333333,2013,1.3604159,1.0820957,1.2145276,.75354993,1.2801992,1.0033526,1.284683,.8115719,1.3787037,.94722223,1.0121694,.60648149
2332124,afc-sunderland,289,0,aston-villa,405,1,0,10,0,2.0555556,6.359477,11.215686,1.496732,3.006536,2013,.96778387,.60061496,.89518291,.55538481,1.0992445,.65686107,.88371998,.60484099,1.1361111,.56481481,1.0170635,.40462962
2332125,fc-everton,29,2,hull-city,3008,1,9.333333,5,2.4444444,1.4444444,19.712418,.41176471,8.013072,.16993465,2013,1.2419305,.78688616,.91612762,.74169451,1.5216445,.84522355,.98569393,.80424035,1.7395864,1.0462962,1.0009259,.92592591
2332126,newcastle-united,762,2,fc-liverpool,31,2,34.277779,18,13.055555,7,15.51634,13.522876,6.0457516,5.5490198,2013,1.0400196,.53559494,.96722674,.78612912,1.0195262,.55515486,.87050587,.7415272,.83430338,.41064814,1.3059083,1.5275133
2332127,crystal-palace,873,1,fc-fulham,931,4,.3888889,28.833334,.11111111,8.7777777,.10457516,11.803922,.019607844,3.5882354,2013,1.0006442,.68357176,.94326735,.66783196,.92814684,.63476062,.80863333,.59166664,.79788357,.54351854,.80833334,.73518521
2332128,west-ham-united,379,1,manchester-city,281,3,48.944443,0,16.722221,0,17.575163,29.843138,5.2549019,20.287582,2013,1.1679626,.86525524,1.4445927,.99051213,1.1742946,.88503689,1.6081402,.98946381,.84104937,.70198411,1.687963,1.0027778
2332129,west-bromwich-albion,984,0,manchester-united,985,3,0,9.166667,0,3.5555556,11.738562,29.843138,4.5555553,21.183006,2013,1.0577416,.87294167,1.2610742,1.1998436,1.0096769,.98058099,1.2776694,1.2919236,1.1824074,1.0907408,1.2458333,1.3773148
2332130,west-ham-united,379,2,hull-city,3008,1,44.111111,5,15.111111,1.4444444,15.183006,.35947713,4.7124181,.1633987,2013,1.1109631,.79495382,1.2094802,.80294704,1.1000478,.80031466,1.3012747,.87018853,.77808642,.58161378,1.1361111,.79166669
2332131,hull-city,3008,0,manchester-city,281,2,5,0,1.4444444,0,.35947713,27.529411,.1633987,18.248365,2013,1.2871773,.82239151,1.1835655,.96138424,1.4051208,.88870704,1.0948952,.89937145,1.2166667,.8611111,1.2453704,.87777776
2332132,manchester-united,985,0,fc-liverpool,31,3,9.166667,21.388889,3.5555556,8.6111107,29.20915,16.267973,20.967319,7.0392156,2013,1.2911379,1.1992036,1.0355629,.78666639,1.281554,1.3011378,.95489138,.71573359,1.2479497,1.5078703,1.0836861,.805291
2332133,tottenham-hotspur,148,0,fc-arsenal,11,1,0,59.388889,0,33.944443,10.960784,19.248365,5.9019608,11.30719,2013,1.6212926,.98494977,1.0654569,.73021871,1.5374877,.99088269,1.1734565,.80571741,1.3183081,1.026455,1.5342592,.77222222
2332134,aston-villa,405,1,stoke-city,512,4,9.5555553,0,1.9444444,0,10.653595,16.470589,2.9019608,4.2679739,2013,.99860138,.56341159,.88592023,.57415909,.9072808,.56160223,.92552108,.58263588,.95533508,.375,.93650794,.70512819
2332135,cardiff-city,603,3,fc-liverpool,31,6,0,21.388889,0,8.6111107,.15686275,16.267973,.052287582,7.0392156,2013,1.0078754,.85592592,1.0355629,.78666639,1.1751553,1.0756474,.95489138,.71573359,1.7608225,1.6136243,1.0836861,.805291
2332136,fc-everton,29,3,swansea-city,2288,2,11.333333,0,3.1111112,0,9.5032682,17.607843,3.8039215,4.973856,2013,.90872741,.70393449,.83771777,.64519477,1.0713031,.70312899,.96289682,.74227816,1.2488456,.73148149,1.5615079,.9074074
2332137,aston-villa,405,1,fc-chelsea,631,0,13.222222,9.0555553,3,6.3333335,15.124183,19.588236,4.0980392,11.633986,2013,1.0499482,.59876513,1.380223,.97949725,.972583,.61388981,1.3870522,1.0101259,.98002648,.43055555,1.279343,.92993999
2332138,fc-fulham,931,1,newcastle-united,762,0,0,0,0,0,5.6666665,11.712419,1.9215686,4.4117646,2013,.74131715,.7096827,.95107311,.47286198,.67488056,.691365,.9557116,.48766249,.43893558,.40980393,.5746032,.30462962
2332139,fc-southampton,180,4,norwich-city,1123,2,11.055555,19.611111,2.8333333,5.5,14.522876,12.03268,3.6862745,3.6013072,2013,1.2013912,.83778602,1.303017,.84006697,1.3089809,1.042328,1.4070706,.98082119,1.7435185,1.3472222,.99788362,.74537039
2332140,stoke-city,512,3,west-ham-united,379,1,2.7777777,45.555557,1,15.388889,20.254902,17.699347,5.5359478,5.3921571,2013,.92165732,.68754357,1.068661,.87017059,.90700257,.65009618,1.0626901,.86198694,.85714287,.65811968,.74104941,.5445767
2332141,afc-sunderland,289,0,crystal-palace,873,0,0,3,0,.94444442,8.9803925,.43137255,2.6601307,.11111111,2013,.93995786,.56993121,1.2681355,.77061027,1.2370962,.61248273,1.3055502,.81960511,1.9078431,.74509805,1.6990196,1.077451
2332142,swansea-city,2288,1,west-bromwich-albion,984,2,0,0,0,0,15.431373,11.660131,4.5490198,4.3660131,2013,.9285742,.64878726,1.0402796,.73634088,1.0810024,.74459875,1.0737482,.77635497,1.625,.87037039,1.1862434,.98333335
2332143,fc-chelsea,631,6,fc-arsenal,11,0,9.0555553,54.944443,6.3333335,31.166666,17.287582,19.941177,10.542483,11.653595,2013,1.5351732,.95981568,1.0849373,.7540282,1.5216856,.95706326,1.1891973,.81405079,1.4318122,.94151402,1.5527778,.77222222
2332144,fc-southampton,180,4,newcastle-united,762,0,10.166667,32.5,2.6111112,12.333333,12.392157,13.640523,3.1699347,5.2222223,2013,1.2006837,.8244831,.95511413,.45817944,1.3103497,1.0139329,.98811901,.50000817,1.7157408,1.1805556,.68201059,.3675926
2332145,fc-everton,29,2,cardiff-city,603,1,11.333333,0,3.1111112,0,9.5032682,.15686275,3.8039215,.052287582,2013,.90872741,.70393449,.96326071,.9220584,1.0713031,.70312899,1.0770072,1.1367584,1.2488456,.73148149,1.7237855,1.3173281
2332146,fc-fulham,931,1,fc-everton,29,3,0,11.333333,0,3.1111112,5.9411764,9.5032682,2.0522876,3.8039215,2013,.7291646,.64763343,.90872741,.70393449,.65212148,.6277796,1.0713031,.70312899,.4254902,.37058824,1.2488456,.73148149
2332147,manchester-city,281,5,fc-fulham,931,0,0,0,0,0,12.51634,5.653595,7.8169932,1.8823529,2013,1.0979909,.92793941,.75072908,.66239321,1.3107449,.9321757,.65302747,.59157509,1.475,.94999999,.48431373,.40980393
2332148,tottenham-hotspur,148,3,fc-southampton,180,2,0,10.611111,0,2.6666667,8.7581701,12.69281,4.8235292,3.3006537,2013,1.5398905,.96108687,1.0691382,.76880664,1.4342991,.9670611,1.1879933,.9429453,1.2532287,1.056217,1.6324074,1.3194444
2332149,fc-arsenal,11,1,manchester-city,281,1,50.722221,0,28.833334,0,16.470589,26.287582,9.679739,17.601307,2013,1.0776724,.7591452,1.3170432,1.0394319,1.1898509,.81511915,1.4467471,1.0003816,1.5527778,.77685183,1.5842593,1.0166667
2332150,fc-liverpool,31,4,tottenham-hotspur,148,0,21.388889,0,8.6111107,0,16.267973,10.496732,7.0392156,5.7777777,2013,1.0355629,.78666639,1.2899261,.86762136,.95489138,.71573359,1.1781234,.87394708,1.0836861,.805291,1.2828304,1.0938375
2332151,manchester-united,985,4,aston-villa,405,1,9.166667,16.333334,3.5555556,5.3888888,27.392157,10.45098,19.202614,2.9346404,2013,1.2634052,1.2309018,1.0777259,.64460814,1.259282,1.3138704,1.0066636,.63303083,1.0902778,1.1782408,1.043298,.4861111
2332152,afc-sunderland,289,1,west-ham-united,379,2,0,43.777779,0,14.833333,7.4575162,15.117647,2.3006537,4.5228758,2013,.76345873,.42931229,1.0854959,.90350395,1.0419223,.44923919,1.0679133,.88667828,1.7436274,.60784316,.75030863,.56309521
2332153,west-ham-united,379,0,manchester-united,985,2,45.555557,8.833333,15.388889,3.3333333,17.562092,28.274509,5.3398695,20.045752,2013,1.068661,.87017059,1.2581377,1.1583129,1.0626901,.86198694,1.2458059,1.259397,.74104941,.5445767,1.1266534,1.2532407
2332154,crystal-palace,873,1,fc-chelsea,631,0,3,9.666667,.94444442,6.6111112,.28758171,19.261438,.084967323,11.614379,2013,.98836201,.64508379,1.3408711,.95676315,1.0284587,.66497546,1.3515468,.98697776,1.3152661,.88137257,1.272553,.92299551
2332155,stoke-city,512,1,hull-city,3008,0,2.7777777,5,1,1.4444444,18.980392,.35947713,5.1830068,.1633987,2013,1.0123006,.79248184,1.2094802,.80294704,.98023486,.7561568,1.3012747,.87018853,.89047617,.72478634,1.1361111,.79166669
2332156,west-bromwich-albion,984,3,cardiff-city,603,3,0,0,0,0,9.6274509,.15686275,3.5490196,.052287582,2013,1.0165663,.77717602,.9890331,.96317053,.99086004,.80353272,1.2079836,1.2925786,1.1351852,.89074075,1.7380953,1.5712963
2332157,hull-city,3008,2,west-bromwich-albion,984,0,5,0,1.4444444,0,.35947713,8.2026148,.1633987,3.0457516,2013,1.2094802,.80294704,1.0112764,.70459485,1.3012747,.87018853,1.0621742,.74549079,1.1361111,.79166669,1.1955026,.98333335
2332158,swansea-city,2288,3,norwich-city,1123,0,0,19.111111,0,5.3888888,16.895424,10.326797,4.9346404,3.0392158,2013,.91239309,.62277764,1.4007829,.89661753,1.0319204,.71053213,1.4855459,1.0565788,1.5892857,.87962961,1.0751323,.75648147
2332159,fc-arsenal,11,4,afc-sunderland,289,1,61.277779,0,34.666668,0,18.48366,4.8235292,11.052288,1.2287582,2013,1.1336217,.80454528,.87262708,.5723328,1.2380189,.89438188,1.1618297,.63995385,1.5305556,.78333336,1.6583333,.70833331
2332160,cardiff-city,603,0,hull-city,3008,4,0,5,0,1.4444444,.15686275,.35947713,.052287582,.1633987,2013,.95711768,1.0368332,1.1676488,.8953082,1.1389339,1.337023,1.3086562,.99055886,1.5899471,1.2101852,1.2583333,.94444442
2332161,fc-chelsea,631,1,fc-everton,29,0,8.5555553,7.4444447,5.8888888,1.9444444,18.313726,22.816994,10.653595,9.2549019,2013,1.6489892,1.1189612,.81831938,.72214842,1.6280243,1.1441845,.98187172,.74045736,1.5011023,1.0456808,1.1053271,.80555558
2332162,manchester-city,281,1,stoke-city,512,0,0,2.7777777,0,1,25.522877,22.254902,16.535948,6.0653596,2013,1.3170432,1.0394319,.931584,.80050653,1.4467471,1.0003816,.84443241,.72143459,1.5842593,1.0166667,.70992064,.74330485
2332163,newcastle-united,762,1,aston-villa,405,0,27.777779,9.5555553,10.333333,1.9444444,11.738562,10.653595,4.4509802,2.9019608,2013,1.0535694,.47863397,.96711987,.60129035,1.0794489,.49612808,.87950307,.58938003,.62380952,.24907407,.98774248,.43055555
2332164,norwich-city,1123,1,tottenham-hotspur,148,0,17.944445,0,5.0555553,0,9.5098038,7.359477,2.9281046,4.1699347,2013,1.3640116,.89606112,1.5868149,.99130487,1.4746768,1.0235562,1.5080464,.99764472,1.1089947,.81203705,1.3967472,1.0284392
2332165,newcastle-united,762,1,crystal-palace,873,0,35.555557,3,13.444445,.94444442,15.751634,.32026145,6,.098039217,2013,1.0088509,.51452863,.96282595,.63615459,1.0112672,.53704518,1.0193678,.6711483,.6857143,.36018518,1.3394179,.90185183
2332166,norwich-city,1123,2,afc-sunderland,289,0,17.444445,0,4.9444447,0,8.359477,4.013072,2.496732,1.0392157,2013,1.3834946,.88828421,.82738441,.55614752,1.4686613,1.0437583,1.0876434,.62518114,1.0640211,.75648147,1.6421568,.69117647
2332167,west-ham-united,379,3,fc-southampton,180,1,42.444443,11.944445,14.277778,3.0555556,14.960784,15.176471,4.3986926,3.9215686,2013,.95014244,.78561628,1.1807122,.85085791,.9728753,.78282028,1.2914596,1.0478836,.63919753,.47050264,1.7435185,1.3472222
2332168,manchester-city,281,2,afc-sunderland,289,2,0,0,0,0,22.830065,4.6601305,15.111111,1.6209151,2013,1.3695282,.78790319,.84944785,.53498352,1.500801,.73549277,1.0966177,.58179212,1.6148148,.72500002,1.7720588,.75
2332169,newcastle-united,762,0,tottenham-hotspur,148,4,34.944443,0,13.333333,0,14.803922,10.392157,5.6797385,5.7189541,2013,1.0365281,.55213487,1.6022145,.99281955,1.0462065,.58113688,1.5251759,1.0065813,.7073192,.44120371,1.3597102,.99140209
2332170,crystal-palace,873,0,manchester-united,985,2,3,9.166667,.94444442,3.5555556,.30718955,39.640522,.09150327,28.222221,2013,1.3069307,.77778858,1.4106869,1.3375065,1.3219967,.79672152,1.3955766,1.4116834,1.5398148,.97129631,1.4189814,1.5439814
2332171,fc-liverpool,31,4,swansea-city,2288,3,19.944445,0,7.8888888,0,13.006536,13.797385,5.3921571,4.0588236,2013,1.0443882,.79820222,.77104288,.63104481,.96044695,.73954308,.89053214,.70120674,1.0985008,.84232807,1.4318783,.89814812
2332172,west-bromwich-albion,984,1,fc-fulham,931,1,0,0,0,0,14.601307,4.980392,5.4248366,1.6274509,2013,1.1339746,.89648664,.75070262,.59525585,1.0788057,.92848676,.74023622,.52846092,1.1010582,1.0861111,.6015873,.4148148
2332173,aston-villa,405,4,norwich-city,1123,1,9.5555553,20.277779,1.9444444,5.6666665,10.653595,12.20915,2.9019608,3.6993463,2013,.99860138,.56341159,1.2904245,.85933083,.9072808,.56160223,1.399575,1.0195417,.95533508,.375,.99788362,.76203704
2332174,fc-everton,29,1,west-ham-united,379,0,7.4444447,43.777779,1.9444444,14.777778,17.183006,16.045752,6.8888888,4.8496733,2013,.93560332,.7325651,1.068661,.87017059,1.0946243,.72678214,1.0626901,.86198694,1.3784752,.89814812,.74104941,.5445767
2332175,afc-sunderland,289,2,west-bromwich-albion,984,0,0,0,0,0,6.2156863,11.339869,2.0980392,4.2222223,2013,.85121906,.51993722,1.0444362,.74242973,1.1098655,.5771625,1.0074766,.79652894,1.7230393,.69117647,.99828041,.96481484
2332176,crystal-palace,873,0,fc-southampton,180,1,3,10.611111,.94444442,2.6666667,.30718955,12.379085,.09150327,3.2810457,2013,1.2635751,.78161573,1.0787386,.8206585,1.2846748,.81960511,1.2213206,1.0046737,1.5212963,.97592592,1.8149471,1.3916667
2332177,fc-everton,29,2,crystal-palace,873,3,11.333333,3,3.1111112,.94444442,14.960784,.28758171,6.0326796,.084967323,2013,.95039409,.7119754,1.2743728,.73508376,1.0916735,.71238822,1.2840143,.75227702,1.2726551,.771164,1.5652661,.99411762
2332178,stoke-city,512,1,fc-arsenal,11,0,2.7777777,64.055557,1,36.277779,24.738562,21.575163,7.0326796,12.575164,2013,.89609021,.73075342,1.1776031,1.0237252,.84531426,.68472821,1.2943968,1.1489273,.90436506,.71552706,1.6731482,1.0240741
2332179,swansea-city,2288,1,crystal-palace,873,1,0,3,0,.94444442,15.300653,.28758171,4.3790851,.084967323,2013,.90927571,.65497458,1.2830515,.77690679,1.0110108,.73677248,1.2957859,.82699215,1.4305556,.8425926,1.4657408,.87870371
2332180,fc-arsenal,11,2,swansea-city,2288,2,50.722221,0,28.833334,0,16.470589,16.895424,9.679739,4.9346404,2013,1.0776724,.7591452,.91239309,.62277764,1.1898509,.81511915,1.0319204,.71053213,1.5527778,.77685183,1.5892857,.87962961
2332181,cardiff-city,603,3,fc-fulham,931,1,0,0,0,0,.15686275,5.5686274,.052287582,1.862745,2013,.88851655,.89448923,.87294561,.72478437,1.0254458,1.1353695,.84320569,.66655612,1.0386003,1.1784391,.74047619,.44814816
2332182,fc-liverpool,31,2,afc-sunderland,289,1,12.714286,0,5.4285712,0,3.4285715,7.6593409,1.4285715,2.7252748,2013,.86448497,.67858392,.71225119,.46725252,.94808722,.69539833,.82461089,.51411146,1.0960318,.76428574,1.1634616,.58333331
2332183,manchester-city,281,4,aston-villa,405,0,0,8.8888893,0,1.8333334,23.058823,6.8888888,14.738562,1.8954248,2013,1.2678602,.88248748,.86771542,.48079672,1.4193966,.90679181,.81878877,.48757625,1.5564815,.93333334,.70864195,.33981481
2332184,newcastle-united,762,0,fc-everton,29,3,35.555557,11.333333,13.444445,3.1111112,15.751634,9.5032682,6,3.8039215,2013,1.0088509,.51452863,.90872741,.70393449,1.0112672,.53704518,1.0713031,.70312899,.6857143,.36018518,1.2488456,.73148149
2332185,norwich-city,1123,1,stoke-city,512,1,18.611111,2.7777777,5.2222223,1,10.03268,20.915033,3.0980392,5.6797385,2013,1.4642136,.89021319,1.019547,.75853121,1.5833077,1.0437583,1.0080127,.69050026,1.1455027,.78981483,1.0099206,.73219371
2332186,tottenham-hotspur,148,1,cardiff-city,603,0,0,0,0,0,10.137255,.15686275,5.6993465,.052287582,2013,1.594866,.87056029,.89827257,.82772082,1.4604934,.82125586,1.0979948,1.0872214,1.1976732,.82010579,1.4274892,1.3914021
2332187,fc-fulham,931,2,fc-liverpool,31,3,0,18.222221,0,7,5.6862745,11.215686,1.9477124,4.5294118,2013,.78262502,.67180771,1.022166,.74881947,.70719868,.62484735,.93982404,.69633323,.50992066,.48756614,1.0707231,.74973547
2332188,fc-southampton,180,2,fc-arsenal,11,2,11.277778,61.722221,2.8888888,34.833332,12.496732,19.006536,3.1045752,11.281046,2013,.77630162,.62097275,1.1740617,1.0433451,.86768818,.7621693,1.228668,1.1432595,.74087304,.85925925,1.0842593,.98055553
2332189,fc-fulham,931,0,fc-southampton,180,3,0,12.111111,0,3.1111112,7.9084969,15.137255,2.6862745,3.6797385,2013,1.0313978,.83538425,1.0673069,.75638944,.9659152,.80676174,1.1843549,.95661378,.65436506,.63240743,1.5186508,1.2064815
2332190,manchester-city,281,0,fc-chelsea,631,1,0,9.7222223,0,6.7222223,16.934641,25.058823,10.660131,14.849673,2013,1.2184591,1.0305415,1.3373311,.94722408,1.3476454,.94619685,1.3400735,.91501778,1.5083333,.90555555,1.1832011,.8118844
2332191,fc-fulham,931,1,fc-chelsea,631,3,0,.8888889,0,.72222221,8.2875814,28.588236,2.7189543,16.803921,2013,.9511596,.67563766,1.2816163,.91790307,.82646942,.56370622,1.2386395,.89896673,.55714285,.43796295,1.1720899,.78179181
2332192,fc-chelsea,631,4,tottenham-hotspur,148,0,9.0555553,0,6.3333335,0,16.078432,12.803922,9.6339865,6.7973857,2013,1.5049964,1.0211639,1.5500805,.83715433,1.524994,1.0450262,1.4470675,.79454428,1.4108245,.99243999,1.1599747,.74867725
2332193,hull-city,3008,1,tottenham-hotspur,148,1,5,0,1.4444444,0,.23529412,10.823529,.098039217,5.7777777,2013,1.2575918,.89926672,1.6359504,.97215891,1.3001785,.96915436,1.5807315,.98277527,1.0824074,.99537039,1.4169192,.95833331
2332194,stoke-city,512,2,manchester-united,985,1,2.7777777,1.6111112,1,.44444445,17.294117,38,4.9084969,27.856209,2013,1.146932,.82944906,1.1789068,1.1235343,1.1465087,.81883919,1.1476229,1.1806772,1.0154762,.77108264,1.1303571,1.3819444
2332195,west-ham-united,379,2,swansea-city,2288,0,43,21.555555,14.555555,6.3333335,14.235294,13.078431,4.2810459,3.8692811,2013,1.2150855,.90161091,.81012416,.6634928,1.195799,.8827762,.90548944,.73577464,1.4027778,.65833336,1.4133598,.9074074
2332196,fc-southampton,180,0,fc-liverpool,31,3,10.611111,19.944445,2.6666667,7.8888888,12.542483,13.006536,3.3202615,5.3921571,2013,1.0787386,.8206585,1.0443882,.79820222,1.2213206,1.0046737,.96044695,.73954308,1.8149471,1.3916667,1.0985008,.84232807
2332197,fc-arsenal,11,2,crystal-palace,873,0,56.833332,3,32.055557,.94444442,17.895424,.1633987,10.738562,.03267974,2013,1.1196896,1.0620971,.98807555,.60166866,1.1768602,1.1567276,.86101937,.54138637,1.0324074,.97592592,.81470591,.59901959
2332198,west-bromwich-albion,984,1,fc-liverpool,31,1,0,16.277779,0,6.2222223,13.300653,8.0065355,5.3071895,3.1045752,2013,.98676199,.75609046,1.1373247,.82864755,.91413331,.79894733,1.0762849,.79923725,.7621693,.74166667,1.6170194,1.7404761
2332199,manchester-united,985,0,manchester-city,281,3,8.833333,0,3.3333333,0,33.849674,26.287582,23.993464,17.601307,2013,1.2329077,1.1048105,1.3170432,1.0394319,1.1994206,1.1842546,1.4467471,1.0003816,1.1164683,1.2949075,1.5842593,1.0166667
2332200,cardiff-city,603,0,aston-villa,405,0,0,9.5555553,0,1.9444444,.15686275,10.653595,.052287582,2.9019608,2013,.72636622,.78449732,1.1374903,.68642741,.83142227,1.0004489,1.0702438,.70975035,.84920633,.71944445,1.2516314,.56944442
2332201,norwich-city,1123,0,newcastle-united,762,0,18.277779,32.666668,5.1666665,12.277778,9.9150324,11.601307,2.986928,4.346405,2013,1.4069788,.75994194,.5717634,.32782832,1.5283979,.92324543,.49741292,.33555409,1.1862434,.74537039,.37134039,.23657407
2332202,afc-sunderland,289,1,stoke-city,512,0,0,2.7777777,0,1,6.0653596,16.058823,1.6535947,4.5686274,2013,.9731341,.56070399,1.1523901,.86292481,1.1120301,.60671073,1.1586299,.84072471,1.297549,.67156863,1.043254,.79886037
2332203,swansea-city,2288,2,fc-fulham,931,0,20.388889,0,5.9444447,0,13.673203,13.679739,4.1633987,4.5555553,2013,.86142284,.63439232,1.0895692,.78447431,.94395745,.71593338,1.0801127,.80494553,1.3300265,.81481481,.90158731,.60648149
2332204,newcastle-united,762,0,afc-sunderland,289,3,30.333334,0,11.444445,0,11.542483,5.1830068,4.2875819,1.4183006,2013,.59716034,.41296539,.90730405,.56719553,.55423111,.4422881,1.2135693,.64083773,.41102293,.32268518,1.7877451,.73039216
2332205,fc-chelsea,631,3,newcastle-united,762,0,6.9444447,31.611111,4.7777777,12,17.908497,10.732026,10.490196,3.993464,2013,1.5009735,1.0383352,.62919122,.43765676,1.5039623,1.0504345,.58046567,.4664183,1.409127,.9970696,.43324515,.33379629
2332206,swansea-city,2288,3,cardiff-city,603,0,0,0,0,0,14.333333,.15686275,4.1372547,.052287582,2013,.76678735,.6588732,.96368968,.87187713,.89013535,.76166427,1.0803741,1.0849066,1.4166666,.93518519,1.4274892,1.3914021
2332207,fc-fulham,931,1,afc-sunderland,289,4,0,0,0,0,16.189543,10.143791,5.2483659,2.9477124,2013,1.0540172,.87421256,.98479468,.59331179,1.2103266,1.0539755,1.1070918,.63496953,.91944444,.68425924,1.2970588,.70098037
2332208,fc-everton,29,2,aston-villa,405,1,7.4444447,9.2222223,1.9444444,1.8888888,25.215687,8.3660135,10.196078,2.1960785,2013,.75385118,.72611666,1.1317146,.70177138,.92487317,.74971664,1.0974925,.73348773,.91088265,.79166669,1.1914462,.59722221
2332209,hull-city,3008,1,newcastle-united,762,4,5,25.777779,1.4444444,9.5555553,.35947713,9.2941179,.1633987,3.3986928,2013,1.1676488,.8953082,1.0952361,.54212606,1.3086562,.99055886,1.0920752,.55168366,1.2583333,.94444442,.64603174,.31574073
2332210,fc-everton,29,2,norwich-city,1123,0,7.4444447,16.888889,1.9444444,4.6666665,27.69281,9.8692808,11.294118,2.8888888,2013,.86869186,.70671391,1.2167656,.84226018,1.031675,.75023896,1.2881804,.98389035,1.1544312,.9262566,1.0251323,.79351854
2332211,fc-chelsea,631,0,west-ham-united,379,0,.8888889,46.388889,.72222221,15.833333,25.496733,17.130718,15.065359,5.1633987,2013,1.4063896,.95956975,1.2152258,.90254176,1.3765813,.93386698,1.21746,.90293813,1.3035715,.84429181,1.449074,.69537038
2332212,manchester-united,985,2,fc-fulham,931,2,1.9444444,0,.66666669,0,43.627453,4.7647057,31.117647,1.6601307,2013,1.3401668,1.2750909,.78993499,.68978155,1.3049831,1.3144612,.71761537,.64151406,1.238426,1.4513888,.51917988,.49312168
2332213,tottenham-hotspur,148,1,fc-everton,29,0,0,7.4444447,0,1.9444444,15.24183,22.816994,8.0915031,9.2549019,2013,1.5587283,.90902209,.94728762,.74257326,1.4895278,.95461845,1.1689088,.77934629,1.3946428,.95436507,1.2942159,.91666669
2332214,hull-city,3008,0,fc-southampton,180,1,5,12.166667,1.4444444,3.1111112,.29411766,15.660131,.13725491,3.7973857,2013,1.1920315,.94705111,1.1228625,.79805613,1.3322853,1.051165,1.2399104,.99828041,1.3046297,1.1064814,1.5742064,1.2481482
2332215,stoke-city,512,1,swansea-city,2288,1,2.7777777,0,1,0,15.660131,14.633986,4.3986926,4.3333335,2013,1.1523901,.86292481,.84146267,.63645607,1.1586299,.84072471,.9591589,.72991824,1.043254,.79886037,1.4444444,.9074074
2332216,west-ham-united,379,2,norwich-city,1123,0,41.722221,17.888889,14.055555,5.0555553,14.169934,9.7581701,4.1830068,3.013072,2013,1.0711741,.79838371,1.3066041,.84127718,1.0950975,.79886967,1.4050921,.94577843,1.275,.51018518,1.0719577,.79351854
2332217,aston-villa,405,0,west-ham-united,379,2,10.722222,41.666668,2.3888888,14.055555,10.424836,14.019608,2.8104575,4.1307192,2013,1.1553613,.71336347,1.0665445,.81319851,1.1134536,.74149638,1.0759617,.79975146,1.2608906,.625,1.2564815,.52870369
2332218,fc-chelsea,631,3,manchester-united,985,1,9.7222223,0,6.7222223,0,30.490196,42.784313,17.882353,30.61438,2013,1.2877775,1.1049516,.82275724,.81814355,1.2042556,1.0922425,.79595381,.81834137,1.0669974,.92299551,.66785717,.81018519
2332219,tottenham-hotspur,148,1,manchester-city,281,5,0,0,0,0,13.398693,22.169935,7.2810459,14.79085,2013,1.5141126,1.0201139,1.4060903,1.0123999,1.4027358,1.0338157,1.5631415,.97232121,1.6228836,1.1140212,1.6731482,.91666669
2332220,cardiff-city,603,2,norwich-city,1123,1,0,16.833334,0,4.8888888,.15686275,8.1503267,.052287582,2.4640522,2013,1.0172054,1.0472549,1.4336673,.81896967,1.2187679,1.3623316,1.5575787,.98435652,1.7658731,1.6638889,1.1973546,.76759261
2332221,fc-southampton,180,2,stoke-city,512,2,12.166667,2.7777777,3.1111112,1,14.980392,20.908497,3.6013072,5.6993465,2013,1.1228625,.79805613,1.0924768,.81045568,1.2399104,.99828041,1.0747916,.77443683,1.5742064,1.2481482,.90436506,.57663816
2332222,fc-arsenal,11,0,manchester-united,985,0,60.555557,9.166667,34,3.5555556,20.686274,35.07843,12.254902,25.333334,2013,1.1683439,1.0618865,1.2357415,1.1451348,1.2657491,1.1791041,1.1965997,1.2181408,1.5731481,1.0203704,1.3331349,1.4986111
2332223,west-bromwich-albion,984,1,fc-chelsea,631,1,0,6.9444447,0,4.7777777,12.071896,19.954248,4.640523,11.575164,2013,1.0656468,.83738458,1.4229712,1.0532823,.98086309,.90106362,1.3945994,1.0916803,1.0712963,1.0351852,1.2998677,1.017903
2332224,fc-southampton,180,1,west-bromwich-albion,984,0,12.722222,0,3.2777777,0,17.437908,13.75817,4.4509802,5.2483659,2013,1.1751567,.83696908,1.2538472,.86538148,1.283981,1.0339947,1.1736192,.97028571,1.7018518,1.3333334,.93531746,.90370369
2332225,crystal-palace,873,3,west-bromwich-albion,984,1,0,0,0,0,.019607844,12.784314,.0065359478,4.8496733,2013,1.2396791,.75425464,1.1239183,.78834993,1.2749882,.78114909,1.0896676,.79583549,1.4935185,.93425924,1.0899471,1.0527778
2332226,fc-liverpool,31,5,fc-arsenal,11,1,16.277779,60.611111,6.2222223,34,8.0065355,20.725491,3.1045752,12.254902,2013,1.1373247,.82864755,1.1365979,1.0873495,1.0762849,.79923725,1.1990825,1.1999375,1.6170194,1.7404761,1.050926,.98703706
2332227,cardiff-city,603,0,west-ham-united,379,2,0,30,0,9.8888893,0,11.69281,0,3.509804,2013,1.3659273,1.1393185,1.0267295,.87723029,1.5807478,1.4087902,.97357672,.82620174,2.2886002,1.7571429,.57253087,.49828044
2332228,manchester-united,985,2,swansea-city,2288,0,0,14.666667,0,4.4444447,34.522877,8.8758173,24.771242,2.8431373,2013,.91997588,.9351275,.77935213,.39796501,.89580792,.95055294,.81664264,.41496336,.80489421,1.0277778,1.0152116,.39814815
2332229,newcastle-united,762,0,manchester-city,281,2,36.388889,0,13.888889,0,16.607843,29.026144,6.3856211,18.758169,2013,.99373943,.51916748,1.1777574,.98024386,.94235593,.50847375,1.0888411,.92345846,.76948851,.41064814,1.2231481,.87777776
2332230,manchester-united,985,2,cardiff-city,603,0,1.6111112,0,.44444445,0,33.07843,0,23.908497,0,2013,1.3600559,1.2741623,1.0232506,.98067647,1.3157777,1.3241448,1.24139,1.3003247,1.2377646,1.3773148,1.9645262,1.5812169
2332231,aston-villa,405,1,fc-arsenal,11,2,10.388889,56.666668,2.0555556,31.944445,12.274509,16.490196,3.2810457,9.6928101,2013,.97994155,.64957571,1.0603192,1.0246071,.95038664,.68375516,1.1769364,1.124741,1.2115079,.60648149,1.1157408,.97777778
2332232,hull-city,3008,0,fc-chelsea,631,2,5,8.833333,1.4444444,6.1111112,.41176471,25.908497,.16993465,14.647058,2013,1.0883237,.74330682,1.2734222,1.0749421,1.1402755,.82035387,1.2170454,1.16264,.89907408,.74537039,1.1717592,1.0762362
2332233,west-ham-united,379,1,newcastle-united,762,3,29.555555,34.5,9.833333,13.111111,10.575164,15.764706,3.3660131,6.0718956,2013,1.0610386,.8650499,1.0286124,.51593405,1.0081965,.80207151,.99567002,.53266811,.64197528,.53994709,.83121693,.40370369
2332234,aston-villa,405,4,west-bromwich-albion,984,3,9.2222223,0,1.8888888,0,8.3660135,16.522877,2.1960785,6.0849671,2013,1.1317146,.70177138,1.0857679,.87954724,1.0974925,.73348773,.91297591,.8856315,1.1914462,.59722221,.86666667,1.0194445
2332235,crystal-palace,873,1,hull-city,3008,0,3,2.7222223,.94444442,.72222221,.019607844,.47712418,.0065359478,.19607843,2013,.93111604,.57393754,1.2293291,.81069988,.78232032,.50091022,1.2586923,.87854236,.66134453,.52058822,1.0407407,.77777779
2332236,afc-sunderland,289,0,hull-city,3008,2,0,5,0,1.4444444,8.9346409,.35947713,2.7124183,.1633987,2013,.78693366,.49978226,1.1318463,.84519923,.92785501,.54559964,1.2822853,.91227609,1.0818627,.61274511,1.2629629,1.0231482
2332237,west-bromwich-albion,984,1,fc-everton,29,1,0,7.4444447,0,1.9444444,11.222222,27.248365,4.4444447,11.202615,2013,1.1064678,.91411519,.82247794,.68332207,.98406178,.96402657,.99920279,.69869572,.9685185,1.0101852,1.0815476,.77546299
2332238,tottenham-hotspur,148,2,crystal-palace,873,0,0,3,0,.94444442,11.633986,.019607844,6.2483659,.0065359478,2013,1.4044508,.96952921,.86743182,.58627367,1.3027359,.98103791,.78372324,.53662449,1.5441799,1.0492064,.69404763,.5472222
2332239,fc-liverpool,31,2,aston-villa,405,2,19.722221,6.6111112,7.8333335,1,12.862745,8.1045752,5.352941,2.0457516,2013,1.1586812,.87236786,1.1997588,.69948661,1.083375,.81698418,1.1381148,.72035646,1.621649,1.8052911,1.2655203,.56944442
2332240,norwich-city,1123,1,hull-city,3008,0,18.777779,5,5.3888888,1.4444444,10.405229,.41176471,3.1503267,.16993465,2013,1.4213216,.90045118,1.076419,.74451452,1.5070736,1.0090479,1.1045917,.79743719,1.1973546,.84629631,.96944445,.74074072
2332241,swansea-city,2288,1,tottenham-hotspur,148,3,17,0,5,0,10.823529,13.398693,3.2941177,7.2810459,2013,.80628818,.44948268,1.5141126,1.0201139,.85738337,.47051892,1.4027358,1.0338157,1.0568783,.42592594,1.6228836,1.1140212
2332242,norwich-city,1123,0,manchester-city,281,0,16.444445,0,4.6666665,0,8.7516336,20.882353,2.6862745,13.96732,2013,1.2569746,.71086782,1.247135,1.0762485,1.3012861,.72559243,1.364862,.99228966,1.078836,.71296299,1.5009259,.90555555
2332243,manchester-united,985,4,norwich-city,1123,0,0,0,0,0,44.581699,7.3071895,31.509804,2.0522876,2013,1.2024953,1.1204004,1.2307768,.79606116,1.171975,1.196371,1.3055584,.96045083,.88128304,1.1513889,.96640211,.68611109
2332244,swansea-city,2288,4,aston-villa,405,1,0,11.222222,0,2.6666667,14.620915,10.54902,4.5359478,2.7124183,2013,.8377918,.6773411,.95982468,.59859675,.97390759,.7646988,.88691044,.60049111,1.386508,.92592591,.84753084,.41203704
2332245,stoke-city,512,3,fc-liverpool,31,5,2.7777777,12.555555,1,5.3333335,20.777779,8.8758173,6.1503267,3.8758171,2013,.72625589,.68533432,1.1447923,.85847896,.62365317,.63990498,1.0630758,.79236293,.57103175,.65997154,1.6170194,1.8330687
2332246,manchester-city,281,4,cardiff-city,603,2,0,0,0,0,24.869282,0,16.248365,0,2013,1.3114079,.99799746,1.2335129,1.1207999,1.2310064,.89323872,1.4609066,1.4199014,1.3564814,.82222223,2.0663781,1.6738095
2332247,fc-arsenal,11,2,fc-fulham,931,0,56.666668,0,31.944445,0,16.490196,18.09804,9.6928101,6,2013,1.0603192,1.0246071,.98270601,.73823535,1.1769364,1.124741,.96214616,.71486616,1.1157408,.97777778,.84603173,.56388891
2332248,crystal-palace,873,1,stoke-city,512,0,0,2.7777777,0,1,.019607844,15.111111,.0065359478,4.2549019,2013,.84368914,.54259676,.93829006,.73020875,.74502426,.48070818,.92269921,.72889209,.65238094,.49166667,.90436506,.71552706
2332249,afc-sunderland,289,2,fc-southampton,180,2,0,12.777778,0,3.2777777,8.9803925,17.078432,2.6601307,4.4052286,2013,.90701687,.55362928,1.2168233,.85085791,1.0333544,.59846157,1.3256476,1.0478836,1.25,.68627453,1.7435185,1.3472222
2332250,fc-liverpool,31,4,fc-everton,29,0,12.666667,7.4444447,5,1.9444444,6.9477124,16.797386,2.7124183,6.9150329,2013,1.1095469,.79392529,.87389845,.79731899,1.0420969,.75378269,1.0140318,.81583941,1.5985008,1.7404761,1.1689514,.90542328
2332251,fc-liverpool,31,0,fc-chelsea,631,2,19.333334,6.7222223,7.7222223,4.3888888,13.444445,8.6274509,5.9215684,5.0392156,2013,1.0895346,.78404874,1.2859255,.89349264,1.016503,.72962248,1.2770398,.92691231,1.5664021,1.710053,1.3247133,1.0223545
2332252,stoke-city,512,0,tottenham-hotspur,148,1,2.7777777,0,1,0,18.601307,9.7320261,4.9346404,5.1830068,2013,.95331603,.79070258,1.5650513,.95933247,.91171634,.75044692,1.4612015,.96248329,.70992064,.74330485,1.2812711,1.0033069
2332253,west-bromwich-albion,984,1,west-ham-united,379,0,0,47.722221,0,16.222221,12.150327,17.071896,4.4771242,5.346405,2013,1.0819474,.92828095,1.0832112,.78866881,.98082101,.95729256,1.1530781,.7780363,1.0574074,1.0861111,.77808642,.5260582
2332254,fc-arsenal,11,1,west-bromwich-albion,984,0,54.333332,0,31.055555,0,16.745098,9.1372547,10.111111,3.3725491,2013,1.1435735,1.024704,1.0728313,.80028272,1.2203507,1.0996989,1.0208312,.83193797,1.6472223,1.0092592,1.0093915,.99814814
2332255,manchester-city,281,2,west-ham-united,379,0,0,51.222221,0,17.555555,29.980392,21.026144,19.705883,6.5294118,2013,1.4668065,.97512031,1.1079106,.88354611,1.6306977,.96784186,1.1196886,.90121251,1.7453704,1.0027778,.81512344,.66494709
2332256,fc-chelsea,631,0,norwich-city,1123,0,8.333333,0,5.5,0,11.745098,11.215686,6.9150329,3.1895425,2013,1.6569049,1.1385096,1.253912,.83687907,1.6509925,1.1768044,1.3131943,.99378413,1.5998677,1.2167989,1.0330688,.70555556
2332257,fc-fulham,931,2,hull-city,3008,2,0,2.7222223,0,.72222221,5.0326796,.35947713,1.6339869,.1633987,2013,.79807931,.54766846,1.3261986,.91900986,.69975489,.52861989,1.427343,1.017792,.43725491,.37058824,1.2166667,.9074074
2332258,crystal-palace,873,3,fc-liverpool,31,3,0,19.333334,0,7.7222223,.019607844,12.777778,.0065359478,5.6143789,2013,1.1837783,.68264973,1.0052092,.7369588,1.2391425,.699359,.90360934,.66017801,1.5060847,.91574073,1.0170194,.74973547
2332259,fc-everton,29,2,manchester-city,281,3,7.4444447,0,1.9444444,0,17.522877,24.705883,7.1503267,16.581699,2013,.74799615,.58452022,1.4668065,.97512031,.84287602,.58170038,1.6306977,.96784186,1.1016234,.5462963,1.7453704,1.0027778
2332260,manchester-united,985,0,afc-sunderland,289,1,0,0,0,0,32.588234,6.2156863,22.888889,2.0980392,2013,1.0472143,1.1464319,.85121906,.51993722,1.0707903,1.2495955,1.1098655,.5771625,1.1300926,1.3310186,1.7230393,.69117647
2332261,newcastle-united,762,3,cardiff-city,603,0,28.555555,0,10.666667,0,9.960784,.15686275,3.8104575,.052287582,2013,.74454165,.40455991,1.1565617,1.1750352,.7516712,.41676301,1.3820316,1.5120671,.47936508,.175,1.7886003,1.5765873
2332262,cardiff-city,603,1,fc-chelsea,631,2,0,2.6666667,0,1.7777778,0,6.986928,0,4.0522876,2013,1.5793542,1.0568534,1.0746391,.71234846,1.8252927,1.4011141,1.1016829,.76174629,2.2668068,1.4431373,1.0949295,.8095696
2332263,hull-city,3008,0,fc-everton,29,2,3.6111112,11.333333,1,3.1111112,.18954249,21.418301,.09150327,8.7124186,2013,1.3171157,.90561593,1.0037923,.74619275,1.3962584,.98270255,1.1545801,.74417835,1.1796297,.88425928,1.5101852,.89814812
2332264,aston-villa,405,3,hull-city,3008,1,11.722222,5,2.7222223,1.4444444,12.058824,.35947713,3.2222223,.1633987,2013,.95585644,.55030131,1.2369128,.83826452,.89246601,.57018811,1.2805176,.9085483,.79660493,.3675926,1.0361111,.83333331
2332265,stoke-city,512,4,fc-fulham,931,1,2.7777777,0,1,0,16.633987,4.7647057,4.3921571,1.6013072,2013,.97818893,.85214049,.75545096,.47464985,.93856823,.81711358,.77573007,.4624556,.68214285,.63219374,.65899473,.37777779
2332266,fc-southampton,180,1,manchester-united,985,1,9.5,0,2.4444444,0,8.640523,30.960785,2.1895425,22.418301,2013,.96694595,.69045228,1.1913795,1.0810939,1.0125653,.83007056,1.1523325,1.1039079,1.4649471,1.0768518,1.0507275,1.2208333
2332267,afc-sunderland,289,4,cardiff-city,603,0,0,0,0,0,8.9346409,.15686275,2.7124183,.052287582,2013,.88072097,.53256351,.98494464,1.0197893,1.1691248,.59382915,1.1317309,1.3018378,1.7877451,.73039216,1.3306879,1.2657408
2332268,fc-chelsea,631,3,stoke-city,512,0,.83333331,0,.66666669,0,18.647058,22.588236,11.130719,6.2026143,2013,1.3553638,.97850227,1.0781889,.81063724,1.3552505,.99438518,1.0857904,.79504567,1.2794974,.9368844,1.043254,.79886037
2332269,fc-everton,29,3,fc-arsenal,11,0,11.333333,53.166668,3.1111112,30.222221,13.751634,17.222221,5.5359478,10.20915,2013,.90872741,.70393449,1.0551195,.78163195,1.0713031,.70312899,1.1614559,.84547627,1.2488456,.73148149,1.5490741,.84722221
2332270,fc-arsenal,11,3,west-ham-united,379,1,61.166668,33.444443,34.388889,11.166667,22.509804,14.522876,13.104575,4.4052286,2013,1.2326225,.78775841,1.0206811,.87706167,1.3148146,.84811163,.98854816,.85828322,1.6740741,.8425926,.62067902,.60013229
2332271,fc-southampton,180,2,fc-everton,29,0,8.666667,7.4444447,2.2222223,1.9444444,7.0784316,9.4248362,1.8039216,3.7843137,2013,.9373163,.66823006,.74850196,.6275456,.9693554,.80537921,.81852537,.5975734,1.3260581,1.0490741,1.0710678,.56481481
2332272,fc-liverpool,31,2,newcastle-united,762,1,21.388889,29.166666,8.6111107,10.888889,16.934641,11.771242,7.3202615,4.5620914,2013,.9836449,.73960429,.60158068,.34821069,.90034139,.66017801,.6295678,.37270337,1.0219576,.76560849,.41657847,.2337963
2332273,tottenham-hotspur,148,3,aston-villa,405,0,0,8.7222223,0,1.8333334,4.359477,7.8366013,2.4183006,2.137255,2013,1.4195158,.75926858,.93039346,.49979624,1.3982385,.81440139,.86005861,.50272775,1.3085859,.81759262,.80586421,.3675926
2332274,cardiff-city,603,0,crystal-palace,873,3,0,3,0,.94444442,.15686275,.30718955,.052287582,.09150327,2013,.86350143,1.0017338,1.2888789,.75556636,1.0490148,1.3523008,1.3075186,.77511656,1.0019841,1.1361111,1.5537037,.97129631
2332275,newcastle-united,762,0,manchester-united,985,4,31.833334,7.2222223,12.055555,2.8888888,11.477124,17.915033,4.3790851,12.921569,2013,.88897651,.41724375,1.0281396,1.0652229,.93256348,.46465462,.99848419,1.1424619,.63756615,.34537038,.88035715,.9847222
2332276,swansea-city,2288,0,fc-southampton,180,1,0,9.5,0,2.4444444,11.071896,9.9215689,3.3202615,2.496732,2013,.81691641,.64030409,.96694595,.69045228,.94427794,.71531612,1.0125653,.83007056,1.3448412,.9074074,1.4649471,1.0768518
2332277,hull-city,3008,1,swansea-city,2288,0,5,0,1.4444444,0,.23529412,18.725491,.098039217,5.3921571,2013,1.3273008,.90881127,.92385691,.65981466,1.4450198,1.0174949,1.0416006,.73722768,1.2583333,.94444442,1.6448413,.9074074
2332278,swansea-city,2288,0,fc-chelsea,631,1,0,6.2222223,0,4.3333335,14.686275,17.712418,4.3267975,10.065359,2013,.79469609,.70379615,1.3722146,.87613124,.93405068,.78454006,1.378888,.94973999,1.4698412,1.0185186,1.3490962,.92762518
2332279,newcastle-united,762,1,swansea-city,2288,2,29.944445,0,11.111111,0,11.130719,14.875817,4.2418299,4.5816994,2013,.98743182,.4376983,.78144264,.69585961,1.0238935,.46077457,.93173587,.78454006,.57936507,.22685185,1.4559524,1.0185186
2332280,norwich-city,1123,0,fc-arsenal,11,2,0,59.944443,0,33.222221,9.640523,17.202614,2.7450981,9.6143789,2013,1.3028537,.91000903,.98045182,.92433017,1.351995,1.0660064,1.0765756,.9973821,1.0743387,.76111114,1.487963,.90925926
2332281,west-bromwich-albion,984,1,stoke-city,512,2,0,2.7777777,0,1,12.117647,18.849672,4.3660131,5.1437907,2013,1.019498,.78557682,.931584,.80050653,.92266208,.80031401,.84443241,.72143459,.99351853,.98888886,.70992064,.74330485
2332282,tottenham-hotspur,148,5,afc-sunderland,289,1,0,0,0,0,7.006536,8.0522881,3.8169935,2.0457516,2013,1.18418,.87880069,.66963786,.46284056,1.1396203,.88798833,.87834203,.50591707,.93034512,.93386245,1.1553922,.56862748
2332283,crystal-palace,873,1,aston-villa,405,0,3,11.277778,.94444442,2.4444444,.30718955,12.143791,.09150327,3.3660131,2013,1.2888789,.75556636,.86557865,.56937665,1.3075186,.77511656,.80079937,.59241033,1.5537037,.97129631,.76234567,.40925926
2332284,fc-fulham,931,1,norwich-city,1123,0,0,0,0,0,5.3071895,11.69281,1.7320261,3.3267975,2013,.78173947,.58810961,1.1917427,.81851482,.65727127,.51391405,1.2258728,.92403108,.35882354,.34117648,.95529103,.74259257
2332285,afc-sunderland,289,1,swansea-city,2288,3,0,0,0,0,4.640523,5.8039217,1.751634,1.7777778,2013,.73521924,.47783962,.74284232,.54153866,.84694332,.51618367,.86852038,.59864944,1.0171568,.60294116,1.2892857,.75925928
2332286,manchester-united,985,3,hull-city,3008,1,0,5,0,1.4444444,8.7254906,.47712418,6.0784316,.19607843,2013,1.0729254,1.1361102,1.242777,.82519263,1.049454,1.1691713,1.2725811,.88834631,1.0101852,1.099537,1.0546297,.81481481
2332287,west-bromwich-albion,984,3,tottenham-hotspur,148,3,0,0,0,0,15.503268,5.3006535,5.7450981,2.9084966,2013,1.0317221,.87355894,1.237031,.91578895,.91561127,.89005071,1.1898501,.92551708,1.0018518,.97500002,.96546346,.94957983
2332288,aston-villa,405,0,fc-southampton,180,0,11.222222,9.5,2.6666667,2.4444444,10.54902,8.7843142,2.7124183,2.2287581,2013,.95982468,.59859675,.96694595,.69045228,.88691044,.60049111,1.0125653,.83007056,.84753084,.41203704,1.4649471,1.0768518
2332289,west-ham-united,379,2,tottenham-hotspur,148,0,48.833332,0,16.5,0,19.163399,8.5947714,5.8954248,4.6013074,2013,1.1248779,.84508699,1.4440075,.8427608,1.1277695,.86198694,1.3778682,.87304336,.76574075,.60277778,1.2206229,.91018516
2332290,fc-fulham,931,2,crystal-palace,873,2,0,3,0,.94444442,3.0588236,.30718955,1.0326798,.09150327,2013,.73880386,.54379213,1.2641876,.72778863,.80190319,.58388418,1.2840143,.74733877,.71388888,.30793652,1.5616403,.97129631
2332291,aston-villa,405,1,fc-fulham,931,2,15.333333,0,5.1111112,0,7.3398695,5.3921571,2.2091503,1.7973856,2013,.85835695,.51646662,.72819495,.71873248,.83932531,.53707123,.66262567,.71097285,.68086421,.33981481,.4137255,.40980393
2332292,fc-liverpool,31,3,manchester-city,281,2,21.388889,0,8.6111107,0,16.267973,30.745098,7.013072,20.771242,2013,1.0379145,.78183061,1.3767037,1.0728767,.94634438,.69436604,1.3001422,.98450857,1.0614638,.78306878,1.412037,.94722223
2332293,fc-southampton,180,0,cardiff-city,603,1,9.333333,0,2.3888888,0,10.647058,0,2.7254901,0,2013,1.1197237,.80949992,1.0585765,1.0180442,1.165343,.94911814,1.2644118,1.299553,1.7149471,1.2435185,1.7839707,1.5951058
2332294,cardiff-city,603,1,stoke-city,512,1,0,2.7777777,0,1,.15686275,18.601307,.052287582,4.9346404,2013,.96885425,.87796825,.95331603,.79070258,1.0803841,1.0478696,.91171634,.75044692,1.5756373,1.1969577,.70992064,.74330485
2332295,fc-chelsea,631,1,afc-sunderland,289,2,8.0555553,0,5.4444447,0,16.411764,4.6601305,9.5751638,1.6209151,2013,1.5490799,.97661436,.87283963,.5454002,1.5255111,.99788815,1.1151363,.59290326,1.4470899,.9206807,1.7720588,.75
2332296,west-ham-united,379,0,crystal-palace,873,1,45.444443,3,15.666667,.94444442,16.267973,.32026145,4.9215684,.098039217,2013,1.0982906,.93092096,1.2309035,.74171019,1.0956911,.93297458,1.2910203,.7822594,.80586421,.64642859,1.6092592,1.0129629
2332297,west-ham-united,379,1,fc-liverpool,31,2,43.277779,19.444445,14.611111,7.8333335,14.137255,12.137255,4.1241832,5.1437907,2013,1.0943694,.91160578,1.0283672,.77928686,1.0740861,.88667828,.93779737,.70058203,.76882714,.590873,1.0420194,.805291
2332298,manchester-city,281,4,fc-southampton,180,1,0,9.5555553,0,2.4444444,24.601307,11.215686,15.75817,2.7254901,2013,1.3314371,1.0699874,1.046311,.75526708,1.4598728,1.0345696,1.1633589,.95970017,1.5842593,1.0166667,1.5371693,1.225
2332299,hull-city,3008,0,fc-arsenal,11,3,5,58.833332,1.4444444,33.333332,.35947713,17.38562,.1633987,10.477124,2013,1.2369128,.83826452,1.1205856,1.0672557,1.2805176,.9085483,1.2437794,1.1726907,1.0361111,.83333331,1.6768519,1.1203704
2332300,norwich-city,1123,2,fc-liverpool,31,3,0,18.5,0,7.3333335,9.0457516,11.980392,2.5555556,5.2679739,2013,1.1196656,.73633891,1.069495,.80609465,1.1652666,.87403107,.98736358,.75249827,.91084653,.6722222,1.5559083,1.710053
2332301,tottenham-hotspur,148,3,fc-fulham,931,1,0,0,0,0,5.9019608,5.0784316,3.359477,1.751634,2013,1.6185385,1.0059375,.8224293,.63459206,1.495008,1.016692,.69305116,.55004847,1.338414,1.0608466,.46470588,.26862746
2332302,fc-arsenal,11,3,newcastle-united,762,0,61.111111,27.055555,34.722221,10.055555,18.601307,10.176471,11.111111,3.8300653,2013,1.126712,1.0174872,.63349479,.32412595,1.2268041,1.1147783,.60896969,.32046673,1.6694444,1.0648148,.41269842,.15555556
2332303,norwich-city,1123,0,west-bromwich-albion,984,1,17.444445,0,4.9444447,0,8.359477,11.660131,2.496732,4.3660131,2013,1.3834946,.88828421,1.003613,.80213034,1.4686613,1.0437583,.97946405,.84045756,1.0640211,.75648147,1.1814815,1.0074074
2332304,stoke-city,512,1,newcastle-united,762,0,2.7777777,34.055557,1,12.666667,18.601307,13.084968,4.9346404,4.9411764,2013,1.0718346,.7779575,.89162207,.40613264,1.041346,.71726793,.93587035,.44613612,1.043254,.79886037,.63139331,.27129629
2332305,manchester-city,281,3,west-bromwich-albion,984,1,0,0,0,0,29.90196,15.777778,20.150328,5.7320261,2013,1.4162921,.93562758,1.0226882,.84413058,1.543625,.8994658,.91853148,.87118143,1.662037,.90555555,.90185183,.94722223
2332306,crystal-palace,873,0,manchester-city,281,2,3,0,.94444442,0,.30718955,24.40523,.09150327,15.90196,2013,1.2888789,.75556636,1.4142345,.84625554,1.3075186,.77511656,1.5818195,.82795584,1.5537037,.97129631,1.675926,.82222223
2332307,afc-sunderland,289,0,fc-everton,29,1,0,11.333333,0,3.1111112,10.163399,13.751634,2.986928,5.5359478,2013,.75746465,.50682205,.90872741,.70393449,.95750868,.57417107,1.0713031,.70312899,1.1995099,.61274511,1.2488456,.73148149
2332308,fc-everton,29,2,manchester-united,985,0,11.333333,1.9444444,3.1111112,.5,13.751634,32.35294,5.5359478,23.274509,2013,.90872741,.70393449,1.2168026,1.2281597,1.0713031,.70312899,1.2192088,1.3296533,1.2488456,.73148149,1.0902778,1.2745371
2350359,fc-liverpool,31,1,stoke-city,512,0,18.944445,0,7.8888888,0,11.542483,42.686275,4.993464,12.444445,2013,.91774404,.68963623,.82668418,.68706268,.95856804,.68498653,.73114222,.66806155,1.4298942,1.7415344,.57103175,.56737894
2350360,fc-arsenal,11,1,aston-villa,405,3,67.333336,17.5,37.5,5.5555553,24.980392,12.183006,14.09804,3.2352941,2013,1.0509585,.78982216,1.0127999,.62754291,1.2137895,.93951172,.99205333,.65389299,1.6212963,.94999999,1.2948413,.61759257
2350361,norwich-city,1123,2,fc-everton,29,2,19.777779,2.7777777,5.4444447,.72222221,15.039216,29.437908,4.3856211,12.222222,2013,.97117746,.7278915,1.1539978,.74397874,.94384462,.75330549,1.4809421,.88032728,.61984128,.4287037,1.6664382,1.0925926
2350362,afc-sunderland,289,0,fc-fulham,931,1,2.5,34.5,.72222221,10.611111,7.6862745,17.477123,2.0326798,5.3137255,2013,.81671011,.57116032,1.0403752,.79861313,.89141613,.581738,1.0401614,.8781746,1.1602942,.72549021,.92839503,.85555553
2350363,west-bromwich-albion,984,0,fc-southampton,180,1,19.571428,11.285714,7,2.8571429,9.8571424,11.78022,3.2857144,3.1758242,2013,1.4986436,.7570976,1.3304843,1.0212219,1.3159211,.75845206,1.5148864,1.2480725,1.3796296,.94444442,2.2620749,1.575
2350364,swansea-city,2288,1,manchester-united,985,4,21.777779,1.9444444,6.1666665,.66666669,16.196079,43.640522,4.647059,30.784313,2013,.85861897,.60073173,1.131215,.99263102,.98250961,.67200279,1.1453255,1.0613559,1.4041005,.73148149,1.0410053,1.2722223
2350365,crystal-palace,873,0,tottenham-hotspur,148,1,0,19.222221,0,10.555555,0,15.954248,0,8.4117651,2013,.99689382,.51689202,1.541998,.82573515,.8692106,.49398085,1.4380028,.80543154,.70066136,.41851851,1.3007275,.7994709
2350366,fc-chelsea,631,2,hull-city,3008,0,11.944445,5,8.166667,1.4444444,24.509804,.29411766,14.352942,.13725491,2013,1.688611,1.3051614,.97739303,.76331341,1.6772033,1.3457589,1.1499796,.84428364,1.9285494,1.46744,1.1074075,.9537037
2350367,manchester-city,281,4,newcastle-united,762,0,0,36.888889,0,13.944445,31.287582,19.568628,20.771242,7.5359478,2013,1.3664007,1.0814862,.9263168,.50291491,1.2873425,.98997992,.92314577,.50330299,1.3879629,.94722223,.61102295,.3587963
2350368,fc-fulham,931,1,fc-arsenal,11,3,35.833332,58.055557,11.388889,32.5,17.130718,16.888889,5.5490198,9.4967318,2013,1.0120476,.89149815,.97944963,.7537685,1.0465242,.96988535,1.1483936,.89706159,.91728395,.85555553,1.5842593,.91759259
2350369,fc-everton,29,0,west-bromwich-albion,984,0,2.7777777,23.388889,.72222221,8.6111107,29.437908,19.836601,12.222222,7.2091503,2013,1.1539978,.74397874,1.1869297,.7727564,1.4809421,.88032728,1.1243999,.77043188,1.6664382,1.0925926,.83809525,.86018521
2350370,hull-city,3008,1,norwich-city,1123,0,5,19.333334,1.4444444,5.2777777,.29411766,12.320261,.13725491,3.5163398,2013,.97739303,.76331341,1.219494,.80133301,1.1499796,.84428364,1.2789667,.91355884,1.1074075,.9537037,.89021164,.63425928
2350371,newcastle-united,762,0,west-ham-united,379,0,33.611111,46.888889,12.944445,16.222221,14.176471,13.69281,5.5882354,4.4183006,2013,.88479316,.45679867,.88956118,.62038523,.87769902,.46750054,.99395484,.63300186,.63633156,.43657407,.71141976,.53531748
2350372,stoke-city,512,2,crystal-palace,873,1,0,.3888889,0,.11111111,40.784313,.019607844,11.993464,.0065359478,2013,.82668418,.68706268,1.0758181,.57008052,.73114222,.66806155,.93901116,.52945095,.57103175,.56737894,.85013229,.54814816
2350373,aston-villa,405,0,fc-liverpool,31,1,15.555555,18.833334,4.9444447,7.8333335,10.392157,11.424836,2.6209149,4.9411764,2013,.9995724,.61365402,.91208559,.67948663,.95964593,.62864047,.95749968,.68552071,1.2902117,.60648149,1.4382275,1.7359788
2350374,tottenham-hotspur,148,1,swansea-city,2288,0,18.555555,20.222221,10.111111,5.7777777,13.980392,13.222222,7.346405,3.8104575,2013,1.4992291,.73468578,.87012517,.58462375,1.4029498,.73135746,.98015273,.66820413,1.2636905,.72539681,1.4966931,.81481481
2350375,manchester-united,985,0,fc-chelsea,631,0,1.9444444,13.111111,.66666669,9,45.392159,33.359478,32.130718,19.568628,2013,1.1472644,.99765748,1.3614506,1.1289709,1.1329583,1.0310529,1.3376497,1.1666888,.93452382,1.1287037,1.5507716,1.1896622
2350376,fc-chelsea,631,2,aston-villa,405,1,10.5,10,7.2222223,2.0555556,24.712418,10.300653,14.464052,2.856209,2013,1.5242134,1.2075911,.97417557,.62129289,1.5491493,1.2272949,.94205332,.64530718,1.8044753,1.3910511,1.2763227,.60648149
2350377,manchester-city,281,2,hull-city,3008,0,0,5,0,1.4444444,25.228758,.29411766,16.477123,.13725491,2013,1.4937757,1.1474566,.92316025,.80035043,1.6354908,1.0830535,1.033313,.87206143,1.7157408,1.0861111,1.0009259,.92592591
2350378,newcastle-united,762,1,fc-fulham,931,0,31.666666,35.944443,12.333333,11.444445,14.679739,17.091503,5.8692808,5.5098038,2013,1.1003017,.6082148,1.145426,.97428679,1.0462065,.60150731,1.1402742,1.0460758,.83430338,.46620369,.95432097,.8888889
2350379,norwich-city,1123,1,fc-southampton,180,0,21.444445,11.166667,5.8888888,2.8333333,13.660131,13.215686,3.9084966,3.5490196,2013,1.3090472,.8601293,1.2765009,.8828181,1.4087752,.96416426,1.5369953,1.1171737,1.0550264,.74537039,2.1853175,1.5027778
2350380,west-bromwich-albion,984,0,swansea-city,2288,2,22.833334,18.222221,8.5,5.2222223,19.679739,11.313725,7.1503267,3.1764705,2013,1.2901573,.84545261,.87012517,.58462375,1.146093,.81028557,.98015273,.66820413,.69365078,.87129629,1.4966931,.81481481
2350381,west-ham-united,379,0,stoke-city,512,1,43.777779,0,15.111111,0,14.20915,36.732025,4.4771242,10.934641,2013,.92011678,.69348872,.90723974,.77203,.93718505,.70701659,.84842616,.79151833,.7490741,.55185187,.57103175,.56737894
2350382,crystal-palace,873,3,afc-sunderland,289,1,.3888889,2.2222223,.11111111,.6111111,.019607844,8.320261,.0065359478,2.1960785,2013,1.0164044,.52933979,.77871221,.53343767,.88155627,.4738954,.76352179,.54983568,.78399473,.43703705,.67009807,.58823532
2350383,fc-liverpool,31,1,manchester-united,985,0,19.277779,0,8.1111107,0,18.137255,46.424835,7.8954248,32.679737,2013,.81766266,.63061231,.93774962,.95009857,.85180169,.62311786,.93427002,.9834339,1.4206349,1.7415344,.87896824,1.0407407
2350384,fc-arsenal,11,1,tottenham-hotspur,148,0,65,16.222221,36.277779,8.8888893,19.59477,11.921569,11.261438,6.359477,2013,.8068065,.58379227,1.7032596,.9421438,.89094996,.72238207,1.6404499,.96107525,1.4731481,.78333336,1.7168651,.91825396
2460296,fc-arsenal,11,2,crystal-palace,873,1,65.944443,2.2222223,38,.55555558,23.59477,10.274509,13.90196,3.8758171,2014,.9480741,.81394517,1.0713427,.59684098,1.0131549,.85040838,.95326078,.58977073,1.0452381,1.0314815,.86388886,.63333333
2460297,fc-burnley,1132,1,fc-chelsea,631,3,0,25.166666,0,17.166666,0,21.078432,0,13.058824,2014,.95591509,.70807332,1.3894291,1.1780183,.92935646,.8142336,1.435008,1.1329724,1.1027777,.9537037,1.4036075,1.075
2460298,leicester-city,1003,2,fc-everton,29,2,0,39.111111,0,18.777779,0,33.869282,0,16.326797,2014,1.2609872,.79611665,.90147781,.80630368,1.333572,.90003979,.96085459,.77556443,1.5027778,1.1388888,.90462965,1.0018518
2460299,fc-liverpool,31,2,fc-southampton,180,1,39.277779,0,21.833334,0,22.810457,9.5620918,12.90196,3.1895425,2014,.93581861,.82226706,.92477953,.76178753,1.0532628,.94540137,.99422801,.76362634,1.3916667,1.3703704,1.1107143,.78571427
2460300,manchester-united,985,1,swansea-city,2288,2,0,6.7777777,0,2.5,14.660131,16.522877,8.9542484,4.9673204,2014,1.2298026,1.1830807,.89028102,.56945682,1.1105137,1.1356229,.97937083,.56029296,1.0218916,.94629627,.9077031,.41470587
2460301,newcastle-united,762,0,manchester-city,281,2,35.055557,21.611111,13.5,15.777778,11.836601,35.764706,4.4640522,24.496733,2014,.92696398,.51183963,1.1923763,1.1266695,.93119425,.52641958,1.2206599,1.192018,1.5462962,.91666669,1.5116402,1.5324074
2460302,queens-park-rangers,1039,0,hull-city,3008,1,8.5555553,29.388889,1.5555556,7.9444447,5.4379086,14.607843,1.2091503,4.0849671,2014,.92374694,.56331438,.91920239,.87158304,.94525009,.55253386,1.0263894,.92579967,1.0953704,.56944442,.77129632,.66666669
2460303,stoke-city,512,0,aston-villa,405,1,29.333334,27.222221,9.9444447,6.6111112,31.281046,21.333334,9.4836597,5.6013074,2014,.92344427,.66945559,.84104639,.61729628,.86156917,.6654461,.67900801,.57714325,.95648146,.67314816,.72745097,.7019608
2460304,west-bromwich-albion,984,2,afc-sunderland,289,2,0,12.888889,0,4.0555553,14.052288,11.281046,3.7516339,3.4117646,2014,.91135466,.62536299,1.0199051,.69513512,.76950562,.56117725,1.118912,.66591436,.70092595,.48148149,.76164019,.625
2460305,west-ham-united,379,0,tottenham-hotspur,148,1,61.277779,0,20.277779,0,20.313726,18.758169,6.2679739,10.379085,2014,1.1500475,.76172638,1.0447869,.81560796,1.1868639,.87244654,1.0925785,.94623858,1.4282408,1.2212963,.69484127,.7490741
2478479,aston-villa,405,0,newcastle-united,762,0,22.555555,35.055557,5.6111112,13.5,16.503267,11.836601,4.4313726,4.4640522,2014,.86472529,.6180343,1.0102973,.58461738,.69504559,.54989457,.99844575,.59401214,.73235291,.68235296,1.4510581,.88333333
2478480,fc-chelsea,631,2,leicester-city,1003,0,26.777779,0,18.222221,0,22.79085,0,13.980392,0,2014,1.3287942,1.1409812,1.2498286,.77451169,1.3981723,1.0806848,1.2842665,.82543659,1.353343,1.0638889,1.2805556,1
2478481,crystal-palace,873,1,west-ham-united,379,3,2.3888888,44.777779,.6111111,14.611111,9.8039217,14.620915,3.4705882,4.4313726,2014,.92770147,.50389934,1.1554735,.74409813,.78555596,.47517636,1.2928382,.85533094,.59722221,.47222221,1.8726852,1.1546296
2478482,fc-southampton,180,0,west-bromwich-albion,984,0,0,0,0,0,10.437908,16.588236,3.4836602,4.4444447,2014,.93095237,.75908691,.94370759,.64758521,.99911201,.76031947,.79419702,.59204143,1.114418,.7783069,.71944445,.5
2478483,swansea-city,2288,1,fc-burnley,1132,0,6.7777777,0,2.5,0,16.522877,.26143792,4.9673204,.039215688,2014,.89028102,.56945682,.9907257,.75876778,.97937083,.56029296,.96336317,.85351533,.9077031,.41470587,1.1583333,1.0092592
2478484,fc-everton,29,2,fc-arsenal,11,2,39.111111,56.777779,18.777779,32.722221,34.64706,18.019608,16.745098,10.686275,2014,.90147781,.80630368,1.0157374,1.0680031,.96085459,.77556443,1.0533584,1.0838486,.90462965,1.0018518,1.145238,1.2064815
2478485,hull-city,3008,1,stoke-city,512,1,32.111111,27.055555,8.6111107,9.4444447,18.51634,29.555555,5.0326796,9.2679739,2014,.87445259,.78996933,1.0521557,.74468708,.92279387,.83507097,.98180085,.72416526,.67407405,.72222221,1.0259259,.69629627
2478486,tottenham-hotspur,148,4,queens-park-rangers,1039,0,0,8.0555553,0,1.5555556,16.20915,5.5555553,9.1437912,1.3594772,2014,1.2219642,.94980758,.79338843,.66871566,1.2582241,1.0644563,.76584494,.54724491,.73835981,.74351853,.95648146,.54166669
2478487,afc-sunderland,289,1,manchester-united,985,1,12.5,0,3.8333333,0,9.1045752,22.137255,2.8888888,13.647058,2014,.78148413,.52173799,1.369187,1.1241593,.92382002,.50606585,1.2220658,1.0893419,.48716933,.38425925,1.0561508,.83518517
2478488,manchester-city,281,3,fc-liverpool,31,1,23.388889,35.888889,16.888889,19.777779,36.934639,17.941177,25.366013,10.111111,2014,1.1934911,1.151922,1.0283731,.86222428,1.2174853,1.2197958,1.1601781,1.0007195,1.5227513,1.5768518,1.4472222,1.3703704
2486489,fc-burnley,1132,0,manchester-united,985,0,0,0,0,0,.1503268,23.013071,.03267974,14.281046,2014,.96354991,.73793441,1.2947131,1.3234675,.92380089,.82321227,1.2642927,1.3332461,1.0842593,.91666669,1.2505952,1.2981482
2486490,aston-villa,405,2,hull-city,3008,1,22.555555,25.5,5.6111112,6.7777777,16.503267,14.065359,4.4313726,3.8104575,2014,.86472529,.6180343,.86304384,.77327991,.69504559,.54989457,.96143025,.83991104,.73235291,.68235296,.72592592,.74074072
2486491,manchester-city,281,0,stoke-city,512,1,19.444445,24.944445,14.055555,8.5555553,30.183006,31.163399,20.437908,9.5947714,2014,1.1934911,1.151922,1.0700934,.75421089,1.2174853,1.2197958,.95528001,.70684302,1.5227513,1.5768518,.89999998,.62222224
2486492,newcastle-united,762,3,crystal-palace,873,3,35.055557,.33333334,13.5,.11111111,11.666667,10.764706,4.3921571,4.0326796,2014,1.0102973,.56004471,1.0530032,.64935523,.99844575,.56943953,.92222422,.63919908,1.4788359,.8277778,.80694443,.58333331
2486493,queens-park-rangers,1039,1,afc-sunderland,289,0,7.6666665,14.777778,1.3333334,4.6666665,5.9215684,12.169934,1.2614379,3.9346404,2014,1.0244513,.79151273,.94928199,.69220757,.97854137,.63326645,1.0387774,.65533632,.9546296,.60277778,.71216929,.64351851
2486494,swansea-city,2288,3,west-bromwich-albion,984,0,6.5555553,0,2.3333333,0,17.019608,16.392157,4.9673204,4.4509802,2014,.89801049,.58356822,.94711453,.68585414,.97799742,.57683706,.79651183,.64018959,.82208997,.40277779,.65462965,.49074075
2486495,west-ham-united,379,1,fc-southampton,180,3,44.777779,0,14.611111,0,14.620915,13.908497,4.4313726,4.5228758,2014,1.1554735,.74409813,1.1102339,.87435496,1.2928382,.85533094,1.1675862,.87741905,1.8726852,1.1546296,1.1805556,.81851852
2486496,fc-everton,29,3,fc-chelsea,631,6,37.888889,25.777779,18.166666,17.5,29.032681,21.627451,14.437908,13.254902,2014,1.0098572,.82103431,1.3351073,1.0745995,.98769993,.70373499,1.4096378,1.023586,.91388887,.88518518,1.2346561,.74351853
2486497,tottenham-hotspur,148,0,fc-liverpool,31,3,0,26.722221,0,14.555555,13.24183,9.8039217,7.3986926,5.5686274,2014,.90865707,.817312,1.1094942,.9034636,.98952919,.94672346,1.2447019,1.0382376,.65008819,.71574074,1.4842592,1.462963
2486498,leicester-city,1003,1,fc-arsenal,11,1,0,56.555557,0,32.611111,0,16.771242,0,10.052288,2014,1.3551786,.86871088,1.0331912,1.0751189,1.3842224,.93650365,1.0694078,1.045114,1.6,1.1388888,1.0304233,1.1175926
2486499,fc-arsenal,11,2,manchester-city,281,2,61.944443,18.277779,35.944443,13.055555,21.228758,22.797386,12.764706,15.48366,2014,1.0339471,1.0449988,1.1854646,1.0778013,1.0323147,.980869,1.0776854,1.1042227,1.0146825,.96111113,1.3050926,1.4518518
2486500,fc-chelsea,631,4,swansea-city,2288,2,6.7222223,7.1111112,4.6111112,2.5555556,16.398693,16.124184,9.9477119,4.7385621,2014,1.3876419,1.1444,.98266655,.64838302,1.5029681,1.1489009,1.081172,.63239264,1.5477874,1.0851852,.84431219,.48055556
2486501,crystal-palace,873,0,fc-burnley,1132,0,.33333334,0,.11111111,0,7.6797385,.1503268,2.9803922,.03267974,2014,.89772224,.67024422,1.0468832,.7827757,.86146462,.69083542,1.0090282,.85099006,.78287035,.54444444,1.0935185,.92592591
2486502,fc-southampton,180,4,newcastle-united,762,0,0,36.166668,0,13.666667,8.3921566,13.555555,2.6339869,4.980392,2014,1.0014797,.80182409,.94355351,.49661002,1.0126078,.77402395,.93582392,.49864826,1.2056879,.75370371,1.4074074,.7962963
2486503,stoke-city,512,0,leicester-city,1003,1,25.444445,0,8.5,0,23.333334,0,7.0392156,0,2014,1.0088987,.75448322,1.4307662,.89933765,.9035123,.68551862,1.5011206,1.0166624,.88148147,.59444445,1.6972222,1.25
2486504,afc-sunderland,289,2,tottenham-hotspur,148,2,13.888889,0,4.4444447,0,10.627451,10.869281,3.5490196,6.346405,2014,.86156267,.71998537,.82824874,.78614938,.95385671,.70804286,.90158123,.9261086,.78161377,.86574072,.65524691,.74259257
2486505,west-bromwich-albion,984,0,fc-everton,29,2,0,36.666668,0,17.5,10.555555,23.464052,2.8104575,11.928104,2014,.98403138,.74046916,.88773608,.80630368,.79650486,.62356365,.93733364,.74180806,.73425925,.5925926,.96574074,1.0157408
2486506,fc-liverpool,31,0,aston-villa,405,1,21.333334,20.777779,12.055555,5.1111112,10.797385,14.137255,5.7908497,3.7124183,2014,1.2002168,1.0094268,.85549951,.60514992,1.275365,1.1245401,.67311579,.54711676,1.3638889,1.3981482,.69803923,.68235296
2486507,manchester-united,985,4,queens-park-rangers,1039,0,0,17.5,0,5.6111112,11.189543,3.8104575,7.1830068,.71241832,2014,1.3012179,1.2206674,1.0828499,.77037024,1.4156238,1.2985264,1.0069406,.59336746,1.3806878,1.3,.89999998,.51944447
2486508,hull-city,3008,2,west-ham-united,379,2,21.166666,44.888889,5.7777777,14.833333,10.261438,14.470589,3.013072,4.7385621,2014,.9106769,.74686557,1.1179618,.79675567,1.0558186,.82329243,1.1872389,.85536098,1.1601852,.83796299,1.7430556,1.1009259
2486509,queens-park-rangers,1039,2,stoke-city,512,2,12.666667,24.277779,3.9444444,8.2777777,2.8169935,26.196079,.67320263,8.013072,2014,1.0046507,.68166119,.93830144,.71806347,1.0325719,.60301954,.86761487,.6602661,1.0666667,.66666669,.89999998,.59444445
2486510,aston-villa,405,0,fc-arsenal,11,3,17.222221,69.722221,4.3333335,39.611111,11.490196,26.117647,2.8692811,14.986928,2014,.78097492,.60819179,1.03676,1.0471619,.66543633,.55871135,.99514812,.95799065,.61274511,.60392159,1.0063492,.8611111
2486511,fc-burnley,1132,0,afc-sunderland,289,0,0,13.888889,0,4.4444447,.26143792,10.947712,.039215688,3.5882354,2014,.90213144,.73213404,.99474984,.72815531,.85970157,.81234467,1.013991,.67385483,.84120369,.87037039,.76772487,.69907409
2486512,newcastle-united,762,2,hull-city,3008,2,43.611111,22.222221,16.5,6.1666665,19.287582,11.679739,7.2156863,3.496732,2014,1.0458224,.5275929,.96623248,.78004807,.99534768,.54714608,1.1422383,.82825279,1.3037037,.8425926,1.1231482,.81944442
2486513,swansea-city,2288,0,fc-southampton,180,1,6.4444447,0,2.4444444,0,14.424836,8.3529415,4.5228758,2.6470587,2014,.98814052,.63780099,.99508238,.79071301,1.0962834,.63239264,1.0110205,.76291287,.89060849,.48055556,1.2268518,.77222222
2486514,tottenham-hotspur,148,0,west-bromwich-albion,984,1,0,0,0,0,14.993464,14.699347,8.6013069,3.9411764,2014,1.3175519,.93751216,.95642227,.69085956,1.3400844,1.0522546,.82562238,.67702824,.6961199,.66296297,.66203701,.49074075
2486515,west-ham-united,379,3,fc-liverpool,31,1,29.333334,27.111111,9.4444447,15,13.039216,14.522876,4.3006535,7.5163398,2014,1.1179618,.79675567,1.1816982,.95240068,1.1872389,.85536098,1.2482486,1.0401967,1.7430556,1.1009259,1.4009259,1.287037
2486516,leicester-city,1003,5,manchester-united,985,3,0,0,0,0,0,13.620915,0,8.7908497,2014,1.3509051,.85945165,1.287825,1.2116139,1.4015834,.97916234,1.4050418,1.2874154,1.6185185,1.2314814,1.3632275,1.2814815
2486517,fc-everton,29,2,crystal-palace,873,3,35.833332,.33333334,17,.11111111,25.09804,8.0326796,12.686275,2.9019608,2014,1.0304333,.84297472,.9126212,.66968304,1.0066394,.74262387,.87661612,.6958859,.90925926,.95925927,.76898146,.53055555
2486518,manchester-city,281,1,fc-chelsea,631,1,22.888889,26.5,16.611111,17.888889,35.542484,23.921568,24.183006,14.418301,2014,1.2083555,1.1427646,1.4548885,1.1965368,1.1787411,1.196103,1.5168592,1.1319668,1.5717592,1.6046296,1.6126022,1.1194445
2486519,fc-liverpool,31,1,fc-everton,29,1,27.111111,35.222221,15.111111,16.666666,15.143791,25.40523,7.986928,12.738562,2014,1.2008697,1.1120362,.96958667,.79601705,1.3068542,1.2174402,.95108378,.69211882,1.4564815,1.6203704,.83518517,.85740739
2486520,fc-chelsea,631,3,aston-villa,405,0,24.777779,22.722221,16.777779,5.5,18.352942,17.568628,11.215686,4.5620914,2014,1.4150906,1.1502405,.86443502,.60823637,1.4676167,1.0764112,.65740311,.54989457,1.5755652,1.0638889,.69803923,.68235296
2486521,crystal-palace,873,2,leicester-city,1003,0,.33333334,0,.11111111,0,9.5490198,0,3.4052289,0,2014,.98468471,.69746083,1.2458942,.80625296,.90307117,.70051551,1.2613577,.9150598,.88009262,.61388886,1.4814814,1.1203704
2486522,hull-city,3008,2,manchester-city,281,4,19.055555,20.166666,5,14.333333,9.0718956,27.751635,2.509804,19.117647,2014,.88212752,.72582799,1.2056735,1.0715085,1.000263,.78440356,1.1886177,1.1048331,1.0861111,.7824074,1.488426,1.437963
2486523,manchester-united,985,2,west-ham-united,379,1,0,40.333332,0,13.5,7.8039217,12.51634,4.8692808,4.2091503,2014,1.3190579,1.2099836,1.2338213,.75715274,1.4275634,1.2811654,1.2597104,.82170713,1.3972223,1.3,1.8430556,1.1064814
2486524,fc-southampton,180,2,queens-park-rangers,1039,1,0,17.611111,0,5.7222223,5.1895423,2.8366013,1.6666666,.68627453,2014,1.1930782,.98040658,.93897521,.57806253,1.2076998,.95326781,.94953316,.51312053,1.4482805,.99722224,.85555553,.4861111
2486525,afc-sunderland,289,0,swansea-city,2288,0,10.388889,6.4444447,3.2222223,2.4444444,6.2352943,14.398693,1.8366013,4.5032678,2014,.92498052,.72713405,.98814052,.63780099,1.0644387,.70782244,1.0962834,.63239264,.77235448,.79166669,.89060849,.48055556
2486526,fc-arsenal,11,1,tottenham-hotspur,148,1,70,0,40.388889,0,26.071896,11.568627,15.202615,6.4967322,2014,1.0349444,1.0267916,1.1727958,.85503471,1.0249461,.96416348,1.205779,.97484505,1.0285715,.8611111,.66944444,.69907409
2486527,west-bromwich-albion,984,4,fc-burnley,1132,0,0,0,0,0,14.90196,.11111111,3.9215686,.0065359478,2014,.91961944,.76648325,.91487265,.67333359,.7635864,.72019058,.88495409,.74713707,.64629632,.52314812,.80972224,.66666669
2486528,stoke-city,512,1,newcastle-united,762,0,28.055555,36.888889,9.3888893,13.944445,28.117647,16.568628,8.4705887,6.1699347,2014,.918248,.72709125,.99612767,.47203737,.82573456,.66700011,.93674982,.48980987,.83055556,.61296296,1.0259259,.67592591
2486529,hull-city,3008,2,crystal-palace,873,0,18.333334,.33333334,4.7777777,.11111111,8.0915031,9.5490198,2.1895425,3.4052289,2014,.88212752,.72582799,.98468471,.69746083,1.000263,.78440356,.90307117,.70051551,1.0861111,.7824074,.88009262,.61388886
2486530,leicester-city,1003,2,fc-burnley,1132,2,0,0,0,0,0,.11111111,0,.0065359478,2014,1.3924065,.8895911,.8865177,.63839769,1.4555959,1.0050883,.86597258,.72445184,1.6046296,1.287037,.77638888,.66666669
2486531,fc-liverpool,31,2,west-bromwich-albion,984,1,26.833334,0,15.222222,0,14.666667,14.90196,7.8823528,3.9215686,2014,1.2343733,1.0212178,.92804736,.76956969,1.318619,1.1346412,.76971918,.72019058,1.4842592,1.4166666,.64629632,.52314812
2486532,afc-sunderland,289,3,stoke-city,512,1,11.777778,29.944445,3.6666667,9.9444447,7.1895423,30.869282,2.1568627,9.3071899,2014,.87267381,.64706868,.85518724,.69777024,1.0128514,.62601537,.74624735,.64174759,.66124338,.56944442,.70092595,.53888887
2486533,swansea-city,2288,2,newcastle-united,762,2,5.9444447,41.222221,2.2777777,15.611111,10.588235,18.248365,3.3006537,6.9673204,2014,.96730721,.60817134,1.0580324,.5461114,1.0740613,.62621981,1.0122128,.56851357,.94299722,.50882351,1.2898148,.8425926
2486534,tottenham-hotspur,148,1,fc-southampton,180,0,0,0,0,0,10.843137,5.1895423,6.1764708,1.6666666,2014,1.1946579,.80947649,1.205424,.98387879,1.215389,.93061799,1.2205204,.95789742,.7962963,.73796296,1.4705026,1.0083333
2486535,aston-villa,405,0,manchester-city,281,2,22.5,18.944445,5.5555553,13.777778,15.862745,23.261438,4.2810459,15.90196,2014,.9091146,.58109796,1.2986299,1.1469053,.70184755,.48893777,1.3058691,1.1563038,.74215686,.51568627,1.5333995,1.4657408
2486536,manchester-united,985,2,fc-everton,29,1,0,26.944445,0,13.833333,6.7124181,27.673203,4.0915031,12.980392,2014,1.0980145,.99516881,.83624816,.76939672,1.2160835,1.022369,.8078739,.67298305,.99537039,.74444443,.74074072,.75925928
2486537,fc-chelsea,631,2,fc-arsenal,11,0,21.833334,56.777779,14.611111,32.777779,16.732027,17.764706,10.183006,10.496732,2014,1.3317572,1.1002405,.99799818,1.0420922,1.4396964,1.0966133,.99516875,.99247545,1.5292689,1.0407407,.99603176,.9537037
2486538,west-ham-united,379,2,queens-park-rangers,1039,0,32.722221,17.111111,10.888889,5.6111112,8.2679739,3.5424836,2.7124183,.78431374,2014,1.2471751,.83256757,1.0319239,.74863821,1.2702924,.87482566,.94166279,.56836742,1.900463,1.1861111,1.0083333,.60277778
2486539,manchester-city,281,4,tottenham-hotspur,148,1,20.611111,0,14.833333,0,25.398693,8.5882349,17.673203,4.8954248,2014,1.2641047,1.1084437,1.1922069,.80707997,1.2667909,1.1173215,1.2355909,.94172907,1.4847884,1.3685185,.83796299,.75648147
2486540,fc-arsenal,11,2,hull-city,3008,2,59.055557,18.411764,34,4.8235292,18.934641,8.6029415,11.039216,2.3455882,2014,.7832734,.71243709,.73726285,.69254339,.81663311,.73409969,.91857916,.78432643,1.0158731,.9203704,1.0676471,.81372547
2486541,fc-burnley,1132,1,west-ham-united,379,3,0,45.555557,0,14.944445,.26143792,15.732026,.039215688,4.973856,2014,1.0874964,.73761898,1.2817024,.8852163,1.0868059,.83460397,1.3144703,.95420277,1.1638889,.9074074,1.4726852,1.1527778
2486542,crystal-palace,873,1,fc-chelsea,631,2,0,24.111111,0,16.5,8.8300657,16.732027,2.9281046,10.503268,2014,.9816215,.67989546,1.1222438,1.015849,.86771762,.66965133,1.0849346,.95077997,.8578704,.61388886,1.2033429,1.0601852
2486543,fc-everton,29,3,aston-villa,405,0,31.888889,24.055555,15.333333,7.3888888,30.816994,21.562092,14.333333,5.8758168,2014,.92572093,.8164047,1.0276873,.68120533,.89673477,.70435226,.7743305,.57859504,.92314816,.85740739,.66862744,.54901963
2486544,newcastle-united,762,1,leicester-city,1003,0,26.333334,0,9.8888893,0,10.75817,0,3.9803922,0,2014,1.1699637,.53936303,1.3050734,.8109538,1.1236546,.58938253,1.33217,.92378992,1.4148148,.92962962,1.4842592,1.0925926
2486545,fc-southampton,180,8,afc-sunderland,289,0,0,12.277778,0,3.8888888,6.8562093,10.078431,2.0980392,3.1699347,2014,1.2149477,.9780587,.88162029,.61679691,1.2260759,.95025855,.83764416,.56641936,1.4556879,.98981482,.73068786,.52777779
2486546,queens-park-rangers,1039,2,fc-liverpool,31,3,14.833333,34.277779,5.2222223,18.5,1.8758169,17.313726,.49673203,9.1764708,2014,.93666041,.56972921,1.1580447,1.0699066,.95555168,.50478721,1.2701669,1.1999038,.85324073,.4611111,1.4324074,1.462963
2486547,stoke-city,512,2,swansea-city,2288,1,28.222221,5.8888888,9.5,2.2222223,25.660131,12.30719,7.647059,3.9281046,2014,.99734622,.74068964,.963835,.65797293,.91208905,.664047,1.0623653,.64788407,1.0157408,.60185188,.90182072,.49705881
2486548,west-bromwich-albion,984,2,manchester-united,985,2,0,0,0,0,11.189543,12.784314,2.8366013,7.9346404,2014,1.0345957,.78592128,1.1317157,1.1641235,.86413246,.71121627,1.2372526,1.183068,.7509259,.56481481,1.0547619,.96481484
2486549,west-bromwich-albion,984,2,crystal-palace,873,2,0,0,0,0,14.071896,7.8235292,3.7450981,2.5424836,2014,1.0345957,.78592128,.96697199,.67411017,.86413246,.71121627,.83305478,.66354972,.7509259,.56481481,.82083333,.58611113
2486550,fc-liverpool,31,0,hull-city,3008,0,28.555555,22.055555,15.444445,5.9444447,13.202615,9.8366013,7.1372547,2.7124183,2014,1.1915206,1.0370007,.84498924,.73933196,1.3067831,1.1713544,1.1130235,.85481918,1.4657408,1.462963,1.1068628,.83333331
2486551,fc-southampton,180,1,stoke-city,512,0,0,24.5,0,8.1111107,6.8562093,27.464052,2.0980392,7.9607844,2014,1.2149477,.9780587,1.0708549,.80294001,1.2260759,.95025855,1.0003606,.75540501,1.4556879,.98981482,1.0296296,.66851854
2486552,afc-sunderland,289,0,fc-arsenal,11,2,13.555555,59.388889,4.2777777,34.388889,11.013072,18.647058,3.5359478,11,2014,.84201711,.60925359,1.0830456,.94167334,1.0170602,.6247527,1.118485,.9706738,.66124338,.56944442,1.0779101,.93425924
2486553,tottenham-hotspur,148,1,newcastle-united,762,2,0,27.333334,0,10.277778,8.640523,10.431373,4.7973857,3.8235295,2014,1.1990396,.8698951,.95485657,.50768882,1.2304463,.9885304,.93780804,.53425431,.75524694,.67962962,1.3235294,.84705883
2486554,west-ham-united,379,2,manchester-city,281,1,41.666668,20.666666,13.888889,14.888889,12.816994,27.69281,4.1830068,19.130718,2014,1.2230604,.80422735,1.1425452,1.0635719,1.2452396,.90035659,1.1824124,1.1040162,1.4097222,1.1009259,1.4556217,1.4101852
2486555,swansea-city,2288,2,leicester-city,1003,0,6.4444447,0,2.4444444,0,13.124183,0,4.1045752,0,2014,.98814052,.63780099,1.3509051,.85945165,1.0962834,.63239264,1.4015834,.97916234,.94299722,.50882351,1.6185185,1.2314814
2486556,fc-burnley,1132,1,fc-everton,29,3,0,31.888889,0,15.333333,.26143792,30.816994,.039215688,14.333333,2014,1.0979812,.73944652,.92572093,.8164047,1.0948868,.83491963,.89673477,.70435226,1.1800926,.8888889,.92314816,.85740739
2486557,manchester-united,985,1,fc-chelsea,631,1,0,24.833334,0,16.888889,9.7189541,18.071896,6.2352943,11.267974,2014,.85750514,.96681654,1.2184498,1.1352863,.9173283,1.0309757,1.1555322,1.0673987,.91216934,.83518517,1.1419673,1.1342592
2486558,queens-park-rangers,1039,2,aston-villa,405,0,16.5,21.833334,5.4444447,6.5,2.1176472,17.09804,.43137255,4.6339869,2014,.93592942,.5710364,1.1083698,.71030587,.95184797,.51589829,.8961038,.62026167,.8449074,.48888889,.76666665,.56862748
2486559,newcastle-united,762,1,fc-liverpool,31,0,27.388889,32.5,10.555555,17.666666,10.150327,15.653595,3.9477124,8.3986931,2014,1.0434932,.570723,1.2190312,.99290586,.98053288,.62284815,1.3074366,1.1093886,1.4294118,1.0098039,1.5212963,1.4537038
2486560,fc-arsenal,11,3,fc-burnley,1132,0,60.277779,0,34.888889,0,18.82353,.26143792,11.058824,.039215688,2014,1.0710086,.86802018,1.000759,.72648352,1.1005276,.85956264,1.001236,.81359529,.95568782,.73055553,1.1356481,.97685188
2486561,fc-chelsea,631,2,queens-park-rangers,1039,1,23.777779,16.222221,16.111111,5.3333335,16.69281,2.8431373,10.313725,.56862748,2014,1.4430124,1.235723,.96401584,.60992527,1.5236471,1.1948124,.95956403,.51358348,1.4255651,1.1601852,.8449074,.48888889
2486562,fc-everton,29,0,swansea-city,2288,0,31.833334,6.4444447,15.333333,2.4444444,30.124184,13.124183,14.019608,4.1045752,2014,.95953739,.8488121,.98814052,.63780099,.94723982,.74475634,1.0962834,.63239264,1.0157408,.9685185,.94299722,.50882351
2486563,hull-city,3008,0,fc-southampton,180,1,21.111111,0,5.7777777,0,8.1372547,6.8562093,2.2875817,2.0980392,2014,.76834041,.72337174,1.2149477,.9780587,1.0146576,.81763434,1.2260759,.95025855,1.2098039,.94607842,1.4556879,.98981482
2486564,leicester-city,1003,0,west-bromwich-albion,984,1,0,0,0,0,0,17.17647,0,4.5555553,2014,1.4009646,.85728651,.89147854,.72041845,1.4931179,1.0059811,.793679,.75822479,1.7772486,1.2370371,.64074075,.5324074
2486565,stoke-city,512,2,west-ham-united,379,2,27.888889,44.277779,9.3888893,14.555555,21.078432,17.784313,6.3725491,5.5490198,2014,.93486637,.67914277,1.1577897,.94540834,.8946287,.68032086,1.1431072,1.0134177,.98518521,.59907407,1.3837963,1.2583333
2486566,manchester-city,281,1,manchester-united,985,0,18.611111,0,13.222222,0,18.111111,13.169934,12.026144,8.3267975,2014,1.1742513,.94686228,1.1534944,1.2244344,1.1602203,.99810266,1.2137568,1.323782,1.3671957,1.2296296,1.2890211,1.2537037
2486567,aston-villa,405,1,tottenham-hotspur,148,2,25.388889,0,6.3888888,0,20.738562,10.843137,5.6862745,6.1764708,2014,1.0273266,.67855984,1.1900282,.79605055,.78623527,.58714205,1.2147577,.91791958,.68823528,.56078434,.83796299,.75648147
2486568,crystal-palace,873,1,afc-sunderland,289,3,.33333334,13.555555,.11111111,4.2777777,8.4117651,11.084968,3.0980392,3.4509804,2014,1.0005908,.68890291,1.0098742,.68906093,.88595557,.68441004,1.1181997,.67525774,.88009262,.61388886,.75846559,.625
2486569,fc-liverpool,31,1,fc-chelsea,631,2,35.611111,6.6666665,19.5,4.5,19.38562,21.575163,10.542483,12.96732,2014,1.2243222,1.0012392,1.3145967,1.1002405,1.3074366,1.1093886,1.410077,1.0410577,1.5212963,1.4537038,1.5292689,1.0972222
2486570,fc-burnley,1132,1,hull-city,3008,0,0,21.722221,0,6,.26143792,10.352942,.039215688,2.9281046,2014,1.0573066,.6606105,.83508241,.75748998,1.0657201,.7523579,1.0943989,.86982924,1.2356482,1.0185186,1.1148148,.89814812
2486571,manchester-united,985,1,crystal-palace,873,0,0,.33333334,0,.11111111,10.725491,7.6078429,6.6928105,2.9281046,2014,1.1488647,1.2461585,.8830533,.57204288,1.1969218,1.3424785,.81935304,.5734176,1.262037,1.2675925,.84537035,.53055555
2486572,queens-park-rangers,1039,2,manchester-city,281,2,15,20.611111,5.1111112,14.722222,3.6797385,22.372549,1.0588236,15.130719,2014,.98673755,.63965863,1.2467546,.99901336,.98072004,.52886128,1.240437,1.01306,.87175924,.51203704,1.4241402,1.2712963
2486573,fc-southampton,180,2,leicester-city,1003,0,0,0,0,0,6.8562093,0,2.0980392,0,2014,1.2149477,.9780587,1.3875718,.85199547,1.2260759,.95025855,1.4693084,1.0006901,1.4556879,.98981482,1.7031746,1.2462963
2486574,tottenham-hotspur,148,1,stoke-city,512,2,0,28.666666,0,9.7777777,10.627451,25.954248,6.019608,7.9084969,2014,1.1946579,.80947649,.96489006,.72434974,1.215389,.93061799,.93153352,.74092692,.7962963,.73796296,1.0157408,.71018517
2486575,west-ham-united,379,0,aston-villa,405,0,42.555557,25.5,14.277778,6.4444447,16.816994,19.398693,5.4509802,5.2222223,2014,1.3138582,.94172734,.93614185,.63870472,1.2724,1.0050844,.71047771,.55241978,1.4208333,1.2398148,.62450981,.5411765
2486576,afc-sunderland,289,1,fc-everton,29,1,10.388889,32.222221,3.2777777,15.777778,6.5228758,31.555555,2.013072,14.921569,2014,1.0098742,.67606544,.92395729,.7863121,1.1038899,.64327121,.87307507,.63757336,.69179893,.56944442,.98796296,.88518518
2486577,west-bromwich-albion,984,0,newcastle-united,762,2,0,28.444445,0,11,14.215686,11.281046,3.7385621,4.2222223,2014,.84120864,.70303702,1.0709658,.5568341,.7442562,.73044699,1.0201494,.61801499,.59907407,.49537036,1.4343138,1
2486578,swansea-city,2288,2,fc-arsenal,11,1,6.3333335,60.222221,2.3888888,34.555557,10.830066,18.320261,3.4313726,10.686275,2014,.85773224,.49973738,1.0323611,.861476,.94340843,.51504678,1.0773795,.86298144,.75449735,.4601852,.97420633,.78611112
2486579,fc-chelsea,631,2,west-bromwich-albion,984,0,24.055555,0,16.388889,0,17.607843,12.588235,10.921569,3.2810457,2014,1.4709753,1.1944001,1.0158596,.7495991,1.5308883,1.1286988,.93076414,.75028831,1.5940837,1.1083333,.77037036,.58796299
2486580,fc-everton,29,2,west-ham-united,379,1,30.722221,65.833336,15,21.777779,24.039215,24.013071,11.614379,7.2875819,2014,.9702698,.63503343,1.1376967,.90992147,.97641033,.62064666,1.1106472,.9411937,1.1046296,.88055557,1.2944444,1.287037
2486581,leicester-city,1003,0,afc-sunderland,289,0,0,11.5,0,3.5555556,0,8.1111107,0,2.4313726,2014,1.4196551,.89836299,.82100624,.57877517,1.5136205,1.0624957,.98187494,.57382679,1.6972222,1.324074,.62170869,.54411763
2486582,manchester-city,281,2,swansea-city,2288,1,19.5,6.7777777,13.944445,2.5,21.48366,16.091503,14.437908,4.9150329,2014,1.1233414,.92347538,.86927712,.49252841,1.1321037,.93857884,.96506107,.49955532,1.1371032,1.062963,.85449737,.4212963
2486583,newcastle-united,762,1,queens-park-rangers,1039,0,31.277779,15,11.833333,5.1666665,9.8039217,3.5424836,3.5424836,.94771242,2014,1.1247511,.54401356,.92192274,.63490194,1.0893732,.59622014,.95400435,.57886124,1.3558824,.90588236,.94490743,.60000002
2486584,stoke-city,512,1,fc-burnley,1132,2,28.055555,0,9.5,0,24.496733,.26143792,7.6013074,.039215688,2014,1.059002,.81667,1.0555406,.78460318,.9944123,.77454084,1.0306418,.8563562,1.0527778,.68703705,1.0773149,.96296299
2486585,fc-arsenal,11,1,manchester-united,985,2,68.5,0,39.944443,0,24.38562,15.679739,14.431373,9.8954248,2014,1.1464595,.91198105,1.2021767,1.3448923,1.1701264,.90447009,1.2195253,1.3959225,1.1390212,.85000002,1.2797619,1.3370371
2486586,crystal-palace,873,3,fc-liverpool,31,1,.33333334,31.666666,.11111111,17.277779,8.7385616,15.764706,3.1830065,8.5620918,2014,.94741714,.67213702,1.1131258,.94744331,.88104534,.68446612,1.1861403,1.0743958,.87546295,.64259261,1.3407408,1.2685186
2486587,hull-city,3008,1,tottenham-hotspur,148,2,23.166666,0,6.3333335,0,13.013072,4.7189541,3.7973857,2.5816994,2014,.97688061,.79138124,1.1987406,.83059746,1.1197075,.88579243,1.2125732,.88992792,1.1046296,.79166669,.80630511,.66018516
2486588,aston-villa,405,1,fc-southampton,180,1,18.166666,0,5.5,0,14.431373,4.5490198,3.7320261,1.3660131,2014,.95324045,.67434686,1.1842599,.84589493,.74332601,.5966506,1.187187,.83359188,.6637255,.61176473,1.4186507,.86018521
2486589,west-bromwich-albion,984,0,fc-arsenal,11,1,0,56.333332,0,32.944443,10.20915,14.862745,2.6928105,8.8954248,2014,.9970206,.70200783,1.1550329,.92329407,.88171214,.70266926,1.1972618,.96721429,.7962963,.56944442,1.2109789,.99814814
2486590,fc-burnley,1132,1,aston-villa,405,1,0,17.5,0,5.2777777,.26143792,11.993464,.039215688,3.0457516,2014,1.092875,.78202385,.92935157,.69865245,1.0855714,.88329226,.79888159,.636774,1.2023149,1.037037,.80882353,.67058825
2486591,fc-liverpool,31,1,stoke-city,512,0,34.722221,28.944445,19,9.833333,18.888889,22.588236,10.287581,6.8039217,2014,1.0781505,1.02824,.94499141,.71460235,1.1817831,1.1584576,.90532929,.72992426,1.2990741,1.3518518,1.004902,.73725492
2486592,manchester-united,985,3,hull-city,3008,0,0,23.666666,0,6.2222223,16.084967,9.9673204,10.111111,2.6339869,2014,1.4330268,1.4105692,.75186658,.69036555,1.5303257,1.453372,.82248521,.72964168,1.4279101,1.3648148,.73425925,.7824074
2486593,queens-park-rangers,1039,3,leicester-city,1003,2,12.444445,0,4,0,2.6993463,0,.65359479,0,2014,.91216832,.6399945,1.3368915,.88405323,.96839637,.54863918,1.3806548,1.0182344,1.011574,.61388886,1.5490741,1.212963
2486594,swansea-city,2288,1,crystal-palace,873,1,6.7222223,.33333334,2.5,.11111111,15.810457,6.653595,4.8496733,2.3856208,2014,.86455339,.52762538,.91082752,.669227,.93078977,.5495553,.80051786,.63971305,.82671958,.44907406,.81064814,.5777778
2486595,west-ham-united,379,1,newcastle-united,762,0,67.111115,37.5,22.277779,13.888889,25.09804,13.862745,7.7450981,4.8235292,2014,1.1410476,.95994842,1.138415,.54183793,1.0906447,.9759298,1.100286,.56566459,1.2407408,1.3277777,1.4703704,.87037039
2486596,afc-sunderland,289,0,fc-chelsea,631,0,11.5,24.777779,3.5555556,16.777779,8.1111107,18.352942,2.4313726,11.215686,2014,.87948579,.66210848,1.4150906,1.1502405,1.0413988,.6635704,1.4676167,1.0764112,.73935574,.77941179,1.5755652,1.0638889
2486597,fc-southampton,180,0,manchester-city,281,3,0,19.5,0,13.944445,4.9150329,21.562092,1.496732,14.490196,2014,1.223281,.97528088,1.1233414,.92347538,1.248298,.96136963,1.1321037,.93857884,1.4927249,1.0083333,1.1371032,1.062963
2486598,tottenham-hotspur,148,2,fc-everton,29,1,0,25.555555,0,14,7.019608,35.411766,3.862745,16.457516,2014,1.2898209,.91555119,1.0293767,.88978434,1.2591921,.96327788,1.0532298,.87065202,.80352736,.69907409,1.075,1.087963
2486599,fc-arsenal,11,1,fc-southampton,180,0,57.222221,0,33.444443,0,15.267974,5.006536,9.1241827,1.496732,2014,1.1429958,.84964085,1.1974874,.96139199,1.1793045,.85610318,1.1768695,.92168713,1.0887566,.79444444,1.4371693,.98055553
2486600,fc-burnley,1132,1,newcastle-united,762,1,0,35,0,12.777778,.26143792,11.823529,.039215688,3.9607842,2014,1.092875,.78202385,1.1048623,.4968037,1.0855714,.88329226,1.0874593,.51770639,1.2023149,1.037037,1.4981482,.81481481
2486601,leicester-city,1003,1,fc-liverpool,31,3,0,32.555557,0,17.944445,0,16.888889,0,9.3071899,2014,1.2353321,.81965929,1.06533,.9897784,1.2809817,.9378925,1.1678941,1.1237354,1.3916667,1.0833334,1.2990741,1.3518518
2486602,manchester-united,985,2,stoke-city,512,1,0,27.555555,0,9.166667,10.888889,16.620914,6.8954248,5.026144,2014,1.2272524,1.0068655,.89743465,.72500217,1.3178437,1.0122344,.82381958,.68660873,1.0019841,.55000001,.89509803,.68823528
2486603,swansea-city,2288,2,queens-park-rangers,1039,0,6.9444447,11.277778,2.6111112,3.6666667,15.045752,2.7908497,4.6209149,.79084969,2014,.9156155,.57577354,1.010052,.68135256,.99947667,.59893805,1.0330348,.60024172,.9100529,.47685185,1.0412037,.65092593
2486604,crystal-palace,873,0,aston-villa,405,1,.33333334,19.222221,.11111111,5.8333335,5.8562093,13.522876,2.0849674,3.2875817,2014,.84008676,.61326885,.92463684,.6864242,.71348083,.5735755,.7428931,.60668141,.7328704,.5,.65686274,.59215689
2486605,west-bromwich-albion,984,1,west-ham-united,379,2,0,61.722221,0,20.611111,11.614379,19.90196,3.1699347,6.1307192,2014,1.0584522,.73971248,1.218874,.93513155,.93726766,.73970628,1.1494411,.94959497,.87268519,.625,1.3837963,1.2583333
2486606,fc-chelsea,631,3,tottenham-hotspur,148,0,25.777779,0,17.555555,0,19.568628,7.1830068,11.980392,3.9084966,2014,1.2549598,1.1121453,1.2691237,.87442917,1.1841409,1.041689,1.2375872,.91752625,1.2588985,1.0824074,.78500885,.67685187
2486607,fc-everton,29,1,hull-city,3008,1,25.555555,24.222221,14,6.4444447,35.411766,12.490196,16.457516,3.4052289,2014,1.0293767,.88978434,.81436658,.71500105,1.0532298,.87065202,.87557167,.72964168,1.075,1.087963,.73425925,.72685188
2486608,afc-sunderland,289,1,manchester-city,281,4,11.944445,16,3.7777777,11.444445,8.3856211,16.908497,2.8039215,11.490196,2014,.78261709,.52983338,1.0769116,.90016532,.94417655,.5385704,1.0770532,.92249036,.54327732,.58333331,1.0468254,1.0490741
2486609,aston-villa,405,2,leicester-city,1003,1,16.444445,0,4.8333335,0,12.287581,0,3.137255,0,2014,.9506048,.684506,1.3833952,.87353545,.81187236,.62099117,1.4421408,.96497583,.83823532,.63137257,1.6439153,1.1537037
2486610,hull-city,3008,0,west-bromwich-albion,984,0,25.277779,0,6.8333335,0,14.09804,10.385621,4.1503267,2.7908497,2014,.89214438,.72227621,.9345206,.57553387,1.0283494,.75741941,.8357234,.5862875,1.012037,.69907409,.69675928,.47685185
2486611,fc-liverpool,31,0,afc-sunderland,289,0,34.722221,11.5,19,3.5555556,18.888889,8.1111107,10.287581,2.4313726,2014,1.0781505,1.02824,.85726357,.64358997,1.1817831,1.1584576,1.0191766,.64505184,1.2990741,1.3518518,.69828039,.7361111
2486612,manchester-city,281,1,fc-everton,29,0,16.5,30.111111,11.555555,15.722222,18.156862,36.196079,12.411765,17.104576,2014,1.1351895,.91683286,.98616689,.84580284,1.0955652,.93250436,1.0097177,.82014698,1.3621032,1.3407408,.98240739,.97685188
2486613,newcastle-united,762,2,fc-chelsea,631,1,37.722221,26,14.166667,17.722221,15.124183,21.810457,5.5294118,13.352942,2014,1.0458224,.5275929,1.451281,1.1864358,.99534768,.54714608,1.5120611,1.1282631,1.3037037,.8425926,1.5887927,1.1194445
2486614,queens-park-rangers,1039,2,fc-burnley,1132,0,11.277778,0,3.6666667,0,2.8169935,0,.79738563,0,2014,1.010052,.68135256,1.0793922,.79105163,1.0330348,.60024172,1.0448307,.87094659,1.0412037,.65092593,1.1282407,.96296299
2486615,fc-southampton,180,1,manchester-united,985,2,0,0,0,0,3.4509804,18.549019,1,12.039216,2014,1.1802315,.94548291,1.389366,1.134216,1.1783125,.91966689,1.4851369,1.1651776,1.4292328,.98849207,1.3511904,.90185183
2486616,stoke-city,512,3,fc-arsenal,11,2,26.5,48.333332,8.7222223,27.166666,23.071896,14.20915,6.7843137,7.9477124,2014,1.0102739,.74163038,1.178998,.93947834,.87569124,.63889629,1.2257518,.99855328,.93431371,.59803921,1.2757937,1.0981481
2486617,tottenham-hotspur,148,0,crystal-palace,873,0,0,.33333334,0,.11111111,6.9150329,8.7516336,3.6993463,3.1633987,2014,1.2637488,.8821997,.92719656,.67954445,1.2543169,.94648248,.81594992,.65051556,.83902115,.73981482,.83842593,.60555553
2486618,west-ham-united,379,3,swansea-city,2288,1,38.833332,6.7777777,13.111111,2.5,12.54902,18.797386,4.1111112,5.6993465,2014,1.319378,.89349782,.90446228,.58423913,1.284395,.94675112,.98863006,.57336485,1.8375,1.2398148,.86838627,.40277779
2486619,fc-arsenal,11,4,newcastle-united,762,1,34.833332,26.444445,19.611111,9.5555553,9.8627453,8.5816994,5.4509802,2.9673202,2014,1.160255,.91542828,1.1075948,.51224202,1.2089592,.93894625,1.0957265,.53391856,1.1666666,1.0981481,1.475,.78703701
2486620,fc-burnley,1132,1,fc-southampton,180,0,0,0,0,0,0,4.7647057,0,1.4509804,2014,1.0459782,.72704959,1.1664268,.93639201,1.0300158,.8180846,1.1596978,.91057599,1.050463,.94444442,1.4001323,.96203703
2486621,fc-chelsea,631,2,hull-city,3008,0,24.833334,23.277779,16.611111,6.2777777,21.581699,11.359477,13.20915,3.3398693,2014,1.3255179,.98694086,.92055345,.75090867,1.3998063,.93355411,1.0727938,.800475,1.4320467,.88333333,1.012037,.7361111
2486622,crystal-palace,873,1,stoke-city,512,1,.33333334,28.555555,.11111111,9.2777777,8.7516336,26.437908,3.1633987,7.6143789,2014,.92719656,.67954445,1.006181,.77559209,.81594992,.65051556,.90975779,.72068602,.83842593,.60555553,.93796295,.68703705
2486623,fc-everton,29,3,queens-park-rangers,1039,1,31.611111,13.055555,15.777778,4,24.784313,4.7320261,11.849673,1.2614379,2014,1.1441222,.86524731,.77034271,.66399145,1.2653279,.84844649,.7192862,.54545778,1.0379629,.9212963,.77731484,.63703704
2486624,leicester-city,1003,0,manchester-city,281,1,0,19.444445,0,14.055555,0,25.248365,0,17.163399,2014,1.1889049,.75949186,.85436887,.9397797,1.2031566,.85830474,.84058321,.99558944,1.3392857,.93148148,.92599207,1.187963
2486625,manchester-united,985,3,fc-liverpool,31,0,0,35.222221,0,19.277779,18.228758,18.542484,11.568627,10.215686,2014,1.3655638,1.1421834,1.1968116,1.045334,1.4539169,1.1820426,1.3067831,1.1713544,1.3075397,.92962962,1.4657408,1.462963
2486626,afc-sunderland,289,1,west-ham-united,379,1,11.5,38.833332,3.5555556,13.111111,8.1111107,12.54902,2.4313726,4.1111112,2014,.87948579,.66210848,1.319378,.89349782,1.0413988,.6635704,1.284395,.94675112,.73935574,.77941179,1.8375,1.2398148
2486627,swansea-city,2288,1,tottenham-hotspur,148,2,8.0555553,0,3.0555556,0,21.61438,9.4640522,6.7450981,5.2352943,2014,.97573453,.62677604,1.0586922,.76012075,1.0785772,.61584848,1.041869,.8251586,.87949735,.46944445,.73209876,.73240739
2486628,west-bromwich-albion,984,1,aston-villa,405,0,0,17.888889,0,5.3333335,8.4183006,15.261438,2.2091503,3.856209,2014,.96266145,.62159872,.88666022,.6251477,.8056308,.5482533,.70921117,.55710876,.70231479,.4675926,.61274511,.61176473
2486629,aston-villa,405,1,manchester-united,985,1,19.555555,0,5.9444447,0,15.69281,23.09804,4.019608,15.019608,2014,.98860735,.62368572,1.3778921,1.2741278,.89597964,.58303469,1.4501572,1.2871352,.82843137,.58235294,1.3612434,1.2259259
2486630,hull-city,3008,0,swansea-city,2288,1,24.833334,6.7222223,6.7222223,2.6111112,11.248366,14.117647,3.1568627,4.5032678,2014,1.0330068,.81351167,.86029965,.62104613,1.2218679,.88252765,1.0128077,.61250049,1.0953704,.71296299,.81560844,.56574076
2486631,fc-liverpool,31,2,fc-arsenal,11,2,30.388889,39.444443,17.166666,22.5,16.313726,11.281046,8.7320261,6.5294118,2014,1.1257086,.97609347,1.2099009,1.0383328,1.1975601,1.0988066,1.2468272,1.0733242,1.2898148,1.324074,1.1555556,1.1009259
2486632,manchester-city,281,3,crystal-palace,873,0,14.111111,.33333334,10.222222,.11111111,11.705882,8.8758173,7.9411764,3.2810457,2014,.86119634,.92861545,.86262864,.65027857,.79720718,.98276889,.79412454,.63755256,.86580688,1.1740741,.74120373,.53611112
2486633,newcastle-united,762,0,afc-sunderland,289,1,28.277779,12.176471,10.333333,3.7647059,9.5686274,9.125,3.3529413,2.7352941,2014,1.138415,.53685218,.92561799,.6926527,1.091644,.55375981,1.0928535,.68789804,1.4518518,.85185188,.7855655,.828125
2486634,queens-park-rangers,1039,3,west-bromwich-albion,984,2,12.666667,0,3.8888888,0,3.6732025,10.921569,.95424837,2.8758171,2014,.99963522,.62579697,.89501441,.53355157,1.0234388,.60125184,.76936537,.51406527,1.0550926,.67870373,.62453705,.39351851
2486635,fc-southampton,180,3,fc-everton,29,0,0,31.444445,0,15.777778,4.006536,23.712418,1.3202615,11.385621,2014,.91760367,.66061199,1.0032881,.82913619,.89751083,.64891976,1.0854133,.76083964,1.1186508,.81944442,.94537038,.8287037
2486636,stoke-city,512,0,fc-chelsea,631,2,25.722221,25.166666,8.5555553,17.222221,26.156862,18.228758,7.8692808,11.503268,2014,.99565089,.74434209,1.2826831,1.1075054,.89370841,.683649,1.3426167,1.0379497,.89629632,.63148147,1.3348244,1.0416666
2486637,tottenham-hotspur,148,2,fc-burnley,1132,1,0,0,0,0,9.4640522,0,5.2352943,0,2014,1.0586922,.76012075,1.0322579,.76038295,1.041869,.8251586,1.0003862,.83660311,.73209876,.73240739,1.050463,.94444442
2486638,west-ham-united,379,2,leicester-city,1003,0,38.833332,0,13.111111,0,12.54902,0,4.1111112,0,2014,1.319378,.89349782,1.3495648,.87920779,1.284395,.94675112,1.3913435,1.0107863,1.8375,1.2398148,1.5601852,1.212963
2486639,fc-arsenal,11,2,queens-park-rangers,1039,1,45,14.444445,26.166666,4.2777777,11.379085,3.2875817,6.7647057,.62091506,2014,1.1825256,.96298009,.98574638,.66975641,1.235934,1.0039035,.9984529,.5932973,1.1268518,.98425925,1.0277778,.65277779
2486640,fc-burnley,1132,0,fc-liverpool,31,1,0,27.833334,0,15.888889,.03267974,13.444445,.0065359478,7.4836602,2014,1.0560353,.77357507,1.1439421,.96035922,1.0633491,.85789943,1.2441287,1.0903358,1.3087963,1.0185186,1.3453704,1.3888888
2486641,fc-chelsea,631,2,west-ham-united,379,0,26.777779,58.555557,18.222221,19.555555,22.79085,17.61438,13.980392,5.4444447,2014,1.3287942,1.1409812,1.3640125,1.0091293,1.3981723,1.0806848,1.3193136,1.0408869,1.353343,1.0638889,1.4949074,1.3138889
2486642,crystal-palace,873,1,fc-southampton,180,3,.33333334,0,.11111111,0,8.8758173,4.2156863,3.2810457,1.4771242,2014,.86262864,.65027857,1.0954256,.90011752,.79412454,.63755256,1.1549081,.88795698,.74120373,.53611112,1.4047619,.99722224
2486643,fc-everton,29,0,stoke-city,512,1,40.555557,27.666666,19.111111,9.166667,23.562092,33.522877,11.90196,10.019608,2014,1.1408354,.87658989,.97114104,.7345382,1.2355015,.81330878,.86593062,.67354798,1.0768518,.94537038,.85185188,.61759257
2486644,leicester-city,1003,1,tottenham-hotspur,148,2,0,0,0,0,0,8.8888893,0,4.7189541,2014,1.3495648,.87920779,1.2388269,.82339239,1.3913435,1.0107863,1.2374358,.89360452,1.5601852,1.212963,.86834216,.80462962
2486645,manchester-united,985,3,newcastle-united,762,1,0,23.222221,0,8.7222223,22.627451,6.9542484,15.045752,2.5424836,2014,1.2510072,.944704,1.1626655,.56514597,1.3174973,.93713522,1.1342366,.59688151,1.1604497,.72592592,1.5537037,.91666669
2486646,afc-sunderland,289,1,hull-city,3008,3,14.333333,27.055555,4.5,7.3888888,9.4836597,10.712419,3.1503267,3.0326798,2014,.9289459,.74436808,1.1163976,.85413754,1.0254941,.70672011,1.3517997,.9719637,.68683475,.80882353,1.0814815,.625
2486647,swansea-city,2288,1,aston-villa,405,0,6.4444447,18.388889,2.4444444,5.7222223,14.30719,17.69281,4.4640522,4.4901962,2014,.98814052,.63780099,.90816003,.60530645,1.0962834,.63239264,.75466573,.52933103,.89060849,.48055556,.59313726,.48431373
2486648,west-bromwich-albion,984,1,manchester-city,281,3,0,18.666666,0,13.333333,12.09804,20.490196,3.0980392,13.993464,2014,.9092688,.59882933,.92263812,.99659789,.78241247,.61406523,.92391658,1.0244356,.63842595,.46296296,.90747356,1.2018518
2486649,aston-villa,405,0,afc-sunderland,289,0,17.5,13,5.5,4.0555553,14.169934,8.8431368,3.6470587,2.640523,2014,.91940343,.56609076,.98633295,.75767219,.77530062,.47068903,1.0742271,.72151089,.69117647,.3764706,.81288517,.85784316
2486650,hull-city,3008,0,leicester-city,1003,1,29.166666,0,8,0,14.071896,0,4.019608,0,2014,1.1017898,.85135978,1.0739034,.70340449,1.3385907,.9719637,1.1848327,.84335989,1.1148148,.69907409,1.3564814,1.1203704
2486651,fc-liverpool,31,4,swansea-city,2288,1,20.222221,7.2222223,11.777778,2.7222223,9.3071899,18.065359,5.1764708,5.6797385,2014,1.2443695,.99318749,.92917371,.60385036,1.3225601,1.1117034,1.0279074,.57220745,1.4564815,1.4351852,.81283069,.42500001
2486652,manchester-city,281,2,fc-burnley,1132,2,15.5,0,11.166667,0,12.542483,0,8.3986931,0,2014,.89974719,.93163478,1.107944,.76626527,.82286072,.93255526,1.0911269,.86353916,.64080685,1.0490741,1.1615741,.96296299
2486653,newcastle-united,762,3,fc-everton,29,2,32.055557,34.111111,12.111111,15.888889,11.96732,11.333333,4.4575162,6.2679739,2014,1.1281115,.53819948,1.0284717,.80231738,1.0888662,.57677567,1.1260138,.78401583,1.4518518,.83333331,.96574074,.86203706
2486654,queens-park-rangers,1039,0,crystal-palace,873,0,5.7222223,1.9444444,1.1111112,.44444445,4.8366013,7.4509802,1.2810458,2.7712419,2014,.99323094,.69611865,.79620355,.65292406,1.0004731,.58218616,.69563973,.64428657,1.0064815,.62037039,.68564814,.55833334
2486655,fc-southampton,180,1,fc-chelsea,631,1,0,24.777779,0,16.722221,4.2026143,20.627451,1.4509804,12.392157,2014,1.1381994,.91214961,1.3702925,1.0412661,1.1920654,.91857564,1.424595,.96375692,1.4404762,1.0051588,1.4105821,.72500002
2486656,stoke-city,512,2,west-bromwich-albion,984,0,25.722221,0,8.5555553,0,27.464052,14.784314,8.346405,4.026144,2014,1.0248069,.77428609,.97834778,.68658185,.91686773,.71316844,.81481993,.64184302,.90196079,.65392154,.66620368,.46296296
2486657,tottenham-hotspur,148,0,manchester-united,985,0,0,0,0,0,8.7058821,23.065359,4.6862745,15.385621,2014,1.2479643,.85103399,1.2510072,.944704,1.2312629,.91013533,1.3174973,.93713522,.85723102,.77129632,1.1604497,.72592592
2486658,west-ham-united,379,1,fc-arsenal,11,2,43.222221,45.888889,14.333333,26.277779,18.673203,12.830066,5.9542484,7.6143789,2014,1.3231174,.9492569,1.0698754,.87351108,1.2768643,1.0060765,1.0908818,.88218665,1.4393518,1.2490741,.9941799,.93055558
2486659,aston-villa,405,0,crystal-palace,873,0,17.055555,1.9444444,5.5,.44444445,14.274509,6.8823528,3.8366013,2.5751634,2014,1.0314541,.68381774,.91194427,.66134161,.9129712,.60525692,.84378785,.66280508,.79411763,.52352941,.74120373,.44722223
2486660,hull-city,3008,2,fc-everton,29,0,24.722221,28.166666,6.7777777,14.111111,11.326797,14.287581,3.3267975,7.1503267,2014,1.104539,.81044793,1.1361728,.86848801,1.3519185,.94313371,1.2399107,.80295736,1.1925926,.81018519,1.1064814,.94444442
2486661,fc-liverpool,31,2,leicester-city,1003,2,16.333334,0,9.7222223,0,5.4248366,0,3.0849674,0,2014,1.0910025,.93763196,1.2572368,.82804269,1.1567752,1.0725019,1.3327965,.95086223,1.2712963,1.3611112,1.5347222,1.212963
2486662,manchester-city,281,3,afc-sunderland,289,2,18.833334,11.222222,13.277778,3.5555556,21.052288,5.4771242,14.202615,1.7712418,2014,1.0024992,1.0198853,1.006305,.76283211,.9549557,1.0424094,1.0923247,.72656143,.89953703,1.2018518,.80112046,.85784316
2486663,newcastle-united,762,3,fc-burnley,1132,3,.6111111,0,0,0,10.535948,0,3.7254901,0,2014,.90400952,.46982342,1.0793922,.79105163,.91294032,.49344236,1.0448307,.87094659,1.4074074,.77777779,1.1282407,.96296299
2486664,queens-park-rangers,1039,1,swansea-city,2288,1,6.7222223,6.6666665,1.2777778,2.5,4.2156863,17.431372,1.0130719,5.4248366,2014,.96853954,.6547606,.9106552,.59624457,.99923855,.58079731,.997693,.55534238,1.0435185,.6388889,.78783071,.4212963
2486665,fc-southampton,180,2,fc-arsenal,11,0,0,51.5,0,29.777779,2.986928,14.51634,1.0130719,8.5947714,2014,1.1070639,.89363104,.84289491,.76932234,1.129896,.88236535,.86108381,.7843709,1.3849206,.97738093,.85529101,.90833336
2486666,stoke-city,512,1,manchester-united,985,1,25.722221,0,8.5555553,0,25.09804,23.058823,7.5816994,15.274509,2014,.97088522,.74801999,1.2600201,.97736388,.8727501,.68464798,1.3373826,.99386603,.89019608,.60980392,1.2539682,.86296296
2486667,tottenham-hotspur,148,5,fc-chelsea,631,3,0,6.7222223,0,4.5555553,9.8758173,20.51634,5.4248366,12.274509,2014,1.1647527,.77709609,1.39793,1.1662536,1.1232383,.83518946,1.5169146,1.1382799,.87297177,.78518516,1.5987133,1.1574074
2486668,west-ham-united,379,1,west-bromwich-albion,984,1,39.277779,0,13,0,14.254902,13.013072,4.5686274,3.4705882,2014,1.3640125,1.0091293,1.0691597,.74944735,1.3193136,1.0408869,.92196274,.70665783,1.4949074,1.3138889,.66127449,.4509804
2486669,fc-arsenal,11,3,stoke-city,512,0,62.944443,27,36.444443,9.2222223,20.189543,19.653595,12.026144,6.013072,2014,1.1030728,1.1576891,.79991269,.63720381,1.1357659,1.1917189,.7596221,.65557337,1.1794974,1.2203704,.7490741,.58518517
2486670,fc-burnley,1132,2,queens-park-rangers,1039,1,0,7.2222223,0,1.2222222,.03267974,4.7320261,.0065359478,1.1307189,2014,1.0468441,.77059883,1.1427246,.83886725,1.0504423,.84779841,1.0876224,.60734051,1.3087963,1,1.525,.74629629
2486671,fc-chelsea,631,2,newcastle-united,762,0,25.111111,.44444445,17.166666,0,20.908497,10.895425,12.823529,4.1176472,2014,1.3145967,1.1002405,.83831292,.50492549,1.410077,1.0410577,.86432922,.52836299,1.5292689,1.0972222,1.3472222,.87037039
2486672,crystal-palace,873,2,tottenham-hotspur,148,1,0,0,0,0,6.346405,13.03268,2.3202615,7.1830068,2014,1.02359,.65033901,1.1559641,.84869647,.99159932,.66432828,1.1345108,.9395746,.74120373,.48055556,.82976192,.84814817
2486673,fc-everton,29,1,manchester-city,281,1,29,17.111111,14.555555,12.277778,12.594771,20.339869,6.6862745,13.732026,2014,1.107967,.87311763,1.0874039,.98170066,1.2229555,.8157779,1.0310478,.99431753,1.1027777,.93055558,.9796958,1.1046296
2486674,leicester-city,1003,1,aston-villa,405,0,0,22.444445,0,6.8333335,.40522876,17.274509,.13725491,4.5228758,2014,1.2914095,.76596594,.9303804,.67184085,1.3328637,.8255468,.79028368,.59557033,1.3032408,1.0185186,.69607842,.52941179
2486675,manchester-united,985,0,fc-southampton,180,1,0,0,0,0,12.366014,4.013072,7.980392,1.4509804,2014,1.0957408,1.1485249,.93496382,.81972659,1.1709942,1.297823,.97969764,.79908711,1.2308201,1.2259259,1.3349206,.97738093
2486676,afc-sunderland,289,0,fc-liverpool,31,1,9.166667,20.611111,2.9444444,11.555555,6.5032678,9.2941179,2.2941177,4.9411764,2014,1.0307426,.78726137,1.076456,.79681659,.91423148,.72204,1.176837,.89708704,1.1362433,.9537037,1.3898149,1.2592592
2486677,swansea-city,2288,1,west-ham-united,379,1,6,66.722221,2.2222223,22.277779,15.431373,24.980392,4.8758168,7.7843137,2014,.74320871,.55671352,1.2825379,.98551643,.73935968,.4608936,1.2357774,1.0174743,.72037035,.40092593,.97268516,1.2083334
2486678,west-bromwich-albion,984,1,hull-city,3008,0,0,25.944445,0,7.0555553,12.699347,13.189543,3.2941177,3.7777777,2014,1.0191003,.744717,.80098474,.61509228,.92613453,.74102902,.92299432,.68382639,.77037036,.58796299,1.0583333,.56944442
2486679,aston-villa,405,0,fc-liverpool,31,2,22.111111,21.222221,6.4444447,12.166667,15.48366,8.7450981,4.1176472,4.7647057,2014,.95815277,.72397631,1.0394834,.87663954,.8226468,.60945922,1.1064937,.98653001,.74019605,.67647058,1.1472223,1.1018518
2486680,fc-burnley,1132,2,crystal-palace,873,3,0,.72222221,0,.22222222,.03267974,5.3398695,.0065359478,1.9542483,2014,.99855351,.7577312,1.0384048,.62030178,1.0356275,.83769739,1.0317228,.63238382,1.3199074,.94907409,.71342593,.45277777
2486681,fc-everton,29,0,west-bromwich-albion,984,0,29.055555,0,14.555555,0,15.117647,11.555555,7.640523,2.9281046,2014,.91634214,.6457327,1.0191003,.744717,1.098549,.66868192,.92613453,.74102902,.99629629,.73703706,.77037036,.58796299
2486682,leicester-city,1003,0,stoke-city,512,1,0,25.5,0,8.666667,.40522876,18.111111,.13725491,5.3333335,2014,1.3887007,.78339756,.83973449,.63571507,1.4792962,.88551831,.77830893,.63666201,1.5810186,1.0074074,.76111114,.56203705
2486683,manchester-city,281,0,fc-arsenal,11,2,18.666666,69.277779,13.444445,40.055557,22.287582,23.90196,15.405229,14.111111,2014,1.1881067,1.0527024,1.0467955,1.059607,1.1620783,1.0366457,1.0552524,1.0599849,1.2667328,1.312963,1.0433862,.91944444
2486684,newcastle-united,762,1,fc-southampton,180,2,.44444445,0,0,0,8.7254906,3.4836602,3.1503267,1.2026144,2014,.96132874,.51999521,.84086806,.75747168,.98006994,.543015,.82890397,.6967783,1.550926,.92592591,1.2634921,.9496032
2486685,queens-park-rangers,1039,0,manchester-united,985,2,14.111111,0,4.1111112,0,4.5098038,11.882353,1.0980393,7.6274509,2014,1.1199759,.82515419,1.1898906,1.1194307,1.0158631,.57493311,1.3080571,1.2386059,1.3212963,.65370369,1.3363757,1.2537037
2486686,swansea-city,2288,0,fc-chelsea,631,5,6.2777777,21.666666,2.3888888,14.388889,13.156863,18.470589,4.2091503,11.143791,2014,.74132901,.55362713,1.3850905,1.1417059,.74553251,.4608936,1.5029681,1.1456329,.72037035,.40092593,1.5551949,1.0962963
2486687,tottenham-hotspur,148,2,afc-sunderland,289,1,0,9.3888893,0,2.9444444,12.150327,6.3921571,6.7254901,2.2810457,2014,1.2343264,.8243503,1.1728387,.79683053,1.245692,.94991612,1.0606499,.71526897,.88531744,.80185187,.93347341,.69607842
2486688,west-ham-united,379,3,hull-city,3008,0,46.444443,28.444445,15.333333,7.5555553,20.09804,14.078431,6.3660131,3.7647059,2014,1.2093056,1.0056223,.81602383,.70863622,1.1295096,1.0380973,.99490786,.82266116,.92824072,1.2083334,.66574073,.66666669
2486689,fc-arsenal,11,5,aston-villa,405,0,65.222221,20.055555,37.944443,5.9444447,20.771242,14.810457,12.496732,3.9084966,2014,.91994935,.85837251,.90889233,.55206966,.96294379,.8884241,.79383302,.50323027,.77354497,.64629632,.69907409,.6388889
2486690,fc-chelsea,631,1,manchester-city,281,1,22.222221,18.222221,15.111111,13.055555,15.379085,22.215687,9.359477,15.202615,2014,.96627635,.80250454,1.1671398,1.0420187,.94653499,.7435115,1.1403611,1.0333776,1.1014911,.91111112,1.2320106,1.312963
2486691,crystal-palace,873,0,fc-everton,29,1,0,30.277779,0,15.222222,5.8627453,16.535948,2.3006537,8.3921566,2014,1.0970359,.63856095,.90658915,.71486849,1.089533,.67615485,1.0448835,.67669475,1.0189815,.7027778,.88425928,.75555557
2486692,hull-city,3008,0,newcastle-united,762,3,22.888889,.5,6,0,10.09804,14.24183,2.7516339,5.6078429,2014,1.0118233,.81381714,1.092978,.58872741,1.2201604,.90677607,1.059435,.62414682,1.0962963,.75925928,1.4101852,.93518519
2486693,fc-liverpool,31,2,west-ham-united,379,0,26.777779,46.444443,14.833333,15.222222,10.718954,17.640522,6.1307192,5.5098038,2014,1.1779391,.96623355,1.2681863,1.0506902,1.2648271,1.0897046,1.1679986,1.0675324,1.425,1.287037,1.0024509,1.2892157
2486694,manchester-united,985,3,leicester-city,1003,1,0,0,0,0,5.7450981,.41176471,3.6797385,.13725491,2014,1.3979907,1.228981,1.3659164,.76709956,1.5468485,1.3577527,1.4201053,.84729421,1.5112433,1.3092593,1.574074,.91481483
2486695,fc-southampton,180,0,swansea-city,2288,1,0,5.5555553,0,2,2.7058823,9.3398695,.875,2.8954248,2014,.98936325,.94392043,.61371481,.4453755,1.055827,.94096637,.6599738,.38543063,1.7058823,1.4676471,.63703704,.4601852
2486696,stoke-city,512,3,queens-park-rangers,1039,1,24.944445,12,8.5555553,3.6666667,16.934641,3.359477,5.0784316,.90196079,2014,.91631484,.69382393,1.0713173,.69951314,.88077593,.69709975,1.0876224,.58542693,.94166666,.61759257,1.3606482,.67870373
2486697,afc-sunderland,289,2,fc-burnley,1132,0,10.444445,0,3.3333333,0,6.2941175,.03267974,1.8235294,.0065359478,2014,1.1249275,.80124104,1.0468441,.77059883,.9974224,.7392478,1.0504423,.84779841,1.0070028,.90196079,1.3087963,1
2486698,west-bromwich-albion,984,0,tottenham-hotspur,148,3,0,0,0,0,8.9150324,8.6928101,2.2679739,4.7124181,2014,.97292793,.6842097,1.2450403,.86120105,.84921145,.63846493,1.2277907,.92798048,.66203701,.45740741,.86957669,.81574076
2486699,aston-villa,405,1,fc-chelsea,631,2,18,24.944445,5.3888888,16.944445,14.562092,22.555555,3.8954248,13.666667,2014,.94423902,.555834,.99254763,.86696088,.81660461,.47545248,1.0281047,.86681914,.62962961,.5,1.1338985,1.0055555
2486700,fc-burnley,1132,2,west-bromwich-albion,984,2,0,0,0,0,.03267974,7.5751634,.0065359478,1.8954248,2014,1.0468441,.77059883,.92134899,.63499475,1.0504423,.84779841,.82870877,.61531681,1.3087963,1,.63425928,.45740741
2486701,fc-everton,29,0,fc-liverpool,31,0,34.444443,29.611111,15.722222,16.277779,8.6274509,14.810457,4.6732025,8.3529415,2014,.84790307,.61968553,1.0466982,.90165925,.98596096,.65586144,1.1815456,1.0349076,.82592595,.66388887,1.4805555,1.425926
2486702,leicester-city,1003,0,crystal-palace,873,1,0,0,0,0,.40522876,5.2418299,.13725491,1.9738562,2014,1.4046789,.87723601,1.0420358,.62356979,1.4837046,1.0042386,1.0790713,.68793935,1.6296296,1.1277778,.90787035,.61944443
2486703,manchester-city,281,1,hull-city,3008,1,21.388889,22.888889,15.444445,6,28.803921,10.09804,19.967319,2.7516339,2014,1.2589046,1.1264837,1.2417616,.85209912,1.222043,1.1279154,1.4293956,.85338503,1.3574735,1.4351852,1.7074074,.77314812
2486704,newcastle-united,762,1,stoke-city,512,1,.5,26.333334,0,9.1111107,12.215686,19.836601,4.6993465,5.9281044,2014,1.1074152,.58130503,.83215588,.59556681,1.0677683,.60697514,.771685,.55203801,1.4287037,.9537037,.87222224,.49537036
2486705,queens-park-rangers,1039,0,fc-southampton,180,1,0,0,0,0,4.9607844,5.2352943,1.1307189,1.7973856,2014,1.1433419,.81805539,1.1163278,.99169827,1.0640112,.5573405,1.2260059,1.0208604,1.3675926,.63518518,1.7777778,1.4694444
2486706,swansea-city,2288,1,afc-sunderland,289,1,4.8888888,10.944445,1.7777778,3.3888888,7.5751634,7.2156863,2.3856208,2.4379084,2014,.62022948,.42144924,1.0695115,.73375738,.6463393,.39148477,.98861247,.71219152,.71111113,.4287037,.95938373,.85294116
2486707,tottenham-hotspur,148,2,fc-arsenal,11,1,0,63.555557,0,37.055557,8.1241827,20.568628,4.4901962,12.431373,2014,1.2475045,.83937562,.96907485,.89309472,1.2332733,.89402986,1.0161846,.93333149,.83902115,.71574074,.86613756,.69074076
2486708,west-ham-united,379,1,manchester-united,985,1,34.166668,0,11.444445,0,11.601307,5.7450981,3.5163398,3.6797385,2014,1.320279,.94601089,1.3979907,1.228981,1.3340118,1.0170316,1.5468485,1.3577527,1.5534314,1.2794118,1.5112433,1.3092593
2486709,fc-arsenal,11,2,leicester-city,1003,1,65.055557,0,37.833332,0,20.143791,.86928105,12.065359,.26797387,2014,1.0579637,1.0304404,1.1715441,.6782431,1.0870179,1.0530405,1.2209049,.77348667,1.1022487,.88055557,1.324074,.85000002
2486710,hull-city,3008,2,aston-villa,405,0,22.888889,15.166667,6,4.5,10.09804,13.908497,2.7516339,3.6862745,2014,1.2417616,.85209912,.94423902,.555834,1.4293956,.85338503,.81660461,.47545248,1.7074074,.77314812,.62962961,.5
2486711,manchester-united,985,3,fc-burnley,1132,1,0,0,0,0,7.8366013,.03267974,4.9346404,.0065359478,2014,1.4114007,1.2396648,1.0463099,.72245073,1.5673164,1.3751137,1.0559978,.79841572,1.5271164,1.3092593,1.2532407,.87037039
2486712,fc-southampton,180,0,west-ham-united,379,0,0,15.555555,0,5,4.375,5.640523,1.4558823,1.6862745,2014,1.1638335,1.0480727,1.1584477,.87393588,1.2528858,1.0770403,1.1452863,.88467854,1.6834733,1.2715687,1.3181373,1.0441177
2486713,crystal-palace,873,1,newcastle-united,762,1,0,.5,0,0,6.8300653,11.196078,2.4117646,4.4967322,2014,1.1106237,.66217208,1.1203781,.61725271,1.0713512,.68850052,1.0809958,.65141958,.99675924,.7027778,1.4931372,.97058821
2486714,fc-liverpool,31,3,tottenham-hotspur,148,2,18.944445,0,10.111111,0,7.8104577,9.666667,4.3790851,5.2875819,2014,1.2572664,1.0130349,1.2658737,.88157141,1.4015633,1.1744578,1.242311,.94464713,1.6638889,1.5462962,.83902115,.80833334
2486715,west-bromwich-albion,984,2,swansea-city,2288,0,0,5.6666665,0,2.0555556,10.215686,10.980392,2.6274509,3.3529413,2014,.89295393,.6186257,.65541464,.51315999,.77083844,.56392789,.66990829,.4652943,.5787037,.40185186,.72500002,.41018519
2486716,fc-chelsea,631,1,fc-everton,29,0,20.5,36.833332,13.944445,17,13.96732,14.627451,8.4967318,7.6862745,2014,1.0609848,.94202524,.87900072,.67127281,1.0638146,.9076429,1.0250663,.71918696,1.1078042,.85000002,.89629632,.75185186
2486717,stoke-city,512,1,manchester-city,281,4,19.777779,17.444445,7.0555553,12.611111,11.771242,20.633987,3.7320261,13.928104,2014,.83714151,.6080848,1.2659209,1.1517363,.82884294,.61065465,1.2299795,1.1556932,.92843139,.55588233,1.3685846,1.4796296
2486718,afc-sunderland,289,0,queens-park-rangers,1039,2,10.444445,0,3.2777777,0,7.359477,3.3725491,2.4705882,.69281048,2014,1.0507082,.68931293,.81098163,.75149643,1.0003084,.67030436,.69408572,.49237135,1.0119047,.82352942,1.0439814,.54074073
2486719,aston-villa,405,1,stoke-city,512,2,0,23.166666,0,7.7222223,14.026144,11.189543,3.7124183,3.3333333,2014,.94592935,.56722116,.9312408,.6677013,.81235152,.50323027,.91746271,.67397159,.69907409,.6388889,1.0509804,.65392154
2486720,fc-chelsea,631,1,fc-burnley,1132,1,21.055555,0,14.166667,0,15.235294,.39869282,9.2614384,.05882353,2014,1.416963,1.1991138,1.0460725,.74675626,1.5636264,1.1965199,1.067109,.8292799,1.677417,1.2388889,1.3273149,.94444442
2486721,crystal-palace,873,1,fc-arsenal,11,2,5.1111112,56.722221,1.8333334,32.833332,5.8431373,18.333334,2.3398693,10.921569,2014,1.1442848,.74073446,1.0219083,1.0157579,1.0541446,.77082485,1.0362777,1.0102223,.99583334,.72592592,.99933863,.82499999
2486722,fc-everton,29,2,leicester-city,1003,2,36,0,16.333334,0,16.196079,.86928105,8.039216,.26797387,2014,.97119647,.75136542,1.4172705,.82330483,1.1361256,.7765469,1.4813217,.94500345,.97962964,.84444445,1.6203704,1.0351852
2486723,hull-city,3008,2,queens-park-rangers,1039,1,22.888889,0,6,0,10.09804,2.5228758,2.7516339,.5163399,2014,1.2417616,.85209912,.9485659,.57092208,1.4293956,.85338503,.94862926,.46161959,1.7074074,.77314812,1.3171569,.59607846
2486724,manchester-city,281,5,newcastle-united,762,0,20.888889,.44444445,15.166667,0,27.888889,9.6339865,19.071896,3.7647059,2014,1.3819674,1.1161544,1.1405987,.58761352,1.4705957,1.2303177,1.0770785,.59519058,1.7471561,1.4851851,1.3950981,.88235295
2486725,fc-southampton,180,0,fc-liverpool,31,2,0,22.722221,0,12.388889,3.8235295,9.3529415,1.3006536,5.1503267,2014,1.235155,1.0634575,1.2109833,.98952198,1.2861911,1.0568873,1.3388648,1.1344746,1.6686507,1.2194444,1.5824074,1.4074074
2486726,afc-sunderland,289,0,west-bromwich-albion,984,0,9.9444447,0,3.0555556,0,8.3921566,13.45098,2.6797385,3.5686274,2014,.99912083,.68931293,.95082432,.66155499,.94980335,.67030436,.81052095,.62741995,.94523811,.82352942,.63425928,.45740741
2486727,swansea-city,2288,2,manchester-united,985,1,6.2777777,0,2.2777777,0,10.738562,6.6013074,3.3790851,4.0392156,2014,.76575309,.5030514,1.4078392,1.3616971,.72505128,.44367537,1.5270674,1.4466416,.69166666,.3824074,1.4556879,1.4018519
2486728,tottenham-hotspur,148,2,west-ham-united,379,2,0,47.722221,0,15.611111,8.4117651,20.30719,4.647059,6.3006535,2014,1.0625908,.77478129,1.1830872,.80944985,1.0453413,.84156072,1.2192254,.92393363,.72592592,.73240739,1.4115741,1.1472223
2486729,fc-arsenal,11,2,fc-everton,29,0,52.777779,38.111111,30.388889,17.666666,15.235294,18.967319,8.9477119,9.7973852,2014,1.0436474,1.0452552,.93012792,.70599502,1.033282,1.0287409,1.0786276,.74696475,.99470901,.85277778,.91481483,.82592595
2486730,fc-burnley,1132,0,swansea-city,2288,1,0,6.2777777,0,2.2777777,.39869282,11.156863,.05882353,3.3856208,2014,1.0460725,.74675626,.64277327,.44375965,1.067109,.8292799,.64884049,.40119171,1.3273149,.94444442,.63611114,.39351851
2486731,leicester-city,1003,1,fc-chelsea,631,3,0,25.222221,0,17.277779,.50980395,20.882353,.1633987,12.921569,2014,1.3138514,.84653276,1.0174289,1.0315315,1.3683748,.93315601,1.0373919,1.015493,1.4240741,.98888886,1.0551949,1.1722223
2486732,fc-liverpool,31,2,manchester-city,281,1,22.722221,21.166666,12.388889,15.444445,7.8039217,31.666666,4.2810459,21.712418,2014,1.2824179,.94371778,1.3673996,1.0426251,1.3977805,1.0869319,1.4372624,1.1562436,1.6787037,1.3981482,1.7082672,1.5407407
2486733,manchester-united,985,2,afc-sunderland,289,0,0,11.722222,0,3.6666667,15.718954,9.320261,10.143791,2.9346404,2014,1.258369,1.2362736,.97767836,.66153514,1.3416219,1.3036852,.92731655,.63611633,1.3641534,1.3185185,.87464988,.66176468
2486734,newcastle-united,762,1,aston-villa,405,0,.44444445,0,0,0,15.601307,14.803922,6.346405,3.7450981,2014,1.1454719,.62272155,1.0557276,.7442053,1.0675818,.59462947,.8595497,.62930048,1.3509804,.82352942,.68137252,.61176473
2486735,queens-park-rangers,1039,1,tottenham-hotspur,148,2,0,0,0,0,2.7254901,8.4117651,.65359479,4.647059,2014,.85533029,.56108421,1.0625908,.77478129,.84476686,.4881981,1.0453413,.84156072,.67552084,.38854167,.72592592,.73240739
2486736,stoke-city,512,1,hull-city,3008,0,25.222221,25.777779,8.4444447,6.8888888,14.96732,12.947712,4.3856211,3.4771242,2014,.92394966,.67073023,1.1526641,.80396181,.91551214,.68166763,1.3976055,.83309281,1.0296296,.65462965,1.6296296,.77777779
2486737,west-bromwich-albion,984,1,fc-southampton,180,0,0,0,0,0,13.45098,4.006536,3.5686274,1.3202615,2014,.95082432,.66155499,1.2251835,1.0616057,.81052095,.62741995,1.2769319,1.0492485,.63425928,.45740741,1.6547619,1.2055556
2486738,west-ham-united,379,1,crystal-palace,873,3,44,5.1111112,14.5,1.8333334,15.843137,4.6993465,5.013072,1.9019607,2014,1.2461689,.89242703,1.1019567,.71573448,1.2990083,1.0018982,1.0178199,.75501287,1.5967592,1.1101851,.86620373,.61481482
2486739,aston-villa,405,2,west-bromwich-albion,984,1,0,0,0,0,14.803922,13.45098,3.7450981,3.5686274,2014,1.0557276,.7442053,.89496678,.62796915,.8595497,.62930048,.75496542,.59323192,.68137252,.61176473,.58981484,.43518519
2486740,hull-city,3008,1,afc-sunderland,289,1,24.722221,8.333333,6.5555553,2.5555556,11.470589,6.4967322,3.0261438,2.2026143,2014,1.2204322,.79879802,.91939503,.56873369,1.3969882,.78646582,.86646998,.5503549,1.6518519,.75462961,.74915963,.627451
2486741,queens-park-rangers,1039,1,fc-arsenal,11,2,0,53.944443,0,30.611111,3,14.496732,.69281048,8.2745094,2014,1.0202128,.65665072,1.0807548,1.0677226,1.0135134,.54967666,1.0933625,1.0885699,1.3181373,.6156863,1.1216931,.96388888
2486742,fc-southampton,180,1,crystal-palace,873,0,0,5.1111112,0,1.8333334,3.6601307,4.5163398,1.1764706,1.8496732,2014,1.2315807,1.0727168,.73814505,.52546024,1.2785192,1.0603596,.69143093,.53570074,1.6335979,1.187037,.60833335,.31274509
2486743,west-ham-united,379,0,fc-chelsea,631,1,59.555557,21.333334,19.888889,14.5,18.013071,14.150327,5.5424838,8.4901962,2014,1.2461689,.89242703,1.3993262,1.2013586,1.2990083,1.0018982,1.5447992,1.2051619,1.5967592,1.1101851,1.6674964,1.2666667
2486744,fc-liverpool,31,2,fc-burnley,1132,0,22.333334,0,12.166667,0,8.9673204,.39869282,4.9215684,.05882353,2014,1.2081343,.95533395,1.0460725,.74675626,1.3360158,1.1002866,1.067109,.8292799,1.5675926,1.3518518,1.3273149,.94444442
2486745,manchester-city,281,2,leicester-city,1003,0,14.388889,0,10.333333,0,20.398693,.86928105,13.699347,.26797387,2014,1.3022807,1.0549994,1.4172705,.82330483,1.3713148,1.1112701,1.4813217,.94500345,1.6147487,1.4740741,1.6203704,1.0351852
2486746,newcastle-united,762,0,manchester-united,985,1,0,0,0,0,14.254902,17.320261,5.9411764,11.261438,2014,1.150763,.64124006,1.1997391,1.2521467,1.0722114,.61314797,1.288276,1.3274947,1.3803922,.88235295,1.2808201,1.3462963
2486747,stoke-city,512,2,fc-everton,29,0,20.722221,38.111111,7,17.666666,13.254902,19.575163,3.9542484,10.267974,2014,.95407814,.67709672,.93012792,.70599502,.94583642,.68255007,1.0786276,.74696475,1.0460784,.6343137,.91481483,.82592595
2486748,tottenham-hotspur,148,3,swansea-city,2288,2,0,6.2777777,0,2.2777777,10.823529,10.738562,5.9281044,3.3790851,2014,1.2540385,.8779403,.76575309,.5030514,1.222635,.93970889,.72505128,.44367537,.80352736,.78055555,.69166666,.3824074
2486749,fc-arsenal,11,3,west-ham-united,379,0,55.444443,37.5,32,12.277778,16.934641,10.176471,10.130719,3.1830065,2014,1.1319717,1.028787,1.0261953,.84368366,1.1610258,1.057492,1.0331904,.88670856,1.12209,.88796294,1.4,1.05
2486750,fc-burnley,1132,1,manchester-city,281,0,0,20.444445,0,14.833333,.38562092,26.032681,.05882353,17.712418,2014,1.0460725,.74675626,1.5083333,1.1747057,1.067109,.8292799,1.6168363,1.254773,1.3273149,.94444442,1.7614418,1.4185185
2486751,fc-chelsea,631,1,fc-southampton,180,1,22.388889,0,15.333333,0,15.895425,3.5228758,9.8627453,1.1699346,2014,1.416963,1.1991138,1.2022157,1.0197253,1.5636264,1.1965199,1.2660192,1.0397246,1.677417,1.2388889,1.4484127,.98333335
2486752,crystal-palace,873,3,queens-park-rangers,1039,1,5.1111112,0,1.8333334,0,5.9542484,3.9738562,2.3986928,.84313726,2014,1.0402284,.60672152,1.1273454,.7586804,.99081367,.62862402,1.012464,.58794558,.63009262,.35092592,.90052086,.50416666
2486753,fc-everton,29,3,newcastle-united,762,0,31.888889,.33333334,14.722222,0,21.59477,8.973856,10.405229,3.5555556,2014,.86164832,.70969874,1.0006082,.62875873,.99894613,.69876915,.98662263,.60302538,.88703704,.77037036,1.5196079,.90196079
2486754,leicester-city,1003,0,hull-city,3008,0,0,24.722221,0,6.5555553,.45751634,11.470589,.13071896,3.0261438,2014,1.4516466,.83902347,1.2204322,.79879802,1.5241408,.97575539,1.3969882,.78646582,1.6763889,1.1462963,1.6518519,.75462961
2486755,manchester-united,985,3,tottenham-hotspur,148,0,0,0,0,0,17.82353,10.065359,11.254902,5.5686274,2014,1.1229755,.97126311,1.0780097,.86478239,1.1878297,1.0235596,1.1379789,.97618473,1.1362433,.90185183,.81093472,.78055555
2486756,afc-sunderland,289,0,aston-villa,405,4,8.7222223,0,2.7777777,0,5.3725491,13.849673,1.9673202,3.5816994,2014,.95137447,.61448538,1.0751121,.73840225,.86646998,.5655064,.87579775,.62514168,.73739493,.627451,.66145831,.5625
2486757,swansea-city,2288,0,fc-liverpool,31,1,7,29.666666,2.5555556,16.444445,14.960784,15.013072,4.5947714,8.2875814,2014,.82375962,.57841372,1.1921158,1.0328592,.80134052,.49575871,1.3206719,1.1991322,.77499998,.41018519,1.5861111,1.5185186
2486758,west-bromwich-albion,984,1,stoke-city,512,0,0,27.277779,0,9.1111107,10.941176,22.032681,2.8954248,6.4705882,2014,.87644827,.62527555,.92394966,.70035988,.74724936,.6024912,.91046166,.70944542,.5787037,.43518519,1.0435185,.65462965
2486759,aston-villa,405,0,swansea-city,2288,1,0,5.6666665,0,2.0555556,13.026144,10.607843,3.2810457,3.3856208,2014,1.0081085,.70849103,.77839446,.57245177,.81914568,.59899747,.74611914,.50777793,.68137252,.61176473,.78055555,.39907408
2486760,hull-city,3008,2,fc-chelsea,631,3,22.666666,18.444445,6.1111112,12.388889,10.941176,14.130719,3.0718954,8.6862745,2014,1.1538409,.84255707,1.2286913,1.0725707,1.4212828,.89286917,1.4179474,1.1179565,1.6481482,.74074072,1.5616763,1.1694444
2486761,fc-liverpool,31,1,manchester-united,985,2,32.777779,0,18.277779,0,18.326797,14.90196,10.248366,9.3529415,2014,1.2408201,1.0114917,1.2055091,1.2641481,1.3570917,1.1448994,1.2888398,1.3360596,1.5861111,1.5185186,1.2843915,1.3648148
2486762,manchester-city,281,3,west-bromwich-albion,984,0,15.777778,0,11.388889,0,16.058823,9.4313726,10.934641,2.5163398,2014,1.3784548,1.0707548,.83633804,.53754407,1.4501735,1.0999453,.80617189,.59323192,1.4286376,1.2518518,.5,.41666666
2486763,newcastle-united,762,1,fc-arsenal,11,2,.27777779,61.222221,0,35.388889,7.7973857,17.163399,3.0980392,10.189543,2014,1.0098674,.62448519,.96768594,.75696158,1.0082276,.60302538,1.0126132,.81212169,1.5490196,.90196079,1.0244709,.72500002
2486764,queens-park-rangers,1039,1,fc-everton,29,2,0,36.5,0,16.666666,3.5816994,21.921568,.83660132,10.875817,2014,1.0434428,.76962066,.81402928,.66274107,.94275707,.56281185,.94844109,.64826411,.84212965,.48981482,.81296295,.66851854
2486765,fc-southampton,180,2,fc-burnley,1132,0,0,0,0,0,3.509804,.03267974,1.1568627,.0065359478,2014,1.2315807,1.0727168,1.1082758,.76166642,1.2785192,1.0603596,1.1171089,.84387022,1.6335979,1.187037,1.3643519,.8888889
2486766,stoke-city,512,1,crystal-palace,873,2,27.277779,5.1111112,9.1111107,1.8333334,19.398693,5.352941,5.5882354,2.2156863,2014,.89257312,.65009534,1.0402284,.60672152,.87689066,.66243684,.99081367,.62862402,1.0212963,.65462965,.63009262,.35092592
2486767,tottenham-hotspur,148,4,leicester-city,1003,3,0,0,0,0,10.065359,.86274511,5.5686274,.26797387,2014,1.0780097,.86478239,1.4312762,.84513724,1.1379789,.97618473,1.503628,.99550849,.81093472,.78055555,1.6462963,1.1277778
2486768,west-ham-united,379,1,afc-sunderland,289,0,41.222221,0,13.388889,0,13.45098,7.4313726,4.1568627,2.5686274,2014,1.1809572,.93693763,1.0112451,.70046419,1.1927472,.98889107,.92361283,.63779986,1.4740741,1.1055555,.81494707,.625
2486769,fc-arsenal,11,4,fc-liverpool,31,1,56.222221,32.222221,32.833332,18.055555,15.509804,13.48366,9.3921566,7.8104577,2014,1.0579637,1.0304404,.69038773,.55708963,1.0870179,1.0530405,.71903276,.59144729,1.1022487,.88055557,1.0305556,.85185188
2486770,fc-burnley,1132,0,tottenham-hotspur,148,0,0,0,0,0,.38562092,9.7516336,.05882353,5.3071895,2014,1.068584,.62565446,1.2059616,.85624719,1.1231275,.72427148,1.1714085,.91841257,1.5230392,1.0196079,.8340829,.79907405
2486771,fc-chelsea,631,2,stoke-city,512,1,22.388889,27,15.333333,9.2222223,15.895425,17.235294,9.8627453,5.1633987,2014,1.416963,1.1991138,.86788177,.65009534,1.5636264,1.1965199,.83861905,.66243684,1.677417,1.2388889,.93796295,.65462965
2486772,crystal-palace,873,2,manchester-city,281,1,5.1111112,21.777779,1.8333334,15.777778,4.5882354,30.777779,1.8888888,21.019608,2014,1.0340556,.60556412,1.1829299,1.0907459,.98618406,.63232768,1.1571037,1.142944,.61620373,.33703703,1.5352514,1.4657408
2486773,fc-everton,29,1,fc-southampton,180,0,35.111111,0,16.5,0,28.189543,4.1372547,13.522876,1.3333334,2014,.87492317,.79295158,1.2070658,.94819194,1.0761023,.86714089,1.2453283,.95017439,.87777776,.89444447,1.5882275,1.0601852
2486774,leicester-city,1003,2,west-ham-united,379,1,0,44.277779,0,14.444445,.50980395,15.725491,.1633987,4.9084969,2014,1.4424942,.89143354,1.2031794,.95677888,1.5013813,1.0153497,1.2274694,1.0206372,1.6185185,1.1277778,1.5018518,1.1055555
2486775,manchester-united,985,3,aston-villa,405,1,0,0,0,0,12.398693,17.529411,7.7712417,4.6143789,2014,1.2089813,1.2620904,.94842398,.68710917,1.2895012,1.3360596,.84396768,.57972783,1.2824074,1.3648148,.65686274,.57254905
2486776,afc-sunderland,289,1,newcastle-united,762,0,0,.27777779,0,0,6.2222223,8.026144,1.7712418,3.2352941,2014,1.0586514,.72689462,1.0561638,.64442819,.99294907,.65444249,1.0545238,.62296838,.87170869,.61764705,1.6666666,.96078432
2486777,swansea-city,2288,3,hull-city,3008,1,6.2222223,17.333334,2.2777777,4.6111112,10.856209,8.6078434,3.4444444,2.3986928,2014,.78550422,.57774276,1.1515833,.81841689,.76610285,.4760828,1.41036,.86151397,.71574074,.39166668,1.6425925,.69444442
2486778,west-bromwich-albion,984,1,queens-park-rangers,1039,4,0,0,0,0,9.5882349,2.4313726,2.4313726,.66013074,2014,.89389324,.67696607,.89536595,.57680792,.81230158,.66082454,.88257188,.47886127,.67314816,.51851851,.81435186,.47037038
2486779,fc-burnley,1132,0,fc-arsenal,11,1,0,63.388889,0,36.888889,.38562092,20.40523,.05882353,12.267974,2014,1.0240173,.67770863,1.0708606,1.0373849,1.0439608,.78992808,1.0999147,1.0599849,1.434804,1.0294118,1.0943122,.88055557
2486780,fc-liverpool,31,2,newcastle-united,762,0,29,.27777779,15.944445,0,10.660131,8.5163403,6.0980392,3.4444444,2014,.90190077,.76949316,1.0394971,.64442819,.95799285,.84653479,1.0378572,.62296838,1.0361111,1.0462962,1.6666666,.96078432
2486781,manchester-united,985,4,manchester-city,281,2,0,22.888889,0,16.333334,14.90196,33.888889,9.3529415,23.431372,2014,1.1955885,1.253037,1.2091104,1.1234643,1.2789192,1.3249484,1.1825005,1.1781291,1.2649471,1.3462963,1.5685847,1.5601852
2486782,queens-park-rangers,1039,0,fc-chelsea,631,1,0,25.111111,0,17.166666,3.5882354,20.372549,1.0457517,12.522876,2014,.93448192,.61610889,1.0670321,1.050457,.92924964,.53130019,1.086995,1.0344186,.76999998,.4611111,1.1477875,1.1944444
2486783,fc-southampton,180,2,hull-city,3008,0,0,19.222221,0,5.0555553,6.2941175,10.117647,2.0653596,2.7908497,2014,1.1735561,.98035568,1.0430181,.7935394,1.2138468,.95674002,1.2369032,.79068059,1.6464286,1.2083334,1.6379629,.80555558
2486784,afc-sunderland,289,1,crystal-palace,873,4,0,5.1111112,0,1.8333334,4.6143789,6.3006535,1.3725491,2.496732,2014,1.0130166,.64831275,1.1035,.66196144,.94356632,.57307321,1.023221,.67862397,.83249301,.53921568,.67175925,.44814816
2486785,swansea-city,2288,1,fc-everton,29,1,7.2777777,35.111111,2.7222223,16.5,15.222222,28.189543,4.7647057,13.522876,2014,.74778277,.62658083,.87492317,.79295158,.72999173,.5340125,1.0761023,.86714089,.59537035,.43981481,.87777776,.89444447
2486786,tottenham-hotspur,148,0,aston-villa,405,1,0,0,0,0,6.0588236,18.202614,3.2549019,4.9346404,2014,1.2085375,.79352027,.9512741,.66512239,1.1994668,.86480463,.83078021,.6047278,.89295053,.80784315,.75490195,.63137257
2486787,west-bromwich-albion,984,2,leicester-city,1003,3,0,0,0,0,9.8169937,.50980395,2.4052289,.1633987,2014,.94773787,.6681838,1.4424942,.89143354,.84954214,.63615012,1.5013813,1.0153497,.66203701,.48518518,1.6185185,1.1277778
2486788,west-ham-united,379,1,stoke-city,512,1,40.833332,27.277779,13.388889,9.1111107,12.836601,19.82353,4.006536,5.7712417,2014,1.4343302,1.0411806,.91322839,.70035988,1.4625884,1.1099229,.89126974,.70944542,1.7171296,1.175,.96018517,.65462965
2486789,fc-arsenal,11,0,afc-sunderland,289,0,62,0,35.888889,0,19.601307,6.4967322,11.732026,1.9150326,2014,1.0121595,1.0231652,1.0981473,.74594349,1.0453513,1.0345219,.97178507,.6571188,1.0559524,.89166665,.83739495,.60784316
2486790,aston-villa,405,3,queens-park-rangers,1039,3,0,0,0,0,18.202614,3.143791,4.9346404,.751634,2014,.9512741,.66512239,.88141865,.58675611,.83078021,.6047278,.88575488,.51059389,.75490195,.63137257,.78229165,.46875
2486791,fc-chelsea,631,1,manchester-united,985,0,25.111111,0,17.166666,0,20.908497,9.5032682,12.823529,5.8692808,2014,1.0313178,1.018711,1.3969574,1.3562511,1.0512807,1.0026726,1.4994694,1.4320096,1.0644541,1.1388888,1.3964286,1.3833333
2486792,crystal-palace,873,0,west-bromwich-albion,984,2,5.1111112,0,1.8333334,0,6.3006535,9.5294113,2.496732,2.3529413,2014,1.1035,.66196144,.94773787,.6681838,1.023221,.67862397,.84954214,.63615012,.67175925,.44814816,.66203701,.48518518
2486793,fc-everton,29,1,fc-burnley,1132,0,38.666668,0,18,0,18.967319,.38562092,9.7581701,.05882353,2014,.97855788,.86031604,1.0771919,.80469275,1.1342695,.83351076,1.078683,.9218725,.96111113,.93703705,1.3550926,.97222221
2486794,hull-city,3008,1,fc-liverpool,31,0,24.5,25.666666,6.6666665,13.944445,14.143791,10.503268,4.1372547,5.6797385,2014,1.1182306,.81384939,1.0821474,.95729977,1.3205452,.84762508,1.1800264,1.0751272,1.5129629,.68518519,1.3268518,1.2777778
2486795,leicester-city,1003,2,swansea-city,2288,0,0,6.4444447,0,2.4444444,.10457516,12.738562,.026143791,4.026144,2014,1.2631569,.78663552,.69909114,.55492222,1.2941164,.89559668,.68801427,.48468068,1.3615741,.92407405,.63611114,.39166668
2486796,manchester-city,281,2,west-ham-united,379,0,17.833334,40.833332,12.888889,13.388889,18.745098,12.836601,12.751634,4.006536,2014,1.2236551,1.0805351,1.2711358,1.0240866,1.2126592,1.14679,1.2504673,1.0890895,1.5148809,1.437963,1.1615741,1.0916667
2486797,newcastle-united,762,1,tottenham-hotspur,148,3,0,0,0,0,4.9346404,8.0849676,1.9673202,4.3856211,2014,.98486745,.5300979,1.2790315,.85996646,1.0049858,.53710979,1.2549372,.92444509,1.6225491,.84313726,.87366945,.81176472
2486798,stoke-city,512,2,fc-southampton,180,1,25.333334,0,8.5,0,16.045752,5.6928105,4.6732025,1.8431373,2014,.89257312,.65009534,1.1462193,.9576841,.87689066,.66243684,1.1711117,.92096561,1.0212963,.65462965,1.6686507,1.2194444
2486799,fc-arsenal,11,0,fc-chelsea,631,0,60.388889,24.833334,34.666668,16.833334,20.30719,21.575163,12.039216,12.96732,2014,1.0702136,1.0621865,1.0097129,1.0310566,1.114014,1.0859853,1.0296758,1.0150182,1.1406084,1.0361111,1.0505651,1.1666666
2486800,fc-burnley,1132,0,leicester-city,1003,1,0,0,0,0,.26143792,.86274511,.039215688,.26797387,2014,.99082667,.76105821,1.2957958,.80852103,.96095818,.86421257,1.3657604,.91648936,1.1377451,.92647058,1.4333333,.97037035
2486801,crystal-palace,873,0,hull-city,3008,2,0,24.5,0,6.6666665,5.2091503,14.143791,2.0653596,4.1372547,2014,1.0880654,.71641988,1.1182306,.81384939,1.0935073,.86473513,1.3205452,.84762508,.90787035,.80000001,1.5129629,.68518519
2486802,fc-everton,29,3,manchester-united,985,0,39.833332,0,18.611111,0,24.712418,6.7908497,12.568627,4.0718956,2014,.98338878,.79858762,1.3941084,1.3510872,1.1594356,.81823301,1.4981623,1.4269987,.99814814,.89999998,1.4056878,1.3925925
2486803,manchester-city,281,3,aston-villa,405,2,15.166667,0,10.888889,0,15.372549,11.287581,10.503268,3.137255,2014,1.3449414,1.1130803,.87207109,.62592274,1.4217421,1.2003014,.7388888,.51954943,1.6286376,1.5018518,.71568626,.47647059
2486804,newcastle-united,762,2,swansea-city,2288,3,.27777779,5.9444447,0,2.3333333,5.980392,8.9411764,2.4379084,3,2014,1.1219045,.68273681,.6581189,.49098921,1.1102715,.64889431,.66074157,.44322768,1.6540617,.86666667,.60833335,.40277779
2486805,queens-park-rangers,1039,0,west-ham-united,379,0,0,53.333332,0,17.722221,5.8300653,12.875817,1.5816994,3.8300653,2014,.98854613,.74678117,1.3009887,1.0185007,.87514633,.47716373,1.2782097,1.0656186,.70879632,.38333333,1.2004902,1.1558824
2486806,fc-southampton,180,2,tottenham-hotspur,148,2,0,0,0,0,5.6928105,6.5555553,1.8431373,3.6274509,2014,1.1462193,.9576841,1.0786726,.74300927,1.1711117,.92096561,1.0614398,.80351359,1.6686507,1.2194444,.74084967,.68431371
2486807,stoke-city,512,1,afc-sunderland,289,1,28.111111,0,9.5,0,20.065359,2.013072,5.7777777,.6405229,2014,1.010298,.73805827,.85217124,.57159323,.95365834,.72416526,.78615892,.5221473,1.012037,.69629627,.78837538,.81372547
2486808,west-bromwich-albion,984,0,fc-liverpool,31,0,0,29.333334,0,15.888889,9.5294113,13.75817,2.3529413,7.4575162,2014,.94817358,.67559117,.94479686,.86883175,.85020351,.64540935,.98570651,.92444086,.66203701,.48518518,1.3175926,1.2592592
2486809,aston-villa,405,3,fc-everton,29,2,0,40.111111,0,18.722221,9.7777777,25.026144,2.6601307,12.686275,2014,.91300452,.61475849,1.0029967,.86031604,.73328328,.50908768,1.1589947,.82624584,.71568626,.47647059,.92777777,.93240738
2486810,fc-chelsea,631,1,crystal-palace,873,0,21.777779,0,15,0,15.052288,6.6732025,9.5098038,2.6601307,2014,1.0051001,.89786571,.92409062,.66466725,1.000543,.85535532,.91863352,.8101055,1.0892857,.80555558,.76898146,.81388891
2486811,hull-city,3008,1,fc-arsenal,11,3,23.166666,65.166664,6.2222223,37.833332,11.993464,20.673203,3.5555556,12.346405,2014,1.0936567,.78027374,1.0121595,1.0231652,1.2223971,.75516474,1.0453513,1.0345219,1.6231482,.75462961,1.0559524,.89166665
2486812,leicester-city,1003,3,newcastle-united,762,0,0,.33333334,0,0,.50980395,5.7581701,.1633987,2.2483661,2014,1.2631569,.81603163,1.0494101,.66386217,1.340597,.90723014,.99195915,.6325773,1.4055556,.97962964,1.6295518,.90588236
2486813,fc-liverpool,31,2,queens-park-rangers,1039,1,30.166666,0,16.5,0,15.627451,5.1437907,8.6143789,1.4313725,2014,1.0866976,1.0239664,.93898028,.59493268,1.1892617,1.1579235,.93509251,.52721673,1.3324074,1.4074074,.77009803,.46862745
2486814,manchester-united,985,0,west-bromwich-albion,984,1,0,0,0,0,7.9019608,11.071896,4.9607844,2.8235295,2014,1.4061857,1.3669603,.94417661,.62816823,1.5155233,1.4508082,.81283575,.58853108,1.4334656,1.4203703,.69907409,.46666667
2486815,afc-sunderland,289,2,fc-southampton,180,1,0,0,0,0,5.0849671,3.2745099,1.5751634,1.006536,2014,.93626219,.68303502,1.0215279,.77747869,.86702317,.62245595,1.0070906,.75894862,.82759106,.61764705,1.1845238,.80277777
2486816,swansea-city,2288,2,stoke-city,512,0,5.4444447,28.055555,2,9.5555553,9.1764708,20.777779,2.8888888,6.2614379,2014,.66627824,.47114795,.9751128,.69793481,.65682942,.4201304,.90463871,.67902637,.60370368,.41018519,.96111113,.65925926
2486817,tottenham-hotspur,148,0,manchester-city,281,1,0,16.055555,0,11.611111,6.8169932,19.921568,3.7973857,13.431373,2014,1.3575867,.82467455,1.2469767,.96104836,1.4083223,.93424904,1.2791859,1.0515428,.97432303,.75196081,1.3971561,1.4185185
2486818,west-ham-united,379,1,fc-burnley,1132,0,53.333332,0,17.722221,0,12.875817,0,3.8300653,0,2014,1.322379,1.0633186,1.0870661,.83119708,1.2872595,1.1195401,1.0194238,.92257392,1.2004902,1.1558824,1.1004629,.8425926
2486819,fc-arsenal,11,0,swansea-city,2288,1,65.166664,5.4444447,37.833332,2,20.673203,10.104575,12.346405,3.1960785,2014,1.0121595,1.0231652,.74219418,.51238328,1.0453513,1.0345219,.73529261,.45628563,1.0559524,.89166665,.63148147,.44722223
2486820,aston-villa,405,1,west-ham-united,379,0,0,53.333332,0,17.722221,13.313725,12.875817,3.6013072,3.8300653,2014,.93648332,.68028992,1.2674321,1.0042453,.81277049,.60476667,1.2342635,1.0573435,.83333331,.68235296,1.1615741,1.0916667
2486821,fc-chelsea,631,1,fc-liverpool,31,1,19.333334,30.166666,13.111111,16.5,10.647058,15.627451,6.5228758,8.6143789,2014,1.0051001,.89786571,1.013781,.94704336,1.000543,.85535532,1.1114839,1.0745901,1.0892857,.80555558,1.2768519,1.3518518
2486822,crystal-palace,873,1,manchester-united,985,2,0,0,0,0,6.6601305,9.6862745,2.5686274,6,2014,.99412358,.74117023,1.1217842,.9402802,.96599203,.86612397,1.1925569,.99039155,1.074537,1.0222223,1.156746,.90185183
2486823,fc-everton,29,0,afc-sunderland,289,2,36.222221,0,17.444445,0,24.784313,5.1699347,12.542483,1.5228758,2014,1.0265987,.90892714,1.0524787,.71709073,1.1855515,.88957137,.98005223,.63856947,1.0166667,1.0296296,.85700279,.61764705
2486824,hull-city,3008,0,fc-burnley,1132,1,23.166666,0,6.2222223,0,11.993464,.38562092,3.5555556,.05882353,2014,1.0936567,.78027374,1.0240173,.67770863,1.2223971,.75516474,1.0439608,.78992808,1.6231482,.75462961,1.434804,1.0294118
2486825,leicester-city,1003,2,fc-southampton,180,0,0,0,0,0,.50980395,2.7973857,.1633987,.86274511,2014,1.3647163,.88042557,1.0561599,.78858984,1.4402702,.98757201,1.0417227,.7700597,1.562963,1.1092592,1.2308201,.81666666
2486826,manchester-city,281,6,queens-park-rangers,1039,0,16.333334,0,11.833333,0,19.431372,3.0196078,13.176471,.70588237,2014,1.3618574,1.1257064,1.0286851,.64860344,1.4439644,1.2131219,1.0375493,.5853911,1.6841931,1.5157408,.8327778,.53111112
2486827,newcastle-united,762,1,west-bromwich-albion,984,1,.3888889,0,0,0,7.8431373,12.581699,3.1307189,3.2875817,2014,1.1725861,.67042536,.93230575,.63030499,1.1128131,.62979954,.77811354,.59408665,1.6941177,1.0294118,.64814812,.52685183
2486828,stoke-city,512,3,tottenham-hotspur,148,0,28.166666,0,9.6111107,0,21.38562,7.0849671,6.4640522,4.0392156,2014,1.0162892,.73479033,1.0718501,.74083066,.95365834,.72416526,1.0568101,.8102476,.99814814,.69629627,.73692811,.71960783
2486829,fc-burnley,1132,0,stoke-city,512,0,0,27.833334,0,9.6111107,.38562092,22.699347,.05882353,6.9607844,2014,1.0240173,.67770863,.99486589,.72498637,1.0439608,.78992808,.93205339,.71406424,1.434804,1.0294118,.9675926,.68240738
2486830,fc-liverpool,31,1,crystal-palace,873,3,26.722221,0,14.5,0,13.555555,6.4705882,7.4052286,2.490196,2014,1.013781,.94704336,.99412358,.74117023,1.1114839,1.0745901,.96599203,.86612397,1.2768519,1.3518518,1.074537,1.0222223
2486831,manchester-united,985,1,fc-arsenal,11,1,0,65.166664,0,37.833332,6.0522876,20.673203,3.7320261,12.346405,2014,1.2141018,1.1950305,1.0121595,1.0231652,1.323965,1.2475674,1.0453513,1.0345219,1.2149471,1.0314815,1.0559524,.89166665
2486832,queens-park-rangers,1039,2,newcastle-united,762,1,0,.3888889,0,0,3.8431373,7.8496733,1.0718955,3.1764705,2014,.86705923,.51414806,1.199438,.69357353,.93850166,.47513467,1.1479983,.68535507,.7816667,.41444445,1.7039216,1.0686275
2486833,fc-southampton,180,6,aston-villa,405,1,0,0,0,0,3.4313726,14.823529,1.0849674,3.9477124,2014,1.0215279,.77747869,.98456722,.66139305,1.0070906,.75894862,.80074739,.57951415,1.1845238,.80277777,.67156863,.53529412
2486834,afc-sunderland,289,0,leicester-city,1003,0,0,0,0,0,7.4575162,.50980395,2.1568627,.1633987,2014,1.0808737,.74078351,1.3520458,.82801425,.9532665,.65206832,1.3892081,.88917458,.83739495,.60784316,1.4611111,.92407405
2486835,swansea-city,2288,2,manchester-city,281,4,5.2777777,18.888889,2,13.666667,8.9542484,24.450981,2.8104575,16.705883,2014,.70486808,.45575398,1.5073874,1.1917238,.69864041,.41165122,1.6076653,1.2449846,.64074075,.41944444,1.7207011,1.4990741
2486836,tottenham-hotspur,148,2,hull-city,3008,0,0,20.666666,0,5.5,7.3660131,10.588235,4.1764708,2.8692811,2014,1.2744019,.84885532,1.1972195,.84608573,1.2566208,.91703773,1.3386364,.82692403,.89425772,.81960785,1.6231482,.7175926
2486837,west-bromwich-albion,984,3,fc-chelsea,631,0,0,13.111111,0,8.6111107,12.581699,6.8758168,3.2875817,4.0980392,2014,.93230575,.63030499,1.0805447,.80909586,.77811354,.59408665,1.2535553,.82674783,.64814812,.52685183,1.4679894,.80000001
2486838,west-ham-united,379,1,fc-everton,29,2,26.277779,34.444443,8.2222223,16.5,9.6339865,18.928104,2.9673202,9.8888893,2014,1.118358,.9590072,.95715421,.79781604,1.1410396,1.0096142,1.1001979,.80315161,1.0412037,.93055558,.94444442,.95555556
2486839,fc-arsenal,11,4,west-bromwich-albion,984,1,64.611115,0,36.944443,0,23.287582,9.0653591,13.633986,2.2679739,2014,1.0302755,1.0553081,.91898119,.62709653,1.0469851,1.0607328,.7825684,.57160991,1.0698413,.96388888,.627451,.49901959
2486840,aston-villa,405,0,fc-burnley,1132,1,0,0,0,0,16.183006,.03267974,4.4444447,.0065359478,2014,1.0330049,.66668409,1.0105346,.6867364,.86043155,.59159005,1.0032201,.77758235,.86764705,.62156862,1.3563726,.95098037
2486841,fc-chelsea,631,3,afc-sunderland,289,1,21.388889,0,14.555555,0,14.45098,6.5359478,8.8366013,1.7712418,2014,1.1783265,.83671468,1.0981473,.74594349,1.3222528,.82423675,.97178507,.6571188,1.3735449,.65185183,.83739495,.60784316
2486842,crystal-palace,873,1,swansea-city,2288,0,0,3.2777777,0,1.3333334,5.9150329,4.4967322,2.2287581,1.5359477,2014,.94322413,.6792208,.60302716,.45300433,.87474626,.7907272,.64479172,.39671317,.99675924,.94444442,.58137256,.41764706
2486843,fc-everton,29,0,tottenham-hotspur,148,1,35.666668,0,17.166666,0,22.686274,5.4117646,11.398693,3.0392158,2014,.94369328,.6882481,1.0594232,.71831793,1.0767492,.6842705,1.039449,.77758765,.93425924,.89999998,.72549021,.67254901
2486844,hull-city,3008,0,manchester-united,985,0,20.666666,0,5.5,0,10.588235,7.4379086,2.8692811,4.7385621,2014,1.1972195,.84608573,1.2024519,1.3018681,1.3386364,.82692403,1.2516207,1.3961365,1.6231482,.7175926,1.3630953,1.3740741
2486845,leicester-city,1003,5,queens-park-rangers,1039,1,0,0,0,0,.50980395,2.4052289,.1633987,.70588237,2014,1.3520458,.82801425,.8800658,.50444436,1.3892081,.88917458,.97278136,.51442999,1.4611111,.92407405,.74702382,.47261906
2486846,manchester-city,281,2,fc-southampton,180,0,17,0,12.333333,0,20.503267,3.2745099,13.915032,1.006536,2014,1.5144037,1.2169763,1.0215279,.77747869,1.6156018,1.2727624,1.0070906,.75894862,1.7318121,1.5435185,1.1845238,.80277777
2486847,newcastle-united,762,2,west-ham-united,379,0,.44444445,37.222221,0,12.333333,11.875817,9.5555553,4.8169932,2.9346404,2014,1.2325068,.72788978,1.2456573,.94748402,1.1596942,.71448612,1.2327204,1.0196451,1.4560224,.91568625,1.1337963,.95833331
2486848,stoke-city,512,6,fc-liverpool,31,1,27.833334,28,9.6111107,15.388889,19.61438,12.705882,5.9477124,7.0980392,2014,.99486589,.72498637,1.0767574,.98204726,.93205339,.71406424,1.1837062,1.1232011,.9675926,.68240738,1.3416667,1.4074074
2577857,afc-bournemouth,989,0,aston-villa,405,1,0,4.3333335,0,1.6666666,.065359481,11.803922,.019607844,3.0915034,2015,1.0942193,.91826373,.77413303,.50236446,1.1926696,1.0565171,.80287588,.43310085,1.6907407,1.5694444,1.1219577,.56018519
2577858,fc-chelsea,631,2,swansea-city,2288,2,10.111111,24.166666,6.7777777,10.166667,33.483662,15.496732,21.196079,6.1830068,2015,1.4284014,1.0416683,.88791245,.59885019,1.3954886,.97265816,.89145839,.56857908,1.1732805,1.1592592,1.056746,.75648147
2577859,newcastle-united,762,2,fc-southampton,180,2,0,16.055555,0,7.2222223,16.601307,10.856209,5.7516341,4.3202615,2015,1.1808985,.5738129,1.2527057,.96037692,.98620671,.55584973,1.2574592,.91745448,1.4988096,.6388889,.90882355,.67254901
2577860,manchester-united,985,1,tottenham-hotspur,148,0,16,22.944445,8.666667,11.722222,14.960784,13.79085,9.1307192,7.4509802,2015,1.1510875,1.0899767,.87536281,.80471706,1.201267,1.083678,.86962122,.76592088,1.7380953,1.0324074,1.1194445,.6388889
2577861,leicester-city,1003,4,afc-sunderland,289,2,.83333331,5.6666665,.3888889,1.8888888,9.986928,17.509804,3.986928,4.0784316,2015,1.3073,.83267641,.96536702,.77568126,1.1251862,.75916755,.83250183,.69904494,1.1643518,.97777778,.71018517,.5009259
2577862,fc-arsenal,11,0,west-ham-united,379,2,72.111115,0,42.166668,0,31.960785,16.189543,19.457516,5.0784316,2015,.96918952,.97318757,1.1241527,.90703613,.96576178,.88812023,1.0583333,.96084654,.76660055,.50833333,1.2074074,1.425926
2577863,norwich-city,1123,1,crystal-palace,873,3,0,13.777778,0,7.2222223,14.921569,15.490196,3.6470587,5.8431373,2015,1.0173172,.74922401,1.2232074,.76767862,1.0274192,.76020521,1.2808801,.81035352,1.4083333,1.0842593,1.3277777,.97129631
2577864,stoke-city,512,0,fc-liverpool,31,1,42.277779,27.5,15.888889,14.5,17.084967,9.960784,6.2156863,5.013072,2015,1.2252167,.73315561,1.0898283,.75478619,1.2116065,.74634504,1.2881672,.9153558,1.1962963,.62962961,1.1708995,.80555558
2577865,fc-everton,29,2,fc-watford,1010,2,59.222221,0,24.333334,0,31.326797,0,13.673203,0,2015,1.0007623,.56082702,.96389639,.5615527,.96076894,.56731385,1.2884589,.74740458,.9716931,.41666666,1.7180135,.76893938
2577866,west-bromwich-albion,984,0,manchester-city,281,3,12.666667,37.5,5,25.388889,20.313726,31.261438,5.9477124,20.758169,2015,1.1903996,.84360784,1.2399234,1.0295019,1.0212761,.79335016,1.3344254,1.0169171,.98425925,.82314813,1.1915344,.7037037
2577883,swansea-city,2288,2,newcastle-united,762,0,28.222221,0,11.611111,0,21.071896,21.352942,7.986928,7.3921571,2015,.8588888,.54979491,1.0751115,.50321102,.8688153,.55300671,.90741223,.51501405,.88174605,.71481484,1.5034392,.6574074
2577884,fc-southampton,180,0,fc-everton,29,3,18,61.555557,8.166667,25.333334,12.065359,32.777779,4.8496733,14.973856,2015,1.2245195,.94185841,1.0451672,.59483695,1.223228,.90078777,1.033731,.64416569,.87941176,.64313728,.98624337,.56481481
2577885,aston-villa,405,0,manchester-united,985,1,4.3333335,17.277779,1.5555556,9.333333,11.869281,17.235294,3.1241829,10.346405,2015,.84118283,.53729707,1.161405,1.1108099,.8584314,.42119607,1.2078807,1.0995511,1.0997355,.5462963,1.7519841,1.0138888
2577886,fc-liverpool,31,1,afc-bournemouth,989,0,27.5,0,14.5,0,9.960784,.026143791,5.013072,.013071896,2015,1.0898283,.75478619,1.053655,.94881928,1.2881672,.9153558,1.1184661,1.0518875,1.1708995,.80555558,1.4870371,1.462963
2577887,manchester-city,281,3,fc-chelsea,631,0,39.833332,10.944445,26.888889,7.2777777,36.535946,25.705883,24.163399,16.196079,2015,1.1961432,1.0212047,1.3704699,.93481767,1.2900878,1.0138646,1.3400609,.87853426,1.1359788,.71481484,1.0742064,.99444443
2577888,afc-sunderland,289,1,norwich-city,1123,3,5.1111112,0,1.7222222,0,12.686275,16.653595,2.9215686,4.1437907,2015,.92726135,.68498802,1.0173172,.74922401,.78515333,.60142589,1.0274192,.76020521,.94629627,.54259259,1.4083333,1.0842593
2577889,crystal-palace,873,1,fc-arsenal,11,2,13,75.166664,6.8333335,43.611111,13.869281,32.915031,5.2483659,19.90196,2015,1.1226753,.82797402,.97762203,.97636217,1.1914442,.90497434,.97369826,.89208847,1.2444445,.98981482,.77585977,.50833333
2577890,tottenham-hotspur,148,2,stoke-city,512,2,24.722221,44.777779,12.611111,16.666666,19.535948,18.274509,10.490196,6.8039217,2015,.86342323,.81719476,1.1087044,.72670716,.88152599,.79634416,1.1368589,.80436975,1.1638889,.70833331,.95555556,.6111111
2577891,west-ham-united,379,1,leicester-city,1003,2,0,.83333331,0,.3888889,13.418301,8.8366013,4.1568627,3.3137255,2015,1.1202703,.94178158,1.3073,.83267641,1.0774217,1.0342084,1.1251862,.75916755,1.2722223,1.4537038,1.1643518,.97777778
2577892,fc-watford,1010,0,west-bromwich-albion,984,0,0,11.333333,0,4.3888888,0,19.542484,0,5.7581701,2015,1.1237489,.63728201,1.2045845,.79812372,1.5357232,.85856968,1.0223976,.76248598,2.1666667,.91203701,1.0583333,.78425926
2577893,fc-arsenal,11,0,fc-liverpool,31,0,69.722221,26.111111,41,13.833333,25.705883,7.640523,15.718954,3.9215686,2015,.97088295,.98507369,.94290656,.53563088,.96246827,.90200913,1.1605974,.72874612,.74993384,.53981483,1.064418,.66111112
2577894,west-bromwich-albion,984,2,fc-chelsea,631,3,10.333333,37.055557,4,25,16.418301,20.084967,4.9411764,12.745098,2015,1.1205509,.78382635,1.5023313,.98550552,.92013878,.73128939,1.4656501,.94263113,.94722223,.78425926,1.3149471,1.1194445
2577895,crystal-palace,873,2,aston-villa,405,1,12.777778,5.1111112,6.7222223,1.8888888,10.30719,9.0522881,4.1437907,2.4117646,2015,1.3067484,.95027936,.79522693,.62790555,1.4027125,1.0123377,.85352874,.59065855,1.4666667,.88796294,1.2015873,.96296299
2577896,fc-everton,29,0,manchester-city,281,2,61.555557,35.166668,25.333334,23.944445,32.777779,25.934641,14.973856,17.359478,2015,1.0451672,.59483695,1.2435684,1.0080849,1.033731,.64416569,1.3475567,.98605293,.98624337,.56481481,1.2063493,.66666669
2577897,norwich-city,1123,1,stoke-city,512,1,0,42.611111,0,15.833333,16.653595,14.771242,4.1437907,5.3986926,2015,1.0173172,.74922401,1.0226866,.73238581,1.0274192,.76020521,.98938423,.78040457,1.4083333,1.0842593,.83055556,.55026454
2577898,west-ham-united,379,3,afc-bournemouth,989,4,0,0,0,0,14.522876,.013071896,4.3725491,.013071896,2015,1.045051,.89178157,1.0942193,.91826373,1.0079772,1.0064306,1.1926696,1.0565171,1.2953703,1.4907408,1.6907407,1.5694444
2577899,manchester-united,985,0,newcastle-united,762,0,17.277779,0,9.333333,0,17.235294,17.013071,10.346405,5.9215684,2015,1.161405,1.1108099,1.1850356,.51665479,1.2078807,1.0995511,1.0336254,.50276333,1.7519841,1.0138888,1.4895502,.56481481
2577900,afc-sunderland,289,1,swansea-city,2288,1,5.4444447,28.222221,1.7222222,11.611111,16.352942,21.071896,3.8888888,7.986928,2015,.98085612,.73133665,.8588888,.54979491,.81938457,.63414192,.8688153,.55300671,.94629627,.54259259,.88174605,.71481484
2577901,fc-watford,1010,0,fc-southampton,180,0,0,16.722221,0,7.6111112,.10457516,11.411765,.019607844,4.6797385,2015,1.0917139,.77204448,1.2440902,.95420408,1.3912548,.93787879,1.2484806,.91128165,1.7981482,.87037039,.89705884,.67254901
2577902,leicester-city,1003,1,tottenham-hotspur,148,1,.83333331,22.666666,.3888889,11.611111,9.0588236,17,3.6143792,9.0653591,2015,1.3234842,.84048325,.7518183,.64608365,1.146714,.76515043,.74087346,.63364577,1.1736112,.97777778,1.0064815,.6388889
2577939,afc-bournemouth,989,1,leicester-city,1003,1,0,.83333331,0,.3888889,0,7.9673204,0,2.993464,2015,1.2028503,1.0179836,1.2920831,.80923325,1.2944402,1.1523148,1.0788127,.71717066,1.7,1.7083334,1.1527778,.94444442
2577940,manchester-city,281,2,fc-watford,1010,0,34.777779,0,23.555555,0,25.320261,.10457516,16.849672,.019607844,2015,.99869663,.94843572,1.1289186,.73454452,1.0483503,.91568255,1.4682629,.90824914,1.0350529,.63981479,1.9925926,.87037039
2577941,stoke-city,512,0,west-bromwich-albion,984,1,42.833332,10.5,15.833333,4.0555553,13.96732,15.45098,5.0915031,4.6862745,2015,1.0729953,.76747352,1.2006707,.67942822,1.0297883,.81744164,.98098761,.64534664,.89999998,.56878304,.93425924,.60833335
2577942,aston-villa,405,2,afc-sunderland,289,2,4.5555553,4.7222223,1.7222222,1.5,6.993464,10.764706,1.7973856,2.4771242,2015,.79950994,.4845624,1.0836527,.70686245,.76460427,.35084775,.87454605,.57761639,1.0478836,.58981484,1.0601852,.4925926
2577943,fc-southampton,180,3,norwich-city,1123,0,16.388889,0,7.6111112,0,11.026144,18.38562,4.5424838,4.4575162,2015,1.2116226,.93096519,.97503322,.72583216,1.2080765,.88967669,.84146249,.69679332,.85000002,.65294117,1.1583333,1.0148149
2577944,swansea-city,2288,2,manchester-united,985,1,25.055555,16.944445,10.444445,9.2222223,17.810457,16.529411,6.9346404,10.03268,2015,.91703039,.61179209,1.1996255,1.1256248,.90667003,.55148506,1.2652401,1.0995511,1.107672,.68240738,1.8121693,.9861111
2577945,fc-arsenal,11,2,stoke-city,512,0,70.888885,44,41.222221,16.555555,27.777779,15.941176,16.90196,6.1372547,2015,.99539983,1.0162852,1.004565,.65764093,.98913038,.9360038,.97954404,.72793543,.76239175,.50833333,.70833331,.49933863
2577946,newcastle-united,762,0,fc-arsenal,11,1,0,70.722221,0,41.166668,16.960785,27.137255,5.8758168,16.588236,2015,1.2445263,.62631595,.91278797,.77554446,1.0818857,.62886566,.9109863,.76445311,1.5636244,.75,.70220661,.40648147
2577947,fc-liverpool,31,0,west-ham-united,379,3,26.111111,0,13.833333,0,7.640523,5.7124181,3.9215686,1.6666666,2015,.94290656,.53563088,.87023813,.84266061,1.1605974,.72874612,.91926181,.96876752,1.064418,.66111112,1.2392157,1.5509804
2577948,fc-chelsea,631,1,crystal-palace,873,2,6.7777777,11.777778,4.5,6.1666665,16.320261,11.20915,10.411765,4.3071895,2015,1.4306468,.97788817,1.024892,.8878091,1.3982234,.93558002,1.0895922,.97816658,1.1766106,1.072549,1.0546297,.93981481
2577949,tottenham-hotspur,148,0,fc-everton,29,0,22.611111,59.166668,11.555555,24.166666,16.973856,26.647058,9.026144,12.071896,2015,.84882009,.74793553,.99827629,.55309856,.84581172,.74475688,.99252939,.60882622,1.3305556,.83333331,.92050266,.50925928
2577950,fc-everton,29,3,fc-chelsea,631,1,60.277779,6.9444447,24.888889,4.6111112,32.444443,19.503267,14.111111,12.352942,2015,1.0717372,.64673758,1.4671743,.98465288,1.0594391,.69245631,1.4283354,.93925649,1.0093915,.5787037,1.2158263,1.082353
2577951,afc-sunderland,289,0,tottenham-hotspur,148,1,4.2222223,21.055555,1.4444444,10.722222,9.8496733,14.745098,2.4183006,7.5947714,2015,1.1040087,.7319876,.91690445,.69079536,.89208418,.62915957,.96097064,.72115976,1.0175925,.49444443,1.2212963,.7638889
2577952,crystal-palace,873,0,manchester-city,281,1,13.444445,31.555555,7.0555553,21.444445,14.385621,20.921568,4.9019608,13.960784,2015,.9929086,.86732846,1.1754977,.93056458,1.0992994,1.0086781,1.2932844,.94953817,1.2861111,1.0787038,1.258201,.9222222
2577953,fc-watford,1010,1,swansea-city,2288,0,0,26.222221,0,11,.10457516,17.411764,.019607844,7.0522876,2015,1.1562864,.8406837,.92124575,.57597435,1.4850178,1.0021023,.8934527,.56815821,1.8537037,.91666669,1.0623016,.68703705
2577954,west-ham-united,379,2,newcastle-united,762,0,0,0,0,0,8.2222223,14.352942,2.6339869,4.9019608,2015,1.1047279,1.0065633,1.2492846,.62887025,1.1621166,1.2001216,1.084074,.6379056,1.5870371,1.7916666,1.468254,.74074072
2577955,leicester-city,1003,3,aston-villa,405,2,.83333331,4.7222223,.3888889,1.7777778,9.960784,10.294118,3.7124183,3,2015,1.3664838,.84742773,.8126685,.54082441,1.1997443,.79292822,.83631498,.487021,1.1689814,.94074076,1.1182539,.59907407
2577956,norwich-city,1123,3,afc-bournemouth,989,1,0,0,0,0,10,.013071896,2.4575164,.013071896,2015,.86036968,.75298244,1.2094609,.93592244,.76483107,.72654289,1.3204474,1.0560541,.81574076,1.0259259,1.6537037,1.3657408
2577957,west-bromwich-albion,984,0,fc-southampton,180,0,9.0555553,18.555555,3.6111112,8.7222223,16.117647,12.973856,5.1241832,5.4444447,2015,1.1876504,.77451265,1.2932965,.98661149,.99763316,.70033699,1.2990978,.94707221,1.1305555,.79814816,.98109245,.74313724
2577958,manchester-united,985,3,fc-liverpool,31,1,18.222221,24.444445,10.111111,13,13.470589,7.1437907,8.0718956,3.7124183,2015,.90593183,.90453726,.88555205,.47249958,.9831149,.80711281,1.090227,.63615352,1.4814814,.79166669,.99034393,.60555553
2577959,aston-villa,405,0,west-bromwich-albion,984,1,5.7777777,9.0555553,2.1666667,3.6111112,10.418301,16.117647,2.7516339,5.1241832,2015,.81424612,.52242619,1.1876504,.77451265,.83384579,.46420354,.99763316,.70033699,1.1404762,.61296296,1.1305555,.79814816
2577960,fc-chelsea,631,2,fc-arsenal,11,0,10.111111,71.555557,6.7222223,41.722221,21.241831,28.555555,13.300653,17.522877,2015,1.4791584,1.0094219,.97127283,.97924817,1.4450529,1.0212531,.96179354,.89208847,1.2186508,1.1333333,.76660055,.51759261
2577961,fc-liverpool,31,3,aston-villa,405,2,36.555557,4.8333335,19.333334,1.7777778,13.542483,6.5228758,7.2549019,1.7777778,2015,.80640811,.54177994,.76523399,.59009695,.84116244,.5724749,.76671618,.54312772,.67738098,.35370371,1.1367725,1.0111111
2577962,newcastle-united,762,1,fc-watford,1010,2,0,0,0,0,16.967319,0,5.8692808,0,2015,1.1357979,.58985883,1.0936882,.74288338,.98768282,.59862393,1.4385531,.88867384,1.4497354,.74074072,1.8444444,.93055558
2577963,fc-liverpool,31,1,norwich-city,1123,1,30,0,16.166666,0,10.653595,10.196078,5.5228758,2.5424836,2015,1.0894871,.69808394,.96777713,.79771924,1.2886595,.86193699,.96484208,.81759226,1.0921957,.68703705,1.1490741,1.1703703
2577964,stoke-city,512,2,leicester-city,1003,2,43.111111,.83333331,16.111111,.3888889,15.300653,9.6928101,5.6666665,3.1503267,2015,1.0995325,.74498677,1.3031883,.78145546,.98040986,.77963299,1.1311417,.73737264,.98333335,.68452382,1.1180556,.88518518
2577965,manchester-city,281,1,west-ham-united,379,2,28.222221,0,18.777779,0,13.934641,9.8692808,9.3267975,3.2745099,2015,1.2002581,.95825756,1.2173487,1.0684681,1.3183175,.95048195,1.2593389,1.2278994,1.3859788,1.0037037,1.5268519,1.7268518
2577966,fc-southampton,180,2,manchester-united,985,3,18.555555,17.5,8.7222223,9.833333,12.895425,15.614379,5.4640522,9.8039217,2015,1.2704791,.97272259,1.1678367,1.0958953,1.2710395,.93734998,1.2553371,1.0540264,.95168066,.71372551,1.8703704,.95833331
2577967,newcastle-united,762,2,fc-chelsea,631,2,0,9.7777777,0,6.5555553,12.150327,27.535948,4.026144,18.071896,2015,1.0534045,.58092654,1.3184481,1.0748967,1.0221368,.60241061,1.2065265,1.0381005,1.0589947,.76851851,1.0315126,1.2029412
2577968,afc-bournemouth,989,2,afc-sunderland,289,0,0,4.9444447,0,1.7222222,.052287582,12.065359,.019607844,3.006536,2015,1.3330603,1.0818199,1.093208,.75821638,1.4591227,1.2251543,.9476397,.6796056,1.7370371,1.6342592,.8740741,.49722221
2577969,tottenham-hotspur,148,4,manchester-city,281,1,21.388889,31.777779,10.833333,21.444445,13.640523,16.241831,7.1372547,10.856209,2015,1.0133197,.88789737,1.1095788,1.0645304,1.0758516,.90546316,1.1600834,1.0870382,1.4064815,.86666667,1.395238,1.1694444
2577970,stoke-city,512,2,afc-bournemouth,989,1,37.722221,0,14.166667,0,13.607843,.065359481,5.0326796,.019607844,2015,1.1872836,.79854196,1.1154927,.8700183,1.1479701,.86065149,1.184768,.94880104,.99722224,.64285713,1.4407407,1.3703704
2577971,leicester-city,1003,2,fc-arsenal,11,5,.83333331,78.833336,.3888889,46.111111,9.960784,32.875816,3.7124183,19.816994,2015,1.4600511,.80923325,1.0138317,.99495512,1.2877073,.76515043,1.0119443,.91391385,1.2939814,.88518518,.79623014,.53981483
2577972,tottenham-hotspur,148,1,crystal-palace,873,0,21.166666,12.333333,10.722222,6.3333335,10.718954,11.163399,5.5686274,3.8366013,2015,1.0145911,.86106563,.96472853,.87821656,1.0779884,.86926782,1.0585587,.97452903,1.3620371,.7972222,1.0268519,.89722222
2577973,swansea-city,2288,0,fc-everton,29,0,26.111111,55.833332,11.055555,23.111111,16.699347,26.647058,6.7124181,12.117647,2015,.89655441,.58291876,1.0383157,.63241386,.92108804,.59457624,1.0139143,.67918468,1.1147708,.77345681,.95846564,.52314812
2577974,fc-arsenal,11,3,manchester-united,985,0,63.055557,18.444445,36.5,10.277778,25.124184,18.065359,15.183006,11.150327,2015,.95899361,.99292535,1.1270932,.99028528,.9688192,.93081456,1.1974667,.96006894,.75313252,.51759261,1.6851852,.83333331
2577975,fc-chelsea,631,1,fc-southampton,180,3,36.111111,17.722221,24.388889,8.4444447,21.013071,12.823529,13.418301,5.4967322,2015,1.2608535,1.0318072,1.2684214,.97543865,1.1538736,.99799353,1.2717657,.94228828,1.0112433,1.1657407,.98109245,.75784314
2577976,fc-southampton,180,3,swansea-city,2288,1,18.444445,26.055555,8.666667,10.833333,12.895425,18.241831,5.5882354,7.1372547,2015,1.2684214,.97543865,.84376037,.52350521,1.2717657,.94228828,.85071766,.51765317,.98109245,.75784314,1.0345238,.68703705
2577977,manchester-united,985,3,afc-sunderland,289,0,17.111111,3.8333333,9.3888893,1.4444444,16.862745,11.941176,10.653595,2.9738562,2015,1.157033,1.1328117,1.0807896,.76246017,1.2414482,1.0899391,.94479072,.70043892,1.8657408,1.0185186,.83240741,.49722221
2577978,afc-sunderland,289,2,west-ham-united,379,2,4.5555553,0,1.5555556,0,13.915032,9.7712421,3.5163398,3.2026143,2015,1.0091742,.66115952,1.1116723,.98910296,.84887433,.57204384,1.1760055,1.1763121,.80462962,.45555556,1.4990741,1.7824074
2577979,norwich-city,1123,1,leicester-city,1003,2,0,.83333331,0,.3888889,11.058824,8.5555553,2.7320261,3.1307189,2015,.88999933,.79187131,1.1312644,.78145546,.78120011,.74969107,.91677576,.68939286,.8435185,1.0814815,.95833331,.94444442
2577980,aston-villa,405,0,stoke-city,512,1,4.7777777,43.722221,1.8333334,16.222221,5.5882354,19.424837,1.8235294,7.0915031,2015,.71606624,.47038794,1.1387309,.73840308,.71925145,.40060124,1.1257479,.81671542,1.0441799,.58518517,1.025,.62962961
2577981,afc-bournemouth,989,1,fc-watford,1010,1,0,0,0,0,.065359481,0,.019607844,0,2015,1.1603861,.95052361,1.0256399,.73991311,1.2341464,1.0352207,1.2982333,.8468129,1.5,1.3888888,1.6087542,.75968015
2577982,manchester-city,281,5,afc-bournemouth,989,1,31.888889,0,21.444445,0,14.653595,.052287582,9.4575167,.019607844,2015,.9864412,.90463436,1.1916361,.95907062,1.0716795,.91894954,1.2508131,1.0352207,.93783069,.94166666,1.5138888,1.3888888
2577983,fc-southampton,180,2,leicester-city,1003,2,15.666667,.83333331,7.1666665,.3888889,12.150327,6.8300653,4.9542484,2.5882354,2015,1.177454,.98805666,.98466694,.79557586,1.2303796,.96926636,.82881278,.68434238,.96540618,.74313724,.78703701,.8888889
2577984,fc-everton,29,0,manchester-united,985,3,58.888889,15.222222,24.611111,8.4444447,32.705883,10.738562,14.816994,6.6993465,2015,1.0788801,.64966154,1.1528504,1.0123553,1.0671551,.69616002,1.2962321,1.0295995,1.02791,.5787037,1.8694445,.93703705
2577985,fc-watford,1010,0,crystal-palace,873,1,0,10.944445,0,5.7222223,0,11.732026,0,4.0980392,2015,1.0848498,.74793386,.88085055,.69415832,1.4277306,.89372432,.96226233,.78288442,1.8494949,.93560606,1.0676471,.93627453
2577986,west-bromwich-albion,984,2,fc-everton,29,3,8.8888893,52.277779,3.5,21.444445,14.346405,22.549019,4.5032678,10.071896,2015,1.2220072,.80923486,.876082,.63367081,1.0481383,.76453453,.89884776,.64711398,1.1787037,.83981484,.81494707,.52314812
2577987,manchester-city,281,6,newcastle-united,762,1,28.888889,0,19.444445,0,15.660131,18.411764,10.235294,6.7320261,2015,1.1321477,1.0344666,1.29849,.59682989,1.265433,1.0534123,1.1286992,.59715968,1.3981482,1.1333333,1.4849206,.57407409
2577988,west-ham-united,379,2,norwich-city,1123,2,0,0,0,0,11.09804,10.071896,3.6732025,2.5228758,2015,1.2227834,1.084341,.90458268,.72480261,1.2732278,1.2556772,.93498099,.78425896,1.6240741,1.8101852,1.1490741,1.1703703
2577989,fc-everton,29,1,fc-liverpool,31,1,49.888889,32.111111,20.5,16.611111,20.568628,10.973856,9.320261,5.7712417,2015,.86682272,.57811522,.82901514,.55412561,.89127201,.60418469,.86641496,.58482057,.82883596,.50925928,.69126981,.35370371
2577990,fc-watford,1010,0,fc-arsenal,11,3,0,71.777779,0,41.777779,0,29.607843,0,17.980392,2015,.91750783,.55336231,.98922157,.98429871,1.2288249,.68993646,.9852978,.90002495,1.6809764,.65782827,.78511906,.51759261
2577991,fc-chelsea,631,2,aston-villa,405,0,10.111111,4.0555553,6.7222223,1.5,22.947712,5.5882354,14.712419,1.8235294,2015,1.2275202,1.0380572,.72835261,.55041438,1.2493263,1.0195919,.74564034,.48525733,1.1667989,1.0407407,.98862433,.84444445
2577992,crystal-palace,873,1,west-ham-united,379,3,14.555555,0,7.7222223,0,16.941177,9.9281044,6.013072,3.3137255,2015,1.1428105,.85286379,1.2708952,1.0282594,1.2549391,.97574157,1.2875797,1.1220492,1.4620371,1.1287037,1.4712963,1.625
2577993,tottenham-hotspur,148,0,fc-liverpool,31,0,21.388889,0,11.055555,0,14.947712,11.823529,8.1111107,6.1241832,2015,.89357263,.86557341,.60621572,.46945035,.88942587,.84996271,.59023505,.47386596,1.2490741,.78333336,.59867728,.3425926
2577994,crystal-palace,873,2,west-bromwich-albion,984,0,13.055555,9.166667,7,3.5555556,13.006536,15.09804,4.5490198,4.653595,2015,1.0475172,.77585763,1.183688,.77867931,1.1428179,.87018597,1.0207933,.75313854,1.1842593,.96203703,1.0194445,.72870368
2577995,newcastle-united,762,6,norwich-city,1123,2,0,0,0,0,12.464052,11.111111,4.0849671,2.7516339,2015,1.2247791,.59948516,.76777709,.73631573,1.0820044,.62002724,.67819089,.71882683,1.554365,.73148149,.81574076,1.0592593
2577996,afc-bournemouth,989,1,tottenham-hotspur,148,5,0,21.388889,0,10.944445,.052287582,12.156863,.019607844,6.6209149,2015,1.1639135,.94252694,.8130911,.80405474,1.2377552,1.0861467,.82403755,.79761225,1.4537038,1.2546296,1.1657407,.7972222
2577997,west-bromwich-albion,984,1,afc-sunderland,289,0,10.333333,0,4.1111112,0,18.026144,21.084967,5.5163398,5.4509802,2015,1.1980764,.7861563,.87568319,.55856371,1.0423982,.73153359,.72515815,.52788091,.99351853,.76574075,.58703703,.28611112
2577998,manchester-united,985,0,manchester-city,281,0,17.277779,33.333332,9.666667,22.555555,14.176471,19.830065,8.8627453,13.130719,2015,1.1584059,1.0741243,.94237989,.86115611,1.2869729,1.0621393,1.0365715,.85881525,1.8138889,.86296296,.92671961,.89722222
2577999,stoke-city,512,0,fc-watford,1010,2,42.388889,0,15.5,0,12.784314,.10457516,4.5098038,.019607844,2015,1.0420259,.754246,.95586473,.65494579,.96185899,.77423173,1.2268047,.75590378,.85833335,.59193122,1.5717171,.73190236
2578000,fc-liverpool,31,1,fc-southampton,180,1,0,17.111111,0,8.2222223,11.673203,11.20915,6.0849671,4.9084969,2015,.85343796,.61933786,1.1152151,.97096264,.97804171,.72797447,1.1573638,.94677961,.9042328,.63148147,.930291,.75740743
2578001,swansea-city,2288,2,tottenham-hotspur,148,2,24.388889,21.333334,10.222222,10.888889,14.921569,13.993464,5.9477124,7.5228758,2015,.93193454,.65257823,.88289821,.86811912,.96182877,.64550221,.87648398,.84880531,1.1369929,.84290123,1.2185185,.75555557
2578002,fc-arsenal,11,2,fc-everton,29,1,61.833332,59.611111,36.222221,24.611111,20.392157,30.529411,12.464052,13.960784,2015,.93452972,.94800788,1.0967544,.66135746,.90869242,.85343361,1.0794101,.70527685,.66239178,.45092592,1.0510582,.5787037
2578003,fc-chelsea,631,1,fc-liverpool,31,3,9.6111107,0,6.4444447,0,22.549019,11.202615,14.51634,5.6666665,2015,1.4157583,1.0167664,.85463858,.63322675,1.3869187,.95737535,.99249393,.74789596,1.132493,1.0460784,.92275131,.64259261
2578004,aston-villa,405,1,swansea-city,2288,2,4.2222223,25.611111,1.5555556,10.833333,7.0915031,15.555555,2.006536,6.352941,2015,.73937374,.60034823,.84099883,.5010379,.86510295,.56770885,.85698545,.5289197,1.0759259,.86296296,1.0592152,.75493824
2578005,leicester-city,1003,1,crystal-palace,873,0,.83333331,15.833333,.3888889,8.2222223,7.9411764,20.607843,3.0718954,7.1503267,2015,1.1729306,.85460365,1.0199047,.86057985,1.0532796,.76009995,1.1249048,.96123534,.9837963,.9222222,1.3231481,1.0916667
2578006,west-ham-united,379,2,fc-chelsea,631,1,0,9.2777777,0,6.2222223,9.7908497,21.888889,3.2745099,14.065359,2015,1.3317595,1.1039538,1.3367082,.98667693,1.3852921,1.294592,1.3312185,.95226479,1.6055555,1.7916666,1.175926,1.0851852
2578007,swansea-city,2288,0,stoke-city,512,1,24.444445,40.055557,10.277778,14.722222,14.777778,13.196078,6.1045752,4.8104577,2015,.84099883,.5010379,.94364625,.69957227,.85698545,.5289197,.8393842,.71327496,1.0592152,.75493824,.73333335,.51322752
2578008,norwich-city,1123,0,west-bromwich-albion,984,1,0,10.333333,0,4.1111112,11.143791,18.026144,2.7581699,5.5163398,2015,.96777713,.79771924,1.1980764,.7861563,.96484208,.81759226,1.0423982,.73153359,1.1490741,1.1703703,.99351853,.76574075
2578009,fc-everton,29,6,afc-sunderland,289,2,56.944443,0,23.777779,0,25.947712,15.019608,11.647058,3.3529413,2015,1.055315,.66403931,1.0806565,.7876634,1.0316159,.70788842,.9676379,.71714461,.95198411,.5787037,1.0898148,.58055556
2578010,crystal-palace,873,0,manchester-united,985,0,14.777778,16.5,7.7777777,9.166667,20.705883,12.045752,7.3986926,7.5032678,2015,1.1585902,.94651461,1.0458214,1.0242405,1.2334105,1.0894982,1.1326519,.98894703,1.4620371,1.1842593,1.5175925,.91851854
2578011,tottenham-hotspur,148,3,aston-villa,405,1,24.444445,.3888889,12.555555,.22222222,15.732026,10.529411,8.4901962,2.8366013,2015,.77079892,.75313848,.81063348,.53354931,.80752349,.7563464,.84425145,.487021,1.0916667,.70833331,1.1182539,.59907407
2578012,west-bromwich-albion,984,2,leicester-city,1003,3,9.833333,.83333331,3.9444444,.3888889,19.61438,8.5555553,6.0457516,3.1307189,2015,1.1990023,.80996585,1.1961939,.87173325,1.0182681,.72597802,.99295419,.80050397,.98240739,.74259257,.98148149,.99074072
2578013,swansea-city,2288,0,fc-arsenal,11,3,25.611111,52.388889,10.833333,31.055555,15.555555,16.764706,6.352941,10.366014,2015,.84099883,.5010379,.87250286,.81313777,.85698545,.5289197,.86609983,.73941243,1.0592152,.75493824,.77905846,.48333332
2578014,manchester-city,281,2,norwich-city,1123,1,30.388889,0,20.722221,0,15.464052,12.803922,10.392157,3.2483661,2015,.92314911,.82492423,.85961211,.74874264,1.0143492,.80325973,.83289766,.76417351,.90449733,.84166664,1.1074075,1.1564815
2578015,newcastle-united,762,0,stoke-city,512,0,0,42.666668,0,15.388889,13.313725,18.751635,4.4575162,6.5555553,2015,1.307016,.59682989,.94774944,.73421991,1.1359574,.59603733,.94905031,.79177558,1.480291,.55555558,.87685186,.55489421
2578016,aston-villa,405,0,manchester-city,281,0,0,28.611111,0,19.222221,6.6078429,17.79085,1.7581699,11.738562,2015,.76902717,.53890646,.93002254,.83144182,.73231864,.46457431,1.0331429,.82489854,1.0626984,.62222224,.9415344,.89351851
2578017,fc-southampton,180,2,afc-bournemouth,989,0,17.111111,0,8.2222223,0,11.20915,.052287582,4.9084969,.019607844,2015,1.1152151,.97096264,1.2250346,.94997686,1.1573638,.94677961,1.3377939,1.1129986,.930291,.75740743,1.5833334,1.425926
2578018,fc-arsenal,11,1,tottenham-hotspur,148,1,58.888889,21.277779,35.222221,10.944445,19.915033,11.797385,12.333333,6.4313726,2015,.89306909,.83112717,.89261562,.75303668,.87701255,.74460167,.94934469,.75002629,.76979917,.47407407,1.1962963,.69444442
2578019,afc-sunderland,289,3,newcastle-united,762,0,0,0,0,0,12.150327,12.464052,2.993464,4.0849671,2015,1.0930759,.79564923,1.2247791,.59948516,.99993777,.74170876,1.0820044,.62002724,1.1268518,.56944442,1.554365,.73148149
2578020,fc-watford,1010,2,west-ham-united,379,0,0,0,0,0,.10457516,11.542483,.019607844,3.7124183,2015,.95586473,.65494579,1.2177064,1.1243751,1.2268047,.75590378,1.1850543,1.2563086,1.5717171,.73190236,1.4867725,1.8194444
2578021,fc-liverpool,31,1,crystal-palace,873,2,0,15.111111,0,8,11.882353,16.444445,5.993464,6.3398695,2015,.93383718,.62433785,.97110295,.79270065,1.0627639,.71218163,1.0243987,.85356343,1.0074074,.63148147,1.0731481,.94351852
2578022,leicester-city,1003,2,fc-watford,1010,1,.83333331,0,.3888889,0,7.3986926,.10457516,2.5816994,.019607844,2015,1.1838961,.81656349,.93864572,.6595754,.97078806,.6955657,1.1880841,.77217764,1.0277778,1,1.5578283,.69023567
2578023,west-ham-united,379,1,fc-everton,29,1,0,55.666668,0,23.222221,8.4117651,24.019608,2.7254901,10.836601,2015,1.2283015,1.1493039,1.0728047,.67258632,1.1917462,1.274827,1.0463217,.72177732,1.5138888,1.875,.97050267,.60648149
2578024,afc-bournemouth,989,0,newcastle-united,762,1,0,0,0,0,.052287582,10.653595,.019607844,3.6274509,2015,.96809012,.82775217,1.3116845,.59682989,1.1100162,1.0444801,1.1396204,.59603733,1.2731482,1.2592592,1.480291,.55555558
2578025,fc-chelsea,631,1,norwich-city,1123,0,34.666668,0,23.222221,0,22.137255,7.1895423,14.274509,1.8823529,2015,1.4485135,1.173279,.85811001,.76123405,1.4625478,1.1474744,.77217233,.74334186,1.4197479,1.2764705,.78796297,.98425925
2578026,crystal-palace,873,0,afc-sunderland,289,1,14.166667,0,7.5,0,17.69281,12.196078,6.5816994,2.9346404,2015,1.038453,.82202166,1.151047,.7985732,1.1257875,.929335,.96660447,.69719309,1.3879629,1.1194445,1.0787038,.52499998
2578027,afc-sunderland,289,0,fc-southampton,180,1,0,14.833333,0,6.9444447,9.5294113,7.5816994,2.3333333,3.2875817,2015,1.1265957,.72888434,1.0923976,.88920045,1.0046684,.66902357,1.1746697,.88361824,1.1055555,.52499998,1.0784391,.68333334
2578028,swansea-city,2288,2,afc-bournemouth,989,2,28.944445,0,12,0,20.888889,.052287582,8.0653591,.019607844,2015,.84376037,.52350521,1.0111096,.76445055,.85071766,.51765317,1.1377552,.9299739,1.0345238,.68703705,1.3287038,1.125
2578029,fc-southampton,180,0,stoke-city,512,1,19,46.388889,9.1111107,16.777779,11.633986,20.509804,5.1960783,7.1241832,2015,1.1426321,.96645176,.90409863,.68699765,1.1785277,.93812162,.91849476,.73719472,.9765873,.79907405,.84907407,.47156084
2578030,aston-villa,405,2,fc-watford,1010,3,0,0,0,0,7.7385621,0,2.3071895,0,2015,.76555496,.60596997,1.0556918,.72040862,.76070613,.53239536,1.3865269,.87520581,1.0488095,.98333335,1.7754209,.90782827
2578031,leicester-city,1003,1,manchester-united,985,1,.83333331,15,.3888889,8.333333,8.5555553,10.673203,3.1307189,6.7189541,2015,1.1945599,.84742773,1.0713297,.90721995,.98537844,.74494839,1.1511705,.91136765,1.0092592,1,1.712963,.89351851
2578032,afc-bournemouth,989,3,fc-everton,29,3,0,57.055557,0,23.611111,.052287582,23.575163,.019607844,10.843137,2015,1.0111096,.76445055,1.0740124,.65942842,1.1377552,.9299739,1.0446877,.70682001,1.3287038,1.125,.98439151,.5787037
2578033,manchester-united,985,2,west-bromwich-albion,984,0,15.055555,9.833333,8.2222223,3.9444444,11.934641,19.61438,7.5228758,6.0457516,2015,1.1130843,1.0227506,1.1990023,.80996585,1.195222,1.0079947,1.0182681,.72597802,1.7212963,.94629627,.98240739,.74259257
2578034,norwich-city,1123,1,swansea-city,2288,0,0,27.222221,0,11.388889,6.5686274,19.143791,1.7058823,7.2614379,2015,.82680488,.68607062,.84376037,.52350521,.72433287,.60692209,.85071766,.51765317,.68611109,.77129632,1.0345238,.68703705
2578035,newcastle-united,762,0,leicester-city,1003,3,0,.83333331,0,.3888889,10.673203,8.5555553,3.6274509,3.1307189,2015,1.3116845,.59682989,1.1945599,.84742773,1.1396204,.59603733,.98537844,.74494839,1.480291,.55555558,1.0092592,1
2578036,stoke-city,512,1,fc-chelsea,631,0,46.388889,9.6111107,16.777779,6.4444447,20.509804,22.653595,7.1241832,14.535948,2015,.90409863,.68699765,1.2913239,1.0865144,.91849476,.73719472,1.3130122,1.064862,.84907407,.47156084,1.2236694,1.0901961
2578037,manchester-city,281,1,fc-liverpool,31,4,29,0,19.277779,0,19.189543,13.03268,12.686275,6.8039217,2015,.9648239,.89691347,.90180337,.64932173,1.0434604,.91286153,1.047815,.78091848,1.2554233,1.0324074,.89960319,.6240741
2578038,fc-watford,1010,1,manchester-united,985,2,0,13.611111,0,7.3888888,0,6.006536,0,3.5882354,2015,1.0532227,.73248589,.85764635,.80449665,1.3531935,.86238527,.93408287,.73057759,1.649495,.87079126,1.3555555,.75648147
2578039,norwich-city,1123,1,fc-arsenal,11,1,0,60.388889,0,35.277779,8.5098038,21.189543,2.1699347,12.75817,2015,.94514704,.76638758,.8781907,.89429373,.96375084,.82698381,.88766849,.84254634,1.0935185,1.0870371,.70498437,.52592593
2578040,west-bromwich-albion,984,2,fc-arsenal,11,1,9.666667,60.722221,3.8333333,35.833332,17.274509,21.869282,5.3333335,13.30719,2015,1.2333591,.84468806,.81816828,.80255574,1.0687732,.79017556,.80161572,.71682394,1.0305556,.78425926,.57535475,.40000001
2578041,manchester-city,281,3,fc-southampton,180,1,26.944445,16.944445,18.555555,8.166667,14.764706,11.666667,10.019608,5.1111112,2015,1.2437983,1.1045899,1.0470632,.96671885,1.3883933,1.113093,.94777209,.87443113,1.6086835,1.2078432,.77288359,.79907405
2578042,fc-everton,29,4,aston-villa,405,0,57.055557,0,23.611111,0,23.575163,9.1045752,10.843137,2.7777777,2015,1.0740124,.65942842,.76902717,.58612865,1.0446877,.70682001,.71572411,.47467533,.98439151,.5787037,.98862433,.62222224
2578043,crystal-palace,873,5,newcastle-united,762,1,14.444445,0,7.6111112,0,18.039215,9.5882349,6.7058825,3.2156863,2015,.9501043,.77043438,1.3424385,.63800055,1.0262505,.88012868,1.1882316,.66548181,1.1657407,.98981482,1.5914022,.75
2578044,tottenham-hotspur,148,0,fc-chelsea,631,0,19.777779,31.611111,10.111111,21.888889,11.542483,16.457516,6.3137255,11.130719,2015,.84553587,.74313426,1.1475135,1.0381621,.87456113,.72731906,1.1894641,1.0320733,.97407407,.61666667,1.112745,1.1049019
2578045,tottenham-hotspur,148,4,west-ham-united,379,1,20.944445,0,10.833333,0,12.137255,9.8562088,6.5947714,3.2418301,2015,.82081902,.69583505,1.0792274,.91943628,.87842965,.73150778,1.1032783,.96864015,1.1935185,.6388889,1.4064815,1.3935186
2578046,afc-sunderland,289,2,stoke-city,512,0,0,40.388889,0,14.722222,11.222222,18.48366,2.7189543,6.4248366,2015,1.0939444,.79617405,.96455616,.74602544,.96817034,.74263465,.95738369,.80509591,1.0824074,.60277778,.82129627,.53637564
2578047,manchester-united,985,0,west-ham-united,379,0,13.222222,0,7.3333335,0,7.4640522,11.679739,4.6209149,3.9150326,2015,.86280662,.81215823,.84071714,.78973883,.93867046,.75334293,.79401898,.82412958,1.3462963,.79351854,.93055558,.77314812
2578048,fc-everton,29,1,crystal-palace,873,1,50.555557,14.777778,21.722221,7.7777777,28.032681,19.09804,12.699347,6.7973857,2015,1.1321824,.76683581,1.0301458,.66622359,1.1002433,.81669658,1.1325667,.76606339,1.00291,.7638889,1.2074074,.91574073
2578049,fc-southampton,180,1,aston-villa,405,1,17.222221,0,8.3888893,0,9.4052286,6.3790851,4.3398695,1.862745,2015,1.1230553,.963835,.8355912,.64267629,1.1757219,.9388932,.89342219,.60029662,.9488095,.77129632,1.155291,.96481484
2578050,west-ham-united,379,1,west-bromwich-albion,984,1,0,9.6111107,0,3.7777777,6.7712417,17.79085,2.3398693,5.5424838,2015,1.0284643,.873954,1.2161592,.70927143,1.0972598,.97095495,1.0586721,.68355381,1.4944445,1.4212962,.99351853,.58055556
2578051,fc-arsenal,11,3,afc-sunderland,289,1,67.555557,0,39.333332,0,21.888889,8.8823528,13.281046,2.0784314,2015,.81293613,.76118886,1.1124523,.72998083,.81637216,.69920081,.90723246,.65838838,.75862193,.40092593,.90185183,.48055556
2578052,fc-watford,1010,2,norwich-city,1123,0,0,0,0,0,0,7.6209149,0,1.8562092,2015,1.0360037,.73711556,.88915056,.66508037,1.314473,.87865913,.92713469,.72760111,1.6356061,.82912457,1.0518519,.91111112
2578053,fc-chelsea,631,0,afc-bournemouth,989,1,7.1111112,0,4.7222223,0,19.189543,0,12.542483,0,2015,1.292096,1.0691683,1.1463219,.87523478,1.3279579,1.0516589,1.2883923,1.0729135,1.2890211,1.1518519,1.4313725,1.1911764
2578054,swansea-city,2288,0,leicester-city,1003,3,26.555555,.83333331,10.944445,.3888889,19.38562,8.0196075,7.5163398,2.856209,2015,.80623376,.55031896,1.1330189,.7710591,.76296836,.54010296,.89671403,.6492694,.8277337,.62530863,.97685188,.98148149
2578055,fc-liverpool,31,1,swansea-city,2288,0,0,24.222221,0,10.055555,10.823529,16.627451,5.5882354,6.3137255,2015,.96838051,.69583952,.8317188,.52890205,1.1124873,.81012076,.83484465,.50574839,.97367728,.72407407,1.0345238,.64999998
2578056,newcastle-united,762,2,fc-liverpool,31,0,0,0,0,0,10.620915,13.091503,3.6470587,6.7385621,2015,1.3330139,.63800055,.94324821,.67732102,1.1776495,.66548181,1.0828576,.78447974,1.5775132,.75,.96441799,.72407407
2578057,afc-bournemouth,989,2,manchester-united,985,1,0,12,0,6.6666665,.052287582,6.7254901,.019607844,4.2026143,2015,1.2283976,.95732957,.8160401,.73701352,1.3433107,1.1305912,.85714483,.65889853,1.6018518,1.2916666,1.1685185,.69166666
2578058,west-bromwich-albion,984,1,tottenham-hotspur,148,1,9.666667,18.111111,3.8333333,9.2777777,18.294117,9.0980396,5.640523,4.9673204,2015,1.2545578,.86552143,.92324752,.77433181,1.0979538,.8148669,.95063436,.75625426,1.0490741,.78425926,1.2564815,.71388888
2578059,manchester-city,281,2,swansea-city,2288,1,30.666666,0,20.222221,0,16.346405,18.960785,10.653595,7.3202615,2015,1.0028003,.99879992,.75067824,.54238242,1.1215723,.99239194,.74232328,.53721696,1.0637566,.99351853,.85551149,.68086421
2578060,fc-liverpool,31,2,west-bromwich-albion,984,2,0,8.8888893,0,3.5,15.803922,14.771242,8,4.6862745,2015,.91654789,.70824623,1.2432059,.83006817,1.0571266,.83433729,1.0773189,.78922588,.97830689,.74259257,1.1972222,.83981484
2578061,afc-sunderland,289,0,fc-watford,1010,1,0,0,0,0,9.679739,0,2.2026143,0,2015,1.1863369,.7766453,1.0840869,.72503823,1.0010418,.71324247,1.3902307,.88137865,1.0685185,.55833334,1.8254209,.90782827
2578062,aston-villa,405,0,fc-arsenal,11,2,0,67.555557,0,39.333332,7.1895423,21.888889,1.8692811,13.281046,2015,.74373931,.57686943,.81293613,.76118886,.76583433,.54312772,.81637216,.69920081,1.1399159,1.0705882,.75862193,.40092593
2578063,crystal-palace,873,1,fc-southampton,180,0,13.277778,18.888889,6.9444447,8.7777777,15.431373,12.490196,5.4052286,5.3725491,2015,.7433843,.66364682,1.1198146,.95256287,.80771393,.73264188,1.1504694,.92839938,.72592592,.7175926,.9488095,.77129632
2578064,fc-arsenal,11,2,manchester-city,281,1,66.944443,29.388889,39.055557,20.111111,21.235294,19.522877,12.993464,13.169934,2015,.79020882,.74002486,1.2576871,1.1016138,.80711293,.67899877,1.4062945,1.1061486,.74936265,.40092593,1.49709,1.1185185
2578065,leicester-city,1003,2,fc-chelsea,631,1,.83333331,10.111111,.3888889,6.7777777,6.5294118,31.928104,2.3856208,20.444445,2015,1.1388668,.80925357,1.33152,1.1168084,.92840916,.67704719,1.3483063,1.0921111,.97222221,.96296299,1.2550421,1.1735294
2578066,west-ham-united,379,0,stoke-city,512,0,0,37.944443,0,13.833333,10.294118,18.065359,3.4052289,6.2941175,2015,.9830265,.83712941,1.0325611,.64853704,.93941659,.89082211,1.0076736,.73801172,.9675926,.81018519,.86759257,.5787037
2578067,stoke-city,512,2,manchester-city,281,0,36.222221,24.333334,13.166667,16.611111,15.75817,11.921569,5.5816994,7.8562093,2015,1.0762119,.71990961,.83712572,.89499396,1.0433879,.80200952,.94394881,.9022668,.89537036,.61044973,.97962964,1.0046296
2578068,fc-everton,29,2,leicester-city,1003,3,48.666668,0,20.611111,0,24.30719,6.0392156,10.849673,1.9019607,2015,1.011812,.69373643,1.2725906,.82398212,.99025458,.75558549,1.115839,.73428625,.83624339,.68981481,1.1578704,.97777778
2578069,norwich-city,1123,1,fc-everton,29,1,0,50.555557,0,21.722221,7.0915031,27.189543,1.7320261,12.326797,2015,.92310119,.72758037,1.1321824,.76683581,.94291753,.78888857,1.1002433,.81669658,1.1212963,1.1148148,1.00291,.7638889
2578070,fc-chelsea,631,3,afc-sunderland,289,1,0,0,0,0,26.464052,10.267974,17.326797,2.5228758,2015,1.244005,.96705776,1.0854461,.59461796,1.2678449,.9566834,.90567845,.5629338,1.1779101,1.0435185,.95740741,.31388888
2578071,swansea-city,2288,0,west-ham-united,379,0,0,0,0,0,18.084967,8.8954248,7.3398695,2.8692811,2015,.78464967,.50757384,.8580265,.74189132,.73682874,.53397018,.82830548,.81145704,.8277337,.69938272,.8287037,.7824074
2578072,stoke-city,512,1,crystal-palace,873,2,34.222221,11.666667,12.444445,6.3333335,14.477124,19.535948,5.0588236,7.2287583,2015,1.0643071,.69687039,.88058966,.705051,1.0215626,.76862746,.91745418,.80372578,.89537036,.61044973,.90277779,.8277778
2578073,west-bromwich-albion,984,1,afc-bournemouth,989,2,9.666667,0,3.8333333,0,18.294117,.052287582,5.640523,.019607844,2015,1.2545578,.86552143,1.2259175,.9369877,1.0979538,.8148669,1.3266441,1.0921296,1.0490741,.78425926,1.5694444,1.2777778
2578074,tottenham-hotspur,148,1,newcastle-united,762,2,21.333334,0,10.833333,0,13.078431,10.620915,6.8954248,3.6470587,2015,.96698362,.80110353,1.3330139,.63800055,1.0196061,.79480094,1.1776495,.66548181,1.2888889,.69444442,1.5775132,.75
2578075,manchester-city,281,4,afc-sunderland,289,1,32.5,0,22.166666,0,24.718954,14.54902,16.535948,3.7450981,2015,1.2229649,1.0721525,1.2248977,.768242,1.3745484,1.0737412,1.0441735,.70199907,1.4415344,1.0814815,1.0824074,.51759261
2578076,fc-watford,1010,3,fc-liverpool,31,0,0,0,0,0,.10457516,9.8104572,.019607844,5.013072,2015,1.0378977,.73206502,.87460196,.63676476,1.3094225,.87360865,.99609727,.73072177,1.6305555,.82407409,.90555555,.65370369
2578077,fc-liverpool,31,1,leicester-city,1003,0,0,.83333331,0,.3888889,11.836601,7.2026143,5.9084969,2.8300653,2015,.8805474,.64378226,1.3051147,.84032202,1.0085552,.7445178,1.115839,.73428625,.95185184,.69999999,1.150463,.97777778
2578078,manchester-united,985,1,norwich-city,1123,2,16.944445,0,9.333333,0,14.09804,10.104575,8.8431368,2.4640522,2015,1.0464269,.94699067,.79316294,.75367683,1.1198432,.92009783,.70388532,.75692207,1.787037,.95833331,.81574076,1.0592593
2578079,newcastle-united,762,1,aston-villa,405,1,0,0,0,0,12.862745,8.320261,4.4052286,2.2875817,2015,1.3290457,.64196879,.78622299,.62052017,1.169713,.66548181,.79916769,.57784992,1.5775132,.75,1.0765873,1.0111111
2578080,fc-chelsea,631,2,fc-watford,1010,2,1.4444444,0,1.3333334,0,32.156864,.10457516,20.542484,.019607844,2015,1.2714355,1.061708,1.0739166,.74151886,1.2872894,1.0383828,1.3802558,.89514375,1.2223545,1.1268518,1.8398148,.8888889
2578081,aston-villa,405,1,west-ham-united,379,1,0,0,0,0,8.4379082,8.7124186,2.3137255,2.7843137,2015,.78622299,.62052017,.7494697,.73031723,.79916769,.57784992,.75886106,.82829207,1.0765873,1.0111111,.75462961,.80555558
2578082,fc-southampton,180,0,tottenham-hotspur,148,2,20.333334,21.277779,9.333333,10.888889,13.699347,13.084968,5.8366013,7.0784316,2015,1.1202555,.95410603,.98961544,.73340094,1.1504694,.9276278,1.029624,.72579741,.9488095,.77129632,1.2768519,.6388889
2578083,fc-southampton,180,4,fc-arsenal,11,0,16.055555,66.944443,7.5555553,39.055557,9.9411764,21.235294,4.2156863,12.993464,2015,1.0470632,.96671885,.79020882,.74002486,.94777209,.87443113,.80711293,.67899877,.77288359,.79907405,.74936265,.40092593
2578084,fc-chelsea,631,2,west-bromwich-albion,984,2,.8888889,11.055555,.77777779,4.3888888,24.431372,25.300653,15.581699,7.3986926,2015,1.1873498,.97037208,1.0228328,.69144732,1.2139926,.96148831,.92634887,.675978,1.0432773,.99411762,1.0212963,.76203704
2578085,swansea-city,2288,2,afc-sunderland,289,4,0,0,0,0,20.346405,13.281046,7.8431373,3.2418301,2015,.79432899,.55031896,1.0322603,.67360729,.74537575,.54010296,.90554643,.60742235,.8277337,.62530863,.97870368,.48055556
2578086,stoke-city,512,2,manchester-united,985,0,36.222221,16.944445,13.166667,9.333333,15.75817,14.09804,5.5816994,8.8431368,2015,1.0762119,.71990961,1.0464269,.94699067,1.0433879,.80200952,1.1198432,.92009783,.89537036,.61044973,1.787037,.95833331
2578087,tottenham-hotspur,148,3,norwich-city,1123,0,23,0,11.722222,0,16.228758,9.9673204,8.7712421,2.5424836,2015,.98858857,.84508502,.90427405,.79071391,1.0330411,.83646762,.80110753,.77263474,1.2935185,.70833331,.8435185,1.0814815
2578088,swansea-city,2288,1,west-bromwich-albion,984,0,0,11.222222,0,4.4444447,18.875816,21.751635,7.3137255,6.5424838,2015,.77462459,.53698558,.96879548,.74993497,.77578884,.54912174,.86474758,.68818343,.85551149,.71790123,.74351853,.5453704
2578089,aston-villa,405,1,crystal-palace,873,0,0,15.277778,0,7.9444447,6.5620914,19.104576,1.9019607,6.9477124,2015,.77686453,.50421983,.93302375,.75923258,.75354123,.37598005,1.0365018,.79573715,1.0056022,.62941176,1.1703703,.7361111
2578090,newcastle-united,762,0,fc-everton,29,1,0,48.666668,0,20.611111,9.9084969,26.470589,3.2352941,11.810457,2015,1.1377578,.60212594,1.011812,.69373643,1.0939554,.63285393,.99025458,.75558549,1.0589947,.75,.83624339,.68981481
2578091,afc-bournemouth,989,0,crystal-palace,873,0,0,15.166667,0,7.8888888,.052287582,16.620914,.019607844,6.0326796,2015,1.2259175,.9369877,.74688888,.57728815,1.3266441,1.0921296,.81388974,.57810044,1.5694444,1.2777778,.89607841,.58333331
2578092,newcastle-united,762,3,manchester-united,985,3,0,15.666667,0,8.5555553,8.1960783,7.2614379,2.7581699,4.3921571,2015,1.0566473,.57269913,1.142134,.99209648,.98818618,.59026134,1.2252445,.95974427,1.0219576,.68981481,1.8185185,.93240738
2578093,afc-bournemouth,989,1,west-ham-united,379,3,0,0,0,0,.065359481,10.888889,.019607844,3.5490196,2015,1.2616427,.90802604,1.00595,.94328368,1.4698609,1.0662512,.95099068,1.0389702,1.8354497,1.2962962,.96296299,1.0972222
2578094,manchester-city,281,0,fc-everton,29,0,33.5,49.111111,21.888889,20.777779,22.568628,33.38562,14.653595,14.418301,2015,.96286625,.9839505,1.0092429,.73295605,1.0521499,1.0019819,1.0072752,.80757976,1.34709,1.0990741,.80105817,.63425928
2578095,aston-villa,405,1,leicester-city,1003,1,0,.83333331,0,.3888889,6.5620914,7.6928105,1.9019607,2.8823528,2015,.77686453,.50421983,1.1319869,.79266405,.75354123,.37598005,.91985136,.68939286,1.0056022,.62941176,.99537039,.94444442
2578096,afc-bournemouth,989,3,norwich-city,1123,0,0,0,0,0,.052287582,8.7189541,.019607844,2.2091503,2015,1.1117198,.81504607,.81561661,.76918614,1.2065052,.93044871,.71159035,.75195575,1.5530423,1.1296296,.78796297,1.0037037
2578097,fc-liverpool,31,0,manchester-united,985,1,0,15.666667,0,8.5555553,9.4313726,8.0784311,4.8758168,4.8692808,2015,.84769619,.6742602,1.1115783,1.0004299,.98003602,.77462041,1.1946889,.9680776,.92275131,.72592592,1.8462963,.98796296
2578098,fc-southampton,180,2,fc-watford,1010,0,19.722221,0,9.2222223,0,12.078431,0,5.3725491,0,2015,1.0845412,.92932391,.92657512,.58735037,1.1072595,.90679443,1.2371582,.71453422,.89325398,.75277776,1.6022727,.73190236
2578099,stoke-city,512,3,norwich-city,1123,1,37.888889,0,13.888889,0,17.418301,8.1568632,6.1764708,2.013072,2015,1.2729712,.80526233,.77857959,.74603796,1.2029644,.8682099,.69307184,.73932952,1.2564815,.7638889,.78796297,1.0037037
2578100,fc-southampton,180,3,west-bromwich-albion,984,0,22.111111,10.833333,10.555555,4.3333335,15.653595,20.986929,7.0784316,6.2222223,2015,1.0994805,.87050039,1.1980764,.7861563,1.1396669,.84660923,1.0423982,.73153359,.92658728,.71574074,.99351853,.76574075
2578101,newcastle-united,762,2,west-ham-united,379,1,0,0,0,0,6.0392156,10.751634,1.8366013,3.3790851,2015,1.1894586,.60961294,.93971813,.91669637,1.1496034,.63346446,.90605605,1.030118,1.0914022,.75,.99537039,1.2453704
2578102,tottenham-hotspur,148,0,leicester-city,1003,1,19.555555,.83333331,10.055555,.3888889,11.529411,6.5163398,6.2941175,2.3202615,2015,.88004947,.74984694,1.1846185,.82777208,.90966213,.73812151,.97386372,.6955657,1.1685185,.6388889,1.0648148,1
2578103,stoke-city,512,0,fc-arsenal,11,0,37.277779,70.944443,13.833333,41.5,18.509804,22.555555,6.7058825,13.686275,2015,1.2870643,.80596262,.7594716,.54425764,1.2168534,.87515432,.76633656,.54690868,1.2842592,.77777779,.73084414,.34537038
2578104,fc-liverpool,31,3,fc-arsenal,11,3,0,71.333336,0,41.611111,9.4313726,23.464052,4.8758168,14.169934,2015,.84769619,.6742602,.83508062,.7691254,.98003602,.77462041,.84183514,.69609278,.92275131,.72592592,.75862193,.40092593
2578105,swansea-city,2288,1,fc-watford,1010,0,0,0,0,0,20.38562,0,7.8300653,0,2015,.79432899,.55031896,.93290746,.54519635,.74537575,.54010296,1.2166195,.66485441,.8277337,.62530863,1.6383839,.71801347
2578106,fc-chelsea,631,3,fc-everton,29,3,.8888889,50.388889,.77777779,21.111111,19.006536,31.418301,12.745098,13.594771,2015,1.1432322,.92831326,1.0243394,.74252546,1.183244,.92039835,1.0167524,.81422746,1.0432773,.95490193,.78716934,.60648149
2578107,leicester-city,1003,3,stoke-city,512,0,.83333331,34.166668,.3888889,12.555555,6.5163398,14.843137,2.3202615,5.1830068,2015,1.1846185,.82777208,1.2734121,.78901231,.97386372,.6955657,1.1918534,.79239291,1.0648148,1,1.2472222,.66600531
2578108,fc-everton,29,1,swansea-city,2288,2,50.888889,0,21.611111,0,28.457516,18.522877,12.215686,7.0784316,2015,1.0421618,.75784409,.76081645,.54907399,1.0352709,.83274597,.72709465,.52537233,.78994709,.66203701,.94810408,.62530863
2578109,tottenham-hotspur,148,4,afc-sunderland,289,1,20.666666,0,10.444445,0,12.718954,13.006536,6.7254901,3.1633987,2015,.98550218,.82461715,1.1536003,.70541084,1.0226796,.8182497,.95905948,.60940647,1.2888889,.70833331,1.0574074,.46203703
2578110,norwich-city,1123,4,fc-liverpool,31,5,0,0,0,0,4.3071895,9.7647057,1.1895425,5.1568627,2015,.92996407,.83340752,.84956586,.66400379,.83214688,.81544781,.98228067,.76325679,.9546296,1.05,.97703081,.76862746
2578111,fc-arsenal,11,0,fc-chelsea,631,1,68.555557,.8888889,40.055557,.77777779,24.202614,23.607843,14.843137,15.222222,2015,.90710175,.87855297,1.1802268,.95551747,.94021475,.84025419,1.2221378,.91056037,.76093674,.49351853,1.2103175,1.0685185
2578112,west-bromwich-albion,984,0,aston-villa,405,0,10.333333,0,4.0555553,0,18.69281,6.6666665,5.6339869,1.9215686,2015,1.1487128,.6299063,.76563084,.49628332,.99694371,.60022044,.75866944,.38671237,.93796295,.56203705,1.035014,.65882355
2578113,fc-watford,1010,2,newcastle-united,762,1,0,0,0,0,0,5.5555553,0,1.8431373,2015,.9056347,.58613199,1.2267621,.65217531,1.1858503,.6926322,1.1926243,.66792011,1.6717172,.77356905,1.0265872,.69907409
2578114,crystal-palace,873,1,tottenham-hotspur,148,3,15.555555,22.111111,8.0555553,11.166667,19.549019,14.928104,7.1307192,7.9346404,2015,.844675,.7076453,1.0071071,.84481919,.93696481,.74653077,1.0442846,.83845174,.94814813,.60648149,1.2935185,.70833331
2578115,west-ham-united,379,2,manchester-city,281,2,0,35.777779,0,23.666666,7.9411764,23.202614,2.509804,15.300653,2015,.93755764,.9111408,1.0308282,1.024789,.9159326,1.030118,1.1257831,1.0403417,1.0092592,1.1898148,1.4359789,1.1629629
2578116,fc-arsenal,11,0,fc-southampton,180,0,72.555557,19.333334,42.277779,9,27.346405,8.8562088,16.705883,4.0326796,2015,.88885558,.85715896,1.0853766,.85379744,.92496419,.80995119,1.1211483,.8651278,.71927011,.43796295,.9488095,.77129632
2578117,manchester-city,281,4,crystal-palace,873,0,33.777779,15.555555,22.388889,8.0555553,22.013071,19.549019,14.379085,7.1307192,2015,.96286625,.9839505,.844675,.7076453,1.0521499,1.0019819,.93696481,.74653077,1.34709,1.0990741,.94814813,.60648149
2578118,manchester-united,985,0,fc-southampton,180,1,16.166666,17.222221,8.8888893,8,7.980392,7.640523,4.6797385,3.4379084,2015,1.0909017,.95141023,1.1277047,.84569556,1.2074755,.96190476,1.1460124,.84429443,1.8787037,.95092595,1.2265873,.91018516
2578119,afc-sunderland,289,0,manchester-city,281,1,0,34.666668,0,22.611111,8.5228758,24.326797,2.359477,15.784314,2015,1.1802294,.7963993,1.0830425,.96167952,1.1043949,.70804471,1.1284366,.93469793,1.1203704,.60370368,1.3100529,.77962965
2578120,norwich-city,1123,0,tottenham-hotspur,148,3,0,21.111111,0,10.722222,9.8300657,13.006536,2.4052289,7.0522876,2015,.89371234,.7629655,.96544045,.8467685,.77557844,.71267003,1.0155808,.83382213,.89907408,1.0111111,1.2824074,.70833331
2578121,west-bromwich-albion,984,1,swansea-city,2288,1,9.2222223,0,3.6666667,0,17.032681,18.431372,5.0392156,7.019608,2015,1.1910567,.70355302,.87766236,.55649179,1.053762,.69337422,.94867247,.55626458,1.1972222,.73796296,1.049956,.70864195
2578122,crystal-palace,873,1,afc-bournemouth,989,2,10.555555,0,5.8333335,0,13.418301,.065359481,4.9019608,.019607844,2015,.76294059,.61855447,1.2521631,.87395197,.81190562,.68533349,1.4414659,.99360162,.85185188,.5787037,1.8539683,1.2916666
2578123,leicester-city,1003,2,fc-liverpool,31,0,.83333331,0,.3888889,0,7.2483659,11.647058,2.5555556,6.013072,2015,1.1700681,.87715483,.83151031,.65474451,.96344703,.761805,.96409887,.75893581,1.0833334,1.0833334,.95742297,.73921567
2578124,afc-bournemouth,989,0,fc-arsenal,11,2,0,71.111115,0,41.388889,.065359481,24.69281,.019607844,14.96732,2015,1.031484,.84564507,.95631588,.88096845,1.2420832,1.0368115,.99242455,.83376068,1.6734127,1.2546296,.91371453,.50277776
2578125,fc-everton,29,3,newcastle-united,762,0,52.222221,0,21.111111,0,21.973856,5.3986926,9.9084969,1.8888888,2015,.90592921,.7226634,1.2099974,.6170485,.94755048,.7867583,1.1489886,.67019284,.72698414,.67592591,1.0515873,.62037039
2578126,manchester-united,985,3,stoke-city,512,0,15.388889,37.444443,8.6111107,14,9.4117651,12.281046,5.8627453,4.6862745,2015,1.0617436,.92363244,1.2079769,.73411167,1.1823432,.94170272,1.1474733,.79486203,1.8277777,.93240738,1.2055556,.71230161
2578127,aston-villa,405,2,norwich-city,1123,0,0,0,0,0,10.398693,3.8039215,2.9346404,1.0196079,2015,.59098774,.46420196,1.032222,.84906656,.49685448,.37596342,.95188594,.83536124,.4955357,.37708333,1.075,1.0722222
2578128,afc-sunderland,289,1,afc-bournemouth,989,1,0,0,0,0,11.882353,.065359481,2.9673202,.019607844,2015,1.189718,.71934664,1.2616427,.90802604,1.0685093,.60498035,1.4698609,1.0662512,1.0601852,.48333332,1.8354497,1.2962962
2578129,stoke-city,512,0,fc-everton,29,3,33.666668,54.888889,12.666667,22.333334,9.3137255,25.607843,3.6274509,11.535948,2015,1.120014,.69683719,1.096198,.8085385,1.0419739,.75782496,1.0961616,.88953608,1.0898148,.67526454,.87976193,.7175926
2578130,fc-chelsea,631,1,manchester-united,985,1,.8888889,15.388889,.77777779,8.6111107,22.091503,9.4117651,14.875817,5.8627453,2015,1.2154832,1.0414388,1.0617436,.92363244,1.2657108,1.0407081,1.1823432,.94170272,1.2916666,1.1685185,1.8277777,.93240738
2578131,fc-watford,1010,0,fc-chelsea,631,0,0,.8888889,0,.77777779,0,22.091503,0,14.875817,2015,.92709357,.64248353,1.117299,.96824616,1.2145901,.75774413,1.1833017,.94149834,1.6948653,.78745788,1.2058823,1.1196078
2578132,fc-southampton,180,1,west-ham-united,379,0,17.888889,0,8.4444447,0,7.9607844,12.111111,3.6862745,3.7254901,2015,1.3349358,.91359681,1.1231114,1.0991721,1.4370855,.9492327,1.0473105,1.2002627,1.4488095,.96574074,1.0701058,1.3518518
2578133,tottenham-hotspur,148,1,fc-watford,1010,0,21.333334,0,10.833333,0,12.346405,0,6.6209149,0,2015,.98263621,.8499583,.91739708,.61503214,1.0433586,.84139788,1.1947247,.72916418,1.2962962,.7638889,1.6574074,.72685188
2578134,fc-liverpool,31,2,afc-sunderland,289,2,0,0,0,0,13.392157,8.4836597,7.1633987,2.1960785,2015,.89043283,.67306179,1.0844555,.62785578,1.0292238,.79195833,.9882105,.55645746,.93291318,.71960783,1.0814815,.37037036
2578135,fc-chelsea,631,5,newcastle-united,762,1,1.4444444,0,1.3333334,0,19.954248,5.4575162,12.660131,1.8169935,2015,1.2892331,.98159856,1.2136732,.68260956,1.3161937,.94660938,1.157968,.71691,1.337395,1.1166667,1.1296296,.81481481
2578136,west-ham-united,379,2,aston-villa,405,0,0,0,0,0,12.261438,7.5359478,3.6470587,2.143791,2015,.97341377,.93323296,.62779796,.44939178,.94092393,1.0400895,.58425868,.41441998,1.0330688,1.2453704,.7359944,.56078434
2578137,swansea-city,2288,0,fc-southampton,180,1,0,18.944445,0,8.9444447,15.640523,9.986928,5.9150329,4.5032678,2015,.92305285,.559017,1.3345412,.99066651,.98240262,.54380018,1.4231967,.9901278,1.1147708,.63456792,1.3932539,.94722223
2578138,crystal-palace,873,1,fc-watford,1010,2,11.944445,0,6.1666665,0,10.875817,0,3.8169935,0,2015,.77659273,.627765,.86701912,.59896791,.7930755,.58415705,1.1284789,.69810361,.75370371,.4074074,1.611532,.67634678
2578139,swansea-city,2288,1,crystal-palace,873,1,0,11.388889,0,5.8888888,14.712419,7.5163398,5.6209149,2.640523,2015,.90906334,.57236481,.77564305,.63332057,.98528862,.59624773,.77949822,.58874261,.91106701,.73641974,.78518516,.46296296
2578140,afc-sunderland,289,2,manchester-united,985,1,0,10.611111,0,5.8888888,6.2026143,6.8562093,1.7124183,4.2745099,2015,.99439919,.58633107,1.1016977,.88791817,.85756737,.52444685,1.1396666,.89765513,.72870368,.33425927,1.7120371,.87222224
2578141,manchester-city,281,1,leicester-city,1003,3,32.166668,.83333331,21.666666,.3888889,22.352942,7.2483659,14.751634,2.5555556,2015,.9198072,.77181596,1.1700681,.87715483,.98230863,.7876721,.96344703,.761805,1.1554233,.62777776,1.0833334,1.0833334
2578142,fc-liverpool,31,4,fc-everton,29,0,0,53.388889,0,22.111111,9.9477119,26.418301,5.346405,11.986928,2015,.79690468,.62625289,1.0707332,.79451722,.89257741,.75002187,1.1056412,.89473891,.78664023,.63148147,.85277778,.7361111
2578143,aston-villa,405,0,fc-liverpool,31,6,0,0,0,0,10.954248,7.8235292,2.993464,4.5816994,2015,.57050455,.43543661,.90340048,.59477007,.46453387,.32783508,1.0974675,.80862504,.4799107,.34583333,1.0956583,.82745099
2578144,fc-arsenal,11,2,leicester-city,1003,1,65.055557,.83333331,37.944443,.3888889,23.071896,7.2483659,14.326797,2.5555556,2015,.97453606,.92904758,1.1700681,.87715483,.99345762,.89153624,.96344703,.761805,.82575154,.56018519,1.0833334,1.0833334
2578145,newcastle-united,762,1,west-bromwich-albion,984,0,0,9.666667,0,3.7777777,4.5620914,17.281046,1.6339869,4.8954248,2015,1.1037196,.58852887,1.1800919,.69244194,1.0491717,.63265073,1.0341541,.68543774,1.074074,.62962961,1.1972222,.73796296
2578146,fc-everton,29,0,west-bromwich-albion,984,1,58.722221,9.7222223,24.055555,3.8333333,35.294117,16.993464,15.732026,4.9542484,2015,1.0996702,.8085385,.96556658,.66489565,1.0961616,.88953608,.88608515,.66110712,.87976193,.7175926,1.2064815,.91944444
2578147,manchester-city,281,1,tottenham-hotspur,148,2,33.722221,21.333334,22.5,10.833333,23.254902,11.215686,15.176471,6.0457516,2015,.90810287,.73932439,.98263621,.8499583,.96679634,.75173736,1.0433586,.84139788,1.1183863,.60925925,1.2962962,.7638889
2578148,fc-southampton,180,1,fc-chelsea,631,2,18.944445,.16666667,8.9444447,.16666667,9.986928,15.052288,4.5032678,9.5490198,2015,1.2847176,.9782021,1.3460429,1.1275357,1.3707275,.98472655,1.3864652,1.1076388,1.1710317,.89166665,1.3413166,1.2049019
2578149,norwich-city,1123,2,west-ham-united,379,2,0,0,0,0,5.647059,4.6862745,1.4640523,1.4705882,2015,1.0163838,.84334761,1.1531906,1.1255186,.95946169,.84647238,1.08463,1.2512585,1.1305555,1.1277778,1.1029412,1.3823529
2578150,newcastle-united,762,1,manchester-city,281,1,0,34,0,22.555555,5.8627453,19.392157,1.8823529,12.797385,2015,1.2403573,.6079061,1.2104807,.95353228,1.1023406,.62783146,1.352679,.98139024,1.5654762,.62962961,1.39709,1.0407407
2578151,stoke-city,512,2,aston-villa,405,1,37.166668,0,13.722222,0,12.640523,9.986928,4.8823528,2.6862745,2015,1.076749,.65455323,.64138794,.42711869,1.074241,.73950952,.65847951,.35823312,.92592591,.60582012,.88305324,.44313726
2578152,afc-bournemouth,989,1,stoke-city,512,3,0,32.444443,0,12.222222,.065359481,9.4313726,.019607844,3.5816994,2015,1.031484,.84564507,1.1616806,.64171284,1.2420832,1.0368115,1.116521,.67665213,1.6734127,1.2546296,1.2055556,.63822752
2578153,tottenham-hotspur,148,2,swansea-city,2288,1,21.166666,0,10.722222,0,10.437908,15.640523,5.5228758,5.9150329,2015,.97954977,.81410158,.92305285,.559017,1.0472847,.80257213,.98240262,.54380018,1.2916666,.7361111,1.1147708,.63456792
2578154,leicester-city,1003,1,norwich-city,1123,0,.83333331,0,.3888889,0,7.3137255,5.4509802,2.7189543,1.254902,2015,1.2390474,.82854372,.98359931,.75053716,1.0150852,.71418595,.90715009,.7248674,1.1712962,1.0833334,1.0333333,.89629632
2578155,fc-arsenal,11,1,swansea-city,2288,2,59.722221,0,35.166668,0,20.313726,9.9215689,12.75817,4.0849671,2015,.91664028,.86666894,.94748896,.61288673,.95182467,.83998966,1.0117677,.61046684,.77945524,.5324074,1.1147708,.63456792
2578156,afc-bournemouth,989,2,fc-southampton,180,0,0,18.944445,0,8.9444447,.013071896,9.8888893,.013071896,4.4705882,2015,1.3316342,.83164114,1.2847176,.9782021,1.5219653,.96701092,1.3707275,.98472655,2.0502646,1.3287038,1.1710317,.89166665
2578157,leicester-city,1003,2,west-bromwich-albion,984,2,.83333331,9.3888893,.3888889,3.7222223,8.0980396,16.79085,2.8039215,4.7189541,2015,1.1686695,.74096656,1.1799457,.69799751,.9292056,.61322445,1.0341541,.68543774,1.0694444,.93518519,1.1972222,.73796296
2578158,fc-watford,1010,0,afc-bournemouth,989,0,0,0,0,0,0,.013071896,0,.013071896,2015,.85227215,.56779504,1.0901949,.74414825,1.102553,.66477025,1.2380147,.91335469,1.5791246,.62079126,1.5391535,1.125
2578159,west-bromwich-albion,984,3,crystal-palace,873,2,10.166667,12.555555,4.0555553,6.3888888,19.20915,17.09804,5.3790851,5.7973857,2015,1.2294555,.84869194,1.01087,.79227626,1.0796086,.81675082,.99454069,.7824595,1.2527778,.94166666,.98981482,.77777779
2578160,norwich-city,1123,1,fc-chelsea,631,2,0,.72222221,0,.72222221,8.7647057,17.732027,2.2026143,11.830066,2015,.80484223,.74279726,1.2756244,1.0322976,.69629151,.7202819,1.2688181,.94721103,.81574076,1.0037037,1.2532738,1.1552083
2578161,west-ham-united,379,1,afc-sunderland,289,0,0,0,0,0,4.6993465,6.3202615,1.4771242,1.4248366,2015,1.0033911,1.0891346,1.0617739,.59737837,.97313815,1.2598827,.86516219,.47321227,1.5070806,1.8928572,.77314812,.31203705
2578162,manchester-united,985,1,fc-watford,1010,0,9.9444447,0,5.6111112,0,1.8888888,0,1.1503268,0,2015,.78909683,.68222827,.85227215,.56779504,.88252366,.66280866,1.102553,.66477025,1.2907407,.71018517,1.5791246,.62079126
2578163,afc-sunderland,289,2,crystal-palace,873,2,0,12.055555,0,6.1111112,6.3921571,14.20915,1.4313725,4.7973857,2015,1.0617739,.59737837,1.1016989,.92190588,.86516219,.47321227,1.1037999,.94773728,.77314812,.31203705,1.1935185,.93518519
2578164,manchester-united,985,3,fc-arsenal,11,2,12.055555,60.111111,6.9444447,35,5.0457516,19.777779,3.1176472,12.287581,2015,.74796188,.68079525,.98449045,.88465297,.83386242,.65698051,1.0186102,.85387856,1.1842593,.68240738,.99056637,.57499999
2578165,west-ham-united,379,1,tottenham-hotspur,148,0,0,19.666666,0,9.9444447,5.5490198,8.4967318,1.7189542,4.4705882,2015,1.0793625,1.0046108,.96103126,.80597681,1.1183815,1.1963143,1.0299236,.79973119,1.4830065,1.7539682,1.2916666,.75
2578166,aston-villa,405,1,fc-everton,29,3,0,58.944443,0,24.444445,9.4183006,36.215687,2.5947711,16.281046,2015,.73166573,.48531976,1.1979995,.81586075,.77752715,.42767757,1.1890655,.88068384,1.1379552,.6490196,.96309525,.79166669
2578167,manchester-city,281,4,aston-villa,405,0,31.333334,0,20.722221,0,25.470589,9.4183006,16.509804,2.5947711,2015,1.1213666,.91835248,.73166573,.48531976,1.2297179,.89481699,.77752715,.42767757,1.1748677,.63703704,1.1379552,.6490196
2578168,fc-southampton,180,1,afc-sunderland,289,1,17.166666,0,8.166667,0,8.7124186,3.6078432,3.9150326,.92810458,2015,.94088244,.83981776,1.1437184,.65293396,1.0174727,.83608735,.95382661,.53494066,.83955026,.65555555,.81018519,.34907407
2578169,fc-everton,29,2,west-ham-united,379,3,57.5,0,24.055555,0,35.183006,3.5490196,15.843137,1.0588236,2015,1.0834492,.7645787,1.0559707,1.0046108,1.1257938,.84179491,1.0961592,1.1963143,.94722223,.79166669,1.464488,1.7539682
2578170,stoke-city,512,1,newcastle-united,762,0,39.944443,0,14.833333,0,14.75817,5.1830068,5.7058825,1.5228758,2015,1.0694187,.65852153,1.3015361,.66698402,1.0634385,.74645394,1.2328665,.68593359,.9537037,.61970901,1.0953704,.75
2578171,fc-chelsea,631,1,stoke-city,512,1,.16666667,38.666668,.16666667,14.388889,13.725491,11.470589,9.333333,4.3660131,2015,.91463286,.87425327,1.0663322,.64544964,.84647644,.79357809,1.0682887,.74182433,.88543415,1.0431373,.9537037,.61970901
2578172,fc-watford,1010,0,leicester-city,1003,1,0,.83333331,0,.3888889,0,8.0980396,0,2.8039215,2015,.92396361,.65024996,1.171796,.76257145,1.178479,.74671471,.94101113,.65863043,1.6059765,.70412457,1.1018518,1.0277778
2578173,crystal-palace,873,1,fc-liverpool,31,2,12.444445,0,6.2777777,0,14.568627,12.424836,4.973856,6.647059,2015,1.0795852,.92977625,.98692364,.73765504,1.0913148,.95309442,1.1346369,.88269907,1.1842593,.94444442,1.0505602,.81568629
2578174,tottenham-hotspur,148,2,fc-arsenal,11,2,21.333334,58.555557,10.833333,34.388889,11.215686,20.078432,6.0457516,12.588235,2015,.98263621,.8499583,.91664028,.86666894,1.0433586,.84139788,.95182467,.83998966,1.2962962,.7638889,.77945524,.5324074
2578175,west-bromwich-albion,984,1,manchester-united,985,0,9.666667,12.555555,3.7777777,7.0555553,16.934641,5.5424838,4.8039217,3.3790851,2015,1.1800919,.69244194,.83715773,.71004051,1.0341541,.68543774,.95178771,.66800344,1.1972222,.73796296,1.3879629,.67777777
2578176,manchester-united,985,2,crystal-palace,873,0,16.388889,9.7222223,9,4.9444447,10.084968,5.6993465,6.1764708,1.8692811,2015,1.1350083,1.038576,.95662814,.83535063,1.2113556,.97740299,1.0608054,.90381336,1.7675925,.84444445,1.0970588,.70588237
2578177,afc-bournemouth,989,3,swansea-city,2288,2,0,0,0,0,.065359481,16.869282,.019607844,6.4575162,2015,1.0998521,.8250376,.87305284,.55068368,1.2467128,.95039171,.88161916,.5109719,1.7335979,1.2546296,.98977071,.52345681
2578178,fc-liverpool,31,3,manchester-city,281,0,0,37.166668,0,24.5,13.79085,28.215687,7.1633987,18.039215,2015,.92431903,.71935731,1.0320809,.84493977,1.0694723,.84822613,1.1324048,.83197355,1.0358543,.78627449,1.112963,.64814812
2578179,newcastle-united,762,1,afc-bournemouth,989,3,0,0,0,0,8.0980396,.065359481,2.3790851,.019607844,2015,1.3113773,.67664587,1.3081855,.87464076,1.233477,.6905632,1.4411572,.96701092,1.0953704,.75,1.8974868,1.2546296
2578180,stoke-city,512,1,fc-southampton,180,2,42.055557,18.666666,15.444445,8.833333,16.954248,9.0522881,6.0980392,4.1372547,2015,1.0650327,.66628295,1.0572091,.91327453,1.0682887,.77654654,1.0915468,.90602285,.99074072,.63822752,.90436506,.75277776
2578181,fc-liverpool,31,1,fc-chelsea,631,1,0,.55555558,0,.55555558,11.058824,6.7712417,5.7058825,4.6209149,2015,.92872965,.66289198,1.060467,.87497604,1.0722016,.79505986,.99496281,.82742399,.90886241,.63703704,1.1322917,1.0697917
2578182,fc-arsenal,11,2,west-bromwich-albion,984,0,53.277779,9.8888893,31.111111,3.9444444,17.169935,17.555555,10.797385,5.3137255,2015,.98925233,.88994396,.91550046,.46651602,1.0233722,.85754156,.83431745,.47367725,.99056637,.58425927,.92870373,.53981483
2578183,crystal-palace,873,0,leicester-city,1003,1,15.555555,.83333331,8.1111107,.3888889,21.51634,6.5359478,7.5620914,2.3921568,2015,1.0933027,.86654878,1.1122721,.74791098,1.156813,.92267114,.91354901,.64239109,1.2351851,.99074072,1.0833334,1.0277778
2578184,tottenham-hotspur,148,3,afc-bournemouth,989,0,19.833334,0,10,0,9.2418299,.013071896,5.026144,.013071896,2015,.98833418,.83713782,1.1157252,.81553465,1.0479882,.82750899,1.2911572,.95466524,1.3148148,.7638889,1.8558201,1.2731482
2578185,fc-everton,29,0,fc-arsenal,11,2,54,52.277779,21.888889,30.833334,28.294117,16.732027,12.614379,10.705882,2015,1.0097175,.67332649,.93925238,.83240426,1.0441687,.72366709,.94297999,.77451342,.89828044,.77777779,.88871455,.49537036
2578186,swansea-city,2288,1,norwich-city,1123,0,0,0,0,0,14.712419,6.4771242,5.6209149,1.6862745,2015,.90906334,.57236481,1.0588105,.85787755,.98528862,.59624773,.96523088,.81551999,.91106701,.73641974,1.1027777,.96111113
2578187,aston-villa,405,0,tottenham-hotspur,148,2,0,21.333334,0,10.833333,6.8431373,11.215686,1.8954248,6.0457516,2015,.63517451,.40893087,.98263621,.8499583,.64172465,.34125781,1.0433586,.84139788,1.0203081,.62941176,1.2962962,.7638889
2578188,west-bromwich-albion,984,0,norwich-city,1123,1,9.2222223,0,3.6666667,0,16.503267,4.7908497,4.9150329,1.2745098,2015,1.1910567,.70355302,1.0071245,.8069914,1.053762,.69337422,.93245548,.74814785,1.1972222,.73796296,1.0009259,.88703704
2578189,norwich-city,1123,0,manchester-city,281,0,0,35.5,0,23.444445,8.7450981,23.869282,2.2156863,15.235294,2015,.92064309,.76761663,1.0043032,.83799529,.83597404,.7436946,1.0990715,.82850134,.93611109,1.0425926,1.112963,.64814812
2578190,fc-chelsea,631,2,west-ham-united,379,2,.8888889,0,.77777779,0,18.352942,8.3725491,12.071896,2.5163398,2015,1.036778,.91520995,1.2755702,1.1329905,.95383221,.86638761,1.3119981,1.3112975,.95848215,1.0614583,1.5552911,1.824074
2578191,swansea-city,2288,1,aston-villa,405,0,0,0,0,0,12.980392,10.189543,4.973856,2.5816994,2015,.83766925,.55609494,.74092495,.47270274,.90793175,.54422754,.79604566,.43462202,.98051149,.65308642,1.0858465,.61296296
2578192,leicester-city,1003,1,newcastle-united,762,0,.83333331,0,.3888889,0,6.5359478,4.5294118,2.3921568,1.3006536,2015,1.1122721,.74791098,1.2875798,.74650425,.91354901,.64239109,1.2092645,.75267518,1.0833334,1.0277778,1.0972222,.7962963
2578193,west-ham-united,379,3,fc-watford,1010,1,0,0,0,0,9.0980396,0,2.9281046,0,2015,1.179667,1.1160842,.85640115,.62639672,1.2142297,1.3279383,1.1307276,.765935,1.6518519,2.0092592,1.5281986,.80597645
2578194,newcastle-united,762,1,afc-sunderland,289,1,0,0,0,0,6.5228758,4.2745099,2.0392158,1.0522876,2015,1.3742689,.73402649,1.1735023,.70369649,1.2071601,.73283386,1.0048928,.56024933,1.6117725,.7962963,.88425928,.47870371
2578195,aston-villa,405,0,fc-chelsea,631,4,0,.16666667,0,.16666667,5.0653596,7.0915031,1.4509804,4.6601305,2015,.66245621,.43467364,1.180647,.82577258,.68635905,.37513828,1.0515482,.80780917,1.0418768,.61960787,.86889881,1.0145833
2578196,fc-southampton,180,3,fc-liverpool,31,2,19.333334,0,9.2777777,0,10.810457,15.228758,4.986928,8.2026148,2015,1.1198146,.95256287,.79229605,.56388015,1.1504694,.92839938,.83951306,.58087593,.9488095,.77129632,.73823529,.39215687
2578197,fc-arsenal,11,4,fc-watford,1010,0,52.222221,0,30.777779,0,16.620914,0,10.594771,0,2015,.93925238,.83240426,.98777556,.63690543,.94297999,.77451342,1.3038156,.76521701,.88871455,.49537036,1.8888888,.8611111
2578198,leicester-city,1003,1,fc-southampton,180,0,.83333331,18.833334,.3888889,8.8888893,6.5163398,10.784314,2.3202615,4.647059,2015,1.177644,.80076593,1.3552538,1.0245892,.97270632,.68640816,1.4657892,1.0367047,1.0972222,1.0092592,1.2301121,.86078429
2578199,fc-liverpool,31,1,tottenham-hotspur,148,1,0,19.444445,0,9.9444447,16.784313,9.4248362,8.9803925,5.1437907,2015,.68744189,.57557434,.88117015,.73514348,.69323879,.61381245,.93286479,.74139786,.54775131,.39074075,1.2361112,.625
2578200,afc-sunderland,289,3,fc-everton,29,0,0,50.666668,0,20.666666,5.6993465,23.398693,1.3921568,10.294118,2015,1.0099577,.60266942,.9458735,.68826264,.88109356,.50495833,.94036353,.73223889,.98148149,.39537036,.81111109,.58796299
2578201,fc-watford,1010,1,stoke-city,512,2,0,40.222221,0,14.944445,0,16.954248,0,6.3398695,2015,.91447312,.59342718,1.107322,.6566388,1.1927046,.69684094,1.0971043,.71640676,1.6851852,.76851851,1.0231482,.60185188
2578202,manchester-city,281,0,manchester-united,985,1,30.277779,12.833333,20,7.2222223,22.960785,9.0065355,15.03268,5.4313726,2015,1.1125704,.92210025,.86555988,.80128485,1.2157382,.89999354,.96812367,.75649554,1.1248677,.65925926,1.3,.61296296
2578203,west-ham-united,379,2,crystal-palace,873,2,0,11.055555,0,5.9444447,8.9084969,20.738562,2.7908497,7.2483659,2015,1.3187183,1.1977341,.99279541,.85699362,1.3390332,1.3632919,1.0739907,1.0032628,1.6194445,2,1.2407408,1.0185186
2578204,manchester-united,985,1,fc-everton,29,0,14.111111,55.222221,7.8888888,22.277779,10.45098,25.666666,6.4248366,11.287581,2015,.88759631,.87499583,1.1452389,.72672242,.95765191,.76584297,1.1363004,.79804981,1.3972223,.71481484,.97142857,.7638889
2578205,crystal-palace,873,1,norwich-city,1123,0,15.277778,0,8,0,21.183006,5.4444447,7.5163398,1.3660131,2015,1.0786917,.88287079,1.0133331,.81920546,1.171224,1.0152036,.93612736,.79647237,1.3462963,1.050926,1.0472223,1.0027778
2578206,afc-sunderland,289,0,west-bromwich-albion,984,0,0,8.4444447,0,3.3333333,5.7712417,13.457517,1.4117647,4.1045752,2015,1.0617739,.59737837,1.1208813,.63337761,.86516219,.47321227,.98153967,.63781863,.77314812,.31203705,1.1787037,.68240738
2578207,norwich-city,1123,3,newcastle-united,762,2,0,0,0,0,5.4444447,6.9673204,1.3660131,2.1111112,2015,1.0133331,.81920546,1.2982106,.65484416,.93612736,.79647237,1.1035225,.63098204,1.0472223,1.0027778,1.5006614,.60185188
2578208,fc-southampton,180,3,newcastle-united,762,1,17.888889,0,8.4444447,0,8.1568632,9.1568632,3.5947711,3.143791,2015,1.4544939,1.0076139,1.2074038,.6161086,1.5167152,1.0387388,1.0200875,.61658812,1.2987396,.96372551,1.4914021,.60185188
2578209,stoke-city,512,2,swansea-city,2288,2,39.888889,0,14.888889,0,14.725491,19.490196,5.4771242,7.4575162,2015,1.0211383,.66049683,.85839236,.54121399,.99716038,.71640676,.87474084,.50669837,.9074074,.50925928,.92804235,.56666666
2578210,manchester-city,281,2,west-bromwich-albion,984,1,37.166668,9.8888893,24.555555,3.9444444,27.169935,17.555555,17.836601,5.3137255,2015,1.1849955,.95040637,.91550046,.46651602,1.3219547,1.0166466,.83431745,.47367725,1.3396826,1.0518519,.92870373,.53981483
2578211,afc-sunderland,289,0,leicester-city,1003,2,0,.83333331,0,.3888889,5.7712417,5.8954248,1.4117647,2.1241829,2015,1.0878898,.74179173,1.1831995,.86363143,.95369458,.60257739,.99585444,.76048225,.8425926,.53425926,1.1064814,1.0555556
2578212,swansea-city,2288,1,fc-chelsea,631,0,0,.72222221,0,.72222221,13.921569,4.9150329,5.5816994,3.137255,2015,.96118635,.60896093,1.1231558,.81590778,1.0458947,.61644977,1.0114098,.82019877,1.1332892,.76419753,.94166666,1.04375
2578213,afc-bournemouth,989,0,manchester-city,281,4,0,34.611111,0,22.611111,.013071896,23.666666,.013071896,15,2015,1.2526299,.85797411,1.1274959,1.0389165,1.3724072,.96273744,1.2585181,1.0932983,1.687963,1.199074,1.4196079,1.2117647
2578214,aston-villa,405,1,afc-bournemouth,989,2,.055555556,0,0,0,6.8954248,0,2.0718954,0,2015,.67589027,.53569454,1.178159,.91678566,.69462627,.48525733,1.3156408,1.0074905,.95364147,.92156863,1.7490741,1.3842592
2578215,fc-watford,1010,1,fc-everton,29,1,0,56.777779,0,23.166666,0,27.228758,0,12.169934,2015,.87677151,.58573753,1.1634929,.76838911,1.1775531,.66515154,1.1553801,.84350431,1.7041246,.78745788,.97142857,.7638889
2578216,west-ham-united,379,3,fc-arsenal,11,3,0,60.777779,0,35.5,6.6339869,20.581699,2.0849674,12.941176,2015,1.1396247,1.1276282,.96036345,.8476159,1.1071309,1.3285695,.99127334,.80996317,1.5,1.962963,.99477512,.58425927
2578217,fc-liverpool,31,4,stoke-city,512,1,0,36.555557,0,13.611111,12.019608,13.294118,6.2941175,4.7712417,2015,.83791769,.62456667,1.0182735,.60582089,.93409622,.74318427,.99098754,.61975646,.80515873,.64444447,.89814812,.42989418
2578218,tottenham-hotspur,148,3,manchester-united,985,0,21.722221,14.111111,11,7.8888888,12.091503,10.45098,6.5424838,6.4248366,2015,1.0253712,.85565633,.88759631,.87499583,1.062803,.84602749,.95765191,.76584297,1.3074074,.7638889,1.3972223,.71481484
2578219,norwich-city,1123,2,aston-villa,405,0,0,0,0,0,11.03268,6.359477,2.7647059,1.7908497,2015,.86723697,.76756573,.7561304,.62520069,.78258902,.76000851,.74978495,.57090551,.8435185,1.0814815,1.1134454,1.0705882
2578220,norwich-city,1123,1,fc-southampton,180,0,0,19.277779,0,8.9444447,8.0980396,12.372549,2,5.2026143,2015,.79316294,.75367683,1.1035184,.98048902,.70388532,.75692207,.99582201,.8948015,.81574076,1.0592593,.75621694,.71574074
2578221,crystal-palace,873,0,swansea-city,2288,0,14.944445,0,7.8333335,0,17.620914,11.143791,6.2875819,4.8627453,2015,.93670368,.75184464,.80538434,.52961969,1.0300934,.79397345,.78391868,.58251518,1.0777777,.68425924,.88328922,.75493824
2578222,leicester-city,1003,0,afc-bournemouth,989,0,.83333331,0,.3888889,0,7.7058825,.052287582,2.9477124,.019607844,2015,1.1495308,.84011775,1.1711034,.92126876,.94299954,.72642988,1.2554708,1.070406,.9537037,.96296299,1.3981482,1.1851852
2578223,crystal-palace,873,0,fc-chelsea,631,3,9.7777777,.8888889,5.3333335,.77777779,13.627451,20.875816,5.006536,13.954248,2015,.86325395,.79883158,1.241627,1.0742166,.96549231,.89199734,1.2808623,1.0656264,1.1342592,.75925928,1.300926,1.1962963
2578224,afc-sunderland,289,0,fc-liverpool,31,1,0,0,0,0,9.5947714,9.4444447,2.1830065,4.7712417,2015,1.0873898,.69014168,.82350308,.63152409,.91137433,.60135972,.96774042,.76236296,1.0666667,.47129631,.90370369,.65370369
2578225,fc-arsenal,11,2,afc-bournemouth,989,0,60.666668,0,35.055557,0,19.235294,.052287582,11.607843,.019607844,2015,.78369635,.74811697,1.1878332,.98788512,.78645766,.68531191,1.2691071,1.1259615,.74751085,.37870371,1.3981482,1.1851852
2578226,fc-everton,29,1,fc-southampton,180,1,42.555557,19.333334,18.166666,9.2777777,20.568628,11.45098,8.8039217,5.2222223,2015,1.0580928,.59410602,1.2393727,1.04658,1.0547079,.65652555,1.230099,1.0179056,.80383599,.48148149,.76932776,.75784314
2578227,fc-everton,29,3,stoke-city,512,4,58.222221,36.222221,23.888889,13.166667,26.653595,15.75817,11.764706,5.5816994,2015,.92798072,.62941754,1.0762119,.71990961,.95178658,.67965955,1.0433879,.80200952,.85939151,.7638889,.89537036,.61044973
2578228,west-bromwich-albion,984,2,stoke-city,512,1,10.222222,38.444443,4,13.944445,18.084967,16.267973,5.5294118,5.5359478,2015,.96824723,.69993496,1.0425419,.75077379,.85111123,.6208995,.95321697,.7842626,.7490741,.5314815,.83981484,.59193122
2578229,fc-everton,29,1,tottenham-hotspur,148,1,51.222221,21.333334,21.611111,10.833333,31.803921,13.078431,13.934641,6.8954248,2015,1.034554,.69566542,.96698362,.80110353,1.0249768,.75404227,1.0196061,.79480094,.90291005,.68981481,1.2888889,.69444442
2578230,leicester-city,1003,0,manchester-city,281,0,.83333331,33.833332,.3888889,22.944445,7.7058825,21.09804,2.9477124,14.013072,2015,1.1495308,.84011775,1.2492112,1.115455,.94299954,.72642988,1.3888897,1.1241922,.9537037,.96296299,1.471164,1.1222222
2578231,manchester-city,281,4,stoke-city,512,0,32.666668,34.722221,21.555555,13.166667,21.117647,13.653595,13.895425,4.8888888,2015,1.2202984,1.0475137,1.053076,.63310486,1.3751657,1.0821737,1.010432,.69094378,1.4998677,1.1407408,.875,.4675926
2578232,manchester-united,985,1,aston-villa,405,0,16.166666,.055555556,8.9444447,0,9.4836597,7.6013074,5.8888888,2.0457516,2015,1.0730425,.92614222,.64381355,.41020274,1.1349667,.8821649,.65117389,.35430494,1.5870371,.71944445,.90952379,.52156866
2578233,manchester-united,985,2,swansea-city,2288,1,17.944445,0,9.9444447,0,14.274509,18.960785,8.8758173,7.3202615,2015,1.1459218,1.044257,.75067824,.54238242,1.2414482,1.0256534,.74232328,.53721696,1.9074074,1.0324074,.85551149,.68086421
2578234,afc-bournemouth,989,1,fc-chelsea,631,4,0,.72222221,0,.72222221,0,7.4967322,0,5.0588236,2015,1.1135257,.93044305,1.4678872,1.0132184,1.2917982,1.0549738,1.4012222,.94383788,1.7502645,1.4027778,1.3010417,1.1895833
2578235,leicester-city,1003,2,west-ham-united,379,2,.83333331,0,.3888889,0,8.0980396,9.4509802,2.8039215,3.0326798,2015,1.171796,.76257145,1.1923375,1.1831838,.94101113,.65863043,1.1586741,1.3841251,1.1018518,1.0277778,1.587963,2.0462964
2578236,manchester-united,985,0,fc-chelsea,631,0,15.388889,.8888889,8.3888893,.77777779,12.941176,19.90196,8.1045752,13.052288,2015,1.118144,1.0363204,.91607159,.80122364,1.2136705,1.0177169,.85650879,.76155442,1.8657408,1.0185186,1.0098039,.8843137
2578237,west-ham-united,379,3,manchester-united,985,2,0,17.611111,0,9.7777777,8.4117651,14.150327,2.6993463,8.8431368,2015,1.3216423,1.1514378,1.0373571,.939821,1.356205,1.3632919,1.1246753,.93436146,1.6379629,2,1.6333333,.76111114
2578238,west-bromwich-albion,984,0,fc-watford,1010,1,9.8888893,0,3.9444444,0,17.235294,0,5.2287583,0,2015,.91550046,.46651602,.88369906,.57815862,.83431745,.47367725,1.1213661,.66610086,.92870373,.53981483,1.560606,.78282827
2578239,fc-watford,1010,1,manchester-city,281,2,0,35.611111,0,24.111111,0,27.372549,0,18.267973,2015,1.0301666,.63040775,1.2123754,1.0959144,1.3469225,.78403264,1.3530397,1.1103923,1.8509259,.81944442,1.4489418,1.1407408
2578240,west-bromwich-albion,984,1,newcastle-united,762,0,11.222222,0,4.4444447,0,21.751635,11.620915,6.5424838,3.8431373,2015,.96879548,.74993497,1.0894623,.5712617,.86474758,.68818343,1.0468174,.60198975,.74351853,.5453704,.98029101,.69444442
2578241,norwich-city,1123,0,afc-sunderland,289,3,0,0,0,0,6.2026143,5.1176472,1.614379,1.3137255,2015,.84780359,.76419455,1.1437184,.6546976,.76062232,.74012315,.94796133,.53670436,.89907408,.98055553,1.037037,.39537036
2578242,afc-sunderland,289,0,fc-arsenal,11,0,0,52.166668,0,30.333334,5.6993465,16.490196,1.3921568,10.196078,2015,1.0099577,.60266942,.9999494,.916399,.88109356,.50495833,1.0338149,.87248087,.98148149,.39537036,.99718016,.58293653
2578243,swansea-city,2288,3,fc-liverpool,31,1,0,0,0,0,18.967319,6.272059,7.3137255,3.3014705,2015,.73731148,.54378301,.78425848,.51064086,.72645026,.54515344,.85172892,.5391801,.7999559,.62530863,.82254905,.3392157
2578244,newcastle-united,762,3,swansea-city,2288,0,0,0,0,0,6.9411764,14.69281,2.3464053,5.5947714,2015,1.2195239,.59514695,.90906334,.57236481,1.0625257,.60931295,.98528862,.59624773,1.5839947,.64814812,.91106701,.73641974
2578245,fc-everton,29,2,afc-bournemouth,989,1,48.611111,0,19.777779,0,25.111111,0,11.078431,0,2015,.90976238,.64659601,1.1537043,.95405978,.89566654,.68678439,1.3862427,1.1105294,.77407408,.58796299,1.9030423,1.4768518
2578246,norwich-city,1123,4,fc-watford,1010,2,0,0,0,0,7.7843137,0,1.9281045,0,2015,.8604579,.78927171,.95393717,.62234813,.76409453,.78730929,1.2731519,.76563787,.83796299,.98333335,1.8846802,.86616164
2578247,afc-sunderland,289,3,aston-villa,405,1,0,0,0,0,14.732026,6.0718956,3.7189543,1.6666666,2015,1.166021,.72563553,.77438432,.60178798,.9724142,.63916838,.74212903,.50061929,1.0342592,.48055556,.82473546,.81666666
2578248,west-bromwich-albion,984,0,west-ham-united,379,3,8.5555553,0,3.4444444,0,14.915032,9.1633987,4.5228758,2.9281046,2015,1.101771,.57392341,1.1764618,1.0861697,.94012552,.52115202,1.1910815,1.2631234,.88055557,.52962965,1.5824074,1.9814814
2578249,afc-bournemouth,989,1,fc-liverpool,31,2,0,0,0,0,0,7.4705882,0,4.3921571,2015,1.1658133,.93808198,.78271818,.62903064,1.3107026,1.0673195,.87079608,.74164444,1.7324075,1.3472222,.82703084,.69215685
2578250,afc-bournemouth,989,1,west-bromwich-albion,984,1,0,7.7777777,0,3.1111112,0,11.784314,0,3.6797385,2015,1.2213427,.87079453,1.0922776,.53338021,1.4850081,1.1124288,.91895646,.49298447,1.9335979,1.4212962,.91274512,.50196081
2578251,west-ham-united,379,1,swansea-city,2288,4,0,0,0,0,8.4117651,9.8039217,2.6993463,3.8496733,2015,1.3216423,1.1514378,.75245124,.51782501,1.356205,1.3632919,.71422499,.49847189,1.6379629,2,.79254848,.36604938
2578252,stoke-city,512,2,west-ham-united,379,1,41.5,0,15.444445,0,18.111111,8.4117651,6.3267975,2.6993463,2015,1.111469,.71369123,1.2274252,1.0257068,1.0804377,.7703737,1.2697852,1.1966251,.94907409,.57804233,1.5916667,1.6944444
2578253,tottenham-hotspur,148,1,west-bromwich-albion,984,1,23.222221,7.8333335,11.833333,3.0555556,14.222222,10.823529,7.653595,3.2418301,2015,1.0057844,.84827483,1.0283583,.58045936,1.0608189,.84404337,.87213796,.54892975,1.3074074,.7638889,.66944444,.4601852
2578254,fc-liverpool,31,2,fc-watford,1010,0,0,0,0,0,10.09804,0,5.6078429,0,2015,.80333519,.45432174,.95393717,.62234813,.95723253,.58927214,1.2731519,.76563787,.94607842,.60980392,1.8846802,.86616164
2578255,fc-arsenal,11,4,aston-villa,405,0,64.555557,0,37.5,0,20.150328,4.1699347,12.124183,1.3464053,2015,.93786931,.9134016,.65589333,.49821657,.95433503,.84702295,.68783611,.45979437,.90882033,.60423279,.95364147,.89411765
2578256,fc-arsenal,11,1,norwich-city,1123,0,56.888889,0,33.166668,0,20.372549,5.4901962,12.562092,1.4575163,2015,1.0662296,1.0063461,.89909989,.83294457,1.084355,.93914753,.79622215,.8021602,1.0556217,.68478835,.9546296,1.1055555
2578257,fc-watford,1010,3,aston-villa,405,2,0,0,0,0,0,7.4248366,0,1.9411764,2015,.95393717,.62234813,.67932129,.44525567,1.2731519,.76563787,.68172944,.39365682,1.8846802,.86616164,.98862433,.62222224
2578258,stoke-city,512,0,tottenham-hotspur,148,4,39.833332,23.222221,14.777778,11.833333,16.274509,13.947712,5.7647057,7.4901962,2015,1.0617102,.70327461,1.0289325,.85639954,1.0162961,.75185519,1.0662752,.84255528,.93518519,.55952382,1.2935185,.75
2578259,manchester-united,985,3,afc-bournemouth,989,1,15.555555,0,8.4444447,0,13.764706,0,8.8366013,0,2015,1.0216409,1.0154396,1.3857588,1.0436435,1.0396665,.97168511,1.6081342,1.2632345,1.5962963,.90925926,2.2190475,1.640625
2578260,leicester-city,1003,3,fc-everton,29,1,0,47.055557,0,19.111111,5.6993465,20.797386,1.6732026,9.1568632,2015,1.1570901,.80469203,.92828095,.64659601,.93515396,.69115651,.91418505,.68678439,1.1092592,1.0925926,.80185187,.58796299
2578261,aston-villa,405,0,newcastle-united,762,0,0,0,0,0,6.2875819,8.6339865,1.7124183,2.7777777,2015,.5382126,.4518694,1.2097186,.63599497,.44577262,.38572031,1.0455505,.67214364,.55658263,.81568629,1.5839947,.77777779
2578262,fc-chelsea,631,2,tottenham-hotspur,148,2,1.4444444,23.222221,1.3333334,11.833333,19.274509,17.333334,12.398693,9.2745094,2015,1.2649233,1.098175,.93977904,.7519865,1.3205565,1.0960438,.98757857,.75497812,1.3441176,1.222549,1.0851852,.68611109
2578263,crystal-palace,873,0,fc-everton,29,0,12.555555,55.944443,6.5,22.944445,14.535948,27.431372,5.2091503,12.24183,2015,1.1236787,.90801704,1.1496842,.80176759,1.1751924,1.0185707,1.1492981,.90167147,1.3046297,1.0648148,.86309522,.7638889
2578264,fc-chelsea,631,1,leicester-city,1003,1,.16666667,0,.16666667,0,12.222222,7.8235292,8.3071899,2.0326798,2015,1.1756997,1.0535182,1.1572458,.82956493,1.1095879,1.013818,.9586879,.74196374,1.2072917,1.2625,1.1185185,1.1111112
2578265,newcastle-united,762,1,crystal-palace,873,0,0,12.944445,0,6.7777777,7.3986926,16.869282,2.4379084,6,2015,1.1732106,.5590719,1.0488881,.7498821,1.0164499,.57955104,1.1146915,.86685103,1.556217,.6111111,1.2490741,1.037037
2578266,fc-arsenal,11,1,newcastle-united,762,0,66.944443,0,39.055557,0,21.235294,6.8954248,12.993464,2.2679739,2015,.79020882,.74002486,1.137341,.59246409,.80711293,.67899877,1.1039269,.62822431,.74936265,.40092593,1.0728836,.75
2578267,fc-everton,29,3,norwich-city,1123,0,0,0,0,0,25.869282,7.7777777,11.54902,1.8888888,2015,.88491482,.65773338,.80857944,.75835067,.88084102,.70357931,.73532468,.77840614,.85925925,.59722221,1.0046296,1.1222222
2578268,norwich-city,1123,0,manchester-united,985,1,0,17.588236,0,9.8823528,6.1699347,14.691176,1.614379,9.2426472,2015,1.0148406,.87297726,1.0219074,.96427357,.94899994,.86168402,1.1129318,.95748448,1.1305555,1.1833333,1.6460785,.76176471
2578269,crystal-palace,873,2,stoke-city,512,1,15.222222,42.5,8.0555553,15.388889,17.241831,20.61438,6.4117646,7.2483659,2015,1.070002,.77704257,1.1169838,.73402858,1.1444714,.85111034,1.099882,.78812063,1.0407407,.87037039,.97685188,.58267194
2578270,fc-watford,1010,2,afc-sunderland,289,2,0,0,0,0,0,5.3790851,0,1.4901961,2015,.95393717,.62234813,1.0994456,.81941193,1.2731519,.76563787,1.0007077,.68986291,1.8846802,.86616164,1.1324074,.63425928
2578271,fc-chelsea,631,0,manchester-city,281,3,.16666667,34.166668,.16666667,22.777779,7.6862745,23.254902,5.026144,15.320261,2015,1.3464556,.86888283,1.1898265,.96808314,1.2865163,.82056803,1.3216494,1.0196991,1.0947917,1.0177083,1.3285714,1.0185186
2578272,fc-southampton,180,4,crystal-palace,873,1,20.944445,6.6111112,10,3.5555556,13.202615,9.1830063,6.0326796,3.137255,2015,1.3024627,.91937858,.85079336,.58352363,1.4059408,.92454135,.92424428,.68440759,1.2154762,.85462964,.90185183,.59722221
2578273,fc-liverpool,31,2,newcastle-united,762,2,0,0,0,0,12.137255,5.7320261,6.4509802,1.8954248,2015,.78026289,.6092158,1.195053,.56989443,.87127572,.72122663,1.0473142,.59542406,.73478836,.60925925,1.5654762,.62962961
2578274,newcastle-united,762,5,tottenham-hotspur,148,1,0,21.555555,0,10.944445,6.2483659,14.052288,2.0392158,7.346405,2015,1.2257261,.64220613,.91817415,.70800507,1.0696313,.68338704,.97414356,.71331143,1.5978836,.7962963,1.0805556,.6722222
2578275,fc-watford,1010,1,tottenham-hotspur,148,2,0,23.222221,0,11.833333,.10457516,15.457517,.019607844,8.2941179,2015,1.0037707,.7068125,1.0057844,.84827483,1.2802559,.83657157,1.0608189,.84404337,1.6361111,.7962963,1.3074074,.7638889
2578276,west-ham-united,379,2,fc-southampton,180,1,0,16.055555,0,7.5555553,8.6143789,9.9411764,2.856209,4.2156863,2015,.89206231,.7894001,1.0470632,.96671885,.90515733,.86268359,.94777209,.87443113,1.2453704,1.2962962,.77288359,.79907405
2578277,west-ham-united,379,2,fc-liverpool,31,0,0,0,0,0,9.8300657,9.3006535,3.2679739,4.640523,2015,1.1797127,1.1264406,.78406101,.57718682,1.1496018,1.2598698,.90684575,.67002934,1.4722222,1.7546296,.82222223,.5314815
2578278,aston-villa,405,2,fc-southampton,180,4,0,18.055555,0,8.6111107,4.2483659,11.071896,1.1830065,4.9346404,2015,.6555118,.42673713,1.2393727,1.04658,.66938376,.37513828,1.230099,1.0179056,1.0271709,.61960787,.76932776,.75784314
2578279,fc-arsenal,11,1,crystal-palace,873,1,53.277779,13.444445,31.111111,7.0555553,17.30719,18.20915,10.928104,6.5294118,2015,.98925233,.88994396,.96009839,.85323304,1.0233722,.85754156,1.0093673,.96239781,.99056637,.58425927,1.1657407,1.0277778
2578280,leicester-city,1003,4,swansea-city,2288,0,.83333331,0,.3888889,0,7.0915031,15.431373,2.509804,5.9084969,2015,.94316351,.63883412,.80574399,.56178278,.82434446,.59381562,.88231444,.55626458,.99074072,.83333331,.99440038,.70864195
2578281,stoke-city,512,1,afc-sunderland,289,1,39.722221,0,14.666667,0,20.980392,5.6993465,7.5359478,1.3921568,2015,1.111469,.71369123,1.0099577,.60266942,1.0804377,.7703737,.88109356,.50495833,.94907409,.57804233,.98148149,.39537036
2578282,swansea-city,2288,1,manchester-city,281,1,0,37.388889,0,25,8.1830063,25.320261,3.1176472,16.718954,2015,.73846167,.53117275,1.2386619,1.0291873,.71711099,.55091947,1.3455077,1.0448654,.58884478,.46790123,1.3822751,1.0777777
2578283,manchester-united,985,1,leicester-city,1003,1,14.444445,.83333331,8.166667,.3888889,11.915032,7.0915031,7.5294118,2.509804,2015,1.0851736,.9617787,.94316351,.63883412,1.1990099,.95102817,.82434446,.59381562,1.7490741,.78888887,.99074072,.83333331
2578284,west-bromwich-albion,984,1,fc-liverpool,31,1,7.7777777,0,3.1111112,0,11.784314,5.9150329,3.6797385,3.1633987,2015,1.0922776,.53338021,.69481146,.49448812,.91895646,.49298447,.78983885,.50888264,.91274512,.50196081,.81862748,.49215686
2578285,fc-southampton,180,4,manchester-city,281,2,17.222221,34.833332,8.2777777,22.666666,10.117647,22.640522,4.4117646,14.339869,2015,1.2817008,1.0384781,1.0240852,.78464663,1.254963,.99707222,1.1030835,.80502677,1.0634453,.90490198,1.05,.62222224
2578286,tottenham-hotspur,148,1,fc-southampton,180,2,21.555555,19.333334,10.944445,9.2777777,13.986928,10.810457,7.2810459,4.986928,2015,.93283463,.70800507,1.319991,1.001441,.98880404,.71331143,1.4139373,1.0063314,1.0990741,.6722222,1.2265873,.91018516
2578287,manchester-city,281,2,fc-arsenal,11,2,31,59.277779,20.611111,34.611111,16.137255,18.352942,10.69281,11.300653,2015,1.1920248,.90839142,.99663359,.80023736,1.3237073,.91418427,1.0168811,.80784917,1.4332011,1.0268519,.98196852,.57367724
2578288,afc-sunderland,289,3,fc-chelsea,631,2,0,.8888889,0,.77777779,5.4052286,19.856209,1.3137255,13.267974,2015,1.1691806,.78567594,1.1945047,1.002937,1.0523057,.64940274,1.2029095,.93561596,1.1481482,.61759257,1.25625,1.1739583
2697986,fc-arsenal,11,3,fc-liverpool,31,4,77.388885,13.166667,43.555557,6.0555553,28.392157,8.8823528,16.143791,4.4183006,2016,.7896226,.60296893,1.2025499,.92604709,.7898739,.55426174,1.2663232,.98985738,.68108463,.43042329,1.1453704,1.0240741
2697987,afc-bournemouth,989,1,manchester-united,985,3,20.555555,1.1666666,6.3333335,.77777779,9.2679739,21.071896,2.7254901,11.490196,2016,.98038894,.63262534,1.4340467,1.1143281,1.1681142,.75453246,1.3646907,.95690048,.75185186,.4148148,1.3686287,.96640211
2697988,fc-burnley,1132,0,swansea-city,2288,1,18.333334,7.3888888,3.5555556,2.8888888,8.5294113,21.529411,1.7320261,7.9346404,2016,1.1319592,.79446501,.68830812,.5057199,1.2598785,.91213524,.58411258,.45442906,1.4837962,1.3518518,.60343915,.32222223
2697989,fc-chelsea,631,2,west-ham-united,379,1,0,19.722221,0,8.4444447,31.849672,16.882353,16.346405,6.5816994,2016,1.2907298,1.0852652,.9926092,.90346223,1.3360887,1.1632227,1.1174061,.96416056,1.0226852,.90462965,1.2416667,.79259259
2697990,crystal-palace,873,0,west-bromwich-albion,984,1,36.888889,33.833332,13.944445,9.5,30.830065,32.026142,10.352942,8.4640522,2016,.76427311,.70061076,.9749831,.60686821,.81082618,.68762994,.74538982,.5199455,.89607841,.65686274,.77592593,.53518516
2697991,fc-everton,29,1,tottenham-hotspur,148,1,1.8333334,47.222221,.8888889,23.555555,20.163399,25.758169,7.0522876,12.745098,2016,.8406986,.69394749,.96855479,.70755887,.73968965,.70464969,1.0722121,.69243628,.89074075,.8611111,1.2527778,.81944442
2697992,hull-city,3008,2,leicester-city,1003,1,0,18.111111,0,11.055555,6.7189541,15.058824,1.5359477,7.8039217,2016,.97579759,.67098594,1.1776766,.90341151,.93478793,.57508701,1.2943256,.95695245,1.0527778,.73888886,1.3509259,1.1240741
2697993,manchester-city,281,2,afc-sunderland,289,1,0,2.5,0,1.3888888,27.980392,7.2810459,16.006536,1.7320261,2016,1.1039797,1.0479648,.93413997,.62090731,1.4772714,1.1771011,.86035633,.50780302,1.633642,1.0833334,.87359941,.40252101
2697994,fc-middlesbrough,641,1,stoke-city,512,1,0,67.611115,0,25.166666,0,34.287582,0,12.647058,2016,1.5928099,.95112652,.85603923,.61683971,1.4474778,.86674619,.76207817,.48915544,1.1693121,.85277778,.67407405,.39814815
2697995,fc-southampton,180,1,fc-watford,1010,1,0,0,0,0,16.202614,13.771242,7.6339869,4.0653596,2016,1.0831665,.86441439,1.0687346,.64631999,.97900587,.81304514,1.1806551,.61710757,.81600529,.47592592,1.0277778,.52314812
2697996,leicester-city,1003,0,fc-arsenal,11,0,23.277779,86.388885,14.277778,49,20.019608,37.07843,11.183006,21.529411,2016,1.1209375,.75367606,.89351588,.81672132,1.2346255,.80298418,.84888488,.67059422,1.3027778,.87222224,.82804233,.61812168
2697997,fc-burnley,1132,2,fc-liverpool,31,0,16.055555,15.166667,3.1111112,7.0555553,4.9477124,14.398693,.97385621,7.2287583,2016,1.1483742,.77758169,1.1955397,.94214052,1.2789692,.87657458,1.3110323,1.0535326,1.5588236,1.387255,1.2203704,1.1212963
2697998,manchester-united,985,2,fc-southampton,180,0,1.1666666,0,.77777779,0,21.104576,18.013071,11.444445,8.3921566,2016,1.402186,1.1910986,1.0831665,.86441439,1.3192432,1.0772403,.97900587,.81304514,1.4542769,1.1291006,.81600529,.47592592
2697999,stoke-city,512,1,manchester-city,281,4,66,0,24.555555,0,34.30719,27.777779,12.444445,15.954248,2016,.8603127,.59553975,1.1081885,1.0395473,.7908681,.50620091,1.483099,1.1701081,.72962964,.47222221,1.633642,1.0833334
2698000,afc-sunderland,289,1,fc-middlesbrough,641,2,14.055555,0,5.8333335,0,5.8823528,.071895428,1.3202615,.013071896,2016,.87353075,.65199977,1.3007407,.91403502,.75858229,.47418955,1.1949526,.8371166,.74614847,.34859943,1.0304233,.79259259
2698001,swansea-city,2288,0,hull-city,3008,2,8.6111107,0,3.4444444,0,23.078432,6.7189541,8.653595,1.5359477,2016,.75312299,.54166758,.97579759,.67098594,.66189033,.48220682,.93478793,.57508701,.65899473,.34999999,1.0527778,.73888886
2698002,tottenham-hotspur,148,1,crystal-palace,873,0,44.611111,35.055557,22.166666,13.277778,22.882353,23.562092,11.137255,8.1699343,2016,.96962315,.72089219,.71961081,.63341498,1.0779101,.70525676,.73022658,.56296062,1.2805556,.83333331,.80784315,.55882353
2698003,fc-watford,1010,1,fc-chelsea,631,2,0,0,0,0,11.189543,26.372549,3.1111112,13.48366,2016,1.0360135,.6402868,1.2598995,.98627275,1.1336466,.62266314,1.291484,1.1013179,.97592592,.4861111,.93472224,.79351854
2698004,west-bromwich-albion,984,1,fc-everton,29,2,33.833332,1.8333334,9.5,.8888889,32.026142,20.019608,8.4640522,7.2875819,2016,.9749831,.60686821,.95707119,.78151363,.74538982,.5199455,.98380083,.88546979,.77592593,.53518516,1.2546296,1
2698005,west-ham-united,379,1,afc-bournemouth,989,0,15.388889,21.166666,6.4444447,6.3888888,11.941176,9.7777777,4.4313726,2.8104575,2016,.86198753,.74775165,1.0010861,.64459115,.97249275,.79124093,1.2008777,.78169292,.73823529,.56666666,.80740738,.48888889
2698006,fc-chelsea,631,3,fc-burnley,1132,0,0,16.055555,0,3.1111112,31.849672,4.9477124,16.346405,.97385621,2016,1.2907298,1.0852652,1.1483742,.77758169,1.3360887,1.1632227,1.2789692,.87657458,1.0226852,.90462965,1.5588236,1.387255
2698007,crystal-palace,873,1,afc-bournemouth,989,1,30.722221,21.166666,12.055555,6.3888888,18.679739,9.7777777,6.7450981,2.8104575,2016,.8666997,.70018917,1.0010861,.64459115,.8582288,.62407178,1.2008777,.78169292,.91574073,.64259261,.80740738,.48888889
2698008,fc-everton,29,1,stoke-city,512,0,1.8333334,63,.8888889,23.333334,20.470589,30.627451,7.2875819,11.267974,2016,1.0394785,.82053477,.88563949,.59553975,.98525774,.87814653,.83253473,.50620091,1.3055556,1.0092592,.75740743,.47222221
2698009,hull-city,3008,0,manchester-united,985,1,0,1.1666666,0,.77777779,7.8308825,21.104576,1.7867647,11.444445,2016,1.0514278,.74009645,1.402186,1.1910986,1.0090089,.63987613,1.3192432,1.0772403,1.1041666,.79166669,1.4542769,1.1291006
2698010,leicester-city,1003,2,swansea-city,2288,1,23.777779,8.6111107,14.611111,3.4444444,20.705883,20.555555,11.640523,7.7712417,2016,1.1328423,.77748555,.77635527,.52140617,1.2449429,.82361913,.6989274,.47665128,1.2953703,.84629631,.83888888,.39444444
2698011,manchester-city,281,3,west-ham-united,379,1,0,18.055555,0,7.6666665,32.758171,14.346405,19.372549,5.4967322,2016,1.1589292,1.1361082,.91492867,.81230193,1.541374,1.2711183,1.0064434,.87457424,1.6891975,1.1666666,.71274507,.57647061
2698012,fc-southampton,180,1,afc-sunderland,289,1,0,14.055555,0,5.8333335,21.38562,3.8496733,10.196078,.98692811,2016,1.0795916,.85992855,.9609257,.67343909,.96851635,.8079946,.85447395,.52250886,.8345238,.55000001,.87359941,.40252101
2698013,tottenham-hotspur,148,1,fc-liverpool,31,1,41.722221,15.277778,20.888889,7.0555553,17.986929,14.934641,9.1633987,7.4313726,2016,1.0842273,.74195039,1.3420848,1.0567558,1.172212,.72701281,1.4422288,1.1648657,1.3046297,.86574072,1.3592592,1.2092593
2698014,fc-watford,1010,1,fc-arsenal,11,3,0,86.388885,0,49,7.3921571,37.07843,2.2614379,21.529411,2016,1.1287246,.73382509,.89351588,.81672132,1.2055755,.68086421,.84888488,.67059422,1.1638889,.69444442,.82804233,.61812168
2698015,west-bromwich-albion,984,0,fc-middlesbrough,641,0,27.388889,0,7.6111112,0,21.241831,.071895428,5.5882354,.013071896,2016,.91768461,.52510184,1.4978497,.85329467,.71390831,.46994549,1.3605951,.86767215,.71296299,.45185184,1.0859789,.61666667
2698085,crystal-palace,873,2,leicester-city,1003,2,1.6111112,0,.5,0,12.405229,17.647058,3.8496733,9.9542484,2016,.92972881,.72143054,1.1488355,.78114963,.96011019,.71518451,1.2466865,.82185549,.87222224,.67592591,1.3231481,.8740741
2698086,fc-middlesbrough,641,1,crystal-palace,873,2,0,24.444445,0,9.3888893,.28104576,15.437908,.05882353,5.4313726,2016,1.3050985,.77930111,.74951917,.62190527,1.1707927,.74521846,.70608467,.54364568,.93187833,.5935185,.73823529,.52941179
2698087,stoke-city,512,0,tottenham-hotspur,148,4,57.833332,43.111111,21.277779,21.777779,24.215687,22.392157,8.4967318,11.477124,2016,.9520427,.64067411,1.1337353,.84800547,.825436,.52899289,1.2138788,.86034614,.76203704,.56481481,1.3231481,.97222221
2698088,west-ham-united,379,2,fc-watford,1010,4,17.722221,0,7.8333335,0,12.176471,9.7189541,4.8758168,2.9346404,2016,1.1335112,1.013943,1.1266743,.68232715,1.2238582,1.0953143,1.2289203,.66148591,.97941178,.79313725,1.2268518,.70833331
2698089,fc-liverpool,31,4,leicester-city,1003,1,14.166667,23.777779,6.5555553,14.611111,12.862745,20.705883,6.4705882,11.640523,2016,1.3427793,1.0514648,1.1328423,.77748555,1.4514881,1.1672467,1.2449429,.82361913,1.3481481,1.2092593,1.2953703,.84629631
2698090,afc-sunderland,289,0,fc-everton,29,3,5.5555553,1.8333334,2.2777777,.8888889,4.0392156,19.078432,.99346405,6.9673204,2016,.7084499,.41569972,1.0722271,.83095145,.68392348,.35293829,1.0380938,.9228996,.72506613,.31997356,1.324074,1.0648148
2698091,afc-bournemouth,989,1,west-bromwich-albion,984,0,21,24.777779,6.3333335,6.8888888,9.4575167,23.189543,2.6535947,6.1307192,2016,.83126134,.63123006,.8327052,.48171559,1.0349703,.76052892,.72663981,.47087142,.83055556,.4611111,.77222222,.48888889
2698092,swansea-city,2288,2,fc-chelsea,631,2,7.5555553,0,3.0555556,0,20.411764,30.764706,7.5816994,16.372549,2016,.62864286,.42140615,1.3259989,1.1115621,.55448294,.41554016,1.3561504,1.1855892,.5796296,.31111112,1.0603836,.96481484
2698093,fc-burnley,1132,1,hull-city,3008,1,14.277778,0,2.7777777,0,5.3921571,7.0849671,1.0718955,1.6274509,2016,1.2021518,.81308645,1.1634934,.7805233,1.3592279,.90589827,1.1208717,.67736465,1.4814814,1.3333334,1.2513889,.87037039
2698094,manchester-united,985,1,manchester-city,281,2,1.1666666,0,.77777779,0,17.718954,15.052288,9.2549019,8.5032682,2016,1.4371655,1.1875898,.92646301,1.0076762,1.3686259,1.0621941,1.222708,1.1244557,1.5005732,1.1198412,1.4891975,1.1435186
2698095,fc-arsenal,11,2,fc-southampton,180,1,62.666668,0,35.611111,0,18.457516,21.38562,10.784314,10.196078,2016,1.1075133,.96314859,1.0795916,.85992855,1.1240619,.85848004,.96851635,.8079946,1.1988095,.83690476,.8345238,.55000001
2698096,hull-city,3008,1,fc-arsenal,11,4,0,65.166664,0,36.944443,4.6339869,20.398693,1.0718955,11.849673,2016,1.2663072,.80976307,.91487813,.84951222,1.1807562,.6940313,.95392299,.78096682,1.2699074,.77777779,1.0175925,.7702381
2698097,fc-chelsea,631,1,fc-liverpool,31,2,0,13.888889,0,6.3333335,24.274509,13.385621,12.830066,6.647059,2016,1.2915351,1.1050807,1.0874552,.83916318,1.3272152,1.1747667,1.1102183,.85534185,1.0631614,.9675926,1.1555556,1.0055555
2698098,crystal-palace,873,4,stoke-city,512,1,26.888889,58.555557,10.222222,21.611111,17.666666,26.725491,6.2418299,9.5424833,2016,.93541664,.79752666,1.043282,.65542334,.95211643,.74959409,.89877409,.51384139,.89509803,.63725489,.73240739,.39814815
2698099,manchester-city,281,4,afc-bournemouth,989,0,0,21.611111,0,6.3888888,13.274509,10.143791,7.6013074,2.7973857,2016,.89261883,.89140242,.83885866,.63880581,1.1669353,1.0203958,1.0403364,.77243364,1.4753087,1.074074,.83333331,.4611111
2698100,tottenham-hotspur,148,1,afc-sunderland,289,0,46.444443,10.055555,23.555555,4.4444447,26.908497,3.6601307,14.039216,1.0588236,2016,1.1482652,.88504249,.69847751,.44282514,1.2305454,.87886465,.62365735,.32438889,1.3601851,.99074072,.60006613,.22275132
2698101,fc-southampton,180,1,swansea-city,2288,0,0,9.1111107,0,3.5,17.261438,23.313726,8.679739,8.3856211,2016,.96307278,.77928221,.91728008,.50685591,.8593725,.74535137,.94833213,.50784785,.79563493,.53888887,.97592592,.43888888
2698102,leicester-city,1003,3,fc-burnley,1132,0,19.666666,14.277778,12.166667,2.7777777,17.111111,4.2026143,9.2549019,.83660132,2016,1.2791915,.80438149,1.2021518,.81308645,1.3928125,.85139692,1.3592279,.90589827,1.4756173,.89074075,1.4814814,1.3333334
2698103,west-bromwich-albion,984,4,west-ham-united,379,2,28.388889,16.611111,8.0555553,7.4444447,27.333334,10.529411,7.4313726,4.4509802,2016,.98640889,.63861424,1.1744614,1.0870886,.84886199,.60976028,1.277113,1.2019501,.91574073,.70185184,.99019605,.81078434
2698104,fc-watford,1010,3,manchester-united,985,1,0,1.1666666,0,.77777779,9.9934645,27.267973,2.9542484,15.254902,2016,1.0477942,.70665777,1.307063,1.0588236,1.1449578,.67074513,1.299903,.90908259,1.0941358,.69444442,1.1755071,.71640211
2698105,fc-everton,29,3,fc-middlesbrough,641,1,1.8333334,0,.8888889,0,17.679739,.1503268,6.4183006,.019607844,2016,1.067186,.80561787,1.0584443,.82655305,1.1183803,.94054347,.96245933,.86179692,1.2805556,1.0324074,.79761904,.68148148
2698106,west-ham-united,379,0,fc-southampton,180,3,17.277779,0,7.4444447,0,9.9019604,17.150328,3.9542484,8.4901962,2016,1.0481496,.99563557,1.0372791,.89312452,1.0707977,1.0352834,.94772512,.88315094,.94074076,.68425924,1.1123016,.98055553
2698107,stoke-city,512,1,west-bromwich-albion,984,1,53.166668,24.111111,19.555555,6.7222223,22.810457,23.392157,8.1372547,6.2875819,2016,1.0051765,.68028831,.83213329,.58861423,.83152258,.50072414,.68219537,.55420476,.69907409,.4537037,.80462962,.68333334
2698108,fc-arsenal,11,3,fc-chelsea,631,0,71.888885,0,41,0,22.418301,24.738562,13.261438,12.96732,2016,1.0932889,.94520605,1.3226707,1.110255,1.1023148,.83652234,1.3393235,1.1752717,1.1691799,.82896823,1.0631614,.9537037
2698109,afc-bournemouth,989,1,fc-everton,29,0,19.888889,1.8333334,5.9444447,.8888889,7.2483659,15.542483,2.1699347,5.6013074,2016,.99108088,.64259368,1.0031337,.71904385,1.1792253,.76359528,1.0700897,.82788914,1.125,.48888889,1.2435185,.99537039
2698110,manchester-united,985,4,leicester-city,1003,1,1.1666666,21.055555,.77777779,13,27.137255,20.084967,15.895425,10.627451,2016,1.1941379,1.0289625,1.1933329,.74773663,1.1503943,.83173472,1.3076273,.80973023,1.0963404,.65158731,1.3367285,.87685186
2698111,afc-sunderland,289,2,crystal-palace,873,3,17.111111,28.055555,7.7222223,10.333333,5.640523,13.156863,1.6862745,4.3398695,2016,.74021035,.48925054,.95150554,.814987,.66610241,.3597725,1.008626,.79094058,.58895504,.21164021,.84270835,.55208331
2698112,fc-liverpool,31,5,hull-city,3008,1,15,0,6.7777777,0,13.51634,4.1241832,6.6143789,.98039216,2016,1.3547294,1.0713844,1.2663072,.80976307,1.4628841,1.1919941,1.1807562,.6940313,1.3759259,1.2462963,1.2699074,.77777779
2698113,fc-middlesbrough,641,1,tottenham-hotspur,148,2,0,36.5,0,18.5,.28104576,15.653595,.05882353,8,2016,1.3050985,.77930111,1.0528812,.84123117,1.1707927,.74521846,1.0092491,.83397126,.93187833,.5935185,1.0787038,.9861111
2698114,swansea-city,2288,1,manchester-city,281,3,8.4444447,0,3.2222223,0,23.392157,17.967319,8.0784311,10.300653,2016,.95602274,.50497621,1.0275952,1.0472386,.99308521,.50167501,1.1570694,1.0707519,1.0037037,.41111112,1.1530864,.9212963
2698115,fc-burnley,1132,2,fc-watford,1010,0,14.277778,0,2.7777777,0,5.3921571,9.640523,1.0718955,2.8888888,2016,.90889597,.66634488,1.0140641,.62729269,1.0097708,.73124522,1.1148652,.57352293,1.0784314,1.2156863,1.0524691,.62037039
2698116,tottenham-hotspur,148,2,manchester-city,281,0,42.666668,0,21.5,0,21.424837,19.653595,10.941176,11.176471,2016,1.0667049,.89099872,.92842847,.8854028,1.0379528,.89583999,1.0602556,.89297414,1.1185185,1.0694444,1.0814815,.81018519
2698117,swansea-city,2288,1,fc-liverpool,31,2,8.166667,16.111111,3.1111112,7.2777777,20.450981,16.411764,7.2614379,7.9084969,2016,.85719597,.45020035,1.3158405,1.0250881,.9334597,.43873239,1.4179106,1.1327349,1.1518519,.43148148,1.2759259,1.1166667
2698118,west-ham-united,379,1,fc-middlesbrough,641,1,17.722221,0,7.8333335,0,12.954248,.28104576,5.2091503,.05882353,2016,1.0856587,1.064088,1.3005198,.7822926,1.11614,1.1505612,1.1831384,.809416,.93888891,.82129627,.90410054,.55648148
2698119,afc-sunderland,289,1,west-bromwich-albion,984,1,.94444442,28.888889,.5,8.0555553,3.7973857,28.254902,.93464053,7.5098038,2016,.70087409,.42601719,.97333699,.63491052,.67852223,.38841915,.83034348,.60420477,.7458995,.33055556,.90462965,.70185184
2698120,fc-burnley,1132,0,fc-arsenal,11,1,14.277778,62.611111,2.7777777,35.5,5.3921571,17.065359,1.0718955,9.7908497,2016,.90889597,.66634488,.76589066,.74395669,1.0097708,.73124522,.76108271,.63590509,1.0784314,1.2156863,.6988095,.59828043
2698121,fc-everton,29,1,crystal-palace,873,1,1.8333334,27.666666,.8888889,10.333333,13.261438,14.882353,4.7058825,4.8300653,2016,.89973861,.66267127,.89501256,.70836735,1.0160773,.71523482,.87907833,.64134896,1.1972222,.85648149,.90490198,.65686274
2698122,leicester-city,1003,0,fc-southampton,180,0,24.666666,0,15.111111,0,23.150328,17.084967,12.679739,8.4444447,2016,1.1933329,.74773663,.93727911,.78201342,1.3076273,.80973023,.84772509,.77203983,1.3367285,.87685186,.77896827,.53611112
2698123,fc-watford,1010,2,afc-bournemouth,989,2,0,21,0,6.3333335,7.1045752,9.4575167,2.1764705,2.6535947,2016,1.1010739,.70421576,.83885866,.63880581,1.1786287,.64336419,1.0403364,.77243364,1.1135802,.64814812,.83333331,.4611111
2698124,manchester-united,985,1,stoke-city,512,1,1.1666666,59.5,.77777779,21.944445,25.013071,27.444445,13.745098,9.8235292,2016,1.3649182,1.0796204,1.0887822,.72501874,1.3749267,.91718441,.9212662,.54393399,1.2310627,.71640211,.76944447,.50925928
2698125,hull-city,3008,0,fc-chelsea,631,2,0,0,0,0,2.2222223,23.61438,.56209153,12.496732,2016,1.3026481,.79433095,1.3226707,1.110255,1.2151477,.68393028,1.3393235,1.1752717,1.3393519,.80555558,1.0631614,.9537037
2698126,west-bromwich-albion,984,1,tottenham-hotspur,148,1,28.111111,42.888889,8,21.611111,27.640522,22.281046,7.6209149,11.424836,2016,.87134898,.70666981,1.0626349,.8871001,.71552867,.64309365,1.0316137,.85880291,.80462962,.68333334,1.1601852,1.0324074
2698127,fc-middlesbrough,641,0,fc-watford,1010,1,0,0,0,0,.28104576,8.7516336,.05882353,2.6732025,2016,1.3005198,.7822926,1.0402987,.62435466,1.1831384,.809416,1.1033268,.54891974,.90410054,.55648148,1.0555556,.5925926
2698128,fc-chelsea,631,3,leicester-city,1003,0,0,24.722221,0,15.055555,15.294118,22.287582,7.7450981,11.869281,2016,1.2073587,.68423235,1.25062,.81588477,1.2006991,.67641091,1.2716004,.84445244,.94927251,.71944445,1.4200617,.93703705
2698129,stoke-city,512,2,afc-sunderland,289,0,62.611111,19.555555,23.111111,8.2222223,30.09804,4.1241832,10.771242,.86274511,2016,1.0887822,.70997244,.77358139,.51598066,.92959952,.54898453,.69002908,.37240177,.78055555,.50925928,.73095238,.31568629
2698130,fc-southampton,180,3,fc-burnley,1132,1,0,14.277778,0,2.7777777,16.156862,5.3921571,7.5490198,1.0718955,2016,1.1246732,.84793514,.90889597,.66634488,1.0284971,.79277098,1.0097708,.73124522,.93822753,.54259259,1.0784314,1.2156863
2698131,fc-arsenal,11,3,swansea-city,2288,2,73.666664,0,41.833332,0,24.38562,27.084967,14.065359,9.7973852,2016,.90052408,.84951222,.72956437,.42985782,.93507957,.78096682,.79981768,.42268303,1.0129629,.7702381,.9203704,.40370369
2698132,afc-bournemouth,989,6,hull-city,3008,1,20.444445,0,6.1111112,0,9.1895428,5.0392156,2.509804,1.2222222,2016,.76117623,.62253088,1.1634934,.7805233,.94369078,.75347424,1.1208717,.67736465,.87777776,.44999999,1.2513889,.87037039
2698133,crystal-palace,873,0,west-ham-united,379,1,28.944445,17.888889,10.722222,7.8888888,16.026144,14.274509,5.1764708,5.5882354,2016,1.0074464,.84841365,1.2189609,1.1716582,1.0272264,.79329574,1.2984093,1.2700056,.92058825,.67647058,.97843134,.75980395
2698134,manchester-city,281,1,fc-everton,29,1,0,1.8333334,0,.8888889,18.352942,16.588236,10.79085,6.3071895,2016,1.1966144,1.0837946,.98029417,.68200678,1.5821609,1.2599969,1.0498877,.82788914,1.8280864,1.2962962,1.1694444,.99537039
2698135,fc-liverpool,31,0,manchester-united,985,0,16.111111,1.1666666,7.2777777,.77777779,16.562092,27.921568,7.7712417,15.993464,2016,1.1888564,.98914039,1.1848787,1.0104439,1.3193656,1.1364386,1.1411351,.81321621,1.1833333,1.1537037,1.0824515,.62380952
2698136,fc-middlesbrough,641,1,hull-city,3008,0,0,0,0,0,.098039217,7.013072,.019607844,1.8169935,2016,1.0999707,.85980225,.88334227,.69729728,.99091053,.8362959,.85330957,.62810063,.82076722,.51481479,.95049018,.79411763
2698137,afc-sunderland,289,2,leicester-city,1003,1,17.111111,17.111111,7.7222223,10.611111,8.8692808,12.777778,2.1830065,7.0588236,2016,.7718578,.55347043,1.089923,.70896834,.67257988,.39443538,1.2085533,.75973022,.59358466,.20238096,1.3830247,.82129627
2698138,manchester-city,281,1,fc-chelsea,631,3,0,0,0,0,23.986929,19.882353,14.379085,10.424836,2016,1.0573571,1.0313655,1.3043978,1.0963662,1.1876249,1.0347832,1.320805,1.1525445,1.1114198,.91203701,1.054828,.93425924
2698139,afc-sunderland,289,1,fc-arsenal,11,4,21.111111,71.777779,9.1111107,40.277779,4.4771242,25.450981,.93464053,14.313725,2016,.77389467,.53035533,.81043553,.71037817,.69666767,.39300239,.8689115,.65962303,.7296958,.31071427,.81547618,.64801586
2698140,manchester-city,281,1,fc-southampton,180,1,0,0,0,0,19.699347,11.228758,11.588235,5.2156863,2016,1.2219945,1.1342996,1.1037898,.86283809,1.6010865,1.251806,1.0281003,.81415546,1.8419753,1.3101852,.94933861,.52222222
2698141,fc-watford,1010,1,hull-city,3008,0,0,0,0,0,8.679739,6.973856,2.640523,1.862745,2016,1.0245579,.67033303,.91925591,.60553724,1.1024009,.61737216,.9299171,.57762456,.99722224,.55555558,1.0107843,.70098037
2698142,fc-chelsea,631,4,manchester-united,985,0,0,1.1666666,0,.77777779,21.326797,25.058823,11.261438,13.954248,2016,1.2120062,.89367253,1.0830089,.93405509,1.2349253,.93429047,1.0825657,.734272,.98260581,.84537035,1.1083775,.65687829
2698143,crystal-palace,873,2,fc-liverpool,31,4,31.722221,15.722222,12.166667,7.1111112,17.843138,15.562092,6.0522876,7.359477,2016,.87578177,.71776587,1.2645584,.92786586,.82749104,.62367219,1.3549476,.99170923,.88529414,.58823532,1.1787037,.9222222
2698144,stoke-city,512,0,afc-bournemouth,989,1,49.5,18.111111,18.166666,5.1111112,16.058823,6.3660131,5.9084969,1.8169935,2016,.98794121,.70805389,1.0073998,.73380733,.86096227,.56371516,1.1897445,.85031062,.81759262,.67592591,1.2685186,.56666666
2698145,fc-liverpool,31,2,west-bromwich-albion,984,1,16.111111,26.444445,7.2777777,7.6111112,16.38562,25.071896,7.6928105,6.7908497,2016,1.3158405,1.0250881,.86664313,.69522196,1.4179106,1.1327349,.72122669,.64359868,1.2759259,1.1166667,.78796297,.65555555
2698146,fc-southampton,180,0,fc-chelsea,631,2,0,0,0,0,14.385621,26.699347,7.2156863,14.326797,2016,.97073871,.7898066,1.2479037,.91682065,.91915369,.79792166,1.2664068,.9689225,.9659664,.61666667,.99093914,.85370368
2698147,hull-city,3008,0,stoke-city,512,2,0,62.611111,0,23.111111,6.1372547,30.09804,1.6862745,10.771242,2016,1.0551552,.66806263,1.0887822,.70997244,.98644704,.5492782,.92959952,.54898453,1.0495371,.67592591,.78055555,.50925928
2698148,west-bromwich-albion,984,4,fc-burnley,1132,0,28.222221,16.277779,8,3.1666667,21.960785,6.980392,6.0326796,1.3986928,2016,.77742499,.62042642,1.1724099,.80290127,.64724165,.57920474,1.2928698,.88506496,.73796296,.62777776,1.4814814,1.3333334
2698149,fc-everton,29,1,swansea-city,2288,1,1.8333334,0,.8888889,0,14.980392,25.993464,5.5882354,9.5751638,2016,1.0792718,.80756724,.88118589,.48871577,1.1251143,.95625615,.93592882,.46342376,1.3175926,1.0694444,1.1478837,.47037038
2698150,manchester-united,985,1,west-ham-united,379,1,1.1666666,18.944445,.77777779,8.5555553,19.379086,13.973856,10.875817,5.8823528,2016,1.4487935,1.3020834,1.3455813,1.1389785,1.3685576,1.1505213,1.4606568,1.2779421,1.4333774,1.1386243,1.3407408,.84722221
2698151,stoke-city,512,2,fc-burnley,1132,0,51.777779,14.166667,19.333334,2.7777777,15.248366,4.1372547,5.7712417,.83660132,2016,1.119092,.75097328,1.2283863,.79632229,.97698361,.6081596,1.3345366,.84617603,.89629632,.69444442,1.3148148,1
2698152,fc-burnley,1132,2,fc-everton,29,1,13.111111,1.8333334,2.4444444,.8888889,4.5686274,15.542483,.83006537,5.6013074,2016,.83757913,.56694722,1.0031337,.71904385,.95860267,.66033018,1.0700897,.82788914,.99411762,.99509805,1.2435185,.99537039
2698153,fc-chelsea,631,5,fc-everton,29,0,0,1.8333334,0,.8888889,22.48366,18.30719,12.071896,6.6732025,2016,1.1859379,.81265396,1.000356,.74901456,1.2096938,.90651268,1.0506452,.84486443,.90297621,.75648147,1.2527778,1.0787038
2698154,fc-liverpool,31,6,fc-watford,1010,1,15,0,6.7777777,0,13.732026,7.3137255,6.5424838,2.3006537,2016,1.3084331,1.0158288,.98289126,.65528673,1.4086514,1.1271793,1.0524008,.60440916,1.2648149,1.1166667,.96018517,.55555558
2698155,tottenham-hotspur,148,1,leicester-city,1003,1,40.833332,21.777779,20.611111,13.111111,17.032681,20.555555,8.8823528,10.542483,2016,.90675014,.70802915,1.1725248,.78168726,.91943425,.68203527,1.2846254,.84742868,.94722223,.7361111,1.312037,.91851854
2698156,swansea-city,2288,0,fc-watford,1010,0,0,0,0,0,20.267973,8.7843142,7.1960783,2.6732025,2016,.91132766,.4523446,.99215049,.58650362,.95925331,.45537871,1.0709194,.51876104,.99259257,.41111112,.95555556,.48148149
2698157,manchester-united,985,1,fc-arsenal,11,1,1.1666666,84.333336,.77777779,47.833332,28.509804,33.267975,16.117647,19.032681,2016,1.0363425,.96484667,.90047973,.78710347,1.0505484,.827784,.94172728,.68196988,.63406086,.5314815,.91825396,.62208992
2698158,manchester-united,985,0,fc-burnley,1132,0,1.1666666,16.277779,.77777779,3.1666667,23.738562,6.980392,12.947712,1.3986928,2016,1.3366904,1.0515424,1.2877297,.84353912,1.3254882,.90413731,1.4134839,.89987975,1.1204807,.66481483,1.4537038,1.2361112
2698159,fc-arsenal,11,3,afc-bournemouth,989,1,82.722221,17.833334,46.666668,5.0555553,30.633987,6.6013074,17.51634,1.8758169,2016,.91014159,.79467922,.98873448,.68710202,.93684328,.68980461,1.1785673,.777394,.89603174,.62208992,1.25,.47962964
2698160,hull-city,3008,2,fc-southampton,180,1,0,0,0,0,4,15.065359,1.1699346,7.346405,2016,1.085201,.70873082,1.1109504,.86672968,1.0119462,.60521239,1.0353153,.82966769,1.05,.64215684,1.0247899,.63137257
2698161,hull-city,3008,1,west-bromwich-albion,984,1,0,27.777779,0,8,7.5228758,21.437908,1.9281045,6.0326796,2016,.98615611,.72653705,.88442087,.71037352,.91319412,.64476728,.73404717,.64864922,.97009802,.69607842,.81574076,.68333334
2698162,tottenham-hotspur,148,3,west-ham-united,379,2,42.944443,18.722221,21.666666,8.2777777,18.352942,12.718954,9.6470585,5.2679739,2016,.99905783,.71264893,1.280998,1.0701953,1.1148046,.71135622,1.4032494,1.2115841,1.1472223,.69444442,1.2574074,.81944442
2698163,leicester-city,1003,2,fc-middlesbrough,641,2,17.111111,0,10.611111,0,13.843137,.098039217,7.4052286,.019607844,2016,1.1112072,.74648637,1.0999707,.85980225,1.212257,.79491544,.99091053,.8362959,1.4447713,.83039218,.82076722,.51481479
2698164,fc-arsenal,11,1,tottenham-hotspur,148,1,85.888885,41.055557,48.444443,20.611111,28.633987,20.222221,16.359478,10.542483,2016,.91439742,.80427521,.95322448,.6786983,.94626784,.69701618,1.0342491,.65467834,.90714288,.6776455,1.1194445,.6388889
2698165,fc-arsenal,11,0,fc-middlesbrough,641,0,67.777779,0,38.277779,0,23.888889,.14379086,13.568627,.013071896,2016,.82136708,.79064983,1.1221988,.83276719,.87391508,.73930013,1.027365,.87752926,1.0089947,.83902115,.82208997,.68148148
2698166,crystal-palace,873,3,fc-southampton,180,0,29.611111,0,11.111111,0,22.771242,13.941176,7.7450981,7.006536,2016,.93133736,.80824786,.97523218,.71920478,.92578161,.75175858,.91822773,.74009341,.80686277,.56862748,1.2365546,.73725492
2698167,stoke-city,512,3,swansea-city,2288,1,54.055557,0,19.833334,0,21.104576,18.496733,7.4444447,6.5032678,2016,.98253995,.69323909,.93618149,.50205219,.85540676,.56371516,.98240149,.50167501,.81759262,.67592591,1.0296296,.48518518
2698168,leicester-city,1003,3,crystal-palace,873,1,23.611111,28.722221,14.222222,10.722222,22.294117,13.862745,11.405229,4.5620914,2016,1.3296965,.83527869,.95242,.77037132,1.4404316,.89901596,.93463391,.69073164,1.5033951,.97407407,.88529414,.57843137
2698169,swansea-city,2288,1,manchester-united,985,3,0,1.1666666,0,.77777779,18.241831,20.620914,6.5620914,11.143791,2016,.9589467,.51082414,1.2351693,.97687918,.99771488,.51093429,1.1791714,.83217961,1.0037037,.41111112,1.1460758,.71243387
2698170,west-ham-united,379,1,stoke-city,512,1,17.888889,50.666668,8,18.666666,12.261438,19.607843,5.0653596,6.980392,2016,1.3507401,1.22628,.97388613,.54465795,1.4970204,1.3751644,.86990851,.43732625,1.3166667,.877451,.63240743,.41666666
2698171,west-ham-united,379,1,afc-sunderland,289,0,16.611111,19.555555,7.3333335,8.2222223,12.424836,4.6928105,4.9281044,1.2026144,2016,1.1905658,1.0516185,.77921575,.54227537,1.2690883,1.1241723,.70416325,.43008581,.96078432,.71274507,.74867725,.31944445
2698172,fc-everton,29,1,manchester-united,985,1,1.8333334,1.1666666,.8888889,.77777779,15.869281,17.418301,5.980392,9.5098038,2016,1.0443465,.76858085,1.2341008,1.0837095,1.0981783,.94054347,1.2046996,.93082082,1.2064815,1.0324074,1.4046737,1.073545
2698173,afc-bournemouth,989,0,tottenham-hotspur,148,0,19.166666,45.222221,5.6666665,22.888889,7.4117646,24.607843,2.2483661,12.882353,2016,.99013859,.63618827,1.0179869,.87458307,1.2060364,.78896803,.97961944,.86876363,1.2018518,.58888888,.98888886,.98148149
2698174,afc-sunderland,289,3,hull-city,3008,0,8.6111107,0,4.1666665,0,5.8627453,6.4509802,1.4705882,1.7385621,2016,.74927181,.46737456,.8699128,.67561114,.709176,.37762964,.79078215,.59440988,.6833995,.26441798,.87187499,.72395831
2698175,leicester-city,1003,1,west-bromwich-albion,984,2,20,26.5,12.111111,7.6666665,19.61438,20.699347,9.5686274,5.7777777,2016,1.3296965,.83527869,.67339724,.54476506,1.4404316,.89901596,.56996894,.4911015,1.5033951,.97407407,.68240738,.53518516
2698176,fc-everton,29,2,west-ham-united,379,0,0,19.333334,0,8.5,17.686274,15.143791,6.3071895,6.019608,2016,.94058222,.6762557,1.2004424,1.1389785,1.0075382,.785101,1.2803538,1.2501644,1.2546296,.99259257,1.2574074,.85648149
2698177,fc-liverpool,31,2,afc-sunderland,289,0,13.777778,17.111111,6.2222223,7.7222223,11.379085,8.5490198,5.3398695,2.1830065,2016,1.0788808,.84271371,.79517132,.58475351,1.1652651,.97717929,.70189089,.42757028,1.0342592,.99166667,.64636242,.24126984
2698178,crystal-palace,873,1,manchester-city,281,2,34.611111,0,13.111111,0,20.836601,22.529411,7.2156863,13.287581,2016,.96841925,.83189839,1.3192199,1.2169114,1.0131973,.77459407,1.7257757,1.3338573,.94259262,.6388889,1.9114197,1.3425926
2698179,fc-middlesbrough,641,0,fc-chelsea,631,1,0,0,0,0,.098039217,25.078432,.019607844,13.48366,2016,1.232368,.85623717,1.2951686,1.0125698,1.1159105,.85534352,1.3115457,1.1236844,.82539684,.53796297,.97242063,.85370368
2698180,fc-burnley,1132,3,crystal-palace,873,2,15,31.5,2.9444444,12.222222,5.8039217,17.993464,1.1960784,6.2745099,2016,1.2781549,.83663142,.87986106,.7070446,1.4086106,.88506496,.85382581,.62150764,1.4537038,1.2592592,.9735294,.65686274
2698181,fc-burnley,1132,1,manchester-city,281,2,14.166667,0,2.7777777,0,5.3137255,24.941177,1.0718955,14.503268,2016,1.1724099,.80290127,1.2962823,1.2165507,1.2928698,.88506496,1.7022715,1.3420483,1.4814814,1.3333334,1.8891976,1.3425926
2698182,fc-southampton,180,0,fc-liverpool,31,0,0,14.611111,0,6.6666665,14.849673,13.562092,7.3660131,6.6013074,2016,1.0048773,.66850686,1.2573609,.95911586,.90135109,.61551428,1.3901328,1.1142163,.94831932,.4254902,1.2898148,1.1490741
2698183,fc-watford,1010,0,stoke-city,512,1,0,45.833332,0,17.111111,6.8954248,13.267974,2.0915034,5.013072,2016,1.0793198,.68797404,1.1260364,.72680175,1.1412897,.618761,.99728274,.59427071,1.0694444,.5324074,.89074075,.68055558
2698184,afc-bournemouth,989,1,afc-sunderland,289,2,20.833334,17.111111,6.1111112,7.7222223,9.1764708,2.640523,2.7908497,.73856211,2016,.8719433,.65378088,.78250599,.5249244,.99369079,.72183841,.71056491,.39846298,1.1833333,.58888888,.6833995,.26441798
2698185,manchester-city,281,1,fc-middlesbrough,641,1,0,0,0,0,16.738562,.14379086,10.169934,.013071896,2016,1.1332694,1.0501479,1.1513225,.87146372,1.4766496,1.1772205,1.0994964,.93012303,1.6910493,1.1712962,.80224866,.66296297
2698186,west-bromwich-albion,984,0,manchester-city,281,4,22.611111,0,6.3888888,0,21.111111,20.254902,5.9150329,11.673203,2016,.8770135,.71037352,1.1463367,1.0478799,.72899669,.64864922,1.507105,1.1525997,.81574076,.68333334,1.708642,1.1805556
2698187,afc-bournemouth,989,4,fc-liverpool,31,3,19.444445,14.055555,5.6111112,6.2222223,8.2418299,10.03268,2.4313726,4.6209149,2016,.82074505,.66882718,1.0613739,.84023052,1.0137525,.7635051,1.1202915,.93366081,.8888889,.42407408,.96481484,.89907408
2698188,fc-chelsea,631,2,tottenham-hotspur,148,1,0,39.277779,0,19.833334,23.647058,16.581699,12.477124,8.6143789,2016,1.3226707,1.110255,1.0501161,.72109592,1.3393235,1.1752717,1.161101,.70518339,1.0631614,.9537037,1.2444445,.70833331
2698189,fc-middlesbrough,641,2,afc-bournemouth,989,0,0,19.888889,0,6.1111112,.1503268,8.6078434,.019607844,2.496732,2016,1.3783619,.94533974,.82347196,.61882716,1.2620946,1.003183,1.0301105,.77199274,.89947093,.7046296,.81296295,.50555557
2698190,fc-liverpool,31,2,west-ham-united,379,2,12.833333,16.444445,5.7222223,7.2777777,10.026144,10.013072,4.5947714,4.0457516,2016,1.0806977,.85605437,1.1103052,1.1476647,1.1340277,.94224662,1.2119584,1.2229161,.99259257,.9546296,1.35,.8843137
2698191,fc-middlesbrough,641,3,swansea-city,2288,0,0,0,0,0,.28104576,17.398693,.05882353,6.3006535,2016,1.1981418,.83885825,.91536254,.51135653,1.0979532,.87509656,.93118048,.50381178,.78835976,.61203706,.95925927,.39444444
2698192,fc-southampton,180,1,fc-everton,29,0,0,1.8333334,0,.8888889,13.339869,17.679739,6.7581701,6.4183006,2016,.98571515,.64748532,1.067186,.80561787,.89592785,.63974065,1.1183803,.94054347,1.0747899,.64411765,1.2805556,1.0324074
2698193,fc-southampton,180,1,fc-middlesbrough,641,0,0,0,0,0,20.189543,.09150327,9.679739,.013071896,2016,.89671654,.84773636,1.2744606,.8676008,.88776284,.8171677,1.2572685,.89622855,1.0110644,.70490193,.90145504,.59722221
2698194,fc-watford,1010,3,fc-everton,29,2,0,1.8333334,0,.8888889,8.3137255,22.202614,2.4705882,8.2156858,2016,1.2335526,.76831281,1.0449637,.75138509,1.316824,.69475311,1.0642678,.85396338,1.3212963,.7361111,1.2064815,.97685188
2698195,fc-burnley,1132,1,fc-middlesbrough,641,0,16.277779,0,3.1666667,0,5.5555553,.1503268,1.1176471,.019607844,2016,1.1714629,.80498457,1.3052466,.85689574,1.3137032,.88737977,1.1894565,.87143356,1.4722222,1.2685186,.85780424,.5935185
2698196,afc-bournemouth,989,1,leicester-city,1003,0,20.944445,18.222221,6.2222223,11.333333,7.8431373,12.90196,2.2352941,7.1895423,2016,.87977284,.68996322,1.2376292,.75378627,1.0797544,.80902976,1.3266343,.79703182,.7962963,.4611111,1.4496914,.79074073
2698197,fc-chelsea,631,3,afc-bournemouth,989,0,0,21.055555,0,6.1666665,21.915033,9.6470585,11,2.8758171,2016,.8846606,.80026066,.75975168,.63347363,.8898322,.79559886,.94716299,.76934725,.79107141,.70740741,.875,.4611111
2698198,fc-burnley,1132,3,afc-bournemouth,989,2,16.277779,20.166666,3.1666667,5.9444447,5.5555553,8.4575167,1.1176471,2.5490196,2016,1.2283863,.79632229,.80440521,.65748459,1.3345366,.84617603,.98906112,.77816558,1.3148148,1,.85185188,.4611111
2698199,west-ham-united,379,1,hull-city,3008,0,19.666666,0,8.5555553,0,13.686275,6.6274509,5.4771242,1.7385621,2016,1.1884786,1.2331265,1.0633422,.81395888,1.3077695,1.3310564,.98604721,.71353185,1.4137255,.89705884,1.1034313,.86274511
2698200,fc-chelsea,631,1,west-bromwich-albion,984,0,0,27.777779,0,8,18.313726,21.437908,9.5490198,6.0326796,2016,1.2244639,.96426731,.88442087,.71037352,1.2030801,.93470818,.73404717,.64864922,.98816139,.91203701,.81574076,.68333334
2698201,west-bromwich-albion,984,3,fc-watford,1010,1,27.777779,0,8,0,21.437908,5.4836602,6.0326796,1.6732026,2016,.88442087,.71037352,1.349223,.81518835,.73404717,.64864922,1.4507375,.74591506,.81574076,.68333334,1.3901961,.73039216
2698202,west-ham-united,379,1,fc-burnley,1132,0,19.722221,16.277779,8.5555553,3.1666667,13.745098,6.980392,5.4771242,1.3986928,2016,1.129655,1.1755284,1.2283863,.79632229,1.2507285,1.2656969,1.3345366,.84617603,1.4039216,.92843139,1.3148148,1
2698203,fc-everton,29,2,fc-arsenal,11,1,1.8333334,73.611115,.8888889,41.777779,17.915033,26.960785,6.5294118,15.562092,2016,1.0718644,.72423387,1.0048833,.85232425,1.0901936,.83720851,1.0450333,.76985568,1.262037,.98796296,1.1951058,.82579362
2698204,fc-arsenal,11,1,west-bromwich-albion,984,0,66.055557,30.666666,37.333332,8.9444447,22.738562,27.601307,12.816994,7.7647057,2016,.9569248,.81092966,.88442087,.71037352,1.0553728,.79079586,.73404717,.64864922,1.1559523,.82420635,.81574076,.68333334
2698205,west-bromwich-albion,984,3,swansea-city,2288,1,23.5,0,6.6666665,0,14.444445,17.967319,3.862745,6.4771242,2016,.88680983,.73284942,.91536254,.51135653,.73156625,.68145746,.93118048,.50381178,.77549022,.69411767,.95925927,.39444444
2698206,manchester-united,985,3,afc-sunderland,289,1,1.1666666,7.0555553,.77777779,3.2777777,19.496733,8.8692808,10.673203,2.1307189,2016,1.2485684,1.0837095,.73854655,.50407565,1.2243406,.93082082,.67345744,.42117181,1.4046737,1.073545,.7141369,.27812499
2698207,crystal-palace,873,1,manchester-united,985,2,29.222221,1.1666666,10.944445,.77777779,18.379086,22.339869,5.8039217,12.48366,2016,.80988199,.63617784,1.2450899,1.0532681,.73499048,.52065289,1.2024441,.88717353,.84687501,.52083331,1.1278219,.69417989
2698208,west-ham-united,379,1,fc-arsenal,11,5,15.5,73.611115,7.0555553,41.388889,10.039216,25.712418,4.1503267,14.568627,2016,1.1447337,.97527969,.88206565,.79922467,1.19499,1.0347604,.98909193,.76406866,1.2203704,.73888886,1.0712963,.75912696
2698209,stoke-city,512,0,fc-southampton,180,0,56.722221,0,21,0,23.745098,18.444445,8.7973852,8.9215689,2016,1.064961,.70492458,.92140788,.85462141,.91948557,.54805857,.89289105,.82272327,.78518516,.50925928,.98165268,.6901961
2698210,fc-watford,1010,1,tottenham-hotspur,148,4,0,41.111111,0,20.888889,5.0784316,19.058823,1.5294118,10.183006,2016,1.248036,.73745924,1.0244088,.77723396,1.3960268,.66646826,1.1855718,.80942023,1.2714286,.60714287,1.2259259,.83796299
2698211,crystal-palace,873,0,fc-chelsea,631,1,36,0,13.611111,0,25.431372,21.313726,8.5228758,11.143791,2016,.85324836,.72332144,1.2352406,.96272415,.82996017,.63132888,1.2086357,.93428731,.83235294,.58823532,.9901455,.89814812
2698212,tottenham-hotspur,148,5,swansea-city,2288,0,41.055557,0,20.666666,0,18.588236,17.666666,9.7058821,6.3398695,2016,.90654308,.69050384,.91536254,.51135653,.96797925,.68851674,.93118048,.50381178,.9074074,.80092591,.95925927,.39444444
2698213,fc-arsenal,11,3,stoke-city,512,1,73.611115,46.388889,41.777779,17.277779,26.82353,12.281046,15.48366,4.6013074,2016,1.0145959,.86514473,1.0542772,.68888181,1.0635518,.78837419,.90753919,.54643118,1.2034391,.83690476,.83518517,.6388889
2698214,fc-burnley,1132,4,afc-sunderland,289,1,14.277778,18.055555,2.7777777,8.2222223,3.9607842,9.5490198,.81045753,2.2287581,2016,1.2814996,.83881295,.74955606,.53728175,1.4400803,.88719547,.64877731,.38621226,1.5588236,1.387255,.6695106,.29219577
2698215,fc-liverpool,31,4,stoke-city,512,1,14.888889,48.388889,6.6666665,17.944445,13.359477,16.163399,6.3790851,6.0326796,2016,1.1935579,.90107709,1.0635818,.6734581,1.2909265,1.005883,.93228668,.51854116,1.1092592,.92685187,.7046296,.58333331
2698216,fc-middlesbrough,641,0,leicester-city,1003,0,0,18.222221,0,11,.1503268,14.176471,.019607844,7.7254901,2016,1.3052466,.85689574,.80625492,.51531971,1.1894565,.87143356,.86577618,.55540925,.85780424,.5935185,.8277778,.58703703
2698217,tottenham-hotspur,148,2,fc-burnley,1132,1,45.388889,16.277779,23.055555,3.1666667,26.052288,6.980392,13.75817,1.3986928,2016,.92750102,.77499461,1.11475,.76021117,.97816443,.77092415,1.2095366,.81376863,.90277779,.81481481,1.3333334,1.0185186
2698218,hull-city,3008,0,manchester-city,281,3,0,0,0,0,6.653595,20.084967,1.7647059,11.503268,2016,1.0500089,.77956736,.95695591,1.0164946,.9675287,.68322885,1.2606709,1.1132122,1.0643518,.81481481,1.433642,1.1435186
2698219,fc-everton,29,0,fc-liverpool,31,1,1.8333334,14.888889,.8888889,6.6666665,16.830065,13.359477,6.1699347,6.3790851,2016,.97699755,.68443054,1.1842986,.90107709,1.047545,.74461591,1.2816672,1.005883,1.1972222,.78425926,1.1092592,.92685187
2698220,manchester-united,985,1,tottenham-hotspur,148,0,1.1666666,45.611111,.77777779,23.111111,20.725491,27.058823,11.653595,14.248366,2016,1.3714861,1.1698207,.92935288,.72208452,1.3053169,1.0472981,.98927552,.70324737,1.4324515,1.110582,.96296299,.83796299
2698221,leicester-city,1003,4,manchester-city,281,2,18.055555,0,11.222222,0,13.137255,15.725491,7.1699347,9.1960783,2016,1.0704424,.74517071,.99235409,1.0651366,1.1701934,.77428049,1.3061028,1.209071,1.446732,.79313725,1.532716,1.287037
2698222,hull-city,3008,3,crystal-palace,873,3,0,33.888889,0,13,6.653595,23.130718,1.7647059,7.8496733,2016,.93132204,.75032759,.89615649,.72861481,.89177114,.66656214,.85263753,.63829994,.98970586,.84313726,.90937501,.625
2698223,leicester-city,1003,0,fc-everton,29,2,18.388889,0,11.444445,0,13.993464,18.90196,7.640523,6.7843137,2016,.96864915,.59780431,1.029223,.7560147,1.0696423,.6812911,1.052904,.85522598,.99135804,.79074073,1.1972222,1.0231482
2698224,tottenham-hotspur,148,3,hull-city,3008,0,43.722221,0,22,0,23.222221,6.653595,11.816994,1.7647059,2016,.90827024,.74202758,.93132204,.75032759,.96890515,.74861777,.89177114,.66656214,.9212963,.83333331,.98970586,.84313726
2698225,fc-arsenal,11,2,crystal-palace,873,0,65,4.7222223,36.444443,1.6111112,16.588236,15.339869,9.2745094,4.8300653,2016,.92110443,.67744738,.90019524,.78909868,1.0428194,.71209216,.92050451,.71194375,1.1272486,.69087303,.82647061,.50980395
2698226,swansea-city,2288,5,crystal-palace,873,4,0,35,0,13.5,23.457516,24.392157,8.5620918,8.2549019,2016,.77427304,.52209413,1.0074464,.78311783,.66837186,.46739203,1.0333993,.73774022,.80714285,.37777779,.98921567,.67647058
2698227,fc-chelsea,631,4,stoke-city,512,2,0,45.555557,0,16.777779,22.620914,14.862745,11.686275,5.3267975,2016,1.1343147,.8831411,.97826433,.61790258,1.0997032,.86011147,.84432369,.46236834,.9554233,.89259261,.62962961,.52777779
2698228,afc-bournemouth,989,1,fc-southampton,180,3,19.555555,0,5.8888888,0,6.8104577,18.888889,1.9542483,8.9673204,2016,.80440521,.65748459,.88254333,.86278266,.98906112,.77816558,.83401108,.81690317,.85185188,.4611111,.87380952,.64607841
2698229,manchester-city,281,2,fc-watford,1010,0,0,0,0,0,19.633987,7.6797385,11.294118,2.3725491,2016,1.008624,1.069581,1.135669,.73382509,1.3301768,1.2133446,1.2135119,.68086421,1.5419753,1.287037,1.1638889,.69444442
2698230,afc-sunderland,289,1,fc-watford,1010,0,8.6111107,0,4.1666665,0,6.980392,8.333333,1.7973856,2.509804,2016,.7792477,.53571182,1.0850738,.66881752,.72182345,.45923409,1.1777807,.6138007,.70889354,.27016807,1.1638889,.6574074
2698231,fc-middlesbrough,641,0,fc-liverpool,31,3,0,13.222222,0,6,.09150327,10.320261,.013071896,4.8104577,2016,1.3179461,.88527757,1.0494238,.82031089,1.2424537,.92941755,1.1088955,.90891331,.84391534,.61203706,.93703705,.86203706
2698232,fc-liverpool,31,1,manchester-city,281,0,14.888889,0,6.6666665,0,13.24183,27.48366,6.3137255,15.843137,2016,1.1935579,.90107709,1.0372547,1.0005014,1.2909265,1.005883,1.1805122,.99839741,1.1092592,.92685187,1.0891975,.82407409
2698233,afc-sunderland,289,0,fc-chelsea,631,1,1.5555556,0,.8888889,0,8.6862745,19.418301,2.143791,9.3921566,2016,.73337269,.51098299,1.1111367,.8374263,.68099988,.43064454,1.0898993,.83904922,.69590771,.26622024,.95125663,.8425926
2698234,fc-watford,1010,1,crystal-palace,873,1,0,31.444445,0,11.722222,8.6209154,18.699347,2.5947711,5.986928,2016,1.0262502,.66088098,.80068254,.6735065,1.1307721,.62253088,.80079561,.59124112,1.0305556,.5462963,.85208333,.58333331
2698235,fc-watford,1010,2,leicester-city,1003,1,0,20.111111,0,12.444445,7.6143789,18.078432,2.3464053,9.7712421,2016,1.0820106,.66836619,.99595475,.74728751,1.191717,.64900792,1.1336995,.7986632,1.0898148,.59722221,1.2425926,.87685186
2698236,stoke-city,512,2,leicester-city,1003,2,46.611111,23.666666,17.222221,14.555555,16.542484,18.437908,5.9607844,10.470589,2016,1.0627648,.6401248,1.2384267,.74873579,.92395329,.47533131,1.3229712,.78909534,.69074076,.52777779,1.4496914,.79074073
2698237,manchester-city,281,2,fc-arsenal,11,1,0,69.277779,0,39.444443,19.078432,25.640522,10.915032,14.764706,2016,.98779058,1.0140254,1.0048833,.85232425,1.3156567,1.1522334,1.0450333,.76985568,1.5336419,1.1898148,1.1951058,.82579362
2698238,swansea-city,2288,3,afc-sunderland,289,0,0,17.111111,0,7.7222223,16.333334,9.7712421,5.8627453,2.3725491,2016,.75028318,.48357874,.74328637,.52917987,.66590267,.44270065,.64144439,.37618139,.81111109,.33888888,.60284394,.2255291
2698239,leicester-city,1003,1,west-ham-united,379,0,23.833334,19.666666,14.611111,8.5555553,17.777779,13.686275,10.006536,5.4771242,2016,1.0023155,.6445691,1.1884786,1.2331265,1.0938046,.69187307,1.3077695,1.3310564,1.0608025,.79074073,1.4137255,.89705884
2698240,fc-southampton,180,1,tottenham-hotspur,148,4,0,43.5,0,22.055555,20.267973,24.202614,9.7516336,12.803922,2016,.86792344,.79845512,1.0894058,.7712909,.83129156,.76134759,1.2194343,.79870194,.89341736,.64607841,1.2444445,.89814812
2698241,hull-city,3008,2,fc-everton,29,2,0,0,0,0,3.9411764,18.568628,1.1699346,6.6666665,2016,1.0500089,.77956736,.95638353,.66591203,.9675287,.68322885,1.0294473,.7088415,1.0643518,.81481481,1.1787037,.81203705
2698242,west-ham-united,379,0,manchester-city,281,4,14.555555,0,6.5,0,11.575164,21.856209,4.5555553,13.575164,2016,1.2092644,1.2128017,1.0952615,1.1022977,1.2101816,1.1423203,1.2786183,1.1177117,.89375001,.63229167,1.153268,.95098037
2698243,fc-arsenal,11,2,fc-burnley,1132,1,79.333336,15.333333,44.777779,3,22.20915,4.5359478,12.686275,.93464053,2016,1.0169351,.86489201,1.0940733,.76146811,1.1238354,.84026676,1.1595365,.8234688,1.1756613,.8345238,1.2685186,.99074072
2698244,fc-watford,1010,0,fc-middlesbrough,641,0,0,0,0,0,6.3333335,0,1.7619047,0,2016,.8931973,.41858703,1.131783,.71189433,1.0310135,.44044527,1.0685595,.74315393,1.2190477,.76190478,.79004329,.60000002
2698245,manchester-united,985,1,fc-liverpool,31,1,1.1666666,13.722222,.77777779,6.4444447,24.287582,12.607843,13.627451,6.4640522,2016,1.3859537,1.1698207,1.0817448,.83454877,1.3249578,1.0472981,1.1909264,.94982886,1.4324515,1.110582,1.0351852,.89907408
2698246,fc-middlesbrough,641,1,west-bromwich-albion,984,1,0,20.777779,0,5.9444447,.084967323,19.196079,0,5.2222223,2016,1.2550509,.85929441,.81796515,.66837013,1.2760413,.87541628,.68974519,.61489499,.76653439,.47777778,.77685183,.62777776
2698247,stoke-city,512,1,fc-everton,29,1,45.722221,3.2777777,16.666666,1.6666666,14.346405,19.699347,5.0849671,7.6274509,2016,.88538688,.52892435,1.2267538,.73854148,.79495168,.44852155,1.2632468,.75702173,.63425928,.38425925,1.3903439,.80092591
2698248,hull-city,3008,3,afc-bournemouth,989,1,0,20.722221,0,6.1111112,4.1241832,9.5163403,1.1568627,2.7189543,2016,1.1211393,.71601158,.86452752,.67051065,1.1045052,.65571499,1.0403728,.75391513,1.0626751,.71568626,.93055558,.51666665
2698249,afc-sunderland,289,1,stoke-city,512,3,5.5555553,48.722221,2.2777777,17.833334,7.5294118,17.287582,1.6601307,6.0784316,2016,.59685951,.37259015,.61152107,.53872037,.58017015,.33515844,.58140391,.44713265,.69944447,.24507937,.46481481,.36574075
2698250,afc-bournemouth,989,3,fc-arsenal,11,3,20.222221,64.166664,5.8888888,36.111111,8.8692808,16.633987,2.6143792,9.4901962,2016,.81342489,.61611438,.91473639,.65697956,.93720931,.72948432,1.035347,.68616623,1.0944444,.49814814,1.1022487,.68293649
2698251,fc-middlesbrough,641,1,west-ham-united,379,3,0,18.944445,0,8.2222223,.4509804,14.784314,.026143791,5.9215684,2016,1.2427546,.86793637,1.0785455,1.0582498,1.2421731,.87703663,1.1368693,1.0915033,.73743385,.55185187,.828125,.53541666
2698252,crystal-palace,873,0,fc-everton,29,1,4.7222223,3.2777777,1.6111112,1.6666666,16.130718,21.666666,5.6601305,8.3529415,2016,.96851718,.69195378,1.1853958,.68530077,.94612837,.6623711,1.2306128,.72124732,.90066135,.5462963,1.2792329,.7638889
2698253,afc-sunderland,289,0,tottenham-hotspur,148,0,17.111111,38.055557,7.6666665,19.333334,6.5882354,16.673203,1.5424837,8.8104572,2016,.62142229,.42256933,1.0101787,.72362775,.55868542,.34679428,1.1781645,.75942022,.6421296,.22275132,1.2259259,.86574072
2698254,west-bromwich-albion,984,2,afc-sunderland,289,0,20.777779,12.611111,5.9444447,5.5555553,19.196079,8.5816994,5.2222223,1.8431373,2016,.81796515,.66837013,.60368991,.38347882,.68974519,.61489499,.57681793,.33495566,.77685183,.62777776,.64656866,.2162465
2698255,afc-bournemouth,989,2,fc-watford,1010,2,20.111111,0,6.0555553,0,9.2287579,4.8562093,2.6928105,1.4117647,2016,.86452752,.67051065,1.1819961,.68280983,1.0403728,.75391513,1.3107394,.67461377,.93055558,.51666665,1.277451,.72058821
2698256,fc-liverpool,31,2,swansea-city,2288,3,16.111111,0,7.2777777,0,17.601307,16.875816,8.5098038,6.2810459,2016,1.1253643,.88311279,.98629856,.50393206,1.2290217,.98316222,1.0049875,.49333629,1.1092592,.99166667,1.2062169,.48055556
2698257,crystal-palace,873,1,swansea-city,2288,2,4.7222223,5.7777777,1.6111112,2.4444444,17.712418,22.477123,5.3725491,8.2679739,2016,.99393922,.87604225,1.0084001,.53659934,.99544799,.80088162,1.0285214,.50998461,.78725493,.54901963,1.0552911,.4611111
2698258,tottenham-hotspur,148,4,west-bromwich-albion,984,0,46.166668,20.777779,23.444445,5.9444447,27.313726,19.156862,14.346405,5.2222223,2016,.92963779,.7790646,.80275422,.64799976,.99205333,.76713628,.66196746,.57878387,.97685188,.85185188,.73240739,.60000002
2698259,leicester-city,1003,0,fc-chelsea,631,3,22.333334,0,13.666667,0,16.287582,21.869282,9.0457516,11,2016,.93088436,.77847081,.9157961,.85581625,1.0446274,.79705185,.91946185,.87079525,1.1888889,.96203703,.79570109,.76759261
2698260,west-ham-united,379,3,crystal-palace,873,0,18.944445,4.7222223,8.2222223,1.6111112,13.908497,18.274509,5.5490198,6.3790851,2016,1.0785455,1.0582498,.88816005,.66196638,1.1368693,1.0915033,.85016876,.61298841,.828125,.53541666,.81246501,.51960784
2698261,swansea-city,2288,0,fc-arsenal,11,4,0,60.777779,0,34.277779,15.228758,16.947712,5.7189541,9.5947714,2016,1.0519037,.51175946,1.0480441,.90032971,1.0695708,.47610661,1.1637511,.87217814,1.2478836,.49444443,1.2207671,.86626983
2698262,afc-sunderland,289,2,fc-liverpool,31,2,5.5555553,14.333333,2.2777777,6.5555553,7.026144,10.156863,1.614379,4.8235292,2016,.6834352,.46896893,1.1526222,.82954931,.64314985,.40858048,1.2538894,.91884595,.7844494,.33392859,1.0814815,.88518518
2698263,swansea-city,2288,0,afc-bournemouth,989,3,6.2222223,21.055555,2.5,6.1666665,20.816994,8.4444447,7.5098038,2.3529413,2016,.99144447,.42760465,.76117623,.62253088,1.0286206,.4554669,.94369078,.75347424,1.1645503,.44999999,.87777776,.44999999
2698264,crystal-palace,873,1,fc-middlesbrough,641,0,6.3333335,0,2.1111112,0,9.5555553,.4509804,2.9738562,.026143791,2016,.93048096,.66861367,1.1932034,.85543811,.94361186,.6441375,1.1419753,.83092433,1.0527778,.73148149,.84246033,.51481479
2698265,tottenham-hotspur,148,2,fc-chelsea,631,0,47.5,0,24.111111,0,29.169935,21.477123,15.339869,11.196078,2016,.88305658,.74677587,1.2352406,.96272415,.93371999,.73164243,1.2086357,.93428731,.86574072,.7824074,.9901455,.89814812
2698266,tottenham-hotspur,148,4,stoke-city,512,0,43.833332,54.944443,22.277779,20.222221,24.359478,22.90196,12.777778,8.1699343,2016,1.0497233,.77621061,.86308694,.58939368,1.1657306,.78164244,.82377404,.50954849,1.2074074,.82407409,.68518519,.47685185
2698267,stoke-city,512,2,fc-watford,1010,0,56.555557,0,20.888889,0,19.339869,7.9607844,7.0392156,2.3137255,2016,.86121243,.63638335,1.1165004,.59199899,.80837446,.51769942,1.2612001,.5609259,.7046296,.4537037,1.1866666,.56666666
2698268,swansea-city,2288,1,west-ham-united,379,4,0,17,0,7.2222223,19.084967,10.895425,6.9019608,4.2091503,2016,.94581908,.51206911,1.0909672,1.0994915,.94136566,.48166215,1.2121813,1.2060564,.99973547,.41111112,1.3803922,.86764705
2698269,afc-bournemouth,989,0,manchester-city,281,2,20.333334,0,6.1111112,0,8.4967318,19.333334,2.496732,11.359477,2016,.70385212,.64736253,1.2523664,1.1278701,.82123709,.72073615,1.7075548,1.285208,.79166669,.51666665,1.8679738,1.3480393
2698270,fc-everton,29,3,fc-southampton,180,0,0,0,0,0,18.568628,18.555555,6.6666665,8.8235292,2016,.95638353,.66591203,.84678912,.85142899,1.0294473,.7088415,.83644009,.82269919,1.1787037,.81203705,.91600531,.65462965
2698271,fc-southampton,180,1,west-bromwich-albion,984,2,0,22.666666,0,6.4444447,16.366013,21.130718,7.9019608,5.8366013,2016,.91499138,.79067099,.86705977,.69555867,.88018924,.74247634,.71738052,.63630348,1.1287115,.90098041,.7972222,.66481483
2698272,afc-sunderland,289,0,fc-southampton,180,4,19.5,0,8.8888893,0,6.4117646,13.235294,1.7189542,6.4771242,2016,.67771006,.52508253,.93638831,.83799535,.58187753,.38372108,.93325716,.83134121,.56951058,.18849206,1.0410053,.83055556
2698273,tottenham-hotspur,148,1,fc-middlesbrough,641,0,39.333332,0,19.888889,0,19.084967,.4509804,9.960784,.026143791,2016,.99328822,.68269205,1.2132852,.83447856,1.1568681,.70386463,1.2175148,.82205087,1.2120371,.81018519,.70965606,.44074073
2698274,swansea-city,2288,2,leicester-city,1003,0,0,23.611111,0,14.5,14.418301,17.183006,5.2614379,9.7516336,2016,.82961822,.59924209,1.1338143,.80057597,.74543822,.50601435,1.2757491,.83261383,.8367725,.38611111,1.4589506,.88796294
2698275,crystal-palace,873,0,afc-sunderland,289,4,6.3333335,22.611111,2.1111112,9.6111107,12.535948,7.7973857,4.4901962,1.9803921,2016,.88539582,.64394796,.67917204,.4854992,.8340295,.54685086,.57745832,.32463819,.93403363,.59313726,.58339947,.2255291
2698276,manchester-united,985,0,hull-city,3008,0,1.1666666,0,.77777779,0,25.222221,1.3594772,14.496732,.41830066,2016,1.402687,1.2268016,1.0093203,.64769685,1.3617713,1.11238,1.0227295,.61406988,1.4571428,1.1238096,.90189075,.54901963
2698277,manchester-city,281,2,fc-burnley,1132,1,0,13.166667,0,2.5555556,20.928104,4.3071895,12.320261,.86928105,2016,1.2114716,1.1194472,1.3393177,.87410706,1.5975056,1.2354345,1.4830667,.88273913,1.733642,1.212963,1.5882353,1.4313725
2698278,manchester-united,985,2,fc-middlesbrough,641,1,1.1666666,0,.77777779,0,14.915032,.28104576,8.0718956,.05882353,2016,1.2878619,1.106908,1.3364357,.85257477,1.2606701,.96509564,1.234911,.86217433,1.4593034,1.1253968,.91335976,.63055557
2698279,fc-watford,1010,2,fc-burnley,1132,1,0,13.166667,0,2.5555556,7.0718956,4.9215684,2.1699347,1.0457517,2016,1.0720174,.70669407,1.1886033,.84564167,1.2260163,.72620726,1.3328161,.85093796,1.1440235,.8287037,1.7407408,1.4675926
2698280,fc-chelsea,631,2,hull-city,3008,0,0,0,0,0,17.228758,3.8496733,8.9215689,.95424837,2016,1.2014799,.94252211,1.0181731,.61513281,1.1783116,.90650952,1.0303053,.61701602,.98181218,.8759259,.92542017,.54411763
2698281,fc-southampton,180,3,leicester-city,1003,0,0,21.888889,0,13.388889,11.803922,14.418301,6.0915031,8.1437912,2016,.82794464,.79457694,.92347699,.76385093,.79501951,.79565096,1.0385668,.78470618,.93753499,.78823531,1.175,.96203703
2698282,fc-burnley,1132,1,fc-southampton,180,0,15.333333,0,3,0,4.5359478,12.954248,.93464053,6.5359478,2016,1.0940733,.76146811,.79090762,.77843261,1.1595365,.8234688,.74068493,.77316415,1.2685186,.99074072,.84929973,.74411762
2698283,fc-middlesbrough,641,0,fc-everton,29,0,0,3.2777777,0,1.6666666,.45751634,14.797385,.03267974,5.5098038,2016,1.1905578,.86099368,1.1674947,.66744876,1.1326382,.83439654,1.1835265,.67464238,.83928573,.51481479,1.3857143,.7638889
2698284,afc-bournemouth,989,0,crystal-palace,873,2,18.944445,6.3333335,5.6111112,2.1111112,7.647059,14.712419,2.1633987,5.0392156,2016,.83783907,.68555695,.94541913,.68098503,1.0218544,.77629167,.90503365,.5944699,.875,.42407408,.93991596,.61274511
2698285,fc-liverpool,31,2,tottenham-hotspur,148,0,15,40.333332,6.7777777,20.555555,12.464052,19.777779,6.2156863,10.431373,2016,1.2991738,1.0158288,1.0760517,.80614889,1.399392,1.1271793,1.2300162,.83102512,1.2648149,1.1166667,1.3185185,.89351851
2698286,fc-liverpool,31,1,fc-chelsea,631,1,16.111111,0,7.2777777,0,14.777778,21.895424,7.2549019,11.444445,2016,1.3158405,1.0250881,1.2338068,.94605744,1.4179106,1.1327349,1.2060894,.91047782,1.2759259,1.1166667,.97903436,.88703704
2698287,west-ham-united,379,2,west-bromwich-albion,984,2,16.277779,29,7.0555553,8.7222223,10.346405,22.588236,4.006536,6.4509802,2016,1.0832103,1.130836,.83882934,.68352163,1.115853,1.0914843,.70761621,.61994547,.81666666,.63921571,.81574076,.65555555
2698288,manchester-city,281,2,swansea-city,2288,1,0,0,0,0,26.117647,12.849673,16.17647,4.5555553,2016,1.0857055,1.0982088,.96691984,.5924961,1.2645469,1.116505,.98422027,.53379214,1.1669935,.95098037,1.0914022,.49722221
2698289,stoke-city,512,1,crystal-palace,873,0,50.944443,6.3333335,18.722221,2.1111112,19.810457,8.4183006,7.1437907,2.7385621,2016,.83755386,.57352066,.91303718,.63315558,.81544071,.49565959,.89558256,.59261805,.68518519,.47685185,.87288362,.6574074
2698290,swansea-city,2288,2,fc-southampton,180,1,0,0,0,0,17.562092,11.359477,6.3660131,5.7450981,2016,1.0436255,.62656409,.78682441,.81552571,1.0573684,.55231065,.77928519,.8335458,1.1469576,.52499998,1.0816526,.84019607
2698291,west-bromwich-albion,984,0,manchester-united,985,2,23.777779,1.1666666,6.8888888,.77777779,23.248365,27.679739,6.346405,15.457517,2016,.86664313,.69522196,1.262318,1.031809,.72122669,.64359868,1.2394198,.84496224,.78796297,.65555555,1.1685627,.68465608
2698292,west-bromwich-albion,984,1,stoke-city,512,0,21.333334,49.555557,6.2222223,18.166666,15.013072,17.836601,4.0849671,6.3790851,2016,.81364417,.66837013,1.0492758,.59428382,.68974519,.61489499,.94927263,.50407708,.78796297,.62777776,.72685188,.40277779
2698293,west-ham-united,379,0,manchester-united,985,2,19.666666,1.1666666,8.5555553,.77777779,13.686275,21.496733,5.4771242,12.052288,2016,1.1884786,1.2331265,1.2712022,1.1389277,1.3077695,1.3310564,1.2347572,.97248745,1.4137255,.89705884,1.39806,1.0920635
2698294,manchester-city,281,2,tottenham-hotspur,148,2,0,44,0,22.388889,22.294117,24.071896,13.176471,12.79085,2016,1.1966444,1.0578166,.84827399,.72733146,1.657781,1.2708791,.9368946,.73164243,1.7973856,1.2598039,.88425928,.7824074
2698295,fc-southampton,180,1,west-ham-united,379,3,0,14.833333,0,6.6666665,11.601307,10.183006,5.6993465,4.1111112,2016,.81309271,.65510058,1.2013032,1.1999414,.81552213,.66158813,1.2283635,1.1615716,.93753499,.53137255,.93437499,.66666669
2698296,stoke-city,512,1,manchester-united,985,1,51.833332,1.1666666,19.055555,.77777779,17.509804,24.810457,6.2679739,13.960784,2016,.64485443,.51240462,1.4213508,1.2547743,.59849793,.40546599,1.3451008,1.0982727,.56203705,.37962964,1.438007,1.1108465
2698297,manchester-united,985,2,fc-watford,1010,0,1.1666666,0,.77777779,0,23.163399,5.3137255,12.784314,1.614379,2016,1.4276339,1.2176321,1.0468851,.6742186,1.3674862,1.0831777,1.1991644,.69842952,1.5018959,1.1291006,1.1255051,.79166669
2698298,hull-city,3008,2,fc-liverpool,31,0,0,15,0,6.7777777,.79084969,14.464052,.14379086,6.8692808,2016,1.1629498,.72726148,1.2818127,1.0118606,1.139793,.64138472,1.3716142,1.1192428,1.1462301,.5925926,1.2648149,1.1166667
2698299,leicester-city,1003,0,manchester-united,985,3,20.666666,0,12.444445,0,15.189543,22.124184,8.0457516,12.464052,2016,1.0306199,.87099379,1.2557852,1.1144279,1.1654899,.90137285,1.219623,.95859855,1.4064815,1.1101851,1.4185627,1.0920635
2698300,fc-burnley,1132,0,tottenham-hotspur,148,2,13.166667,38.388889,2.5555556,19.5,4.9215684,17.058823,1.0457517,9.0196075,2016,1.1292598,.79842484,.95811003,.7611742,1.2538687,.79723424,.97221208,.74769181,1.6018518,1.2314814,1.0259259,.86574072
2698301,west-bromwich-albion,984,3,hull-city,3008,1,30.666666,0,8.9444447,0,27.633987,6.653595,7.7908497,1.7647059,2016,.88442087,.71037352,1.0500089,.77956736,.73404717,.64864922,.9675287,.68322885,.81574076,.68333334,1.0643518,.81481481
2698302,fc-everton,29,4,manchester-city,281,0,3.2777777,0,1.6666666,0,21.124184,19.830065,8.1176472,11.431373,2016,1.2267538,.73854148,1.0777637,1.0004203,1.2632468,.75702173,1.2561951,1.0522335,1.3903439,.80092591,1.1891975,.87037039
2698303,leicester-city,1003,2,afc-sunderland,289,0,0,12,0,5.7222223,17.431372,8.679739,9.9084969,2.0849674,2016,1.1696436,.74719906,.70689499,.45367,1.2696885,.78415704,.63516039,.33528635,1.3478395,.83240741,.58895504,.23941799
2698304,leicester-city,1003,3,fc-liverpool,31,1,0,13.611111,0,6.2222223,21.032681,9.9346409,11.653595,4.6274509,2016,1.1856369,.75700295,1.1260543,.8834545,1.2970454,.79650271,1.1917201,.96792006,1.3756173,.83240741,1.0925926,1.0472223
2698305,tottenham-hotspur,148,2,fc-southampton,180,1,40.611111,0,20.5,0,18.333334,12.130719,9.3398695,5.9411764,2016,.90469122,.72888547,.97055244,.8294642,.90739721,.71219796,.96751642,.82774973,.89629632,.7962963,.98544973,.68240738
2698306,hull-city,3008,2,west-ham-united,379,1,0,10.555555,0,4.8888888,3.6209149,7.1699347,.81699347,2.9019608,2016,1.1335688,.75429058,1.2071546,1.1284778,1.1168793,.60589892,1.2876183,1.1396986,1.2416005,.75925928,1.2186275,.7352941
2698307,manchester-city,281,0,stoke-city,512,0,0,54.722221,0,20.222221,22.215687,24.071896,13.418301,8.5098038,2016,1.2149072,1.1078278,.86540174,.52450103,1.6063019,1.2329314,.8389256,.43794355,1.7364198,1.2037038,.55185187,.36574075
2698308,afc-sunderland,289,0,manchester-united,985,3,18.944445,0,8.3888893,0,8.8823528,7.2483659,2.1764705,3.6470587,2016,.71668035,.4843578,1.0951337,.85192502,.60198134,.32017195,1.0954404,.83507395,.56812167,.23148148,1.3530865,1.0179894
2698309,crystal-palace,873,1,fc-watford,1010,0,4.7222223,0,1.6111112,0,13.437908,5.8039217,3.986928,1.6274509,2016,.96460563,.80768532,1.0140148,.70601976,.98007691,.76450789,1.1321772,.69679135,.89166665,.63425928,1.075,.7638889
2698310,afc-sunderland,289,0,fc-burnley,1132,0,11.055555,13.166667,5.1666665,2.5555556,7.5032678,4.9215684,1.8562092,1.0457517,2016,.66528314,.46063149,1.1292598,.79842484,.60579729,.36690009,1.2538687,.79723424,.62506616,.24404761,1.6018518,1.2314814
2698311,manchester-city,281,1,fc-liverpool,31,1,0,14.333333,0,6.4444447,19.065359,9.5751638,10.732026,4.4183006,2016,1.2667972,1.1003891,1.128101,.88924152,1.6840937,1.2483872,1.1917201,.96792006,1.9086419,1.3287038,1.1037037,1.0472223
2698312,west-bromwich-albion,984,0,crystal-palace,873,2,29.444445,6.3333335,8.7222223,2.1111112,22.006536,10.228758,6.1633987,3.1960785,2016,.70549601,.56813705,.98206824,.77751517,.59650511,.50089788,1.0143189,.75524861,.5935185,.51666665,.95648146,.69444442
2698313,afc-bournemouth,989,3,west-ham-united,379,2,18.611111,16.722221,5.6111112,7.3333335,6.8431373,12.392157,2.2352941,4.9084969,2016,.9309206,.62629771,1.0773551,1.1041596,1.0806967,.71654743,1.1002725,1.0734949,1.1268518,.65555555,1.1111112,.68703705
2698314,west-ham-united,379,1,swansea-city,2288,0,14.277778,0,6.4444447,0,9.2287579,12.712419,3.8431373,4.6601305,2016,1.3752102,1.0901181,.86158073,.64721745,1.5007917,1.1082171,.80982566,.56156993,1.3137255,.67843139,.87962961,.40277779
2698315,fc-watford,1010,2,west-bromwich-albion,984,0,0,25.611111,0,7.6111112,4.4248366,18.346405,1.2026144,5.1437907,2016,1.0750633,.74282342,.82146823,.66870683,1.1973053,.73630846,.69094956,.60759979,1.1382353,.80882353,.7972222,.63703704
2698316,fc-watford,1010,3,fc-southampton,180,4,0,0,0,0,5.3137255,13.503268,1.614379,6.6209149,2016,.98934901,.5738225,.95073438,.87835962,1.1201937,.57944572,.95811474,.86849046,1.0941176,.73039216,.98544973,.68240738
2698317,manchester-united,985,1,fc-everton,29,1,0,1.8333334,0,.8888889,13.281046,11.418301,7.2091503,4.3790851,2016,1.1229115,.92210042,1.1414039,.64709586,1.113959,.89525914,1.1893282,.70385516,1.3484567,1.0457672,1.262037,.77499998
2698318,fc-liverpool,31,3,fc-arsenal,11,1,14.333333,83.611115,6.4444447,47.277779,9.5751638,25.320261,4.4183006,14.647058,2016,1.128101,.88924152,1.0466715,.75342017,1.1917201,.96792006,1.1312429,.72885036,1.1037037,1.0472223,1.2015873,.69007939
2698319,fc-chelsea,631,4,fc-watford,1010,3,0,0,0,0,15.169934,2.7254901,7.5490198,.72549021,2016,1.168377,.90067232,1.0517384,.76054788,1.1662414,.88017476,1.1770518,.74876863,.96695328,.85092592,1.0677778,.75
2698320,fc-liverpool,31,2,afc-bournemouth,989,2,13.666667,16.555555,6.2777777,5,12.20915,4.4640522,5.7385621,1.3660131,2016,1.0113292,.74214053,.90354544,.62220412,1.1456883,.87205112,1.0479332,.722103,1.0953704,.98240739,1.0990741,.65555555
2698321,fc-liverpool,31,3,fc-everton,29,1,12.833333,1.8333334,5.8333335,.8888889,10.418301,13.281046,4.6666665,4.9607844,2016,1.0696216,.82326931,1.2432557,.68042922,1.1639423,.9494015,1.2055675,.69274402,1.1175926,1.0796297,1.3037037,.71944445
2698322,fc-watford,1010,1,afc-sunderland,289,0,0,8,0,3.3333333,4.8235292,11.437908,1.3725491,2.6666667,2016,1.0232741,.70949197,.65491086,.41420293,1.1377327,.70234686,.59071594,.2982493,1.075,.7638889,.58895504,.23941799
2698323,fc-watford,1010,1,west-ham-united,379,1,0,15.166667,0,6.6111112,5.3137255,10.424836,1.614379,4.0718956,2016,1.0445703,.67074639,1.1249743,1.142621,1.1936089,.69287395,1.2066218,1.1568282,1.1255051,.79166669,1,.70784312
2698324,manchester-united,985,0,west-bromwich-albion,984,0,0,25.611111,0,7.6111112,14.660131,17.241831,8.4444447,4.8627453,2016,.88195199,.80699557,.72861344,.58587056,.78856081,.72926033,.61394662,.51729053,.79488534,.80132276,.60882354,.52745098
2698325,stoke-city,512,1,fc-chelsea,631,2,59.666668,0,22,0,25.934641,15.222222,9.0849676,7.2941175,2016,.94669259,.63412404,1.0773759,.81722432,.91351765,.55275834,1.0595752,.81127143,.75555557,.5324074,.94292331,.82037038
2698326,stoke-city,512,2,fc-middlesbrough,641,0,56.555557,0,20.833334,0,25.921568,.37908497,9.1568632,.013071896,2016,.94669259,.64917034,1.1480703,.81880051,.90518433,.54770786,1.0997274,.81055397,.74444443,.5324074,.79431218,.53333336
2698327,fc-everton,29,3,west-bromwich-albion,984,0,3.2777777,29.111111,1.6666666,8.7222223,16.078432,22.627451,5.9607844,6.4575162,2016,1.2057662,.64706278,.70549601,.56813705,1.2703176,.7088415,.59650511,.50089788,1.3162699,.73796296,.5935185,.51666665
2698328,fc-southampton,180,0,manchester-united,985,0,0,1.1666666,0,.77777779,9.653595,13.588235,4.4052286,7.2222223,2016,1.100201,.87819886,.97156799,.87450176,1.0534889,.85799861,.8942076,.74868441,.90767193,.50833333,.83324516,.76428574
2698329,hull-city,3008,2,swansea-city,2288,1,0,0,0,0,4.9542484,13.359477,1.0980393,4.7254901,2016,1.0710281,.74453461,1.0179299,.60675848,1.0536188,.63367671,1.047753,.56156993,1.1045635,.68981481,1.1648148,.4861111
2698330,west-ham-united,379,1,fc-chelsea,631,2,14.888889,0,6.6111112,0,10.96732,24.411764,4.3071895,12.326797,2016,1.1223288,1.085641,1.2080132,.95087343,1.1854577,1.0679393,1.2032404,.9247635,1.0490196,.65686274,.99292326,.90925926
2698331,west-ham-united,379,2,leicester-city,1003,3,14.611111,0,6.3888888,0,8.7973852,14.849673,3.5620916,8.6143789,2016,1.0244141,1.043313,1.117821,.79077202,1.0755812,1.0210258,1.2483921,.82026815,1.087963,.64999998,1.4311728,.88796294
2698332,swansea-city,2288,3,fc-burnley,1132,2,0,9.0555553,0,1.7777778,15.470589,2.6143792,5.4117646,.58169937,2016,1.0150059,.60091048,1.0167458,.74369234,1.0431234,.55231065,1.163063,.74491942,1.1648148,.4861111,1.6862745,1.2205882
2698333,hull-city,3008,1,fc-burnley,1132,1,0,13.166667,0,2.5555556,2.1895425,4.9215684,.47712418,1.0457517,2016,1.0692043,.72974277,1.0506964,.73258126,1.0339347,.65056998,1.1811067,.71903557,1.1597339,.59803921,1.6568627,1.1764706
2698334,tottenham-hotspur,148,3,fc-everton,29,2,43.833332,3.2777777,22.277779,1.6666666,24.359478,19.522877,12.777778,7.4771242,2016,1.0497233,.77621061,1.1909513,.67616332,1.1657306,.78164244,1.2511256,.74130905,1.2074074,.82407409,1.2977513,.7638889
2698335,west-bromwich-albion,984,2,afc-bournemouth,989,1,26.166666,19,7.5555553,5.7777777,22.686274,7.8039217,6.2549019,2.3529413,2016,.70240963,.56813705,.97250956,.653844,.59145463,.50089788,1.1060954,.71263427,.58240741,.51666665,1.1712962,.67777777
2698336,leicester-city,1003,2,stoke-city,512,0,0,53.777779,0,19.888889,13.934641,22.470589,7.6274509,8.2418299,2016,1.2858052,.79534721,.92287129,.62907618,1.3851767,.82582372,.9034037,.55183244,1.4774691,.80000001,.76018518,.5324074
2698337,fc-southampton,180,3,crystal-palace,873,1,0,0,0,0,10.712419,10.117647,5.1307192,3.2026143,2016,.83767062,.85383308,.92963231,.76538432,.79995346,.83588666,.93596917,.72620744,.89748675,.70092595,.9519608,.69117647
2698338,manchester-city,281,0,manchester-united,985,0,0,0,0,0,29.228758,20.82353,17.130718,11.75817,2016,1.0125284,.92876226,.90882474,.86926413,1.1688077,.94365436,.82788259,.77926034,1.1297386,.77450979,.77901232,.74576718
2698339,west-bromwich-albion,984,0,fc-southampton,180,1,28.277779,0,8.333333,0,19.241831,9.4640522,5.3986926,4.6797385,2016,.82146823,.66870683,.80846298,.79673648,.69094956,.60759979,.77209795,.81938833,.7972222,.63703704,.85582012,.74722224
2698340,swansea-city,2288,0,fc-middlesbrough,641,0,0,0,0,0,8,.4509804,2.9673202,.026143791,2016,1.0042294,.59192646,1.1831783,.87087023,1.0887609,.57664925,1.1362033,.85870212,1.3518518,.52314812,.83134919,.51481479
2698341,fc-southampton,180,0,fc-arsenal,11,2,0,76.555557,0,43.222221,12.006536,30.699347,5.8169932,17.555555,2016,.93190509,.82858235,.94742912,.82990235,.92172891,.83640772,.98309469,.71870929,.87433863,.62685186,.89325398,.69748676
2698342,tottenham-hotspur,148,4,afc-bournemouth,989,0,40.333332,18.111111,20.444445,5.3333335,19.588236,5.5032678,10.150327,1.5686275,2016,1.0411762,.77621061,.92240709,.68100047,1.1575397,.78164244,1.0583206,.76448613,1.2074074,.82407409,1.1435186,.66666669
2698343,fc-everton,29,3,fc-burnley,1132,1,3.2777777,10.111111,1.6666666,2,9.986928,3.0392158,3.9607842,.68627453,2016,1.1691817,.64570701,1.0649323,.75267321,1.2012939,.68617839,1.1483132,.73550588,1.2144179,.66388887,1.5392157,1.1862745
2698344,fc-middlesbrough,641,1,manchester-united,985,3,0,1.1666666,0,.77777779,.4509804,23.039215,.026143791,12.941176,2016,1.1620144,.85975915,.77509111,.79107875,1.0965208,.84018356,.69694924,.61180371,.78690475,.47777778,.71948856,.73650795
2698345,tottenham-hotspur,148,4,fc-watford,1010,0,38.888889,0,19.833334,0,19.431372,2.3790851,10.065359,.66013074,2016,1.0636909,.79291356,1.1474631,.79726273,1.2019842,.81713629,1.2439775,.76774442,1.3,.875,1.2197917,.859375
2698346,crystal-palace,873,0,tottenham-hotspur,148,1,1.6111112,39.444443,.5,20.111111,12.405229,20.90196,3.8496733,11.084968,2016,.92972881,.72143054,1.109125,.82559329,.96011019,.71518451,1.2251322,.83102512,.87222224,.67592591,1.3185185,.89351851
2698347,crystal-palace,873,3,fc-arsenal,11,0,0,78.5,0,44,10.54902,31.699347,3.3790851,17.849672,2016,.92086035,.7023859,.9090749,.8234551,.92825311,.67991114,.94542819,.72029662,.96176469,.71078432,.87658733,.67367727
2698348,fc-chelsea,631,2,manchester-city,281,1,0,0,0,0,24.496733,25.934641,12.529411,15.973856,2016,1.1674149,.91083014,1.214931,1.1668268,1.181911,.90131474,1.6276275,1.2989215,.98829365,.88703704,1.7688272,1.287037
2698349,fc-burnley,1132,1,stoke-city,512,0,11.055555,53.777779,2.1666667,19.888889,3.7320261,20.549019,.81045753,7.352941,2016,1.1194559,.78800821,.85426861,.60137624,1.2459322,.78136122,.80618149,.50399292,1.6960784,1.3039216,.6712963,.47685185
2698350,west-bromwich-albion,984,3,fc-arsenal,11,1,27.777779,80.944443,8.2222223,45.444443,18.784313,30.843138,5.2091503,17.503267,2016,.63512564,.48266694,.90506256,.64286029,.54650509,.4453423,.95430166,.58537596,.51944447,.43333334,.87936509,.49431217
2698351,fc-southampton,180,0,afc-bournemouth,989,0,0,20.5,0,6.1111112,13.503268,8.9084969,6.6209149,2.8823528,2016,.8606109,.83823615,.70195818,.61264032,.82557505,.82774973,.81835103,.68105358,.86044973,.62685186,.80277777,.51666665
2698352,afc-sunderland,289,0,manchester-city,281,2,8.8888893,0,4,0,8.5947714,20.189543,2.006536,11.30719,2016,.65318263,.4618881,1.2709639,1.113461,.59236705,.36736307,1.7002975,1.2706095,.64173281,.26904762,1.8975309,1.3287038
2698353,fc-middlesbrough,641,1,afc-sunderland,289,0,0,26.111111,0,11.944445,.4509804,9.5882349,.026143791,2.3267975,2016,1.1686804,.75404745,.68663388,.45399049,1.169951,.77888846,.59387463,.31383571,.71891534,.53333336,.58339947,.2255291
2698354,manchester-city,281,3,hull-city,3008,1,0,0,0,0,25.79085,2.7908497,15.614379,.62091506,2016,1.2603856,1.126549,1.1656117,.76923066,1.6789095,1.2873473,1.1529371,.6239087,1.8577161,1.2592592,1.2508597,.75925928
2698355,stoke-city,512,1,fc-liverpool,31,2,58.333332,13.666667,21.555555,6.2777777,23.849672,12.20915,8.5032682,5.7385621,2016,.96376669,.6997298,1.0113292,.74214053,.88978469,.55260402,1.1456883,.87205112,.75555557,.58796299,1.0953704,.98240739
2698356,swansea-city,2288,1,fc-everton,29,0,0,1.8333334,0,.8888889,9.6274509,11.418301,3.5359478,4.3790851,2016,1.0091064,.56096011,1.1414039,.64709586,1.0699753,.55045879,1.1893282,.70385516,1.1648148,.4861111,1.262037,.77499998
2698357,west-bromwich-albion,984,0,fc-chelsea,631,1,26.055555,0,7.6111112,0,17.549019,22.660131,4.8039217,11.921569,2016,.68813491,.5533222,1.2048081,.9438293,.57983845,.48855218,1.1951385,.91682702,.57499999,.49814814,.97903436,.88703704
2698358,stoke-city,512,1,fc-arsenal,11,4,59.277779,71.111115,22,40.111111,28.581699,24.601307,10.673203,13.941176,2016,.96376669,.6997298,.96631503,.81421435,.88978469,.55260402,1.0079281,.70362991,.75555557,.58796299,.9488095,.69431216
2698359,west-bromwich-albion,984,0,fc-liverpool,31,1,25.611111,13.666667,7.6111112,6.2777777,17.418301,12.69281,4.9281044,5.9150329,2016,.82146823,.66870683,.99396813,.73817229,.69094956,.60759979,1.1179105,.86411458,.7972222,.63703704,1.0953704,.98240739
2698360,crystal-palace,873,4,hull-city,3008,0,6.3333335,0,2.1111112,0,13.418301,2.7450981,4.2156863,.751634,2016,.94845682,.75106013,.91153699,.74417436,.97252846,.73601782,.86414534,.66832811,.87777776,.67592591,.77689075,.59803921
2698361,fc-watford,1010,0,manchester-city,281,5,0,0,0,0,3.3856208,26.026144,.89542484,15.79085,2016,1.020786,.77729625,1.172641,1.1131895,1.1426075,.75987977,1.3479999,1.1053059,1.0455556,.79444444,1.2944444,1.0098039
2698362,fc-chelsea,631,3,fc-middlesbrough,641,0,0,0,0,0,25.294117,.4509804,12.941176,.026143791,2016,1.0761044,.85251236,1.0154294,.80277258,1.0016912,.78327322,1.0306461,.82813555,.78921956,.71018517,.51984125,.49629629
2698363,manchester-city,281,5,crystal-palace,873,0,0,1.6111112,0,.5,27.183006,13.254902,15.934641,4.1176472,2016,.91308862,1.0389402,.99022561,.79501808,.9990437,1.0298158,1.0162802,.78320444,.9767974,.93627453,.7904762,.6574074
2698364,tottenham-hotspur,148,2,manchester-united,985,1,43.5,1.1666666,22.111111,.77777779,23.267973,14.281046,12.359477,7.7124181,2016,1.109125,.82559329,.91652679,.83390349,1.2251322,.83102512,.86908501,.7501089,1.3185185,.89351851,.81825399,.74973547
2698365,fc-liverpool,31,3,fc-middlesbrough,641,0,15.166667,0,6.8888888,0,13.647058,.29411766,6.4575162,.026143791,2016,1.1253643,.86366832,1.224236,.76793635,1.2369581,.95538443,1.2371227,.77209836,1.1925926,1.0796297,.77910054,.58888888
2698366,swansea-city,2288,2,west-bromwich-albion,984,1,0,25.944445,0,7.5555553,10.601307,14.039216,3.856209,3.8954248,2016,.84402704,.53318232,.65889513,.53596109,.80469745,.4893477,.5584709,.48299664,1.0166667,.43055555,.56111109,.49814814
2698367,afc-bournemouth,989,2,stoke-city,512,2,17.277779,59.277779,5.0555553,22,5.0849671,28.581699,1.4444444,10.673203,2016,.81132245,.66069508,.96376669,.6997298,.89661044,.73007959,.88978469,.55260402,1.0083333,.66481483,.75555557,.58796299
2698368,fc-southampton,180,0,manchester-city,281,3,0,0,0,0,12.823529,29.333334,6.3267975,17.17647,2016,.9394207,.87604475,1.1479856,1.0771809,.90806663,.85660976,1.3132757,1.0851394,.8669312,.63796294,1.2780864,.9537037
2698369,manchester-city,281,2,leicester-city,1003,1,0,0,0,0,28.61438,9.2941179,17.542484,5.5816994,2016,1.2765003,1.2263287,1.1237664,.84104007,1.7096448,1.3563241,1.2255527,.86872494,1.8591503,1.362745,1.4450617,1.0175925
2698370,fc-watford,1010,0,fc-liverpool,31,1,0,15.166667,0,6.8888888,3.3660131,13.764706,.99346405,6.5228758,2016,1.0851252,.70662433,1.1253643,.86366832,1.1818202,.70110774,1.2369581,.95538443,1.1480392,.80882353,1.1925926,1.0796297
2698371,manchester-united,985,2,crystal-palace,873,0,0,4.7222223,0,1.6111112,4.6209149,10.895425,2.6274509,3.3333333,2016,.60581374,.50615817,1.0256975,.81571114,.61094308,.52714807,1.0570747,.79049951,.49033612,.46638656,.93039215,.65686274
2698372,hull-city,3008,0,afc-sunderland,289,2,0,11.055555,0,4.6666665,2.3529413,8.5555553,.47058824,1.9150326,2016,1.133659,.82140666,.74196756,.48540583,1.1185435,.701437,.66695666,.40482804,1.1318783,.75,.69034392,.30277777
2698373,leicester-city,1003,1,afc-bournemouth,989,1,0,14.055555,0,4.1111112,9.8954248,4.4052286,5.647059,1.3137255,2016,1.1237664,.84104007,.78817981,.58747971,1.2255527,.86872494,.89720833,.63087493,1.4450617,1.0175925,1.1098039,.54705882
2698374,fc-middlesbrough,641,0,fc-burnley,1132,0,0,13.166667,0,2.5555556,.4509804,4.9215684,.026143791,1.0457517,2016,1.2633482,.85096103,1.1006403,.76961827,1.282655,.86026472,1.221705,.75649351,.75912696,.42222223,1.6666666,1.2009804
2698375,fc-everton,29,0,fc-chelsea,631,3,1.8333334,0,.8888889,0,13.281046,17.228758,4.9607844,8.9215689,2016,1.2432557,.68042922,1.2014799,.94252211,1.2055675,.69274402,1.1783116,.90650952,1.3037037,.71944445,.98181218,.8759259
2698376,leicester-city,1003,3,fc-watford,1010,0,0,0,0,0,14.849673,2.3790851,8.6143789,.71895427,2016,1.117821,.79077202,1.145133,.75078839,1.2483921,.82026815,1.2467554,.74492693,1.4311728,.88796294,1.2197917,.859375
2698377,swansea-city,2288,2,stoke-city,512,0,0,56.444443,0,20.833334,6.6993465,23.333334,2.4248366,8.320261,2016,1.0545918,.58954549,.8784492,.64417428,1.0877637,.54941666,.80182177,.4964312,1.1712962,.44907406,.68055558,.5324074
2698378,fc-southampton,180,0,hull-city,3008,0,0,0,0,0,12.006536,2.1830065,5.8169932,.59477127,2016,.98444134,.88810617,1.0149721,.79216689,.9655323,.87933701,1.0427859,.68477035,1.0965608,.84907407,1.0612044,.77450979
2698379,tottenham-hotspur,148,2,fc-arsenal,11,0,43.5,87.166664,22.111111,49.277779,23.267973,31.163399,12.359477,17.921568,2016,1.109125,.82559329,.94899607,.82191277,1.2251322,.83102512,.97074902,.70019078,1.3185185,.89351851,.9154762,.68637568
2698380,afc-bournemouth,989,4,fc-middlesbrough,641,0,20.166666,0,5.9444447,0,8.039216,.45751634,2.4836602,.03267974,2016,.94184577,.68392444,1.0748781,.74837565,1.0799731,.75337499,1.020012,.76772988,1.1712962,.67592591,.76521164,.57037038
2698381,fc-watford,1010,1,swansea-city,2288,0,0,0,0,0,2.8431373,6.4117646,.75816995,2.4313726,2016,1.1735047,.81328839,1.1010619,.68291777,1.2717553,.7796492,1.1373974,.6120472,1.240625,.859375,1.2407408,.51574075
2698382,manchester-city,281,3,west-bromwich-albion,984,1,0,25.944445,0,7.5555553,27.20915,14.039216,16.601307,3.8954248,2016,1.0823442,1.0890738,.65889513,.53596109,1.2567037,1.0975006,.5584709,.48299664,1.153268,.95098037,.56111109,.49814814
2698383,swansea-city,2288,1,tottenham-hotspur,148,3,0,34.777779,0,17.666666,12.712419,12.509804,4.6601305,6.3856211,2016,.7862184,.60859311,.9254964,.74558848,.77278864,.52426833,.95013225,.74769181,1.0277778,.41203704,1.0074074,.84722221
2698384,fc-middlesbrough,641,2,manchester-city,281,2,0,0,0,0,.4509804,19.156862,.026143791,10.784314,2016,1.1374913,.75836849,1.0787667,.96517682,1.1244963,.78814775,1.4658666,1.1093407,.66335976,.49629629,1.7179738,1.0490196
2698385,fc-liverpool,31,0,fc-southampton,180,0,15.166667,0,6.8888888,0,13.764706,12.006536,6.5228758,5.8169932,2016,1.1253643,.86366832,.93190509,.82858235,1.2369581,.95538443,.92172891,.83640772,1.1925926,1.0796297,.87433863,.62685186
2698386,afc-sunderland,289,0,swansea-city,2288,2,14.388889,0,6.3888888,0,8.6078434,7.7712417,2.0718954,2.8235295,2016,.72452933,.458554,1.0319728,.57207125,.63811052,.33108467,1.0873363,.55839533,.63756615,.27314815,1.1925926,.5138889
2698387,stoke-city,512,0,west-ham-united,379,0,56.444443,13.333333,20.833334,5.7777777,25.61438,8.7581701,9.346405,3.2810457,2016,.8784492,.64417428,1.1044761,1.0796378,.80182177,.4964312,1.1773008,1.0980319,.68055558,.5324074,1.0568627,.74509805
2698388,fc-burnley,1132,1,west-ham-united,379,2,8.0555553,9.2941179,1.4444444,4.2352943,2.0718954,3.2867646,.39869282,1.3897059,2016,1.0771444,.73012519,.87596726,.85966671,1.2258023,.7662378,.87901855,.8526786,1.5431373,1.3431373,.89895833,.59895831
2698389,west-ham-united,379,1,tottenham-hotspur,148,0,11.555555,43.5,5.1111112,22.111111,8.9477119,24,3.3267975,12.627451,2016,1.0925714,1.0497233,1.109125,.82559329,1.1621493,1.0591431,1.2251322,.83102512,1.0421568,.71568626,1.3185185,.89351851
2698390,fc-arsenal,11,1,fc-watford,1010,2,85.277779,0,48.166668,0,32.509804,5.8431373,18.686274,1.8300654,2016,1.0523573,.93102956,1.0284725,.64549822,1.1002389,.84855938,1.1701937,.6923542,1.1923281,.91044974,1.1382353,.84803921
2698391,hull-city,3008,1,tottenham-hotspur,148,7,0,40.611111,0,20.611111,2.509804,17.803921,.66666669,9.4575167,2016,.83101499,.66482979,1.1159476,.860681,.7727263,.59354973,1.2343916,.85880291,.82492065,.62222224,1.3601851,1.0185186
2698392,afc-sunderland,289,0,afc-bournemouth,989,1,23.222221,17.722221,10.444445,5.2777777,4.2875819,5.7908497,1.2810458,1.6666666,2016,.72218925,.51134926,.93127191,.70390493,.63253874,.40790537,1.0767452,.79573613,.70301121,.27016807,1.1527778,.68333334
2698393,fc-chelsea,631,4,fc-southampton,180,2,0,0,0,0,20.117647,13.379085,10.555555,6.4967322,2016,1.2251669,.9505468,.93838871,.86910033,1.2016912,.91775292,.90890837,.85155922,.97705024,.88703704,.87433863,.62685186
2698394,fc-liverpool,31,1,crystal-palace,873,2,12.833333,6.3333335,5.8333335,2.1111112,10.816994,13.418301,4.8235292,4.2156863,2016,.91247737,.71716839,.94845682,.75106013,1.0029978,.83847427,.97252846,.73601782,1.0068628,1.0107843,.87777776,.67592591
2698395,west-ham-united,379,0,fc-liverpool,31,4,10.222222,13.777778,4.5,6.1666665,4.2483659,12.03268,1.6732026,5.6797385,2016,1.0319349,.9855687,.86147541,.64607573,1.1031286,.99369746,.89568835,.64586061,.93541664,.65104169,.98888886,.8759259
2698396,leicester-city,1003,1,tottenham-hotspur,148,6,0,38.722221,0,19.611111,7.1241832,16.843138,4.4248366,8.8496733,2016,1.0620381,.80631781,1.1541406,.83287793,1.1800981,.8440336,1.2893558,.82696778,1.4033951,.98055553,1.4254901,1.0637255
2698397,west-bromwich-albion,984,0,leicester-city,1003,1,23.722221,0,6.4444447,0,17.732027,17.647058,4.8235292,9.9542484,2016,.64037818,.51024032,1.1696436,.74719906,.537476,.42905524,1.2696885,.78415704,.53529412,.39019608,1.3478395,.83240741
2698398,afc-sunderland,289,2,west-ham-united,379,2,20,11.333333,9.2222223,5.0555553,9.3790846,5.3790851,2.2352941,2.2091503,2016,.70097566,.45306456,1.1182657,1.0358852,.60397565,.30828017,1.2135441,1.0594517,.58895504,.23941799,1.1156863,.67647058
2698399,stoke-city,512,3,hull-city,3008,1,56.555557,0,20.944445,0,22.124184,1.5359477,8.2091503,.3137255,2016,.97308427,.69945532,1.133659,.82140666,.91293287,.5627892,1.1185435,.701437,.75462961,.57407409,1.1318783,.75
2698400,fc-middlesbrough,641,1,fc-southampton,180,2,0,0,0,0,.14379086,11.091503,.013071896,5.2483659,2016,1.0884718,.81590813,.95437491,.66179723,1.0578297,.84370327,.86387843,.68316698,.65410054,.51481479,.84563494,.42962962
2698401,west-ham-united,379,0,fc-everton,29,0,11.166667,3.2777777,4.9444447,1.6666666,5.9215684,11.771242,2.3660131,4.5424838,2016,.95275652,.71693683,1.1825562,.65053791,1.126459,.85204422,1.1327596,.65212041,.94313723,.55882353,1.2671958,.70555556
2698402,fc-middlesbrough,641,1,fc-arsenal,11,2,0,82.5,0,46.388889,.4509804,32.77124,.026143791,18.59477,2016,1.1326733,.87160802,.9046849,.79145467,1.1273649,.88886082,.92774934,.67849767,.6785714,.60740739,.89880955,.66653436
2698403,fc-southampton,180,0,stoke-city,512,1,0,56.222221,0,20.833334,8.8692808,25.993464,4.3660131,9.359477,2016,1.0046277,.82809502,.88076401,.57928163,.96081203,.86716169,.81697327,.42482626,.91008401,.59019607,.5472222,.4212963
2698404,fc-burnley,1132,0,manchester-united,985,2,11.277778,0,2.1666667,0,3.5228758,17.150328,.7647059,9.333333,2016,1.0232657,.78948092,.96447694,.9020924,1.0483131,.76745027,.91941702,.90502346,1.4019607,1.4411764,.89012349,.91243386
2698405,hull-city,3008,2,fc-watford,1010,0,0,0,0,0,2.1830065,3.8104575,.59477127,1.0457517,2016,1.133659,.82140666,1.0570042,.72292298,1.1185435,.701437,1.1383857,.69302148,1.1318783,.75,1.1027777,.7638889
2698406,afc-bournemouth,989,2,fc-burnley,1132,1,18.944445,10,5.6111112,1.8333334,6.0522876,3.0653596,1.7320261,.60784316,2016,.85216564,.68701082,1.1677877,.83506346,.94284201,.74674624,1.2864084,.82179332,1.0527778,.70185184,1.55,1.3981482
2698407,afc-bournemouth,989,2,swansea-city,2288,0,18.777779,0,5.7777777,0,7.2679739,10.568627,2.5359478,3.8496733,2016,.69943917,.59296441,1.0568188,.60699189,.84304243,.6731832,1.1088642,.53996497,.74722224,.60925925,1.2064815,.4861111
2698408,fc-burnley,1132,1,leicester-city,1003,0,11.055555,23.555555,2.1666667,14.444445,3.1176472,17.104576,.63398695,9.6732025,2016,1.1744264,.81352633,.96051401,.74559695,1.3113884,.86544412,1.0969714,.77915061,1.5833334,1.4351852,1.2861111,.86944443
2698409,fc-arsenal,11,2,hull-city,3008,0,76.888885,0,43.611111,0,29.411764,2.4575164,16.849672,.52941179,2016,1.0507548,.89755219,.88556755,.7249248,1.0831597,.8082155,.86496139,.62401658,1.2034391,.84616405,.84160054,.62037039
2698410,fc-arsenal,11,2,manchester-united,985,0,87.166664,1.1666666,49.277779,.77777779,33.928104,14.529411,19.549019,7.8562093,2016,.94899607,.82191277,.99874902,.93743885,.97074902,.70019078,.9764924,.89968157,.9154762,.68637568,.9293651,.9164021
2698411,fc-chelsea,631,1,crystal-palace,873,2,0,4.7222223,0,1.6111112,24.228758,12.183006,12.235294,3.8496733,2016,1.1964138,.91305828,1.0023642,.76852173,1.1928618,.89496553,.99635077,.72738266,.98829365,.88703704,.98333335,.65277779
2698412,afc-bournemouth,989,1,fc-chelsea,631,3,16.555555,0,5,0,4.4640522,22.058823,1.3660131,11.496732,2016,.90354544,.62220412,1.2338068,.94605744,1.0479332,.722103,1.2060894,.91047782,1.0990741,.65555555,.97903436,.88703704
2698413,fc-everton,29,2,afc-sunderland,289,0,3.2777777,11,1.6666666,5.3333335,19.522877,4.3202615,7.4771242,1.1503268,2016,1.1909513,.67616332,.65722013,.48414341,1.2511256,.74130905,.59958208,.39231896,1.2977513,.7638889,.65006614,.24126984
2698414,fc-chelsea,631,5,afc-sunderland,289,1,0,11.944445,0,5.8333335,22.372549,9.2287579,11.601307,2.2549019,2016,1.2338068,.94605744,.33354115,.26321292,1.2060894,.91047782,.31102526,.19989058,.97903436,.88703704,.34277779,.18396826
2698415,fc-arsenal,11,1,leicester-city,1003,0,80.944443,0,45.5,0,33.849674,17.647058,19.215687,9.9542484,2016,.95536411,.84238058,1.1488355,.78114963,.97822142,.72611672,1.2466865,.82185549,.94047618,.69431216,1.3231481,.8740741
2698416,manchester-united,985,2,fc-chelsea,631,0,0,0,0,0,12.712419,21.601307,7.1045752,11,2016,1.0648254,.94072419,1.1922419,.93213338,1.0362647,.85954487,1.1905088,.90131474,1.2484568,.96640211,.95125663,.83518517
2698417,fc-chelsea,631,3,fc-arsenal,11,1,0,76.611115,0,43.5,22.058823,30.320261,11.496732,17.48366,2016,1.2338068,.94605744,.897048,.80393618,1.2060894,.91047782,.88142091,.66963524,.97903436,.88703704,.86428571,.72182542
2698418,crystal-palace,873,0,fc-burnley,1132,2,1.6111112,10.555555,.5,2,13.254902,3.7450981,4.1176472,.77124184,2016,.99022561,.79501808,1.1738094,.81688166,1.0162802,.78320444,1.2983131,.81253409,.7904762,.6574074,1.6703703,1.462963
2698419,fc-burnley,1132,2,west-bromwich-albion,984,2,10,28.722221,1.8333334,8.333333,3.0653596,18.718954,.60784316,5.0849671,2016,1.1677877,.83506346,.6048016,.48189366,1.2864084,.82179332,.50761622,.40521887,1.55,1.3981482,.50555557,.36851853
2698420,fc-everton,29,1,fc-watford,1010,0,1.4444444,0,.77777779,0,13.45098,4.1568627,4.986928,1.0130719,2016,.95277959,.62295568,1.1247132,.78110117,.90271842,.63009375,1.2041106,.7423436,1.0246031,.74537039,1.1480392,.75
2698421,fc-everton,29,4,hull-city,3008,0,3.2777777,0,1.6666666,0,13.392157,4.2287583,5.0915031,.96078432,2016,1.0915687,.61982971,.93610752,.65479106,1.1895094,.66591221,.91869813,.54393309,1.3440477,.71944445,1.0013889,.59722221
2698422,fc-arsenal,11,3,west-ham-united,379,0,74.166664,14.277778,41.666668,6.4444447,29.392157,9.2287579,16.535948,3.8431373,2016,.96951729,.85520113,1.3752102,1.0901181,1.0044559,.75204265,1.5007917,1.1082171,.91825396,.7054233,1.3137255,.67843139
2698423,fc-burnley,1132,1,fc-chelsea,631,1,13.166667,0,2.5555556,0,4.9215684,17.228758,1.0457517,8.9215689,2016,1.1386594,.80860466,1.2014799,.94252211,1.2922179,.81348002,1.1783116,.90650952,1.7314814,1.4444444,.98181218,.8759259
2698424,leicester-city,1003,3,hull-city,3008,1,0,0,0,0,21.032681,2.5751634,11.653595,.55555558,2016,1.1856369,.75700295,1.0230483,.73283875,1.2970454,.79650271,1.0212114,.62357569,1.3756173,.83240741,1.0767857,.67592591
2698425,fc-everton,29,4,leicester-city,1003,2,3.2777777,0,1.6666666,0,9.986928,15.411765,3.9607842,8.346405,2016,1.1691817,.65404034,1.2544906,.88575411,1.1997067,.69808316,1.2632911,.91517556,1.1588625,.71944445,1.5283951,1.1425925
2698426,fc-liverpool,31,2,fc-burnley,1132,1,11.833333,13.166667,5.2222223,2.5555556,6.6993465,4.9215684,3.0718954,1.0457517,2016,.92393434,.72588176,1.1211394,.79253495,.90832061,.71633273,1.2415463,.76376861,.96296299,.8435185,1.6862745,1.2205882
2698427,fc-arsenal,11,2,afc-sunderland,289,0,70.555557,11.944445,39.777779,5.8333335,25.496733,10.79085,14.294118,2.490196,2016,.94717926,.81190866,.54241103,.32303229,.98748064,.70759821,.5100258,.24990274,.91362435,.69431216,.60046297,.2042328
2698428,fc-arsenal,11,3,fc-everton,29,1,77.666664,1.4444444,43.666668,.77777779,30.627451,13.45098,17.320261,4.986928,2016,.95417827,.8062247,.95277959,.62295568,.98207939,.69251883,.90271842,.63009375,.92658728,.68320107,1.0246031,.74537039
2698429,manchester-united,985,1,swansea-city,2288,1,1.1666666,0,.77777779,0,18.169935,12.267974,10.104575,4.5816994,2016,.94946259,.95963448,.95116991,.46820509,.8761397,.82484436,1.0290717,.522681,.81362432,.77751321,1.0759259,.40277779
2698430,fc-arsenal,11,2,manchester-city,281,2,68.055557,0,38.611111,0,25.437908,23.732027,14.581699,14.712419,2016,.91068703,.77668321,1.2214308,1.1605875,.92052907,.6585241,1.6409173,1.2957876,.9164021,.7054233,1.7558641,1.287037
2698431,fc-everton,29,6,afc-bournemouth,989,3,3.2777777,16.888889,1.6666666,5,19.522877,6.1372547,7.4771242,1.8496732,2016,1.1909513,.67616332,.8547731,.62206489,1.2511256,.74130905,.97976679,.68601394,1.2977513,.7638889,1.1083333,.50740743
2698432,fc-chelsea,631,3,swansea-city,2288,1,0,0,0,0,24.411764,15.274509,12.326797,5.352941,2016,1.2080132,.95087343,1.0150059,.60091048,1.2032404,.9247635,1.0431234,.55231065,.99292326,.90925926,1.1648148,.4861111
2698433,hull-city,3008,4,fc-middlesbrough,641,2,0,0,0,0,2.5816994,.4509804,.53594774,.026143791,2016,1.1465209,.78168935,1.2137619,.84909362,1.1504441,.6394487,1.2203676,.84046417,1.2230821,.74537039,.68320107,.38518518
2698434,manchester-united,985,1,afc-bournemouth,989,1,1.1666666,18.055555,.77777779,5.5555553,26.163399,6.8169932,14.470589,2.1503267,2016,1.2394421,1.0075034,.76193917,.56958473,1.2137789,.82181406,.90036166,.64048922,1.1593033,.6753968,.73796296,.57222223
2872115,fc-arsenal,11,4,leicester-city,1003,3,87.944443,7.9444447,50.833332,4.3333335,36.784313,25.718954,21.82353,11.431373,2017,1.0298518,.79153275,.93045086,.61850882,1.0822645,.70618427,.97989362,.66345644,1.3041667,.94351852,.73108464,.55833334
2872116,brighton-amp-hove-albion,1237,0,manchester-city,281,2,0,14.555555,0,8.7777777,0,11.633986,0,7.1699347,2017,1.2282604,.99064344,1.5944886,1.1741018,1.2936,1.1345949,1.6215589,1.1287647,1.7342592,1.199074,1.4871693,1.1861111
2872117,fc-chelsea,631,2,fc-burnley,1132,3,11.833333,29.944445,9.2777777,7.2222223,9.8431368,13.934641,6.3921571,3.2549019,2017,.90805238,.70505744,.87726074,.62386698,.93637693,.78181541,.87322158,.72762269,1.0039682,.65462965,.72314817,.49074075
2872118,crystal-palace,873,0,huddersfield-town,1110,3,0,0,0,0,14.228758,0,4.8758168,0,2017,.78833306,.61129165,1.1084538,.75477707,.86612797,.59642631,1.2054043,.80850631,.8647759,.59313726,1.1758598,.80740738
2872119,fc-everton,29,1,stoke-city,512,0,11,62.611111,5,21.388889,10.372549,24.888889,4.6078429,8.2549019,2017,.94865572,.68451798,.85226989,.5590589,.9224962,.66974461,.76018149,.4341276,1.0958333,.90925926,.56838626,.43055555
2872120,manchester-united,985,4,west-ham-united,379,0,29.722221,27.111111,14.388889,9.7777777,30.660131,16.732027,15.300653,5.7712417,2017,1.0896873,.91205651,.9141019,.70565897,1.0587608,.85238373,.85058445,.56242752,.98280424,.77962965,.66772485,.36944443
2872121,newcastle-united,762,0,tottenham-hotspur,148,2,3.1666667,69.277779,.8888889,40.666668,3.2941177,38.346405,.81699347,23.718954,2017,1.1084752,.67512238,1.0745792,.68168789,1.1105646,.73485452,1.2623452,.71247947,1.462963,1.0185186,1.1564815,.75
2872122,fc-southampton,180,0,swansea-city,2288,0,0,2,0,.94444442,25.647058,20.130718,9.9281044,7.1307192,2017,.92618674,.69900179,.93447226,.50964779,.85696131,.66927636,.92717141,.51749933,.54841268,.35648149,1.0880952,.49629629
2872123,fc-watford,1010,3,fc-liverpool,31,3,0,36.222221,0,19.833334,14.287581,21.915033,4.5882354,11.986928,2017,.98177522,.70460618,1.3231285,.98098814,.7922228,.51284909,1.3352758,1.0042396,.6754902,.50980395,1.4416667,1.0833334
2872124,west-bromwich-albion,984,1,afc-bournemouth,989,0,35.055557,43.777779,10.444445,13.444445,19.627451,21.163399,5.5751634,6.2352943,2017,.77254927,.6157285,1.0165492,.70141888,.69294363,.59007597,1.2660714,.78455436,.72407407,.5935185,1.9175926,1.2222222
2872125,afc-bournemouth,989,0,fc-watford,1010,2,43.222221,0,13.333333,0,21.379086,10.039216,6.3202615,2.8954248,2017,1.01421,.63007385,1.3790017,.82510585,1.2637566,.73362839,1.1521668,.65913761,1.9175926,1.2222222,.76568627,.4509804
2872126,fc-burnley,1132,0,west-bromwich-albion,984,1,29.944445,30.222221,7.2222223,8.9444447,13.934641,15.124183,3.2549019,4.3333335,2017,.87726074,.62386698,.79172134,.64840823,.87322158,.72762269,.7052893,.59624881,.72314817,.49074075,.76111114,.61203706
2872127,huddersfield-town,1110,1,newcastle-united,762,0,0,2.5,0,.72222221,0,2.1830065,0,.54248369,2017,1.0585963,.71579069,1.2900915,.71141487,1.1459502,.76132816,1.2171303,.71768075,1.1689154,.79814816,1.5555556,.96296299
2872128,leicester-city,1003,2,brighton-amp-hove-albion,1237,0,9,0,5,0,31.725491,0,14.150327,0,2017,.9468199,.61200571,1.1741259,.96132243,.96253252,.64849919,1.2829162,1.1221952,.68170196,.52499998,1.6314815,1.1157408
2872129,fc-liverpool,31,1,crystal-palace,873,0,33.222221,0,18.277779,0,19.006536,19.699347,10.594771,6.7973857,2017,1.3952245,1.0141399,.84606999,.53086531,1.3812548,.98959315,.87494469,.52453828,1.5018518,1.1018518,.80007005,.34803921
2872130,manchester-city,281,1,fc-everton,29,1,15.888889,11,9.666667,5,15.771242,11.130719,9.7516336,4.9542484,2017,1.5944886,1.1741018,.94391716,.7565977,1.6215589,1.1287647,.96637243,.8063187,1.4871693,1.1861111,.9384259,1.0111111
2872131,stoke-city,512,1,fc-arsenal,11,0,57.111111,93.777779,19.5,53.777779,19.59477,41,6.3333335,23.856209,2017,.93409038,.62017,1.0318143,.79255027,.77379566,.45180437,1.072293,.7006287,.59616405,.40000001,1.2930555,.93240738
2872132,swansea-city,2288,0,manchester-united,985,4,2.9444444,28.333334,1.3333334,13.777778,16.830065,26.915033,5.9346404,13.477124,2017,.95862687,.52287531,1.0860324,.90588367,.95098096,.53138822,1.0493591,.83759296,1.1066138,.51481479,.99206346,.77962965
2872133,tottenham-hotspur,148,1,fc-chelsea,631,2,71.888885,13.944445,42.333332,11,39.496731,8,24.738562,5.5032678,2017,1.078283,.7248978,.887474,.61652648,1.2614193,.71710914,.92381442,.68968379,1.1564815,.75,1.0863757,.73518521
2872134,fc-southampton,180,3,west-ham-united,379,2,0,29.055555,0,10.777778,25.450981,15.496732,10.026144,5.5555553,2017,.92618674,.69900179,1.0316945,.84618187,.85696131,.66927636,.98225832,.68279791,.54841268,.35648149,.76494712,.45277777
2872135,afc-bournemouth,989,1,manchester-city,281,2,40.388889,17.777779,12.555555,10.888889,18.281046,17.267973,5.7450981,10.424836,2017,.93704957,.55137014,1.4981923,1.1213843,1.1872134,.66418397,1.5203685,1.0671486,1.8805555,1.1666666,1.3871694,1.1416667
2872136,fc-chelsea,631,2,fc-everton,29,0,15.833333,16.722221,12.444445,7.7777777,10.013072,10.124183,6.7581701,4.4117646,2017,.9863196,.81097096,.85307825,.67683077,.98245639,.8794986,.85221773,.68012822,1.1558201,.86018521,.8921296,.81666666
2872137,crystal-palace,873,0,swansea-city,2288,2,0,2,0,.94444442,21.921568,16.411764,7.3267975,5.9150329,2017,.83085334,.58060676,1.0521941,.59967268,.82231593,.50074381,1.0148698,.58046228,.77485996,.34803921,1.0510582,.49629629
2872138,huddersfield-town,1110,0,fc-southampton,180,0,0,0,0,0,0,25.450981,0,10.026144,2017,1.0585963,.71579069,.94702011,.69532531,1.1459502,.76132816,.87680262,.66689539,1.1689154,.79814816,.56230158,.3287037
2872139,fc-liverpool,31,4,fc-arsenal,11,0,32.666668,95.611115,17.944445,55.388889,17.915033,41.888889,9.9477119,24.986929,2017,1.3624803,.99950665,1.2322761,.92339653,1.3440742,.99056435,1.2808646,.81830269,1.4166666,1.0462962,1.8523148,1.2287037
2872140,manchester-united,985,2,leicester-city,1003,0,29.722221,7.9444447,14.388889,4.3333335,30.660131,25.718954,15.300653,11.431373,2017,1.0896873,.91205651,.93045086,.61850882,1.0587608,.85238373,.97989362,.66345644,.98280424,.77962965,.73108464,.55833334
2872141,newcastle-united,762,3,west-ham-united,379,0,1.4444444,34.833332,.3888889,12.666667,2.1176472,21.562092,.57516342,7.7908497,2017,1.091261,.66326672,1.0253737,.76495534,1.0151101,.68681657,.97835022,.62113965,1.1296296,.92592591,.82050264,.33703703
2872142,tottenham-hotspur,148,1,fc-burnley,1132,1,65.611115,28.166666,38.666668,6.7222223,29.30719,12.196078,18.509804,2.8039215,2017,1.0746454,.70644939,.88792902,.57255816,1.2706785,.7120586,.89844173,.64201665,1.1611111,.74898988,1.012037,.49537036
2872143,fc-watford,1010,0,brighton-amp-hove-albion,1237,0,0,0,0,0,11.869281,0,3.5686274,0,2017,1.3337992,.77503902,1.0994786,.9682318,1.1877114,.71796113,1.2195936,1.1268249,.68333334,.35686275,1.3464285,1.0379629
2872144,west-bromwich-albion,984,1,stoke-city,512,1,34.666668,58.944443,10.555555,20,20.777779,19.084967,5.7777777,6.026144,2017,.77922136,.6464963,.84034038,.59318584,.70802498,.56788182,.71653068,.44254512,.82129627,.62870371,.59616405,.4074074
2872145,fc-arsenal,11,3,afc-bournemouth,989,0,100.33334,43.111111,57.777779,13.444445,42.522877,19.849672,25.124184,6.3856211,2017,1.2582517,.90979415,.88638282,.66283864,1.3056153,.81645083,1.0720679,.72066545,1.8023148,1.1592592,1.7509259,1.1388888
2872146,brighton-amp-hove-albion,1237,3,west-bromwich-albion,984,1,0,39.833332,0,11.944445,0,22.699347,0,6.3790851,2017,1.268923,1.0118275,.73017377,.5807094,1.3816816,1.1727003,.64136595,.50994527,1.7584656,1.1490741,.78425926,.5453704
2872147,fc-burnley,1132,1,crystal-palace,873,0,28.166666,0,6.7222223,0,12.339869,20.137255,2.862745,6.5882354,2017,.99788272,.60827243,.86779428,.59342188,.99377,.65590549,.86303991,.52117604,1.1231482,.55092591,.76771706,.35980392
2872148,fc-everton,29,0,tottenham-hotspur,148,3,9.5555553,63.888889,4.2222223,37.5,9.1895428,26.202614,4.1503267,16.346405,2017,1.0282172,.87155497,1.0432353,.72805434,1.0380967,.91557795,1.1692935,.6770159,1.2462963,1.2759259,1.3537037,.72306395
2872149,leicester-city,1003,1,fc-chelsea,631,2,8.333333,17.611111,4.6111112,13.777778,25.437908,14.300653,11.215686,9.986928,2017,.9249298,.61654627,1.1274747,.97951615,.95906031,.64577967,1.1273196,1.030172,.68963844,.5472222,1.4845238,1.0935185
2872150,manchester-city,281,5,fc-liverpool,31,0,13.222222,34.611111,7.8888888,18.944445,6.3137255,20.993464,3.5947711,11.496732,2017,1.4391903,1.0570325,1.3562642,1.0161734,1.483629,1.0268047,1.3378242,.99550265,1.3871694,1.0175925,1.5,1.1712962
2872151,fc-southampton,180,0,fc-watford,1010,2,0,0,0,0,24.529411,8.6339865,9.6209154,2.8431373,2017,.94702011,.69532531,1.3165733,.83100927,.87680262,.66689539,1.1259891,.74051017,.56230158,.3287037,.74607843,.3764706
2872152,stoke-city,512,2,manchester-united,985,2,50.166668,29.833334,17.222221,14.277778,15.091503,32.967319,4.973856,16.647058,2017,.92266607,.60065943,1.0437217,.8926962,.74296165,.44902658,1.0217237,.83651072,.57037038,.39629629,.96428573,.75740743
2872153,swansea-city,2288,0,newcastle-united,762,1,1.8333334,.8888889,.8888889,.16666667,15.320261,.73202616,5.4771242,.18300654,2017,1.1541121,.61964482,1.1375225,.72023392,.99167085,.59078991,1.1385376,.77554607,.86587304,.41851851,1.574074,1.1203704
2872154,west-ham-united,379,2,huddersfield-town,1110,0,31.222221,0,11.388889,0,18.058823,0,6.3790851,0,2017,.98739904,.6684556,1.2180216,.8103326,.95342839,.5220235,1.2736617,.82887667,.75833333,.33703703,1.3617064,.89351851
2872155,afc-bournemouth,989,2,brighton-amp-hove-albion,1237,1,41.944443,0,13.055555,0,19.588236,0,5.986928,0,2017,.97333938,.69308555,1.2304679,.93510789,1.2020283,.77760988,1.3074294,1.0991974,1.8620371,1.1944444,1.7584656,1.1490741
2872156,fc-chelsea,631,0,fc-arsenal,11,0,19.722221,90.666664,15.444445,52.055557,19.241831,35.915031,13.163399,20.921568,2017,1.1182309,.92804551,1.192077,.75457954,1.1459266,.98892617,1.2444566,.66301167,1.5623016,1.0824074,1.5800925,.91851854
2872157,crystal-palace,873,0,fc-southampton,180,1,.3888889,0,.22222222,0,23.535948,27.470589,8.0522881,10.529411,2017,.89623386,.68816561,.73134935,.64870834,.87815285,.55102295,.70439261,.61227638,.70006615,.31018519,.49484128,.30555555
2872158,huddersfield-town,1110,1,leicester-city,1003,1,0,7.5,0,4.0555553,0,21.379086,0,9.2875814,2017,1.1207994,.77858657,.99538845,.59188849,1.1747236,.81168091,1.0457886,.63667071,1.2378968,.87685186,.78108466,.53611112
2872159,fc-liverpool,31,1,fc-burnley,1132,1,35.777779,20.722221,19.5,5.1111112,22.947712,8.4575167,12.588235,2.0915034,2017,1.2765926,1.0216773,.99788272,.60827243,1.3087385,1.0151435,.99377,.65590549,1.4055556,1.1898148,1.1231482,.55092591
2872160,manchester-united,985,4,fc-everton,29,0,29.111111,9.666667,14.055555,4.2777777,37.823528,10.568627,19.588236,4.6797385,2017,1.0021741,.83663386,.98168045,.77155501,.95306283,.74569875,.98759156,.81557792,.88095236,.68796295,1.1722223,1.1277778
2872161,newcastle-united,762,2,stoke-city,512,1,1.7777778,46.833332,.5,15.944445,1.0522876,12.444445,.26143792,4.019608,2017,1.1653003,.72393757,.89774781,.58777696,1.1556317,.77554607,.74801219,.44902658,1.5925926,1.1203704,.57037038,.39629629
2872162,tottenham-hotspur,148,0,swansea-city,2288,0,63.833332,1.8333334,37.444443,.8888889,26.699347,15.320261,16.61438,5.4771242,2017,1.0247169,.72805434,1.1541121,.61964482,1.1507751,.6770159,.99167085,.59078991,1.3259259,.72306395,.86587304,.41851851
2872163,fc-watford,1010,0,manchester-city,281,6,0,15.111111,0,9.1111107,6.4967322,8.1895428,1.9346405,4.6666665,2017,1.3180554,.84068209,1.4042108,1.1130509,1.1299106,.77627963,1.4725178,1.1069634,.84019607,.5529412,1.3686508,1.1509259
2872164,west-bromwich-albion,984,0,west-ham-united,379,0,44.777779,30.444445,13.555555,11.111111,28.718954,16.895424,8.2418299,6.0653596,2017,.79767758,.62243623,1.0641737,.77978456,.68360615,.53881091,1.052755,.63376594,.83055556,.51296294,.88796294,.44814816
2872165,fc-arsenal,11,2,west-bromwich-albion,984,0,96.444443,41.611111,55.111111,12.555555,39.516338,24.888889,22.856209,7.0522876,2017,1.2023628,.88007003,.77762747,.62508172,1.2310292,.75516397,.6695646,.55034935,1.7023149,1.037037,.74722224,.50833333
2872166,brighton-amp-hove-albion,1237,1,newcastle-united,762,0,.6111111,.72222221,.27777779,.16666667,0,.97385621,0,.20915033,2017,1.100637,.97462511,1.1358885,.71282649,1.2131834,1.1299653,1.1000761,.75173652,1.4214286,1.1212963,1.5648148,1.0925926
2872167,fc-burnley,1132,0,huddersfield-town,1110,0,22.5,0,5.6111112,0,9.6601305,0,2.3921568,0,2017,.94695675,.60033596,1.0208539,.73255485,.93779361,.64706713,1.0426011,.74316239,1.0398148,.50925928,1.1089286,.82407409
2872168,fc-everton,29,2,afc-bournemouth,989,1,8.7777777,40.111111,3.8333333,12.444445,5.352941,14.503268,2.496732,4.6666665,2017,1.0706909,.87114817,1.0238444,.73279029,1.053475,.93004,1.2705908,.7521469,1.2188492,1.1518519,2.0564816,1.1388888
2872169,leicester-city,1003,2,fc-liverpool,31,3,7.4444447,36.055557,3.9444444,19.611111,23.189543,23.718954,10.104575,12.908497,2017,1.001663,.62313849,1.2483097,.96938974,1.0692455,.69222629,1.2885364,.9719336,.80886245,.59166664,1.3981482,1.1527778
2872170,manchester-city,281,5,crystal-palace,873,0,17.277779,0,10.611111,0,13.594771,18.424837,8.039216,6.8039217,2017,1.4782848,1.1352732,.86843914,.60501039,1.5051568,1.0810375,.86598355,.52980381,1.3538359,1.1416667,.7296958,.3212963
2872171,fc-southampton,180,0,manchester-united,985,1,0,29.611111,0,14.277778,27.359478,37.64706,10.816994,19.522877,2017,.92373061,.67119515,1.0017244,.84120172,.81761456,.64104491,.94935912,.74966699,.54007936,.30555555,.8920635,.71018517
2872172,stoke-city,512,0,fc-chelsea,631,4,49.388889,19.333334,16.888889,15.111111,15.96732,15.588235,5.359477,10.457517,2017,.93466729,.61124188,1.1329616,.94783026,.79545087,.48364198,1.1813393,1.032577,.58148146,.39629629,1.5669312,1.0824074
2872173,swansea-city,2288,1,fc-watford,1010,2,1.8333334,0,.8888889,0,15.320261,8.0980396,5.4771242,2.5490196,2017,1.1541121,.61964482,1.3510271,.8771379,.99167085,.59078991,1.1652938,.77384347,.86587304,.41851851,.84019607,.5529412
2872174,west-ham-united,379,2,tottenham-hotspur,148,3,29.833334,60.055557,10.833333,35.388889,15.777778,28.48366,5.5816994,17.509804,2017,1.1253055,.83995032,1.066939,.7235685,1.110499,.68326086,1.1927978,.68922126,.90185183,.44814816,1.3398148,.69528621
2872175,afc-bournemouth,989,0,leicester-city,1003,0,43.833332,7.4444447,13.666667,3.9444444,21.032681,23.189543,6.4444447,10.104575,2017,1.0238444,.73279029,1.001663,.62313849,1.2705908,.7521469,1.0692455,.69222629,2.0564816,1.1388888,.80886245,.59166664
2872176,fc-arsenal,11,2,brighton-amp-hove-albion,1237,0,81.5,.6111111,46.444443,.27777779,30.51634,0,17.51634,0,2017,1.1389426,.72422099,.98703349,.85992151,1.1799124,.62275654,1.0753467,1.0031503,1.4986111,.85555553,1.5862434,1.0842593
2872177,fc-chelsea,631,0,manchester-city,281,1,17.277779,13.888889,13.5,8.166667,17.562092,7.4444447,11.320261,4.3790851,2017,1.1098135,.93384427,1.2261862,1.1045018,1.1381294,.99722344,1.2227494,1.077405,1.5530423,1.0824074,1.1297619,1.0787038
2872178,fc-everton,29,0,fc-burnley,1132,1,8.333333,20.777779,3.7222223,5.0555553,5.2483659,8.6928101,2.5359478,2.1045752,2017,1.0751101,.85195625,.94937223,.60033596,1.0743084,.93004,.94206709,.64706713,1.2744048,1.1796297,1.0398148,.50925928
2872179,huddersfield-town,1110,0,tottenham-hotspur,148,4,0,60.055557,0,35.388889,0,27.313726,0,16.934641,2017,.97455758,.72065008,1.0379535,.68124044,.97885466,.72464389,1.176458,.67440647,1.0626323,.82407409,1.3398148,.69528621
2872180,manchester-united,985,4,crystal-palace,873,0,29.166666,.3888889,14.055555,.22222222,28.986929,22.071896,14.54902,7.3725491,2017,1.0076941,.83895707,.70768946,.62337834,.96417391,.76157176,.66523397,.48532549,.88280421,.71018517,.4667328,.30092594
2872181,newcastle-united,762,1,fc-liverpool,31,1,.83333331,36.277779,.16666667,19.833334,.98039216,23.784313,.21568628,13.052288,2017,1.1375225,.72023392,1.4326532,1.0907347,1.1385376,.77554607,1.4359723,1.0603175,1.574074,1.1203704,1.7037038,1.2638888
2872182,stoke-city,512,2,fc-southampton,180,1,54,0,18.611111,0,17.111111,27.588236,5.8823528,10.862745,2017,.8264665,.5469557,.97998059,.70205933,.72600639,.44246092,.88513595,.66854209,.51018518,.3824074,.56230158,.31944445
2872183,west-bromwich-albion,984,2,fc-watford,1010,2,36.777779,0,11.055555,0,21.215687,6.5359478,6.0653596,2.0196078,2017,.88503486,.71572495,1.2606812,.87464976,.77640224,.6281271,1.05344,.75619644,.88611114,.64722222,.85000002,.61176473
2872184,west-ham-united,379,1,swansea-city,2288,0,33.333332,1.1111112,12.166667,.5,18.143791,14.457517,6.5490198,5.1895423,2017,1.114285,.78562933,1.0923837,.56756145,1.0800757,.63002014,.93611526,.5699566,.9203704,.37407407,.81031746,.40000001
2872185,brighton-amp-hove-albion,1237,1,fc-everton,29,1,.6111111,10,.27777779,4.5,0,9.4379082,0,4.2418299,2017,.97898197,.87182629,1.0257274,.89672118,1.055776,1.006325,1.0317649,.93806469,1.5973545,1.0842593,1.0452381,1.1481482
2872186,fc-burnley,1132,1,west-ham-united,379,1,20.777779,34.388889,5.0555553,12.611111,8.6928101,19.869282,2.1045752,7.1764708,2017,.94288069,.62518972,1.210901,.92870432,.95364118,.70262271,1.2016246,.75287366,1.0287037,.50925928,1.0638889,.49907407
2872187,crystal-palace,873,2,fc-chelsea,631,1,0,19.777779,0,15.5,14.437908,18.215687,5.3725491,12.267974,2017,.80739635,.65739131,.96411628,.82714587,.84381896,.63589466,1.0155355,.88553113,.74358463,.60833335,1.3910053,1.0527778
2872188,leicester-city,1003,1,west-bromwich-albion,984,1,8.0555553,36.222221,4.3333335,11.055555,25.274509,18.934641,11.09804,5.2941175,2017,1.001663,.62313849,.78676486,.60725939,1.0692455,.69222629,.68982214,.54109007,.80886245,.59166664,.85833335,.61944443
2872189,fc-liverpool,31,0,manchester-united,985,0,36.055557,25.111111,19.611111,11.944445,23.718954,20.039215,12.908497,9.7843142,2017,1.2483097,.96938974,.97206801,.81117928,1.2885364,.9719336,.94018888,.74281275,1.3981482,1.1527778,.8781746,.68796295
2872190,manchester-city,281,7,stoke-city,512,2,15.722222,51.222221,9.2777777,17.722221,11.771242,14.888889,6.9346404,5.0522876,2017,1.5165565,1.1732849,.92815483,.61644888,1.5570086,1.1393708,.7415145,.46476734,1.4353175,1.1564815,.45330688,.34074074
2872191,fc-southampton,180,2,newcastle-united,762,2,0,.83333331,0,.16666667,26.810457,.98039216,10.882353,.21568628,2017,.98537987,.70850056,1.1375225,.72023392,.91476554,.67763299,1.1385376,.77554607,.57817459,.3287037,1.574074,1.1203704
2872192,swansea-city,2288,2,huddersfield-town,1110,0,1.8333334,0,.8888889,0,25.986929,0,9.0326796,0,2017,.92079198,.51744038,1.0174043,.7428723,.91415757,.49952009,1.0344102,.74686611,.80105817,.3351852,1.1181878,.83796299
2872193,tottenham-hotspur,148,1,afc-bournemouth,989,0,54.833332,45.222221,32.333332,14.111111,22.542484,22.254902,14.183006,7.2745099,2017,1.0537115,.70690185,1.0648497,.72912729,1.1842508,.67533237,1.3023368,.72899878,1.3212963,.66195285,2.0287037,1.1388888
2872194,fc-watford,1010,2,fc-arsenal,11,1,0,90.611115,0,52.222221,7.5032678,36.137257,2.3137255,21.346405,2017,1.2487395,.81749737,.96095276,.6754182,1.0387342,.69737291,.9936344,.58907264,.81078434,.5529412,1.1856482,.75370371
2872195,fc-chelsea,631,4,fc-watford,1010,2,15.777778,0,12.333333,0,14.385621,8.1503267,9.640523,2.5882354,2017,1.0754144,.86699545,1.2487395,.81749737,1.134617,.93224829,1.0387342,.69737291,1.4928571,1.0083333,.81078434,.5529412
2872196,fc-everton,29,2,fc-arsenal,11,5,7.7222223,93.833336,3.4444444,54.166668,9.679739,33.908497,4.0718956,20.228758,2017,1.0831909,.93936992,1.2023246,.86488533,1.1008644,.9834792,1.2363813,.76062334,1.0984788,1.1703703,1.7300926,1.0870371
2872197,huddersfield-town,1110,2,manchester-united,985,1,0,24.722221,0,11.777778,0,19.555555,0,9.6601305,2017,1.1570649,.79049134,.99429023,.81117928,1.1911563,.80109888,.96241111,.74281275,1.2709656,.86574072,.91984129,.68796295
2872198,manchester-city,281,3,fc-burnley,1132,0,15.722222,17.777779,9.2777777,4.2222223,11.784314,6.8692808,6.993464,1.614379,2017,1.5165565,1.1732849,.77228892,.57255816,1.5570086,1.1393708,.7838881,.64012271,1.4353175,1.1564815,.81759262,.43518519
2872199,newcastle-united,762,1,crystal-palace,873,0,1.2222222,0,.33333334,0,1.6470588,19.784313,.41830066,7.3006535,2017,1.0812846,.73488766,.73892456,.63556594,1.0770403,.81412631,.76567489,.60326064,1.2314814,1.1944444,.68802911,.58981484
2872200,fc-southampton,180,1,west-bromwich-albion,984,0,0,39.388889,0,11.944445,26.810457,24.470589,10.882353,6.8496733,2017,.98537987,.70850056,.78676486,.60725939,.91476554,.67763299,.68982214,.54109007,.57817459,.3287037,.85833335,.61944443
2872201,stoke-city,512,1,afc-bournemouth,989,2,58,44.777779,19.666666,13.944445,21.51634,19.921568,6.9542484,6.3856211,2017,.90429544,.59964931,1.0029761,.78717268,.74267304,.44902658,1.1788801,.8752951,.44999999,.37777779,1.1120371,1.2407408
2872202,swansea-city,2288,1,leicester-city,1003,2,1.7777778,0,.8888889,0,23.20915,23.189543,8.0915031,10.104575,2017,.84983027,.46651444,1.001663,.62313849,.85154736,.45476699,1.0692455,.69222629,.68994707,.29814816,.80886245,.59166664
2872203,tottenham-hotspur,148,4,fc-liverpool,31,1,64.666664,34.944443,37.722221,18.944445,31.954248,22.274509,19.477123,12.09804,2017,1.0761983,.77603763,1.1273382,.91677535,1.2096329,.75588793,1.1385365,.90403241,1.3675926,.77861953,1.287037,.9861111
2872204,west-ham-united,379,0,brighton-amp-hove-albion,1237,3,33.944443,.6111111,12.444445,.27777779,19.751635,0,6.9607844,0,2017,.98100644,.93113959,.98703349,.85992151,1.0406398,.77472913,1.0753467,1.0031503,.92235452,.48981482,1.5862434,1.0842593
2872205,afc-bournemouth,989,0,fc-chelsea,631,1,39.111111,15.777778,12.222222,12.333333,18.810457,14.385621,6.1111112,9.640523,2017,1.1622353,.77596819,1.0794994,.89816689,1.3707993,.81696177,1.0981411,.92719781,1.3064815,1.0555556,1.4900794,1.0194445
2872206,fc-arsenal,11,2,swansea-city,2288,1,93.833336,.83333331,54.166668,.3888889,33.908497,14.869281,20.228758,5.359477,2017,1.2023246,.86488533,1.0919249,.57484776,1.2363813,.76062334,1.0696981,.55066645,1.7300926,1.0870371,.98161376,.47407407
2872207,brighton-amp-hove-albion,1237,1,fc-southampton,180,1,.6111111,0,.27777779,0,0,29.006536,0,10.973856,2017,1.2277743,.94072962,.78189474,.67313135,1.3160875,1.1003727,.72472227,.63931602,1.7806878,1.1768519,.49960318,.31481481
2872208,fc-burnley,1132,1,newcastle-united,762,0,20.777779,.83333331,5.0555553,.16666667,8.6928101,1.248366,2.1045752,.25490198,2017,.98338997,.59941,1.1272345,.7043609,.94420385,.66373378,1.1015006,.74512279,.76203704,.47685185,1.5925926,1.1574074
2872209,crystal-palace,873,2,west-ham-united,379,2,.3888889,30.944445,.22222222,11.5,24.588236,16.372549,8.4836597,5.973856,2017,.69617945,.61666161,1.0575141,.92920035,.71426398,.57239646,1.1376516,.75010794,.57691801,.53425926,1.0242064,.46666667
2872210,leicester-city,1003,2,fc-everton,29,0,0,.3888889,0,.3888889,20.745098,15.130719,9.0718956,6.6797385,2017,.99339134,.61619401,.96434599,.79813898,1.0537771,.68481886,.92193788,.7411986,.79497355,.5777778,.71884918,.77222222
2872211,fc-liverpool,31,3,huddersfield-town,1110,0,30.888889,0,16.944445,0,16.535948,0,9.1307192,0,2017,1.2518311,.98669922,.99348462,.73096752,1.2719901,1.00002,1.0377849,.74554336,1.1648148,1.050926,1.0434524,.76574075
2872212,manchester-united,985,1,tottenham-hotspur,148,0,26.166666,63.944443,12.5,37.388889,24.254902,33.686275,12.457517,20.522877,2017,.98348778,.80192006,.90793437,.75885069,.95306283,.73776221,.91102171,.70664549,.91058201,.68796295,1.0574074,.70917511
2872213,fc-watford,1010,0,stoke-city,512,1,0,43.944443,0,14.777778,7.5359478,11.588235,2.3986928,3.6862745,2017,1.2289625,.84091276,.89423925,.56393439,1.0308911,.73837113,.76925838,.47680438,.73235291,.43529412,.53571427,.39166668
2872214,west-bromwich-albion,984,2,manchester-city,281,3,33.888889,15.722222,10.055555,9.2777777,16.980392,11.784314,4.9477124,6.993464,2017,.82569033,.66024721,1.5165565,1.1732849,.69992316,.59047282,1.5570086,1.1393708,.83981484,.61944443,1.4353175,1.1564815
2872215,fc-chelsea,631,1,manchester-united,985,0,17.388889,4.1111112,13.555555,2.2777777,15.287581,27.17647,10.320261,13.888889,2017,1.0917791,.93931919,.93374777,.71288872,1.1021284,.97702146,.89334059,.68464869,1.5085979,1.0379629,.8457672,.65462965
2872216,fc-everton,29,3,fc-watford,1010,2,.33333334,0,.33333334,0,11.823529,6.019608,5,1.8562092,2017,.84181643,.69582415,1.0083002,.75071138,.84161258,.69834149,.81969291,.5792141,.69107145,.68888891,.62647057,.35686275
2872217,huddersfield-town,1110,1,west-bromwich-albion,984,0,0,33.888889,0,10.055555,0,16.980392,0,4.9477124,2017,.99348462,.73096752,.82569033,.66024721,1.0377849,.74554336,.69992316,.59047282,1.0434524,.76574075,.83981484,.61944443
2872218,manchester-city,281,3,fc-arsenal,11,1,15.722222,82.444443,9.2777777,47.611111,11.771242,32.954247,6.9346404,19.48366,2017,1.5165565,1.1732849,1.1992451,.88410872,1.5570086,1.1393708,1.2505966,.77094078,1.4353175,1.1564815,1.7467593,1.0759259
2872219,newcastle-united,762,0,afc-bournemouth,989,1,1.2222222,41.222221,.33333334,12.666667,1.6470588,18.679739,.41830066,5.653595,2017,1.2245595,.74335331,1.0676068,.73017865,1.2235049,.80530798,1.275,.81557286,1.6574074,1.2314814,1.9175926,1.1666666
2872220,fc-southampton,180,0,fc-burnley,1132,1,0,20.777779,0,5.0555553,29.111111,8.6928101,11.542483,2.1045752,2017,1.0059688,.72057784,.94937223,.60033596,.90233171,.68874413,.94206709,.64706713,.56706351,.3287037,1.0398148,.50925928
2872221,stoke-city,512,2,leicester-city,1003,2,53.5,0,18.055555,0,18.143791,21.019608,5.7777777,9.1307192,2017,.93667752,.62851769,1.0030916,.60604447,.79397178,.50458217,1.0647482,.67513227,.57499999,.43333334,.80092591,.59166664
2872222,swansea-city,2288,0,brighton-amp-hove-albion,1237,1,1,.6111111,.44444445,.27777779,16.424837,0,5.9673204,0,2017,1.1127582,.61272657,1.2277743,.94072962,1.0825186,.56348699,1.3160875,1.1003727,1.003836,.49629629,1.7806878,1.1768519
2872223,tottenham-hotspur,148,1,crystal-palace,873,0,51.222221,0,29.555555,0,20.816994,21.294117,12.725491,7.8888888,2017,.91015106,.69004732,.70272923,.60047817,.96507186,.60841322,.71866637,.5830586,1.0574074,.62584174,.63247353,.57592595
2872224,west-ham-united,379,1,fc-liverpool,31,4,31.055555,33.277779,11.611111,18.333334,16.797386,18.450981,5.8366013,10.189543,2017,1.1045456,.81396008,1.3411127,.97026688,1.1121585,.67588586,1.3359723,.95285392,.98809522,.45833334,1.4722222,1.0601852
2872225,afc-bournemouth,989,4,huddersfield-town,1110,0,44,0,13.555555,0,19.575163,0,6.0326796,0,2017,1.0045633,.73036021,1.2132376,.82620561,1.2338744,.85446173,1.2450801,.83196312,1.8064815,1.212963,1.3193783,.89074075
2872226,fc-arsenal,11,2,tottenham-hotspur,148,0,88.111115,60.111111,50.222221,35.222221,32.464054,23.013071,18.836601,14.320261,2017,.9687025,.77388227,1.0164864,.71694326,1.0238532,.73726612,1.139379,.66590476,1.3689815,1.0388889,1.3351852,.72306395
2872227,brighton-amp-hove-albion,1237,2,stoke-city,512,2,.6111111,51.166668,.27777779,17.111111,0,17.601307,0,5.5816994,2017,1.2277743,.94072962,.93667752,.62851769,1.3160875,1.1003727,.79397178,.50458217,1.7806878,1.1768519,.57499999,.43333334
2872228,fc-burnley,1132,2,swansea-city,2288,0,20.777779,1.4444444,5.0555553,.66666669,8.6928101,16.653595,2.1045752,6.0522876,2017,.97689843,.62426382,1.1555803,.60333359,.95577794,.71928936,1.0429053,.55970526,.7509259,.47685185,.82420635,.3351852
2872229,crystal-palace,873,2,fc-everton,29,2,0,.33333334,0,.33333334,22.326797,9.7908497,8.2352943,4.4117646,2017,.88809335,.65371895,.98561794,.74781841,.90848118,.6295864,.95417857,.73744744,.85747355,.60185188,.99662697,.8277778
2872230,leicester-city,1003,0,manchester-city,281,2,0,15,0,8.7777777,20.745098,12.836601,9.0718956,7.8562093,2017,.99339134,.61619401,1.5197972,1.1664008,1.0537771,.68481886,1.5472202,1.1308239,.79497355,.5777778,1.4575397,1.1342592
2872231,fc-liverpool,31,3,fc-southampton,180,0,35.833332,0,19.555555,0,23.90196,29.48366,13.091503,11.54902,2017,1.4207484,1.0925866,.97601235,.70823216,1.4267131,1.053373,.86956817,.67281562,1.7407408,1.3194444,.5511905,.31944445
2872232,manchester-united,985,4,newcastle-united,762,1,4.7777777,2.5,2.7222223,.77777779,27.326797,1.8758169,14.137255,.52287585,2017,1.2469475,.90354121,1.2163864,.71822703,1.2194704,.80238742,1.1850435,.78626037,1.110582,.84629631,1.4814814,1.1111112
2872233,fc-watford,1010,2,west-ham-united,379,0,0,0,0,0,6.7450981,15.986928,2.0457516,6.0588236,2017,.99862355,.70878524,.87790495,.72632319,.82452482,.54812837,.85273695,.55939722,.72254902,.57254905,.73670638,.32314816
2872234,west-bromwich-albion,984,0,fc-chelsea,631,4,37.777779,17.777779,11.444445,13.888889,18.908497,14.830066,5.4248366,9.8366013,2017,.74698663,.58475548,.95616364,.884278,.62549293,.52784652,.98465329,.92832011,.79351854,.53611112,1.4160053,.99629629
2872235,fc-burnley,1132,0,fc-arsenal,11,1,20.777779,92.055557,5.0555553,52.444443,8.6928101,33.117645,2.1045752,19.078432,2017,.94937223,.60033596,1.0570863,.67473346,.94206709,.64706713,1.0991144,.61557299,1.0398148,.50925928,1.3689815,.88148147
2872236,crystal-palace,873,2,stoke-city,512,1,0,50.333332,0,16.888889,20.816994,16.450981,7.647059,5.2614379,2017,.92428863,.68880665,.82767993,.589302,.95548975,.64978838,.67393208,.46569327,.91302907,.61574072,.54960316,.43333334
2872237,huddersfield-town,1110,1,manchester-city,281,2,0,13.777778,0,8.1111107,0,10.111111,0,5.9084969,2017,.99348462,.73096752,1.4278219,1.1353219,1.0377849,.74554336,1.4850841,1.1208524,1.0434524,.76574075,1.375,1.1287037
2872238,fc-liverpool,31,1,fc-chelsea,631,1,34.888889,19.722221,19.166666,15.444445,21.013071,17.228758,11.869281,11.588235,2017,1.4095892,1.2110047,1.0014311,.92396057,1.3699551,1.1498237,1.0273883,.97882521,1.7685186,1.4305556,1.4715608,1.0518519
2872239,manchester-united,985,1,brighton-amp-hove-albion,1237,0,4.1666665,.6111111,2.3888888,.27777779,24.947712,0,13.294118,0,2017,1.3973179,1.0293959,1.1941042,.86109996,1.3563125,.9567678,1.2868851,1.0633355,1.2283069,.83518517,1.6880952,1.0564815
2872240,newcastle-united,762,0,fc-watford,1010,3,2.5,0,.77777779,0,1.8758169,6.8496733,.52287585,2.2810457,2017,1.2534235,.73198366,.87470162,.66974777,1.2197657,.79816508,.7156716,.56855315,1.4444444,1.0555556,.62450981,.47450981
2872241,fc-southampton,180,4,fc-everton,29,1,0,.33333334,0,.33333334,25.137255,11.45098,9.9411764,4.980392,2017,1.0075004,.71710563,1.0060314,.83029199,.90828407,.68318856,.9773857,.78476125,.5642857,.31481481,1.0125,1.0203704
2872242,swansea-city,2288,0,afc-bournemouth,989,0,1.0555556,40.722221,.5,12.722222,17.379086,19.542484,6.0588236,5.9150329,2017,1.1775557,.5984835,.99345225,.64147133,1.0192126,.54010141,1.22693,.79890621,.84206349,.4074074,1.8064815,1.212963
2872243,tottenham-hotspur,148,1,west-bromwich-albion,984,1,60.111111,0,35.222221,0,23.183006,15.882353,14.444445,4.4444447,2017,1.0164864,.71694326,.70450294,.48058879,1.139379,.66590476,.58228308,.42367986,1.3351852,.72306395,.71944445,.42500001
2872244,west-ham-united,379,1,leicester-city,1003,1,0,0,0,0,19.431372,20.745098,7.3660131,9.0718956,2017,.96684724,.77438313,.99339134,.61619401,.96321672,.62189722,1.0537771,.68481886,.78531748,.36203703,.79497355,.5777778
2872245,afc-bournemouth,989,1,fc-burnley,1132,2,43.611111,19.444445,13.388889,4.7777777,18.803921,6.8562093,5.7516341,1.6470588,2017,1.0990078,.7588383,.94696838,.60247266,1.3517196,.86557287,.95496392,.67881316,2.0842593,1.25,1.0398148,.50925928
2872246,fc-arsenal,11,5,huddersfield-town,1110,0,96.777779,0,55.444443,0,37.915031,0,22.183006,0,2017,1.1446284,.84762484,.95799077,.66783619,1.1911372,.78488517,1.0121439,.67609888,1.5912037,1.1222222,1.0156746,.71018517
2872247,brighton-amp-hove-albion,1237,0,crystal-palace,873,0,.6111111,0,.27777779,0,0,21.758169,0,7.9542484,2017,1.2364322,.96295184,.92428863,.68880665,1.3331815,1.1374097,.95548975,.64978838,1.7992064,1.1953703,.91302907,.61574072
2872248,leicester-city,1003,2,tottenham-hotspur,148,1,0,67.333336,0,38.666668,21.379086,33.803921,9.2875814,20.065359,2017,.9147557,.54915345,1.124511,.87705129,.96515596,.59393567,1.2352184,.86163127,.73664021,.50277776,1.3888888,.88787878
2872249,fc-watford,1010,2,manchester-united,985,4,0,2.5,0,1.4444444,5.5228758,23.51634,1.6862745,12.398693,2017,1.2749891,.81561828,1.240285,.88193631,1.0944722,.74539727,1.2305815,.79841918,.7911765,.49411765,1.1383598,.82407409
2872250,west-bromwich-albion,984,2,newcastle-united,762,2,0,2.3888888,0,.77777779,15.882353,1.8562092,4.4444447,.503268,2017,.70450294,.48058879,1.271942,.75790954,.58228308,.42367986,1.2405989,.82594287,.71944445,.42500001,1.4814814,1.1111112
2872251,fc-chelsea,631,1,swansea-city,2288,0,15.166667,9.666667,11.833333,4.3333335,15.084968,17.993464,9.9542484,6.2614379,2017,.97449511,.90955728,1.0614181,.56356287,1.0010725,.96692044,.92244822,.51047176,1.4623016,1.0518519,.68095237,.3888889
2872252,fc-everton,29,4,west-ham-united,379,0,.22222222,0,.22222222,0,6.3071895,19.196079,2.856209,7.0522876,2017,.7994166,.64905304,1.0448387,.89572275,.7883231,.63286191,1.0440067,.75893426,.82731479,.84444445,.88763225,.4601852
2872253,manchester-city,281,2,fc-southampton,180,1,13.555555,0,8.333333,0,10.156863,22.973856,6.0849671,9.1503267,2017,1.3891014,1.1044577,.99803227,.67824984,1.4427559,1.1056576,.88798493,.62036806,1.3293651,1.1101851,.52261907,.27314815
2872254,stoke-city,512,0,fc-liverpool,31,3,51.166668,36,17.111111,19.555555,17.59477,23.202614,5.5686274,12.562092,2017,.93667752,.62851769,1.4405897,1.1138829,.79397178,.50458217,1.4452317,1.0811508,.57499999,.43333334,1.7453704,1.3194444
2872255,afc-bournemouth,989,1,fc-southampton,180,1,44.944443,0,13.888889,0,21.986929,21.973856,6.4901962,8.1045752,2017,1.0990078,.80157334,.90417814,.64406711,1.3508377,.85399878,.82482612,.64195144,2.2231481,1.1666666,.50674605,.27777779
2872256,fc-arsenal,11,1,manchester-united,985,3,96.777779,25.222221,55.444443,12.111111,37.915031,22.640522,22.183006,11.705882,2017,1.1446284,.84762484,.92762995,.74452889,1.1911372,.78488517,.93331057,.69259906,1.5912037,1.1222222,.92724866,.73518521
2872257,brighton-amp-hove-albion,1237,1,fc-liverpool,31,5,.6111111,32.944443,.27777779,18.111111,0,19.215687,0,10.810457,2017,1.1941042,.86109996,1.4644352,1.1683309,1.2868851,1.0633355,1.4774706,1.1195908,1.6880952,1.0564815,1.7481482,1.3564814
2872258,fc-chelsea,631,3,newcastle-united,762,1,17.222221,2.3888888,13.444445,.77777779,17.019608,1.7777778,11.274509,.48366013,2017,1.1370466,.9790017,1.271942,.75790954,1.1448634,1.0275265,1.2405989,.82594287,1.5641534,1.0935185,1.4814814,1.1111112
2872259,fc-everton,29,2,huddersfield-town,1110,0,.22222222,0,.055555556,0,5.8235292,0,2.6862745,0,2017,.82768071,.68533033,1.0197192,.69958222,.83060253,.68312645,1.1018875,.72054332,.68181217,.74444443,1.0712302,.75185186
2872260,leicester-city,1003,1,fc-burnley,1132,0,0,19.444445,0,4.7777777,21.679739,6.8562093,9.6013069,1.6470588,2017,.95047539,.59409261,.94696838,.60247266,.96240282,.6491046,.95496392,.67881316,.70114636,.50833333,1.0398148,.50925928
2872261,manchester-city,281,2,west-ham-united,379,1,15.777778,0,9.3888893,0,15.51634,11.810457,9.1437912,4.3660131,2017,1.5327601,1.1760627,.96648902,.82052433,1.5649451,1.1393708,.97178453,.7043888,1.4527777,1.1564815,.81541008,.41574073
2872262,stoke-city,512,2,swansea-city,2288,1,53.5,1.0555556,18.055555,.5,18.137255,17.993464,5.7647057,6.2614379,2017,.93667752,.62851769,1.2247778,.56911844,.79397178,.50458217,1.1228451,.51364636,.57499999,.43333334,1.0142857,.37962964
2872263,fc-watford,1010,1,tottenham-hotspur,148,1,0,69.166664,0,39.777779,6.3790851,31.941177,1.993464,19.058823,2017,1.2657012,.78253001,1.1368567,.8805235,1.0768251,.69964564,1.2471231,.86590475,.75196081,.43529412,1.4,.89898992
2872264,west-bromwich-albion,984,0,crystal-palace,873,0,0,.4375,0,.25,14.542483,15.475,3.9738562,5.6416669,2017,.59802145,.34422517,.86349028,.6734581,.48351765,.27784654,.89667469,.63194203,.64999998,.27685186,.82611609,.61145836
2872265,fc-burnley,1132,1,fc-watford,1010,0,18.611111,0,4.5555553,0,5.1241832,10.300653,1.3398693,3.1830065,2017,1.1312276,.61107838,1.3379468,.88481551,1.1117622,.71255499,1.1666944,.81288093,1.0925926,.47037038,.86960787,.61176473
2872266,crystal-palace,873,2,afc-bournemouth,989,2,.3888889,41.166668,.22222222,12.666667,20.156862,18.084967,7.2418299,5.352941,2017,.91274178,.68087018,1.0837313,.74797648,.93882304,.63744271,1.3284171,.80505699,.91302907,.61574072,2.1861112,1.0555556
2872267,huddersfield-town,1110,2,brighton-amp-hove-albion,1237,0,0,.6111111,0,.27777779,0,0,0,0,2017,.98047757,.66122246,1.2950474,.94756615,.99362534,.63906187,1.2631058,1.0986651,.94623017,.66851854,1.7269841,1.1398149
2872268,fc-liverpool,31,1,fc-everton,29,1,30,.22222222,16.333334,.055555556,16.065359,7.9477124,8.7124186,3.640523,2017,1.4576765,1.1294421,.86471772,.69644141,1.4221482,1.0708253,.87605703,.68929929,1.7361112,1.3194444,.73736775,.76296294
2872269,manchester-united,985,1,manchester-city,281,2,3.2222223,13.777778,1.7777778,8.1111107,24.111111,10.111111,12.614379,5.9084969,2017,1.1311406,.76124102,1.4278219,1.1353219,1.1009519,.65357792,1.4850841,1.1208524,1.0383598,.75462961,1.375,1.1287037
2872270,newcastle-united,762,2,leicester-city,1003,3,2.2222223,0,.66666669,0,1.3790849,21.679739,.35947713,9.6013069,2017,1.2801151,.78303581,.95047539,.59409261,1.2790605,.84499049,.96240282,.6491046,1.6574074,1.2314814,.70114636,.50833333
2872271,fc-southampton,180,1,fc-arsenal,11,1,0,95.944443,0,54.722221,19.849672,37.254902,7.1176472,21.549019,2017,.90417814,.6499716,1.1274327,.85065937,.82981187,.6507498,1.165548,.7805562,.52261907,.27777779,1.5634259,1.0944444
2872272,swansea-city,2288,1,west-bromwich-albion,984,0,2.3888888,0,1.0555556,0,13.091503,18.457516,4.6666665,5.2941175,2017,1.2104745,.65981507,.67318487,.42960098,1.0607625,.61856771,.56993741,.38972926,.85198414,.41851851,.74259257,.38333333
2872273,tottenham-hotspur,148,5,stoke-city,512,1,69.166664,58.166668,39.777779,19.777779,30.568628,20.143791,18.490196,6.4967322,2017,1.1044493,.87042248,.82985705,.55436313,1.2147157,.85580379,.7334559,.4591276,1.3675926,.8888889,.52275133,.41944444
2872274,west-ham-united,379,1,fc-chelsea,631,0,1.6111112,19.333334,.77777779,15.111111,19.82353,17.346405,7.346405,11.895425,2017,1.202778,.94752747,1.0912949,.91364223,1.1868939,.7570824,1.1196109,.97702146,1.0427248,.50833333,1.5530423,1.0824074
2872275,fc-burnley,1132,1,stoke-city,512,0,18.611111,58.166668,4.5555553,19.777779,5.1241832,21.104576,1.3398693,6.7843137,2017,1.1312276,.61107838,.82985705,.55436313,1.1117622,.71255499,.7334559,.4591276,1.0925926,.47037038,.52275133,.41944444
2872276,crystal-palace,873,2,fc-watford,1010,1,.3888889,0,.22222222,0,17.424837,10.490196,5.9607844,3.2810457,2017,.87636322,.68135345,1.3710659,.8953197,.90839976,.59153223,1.2010082,.80325526,.90562171,.62685186,.86960787,.61176473
2872277,huddersfield-town,1110,1,fc-chelsea,631,3,0,21.388889,0,16.722221,0,17.156862,0,11.614379,2017,.94807017,.68731672,.96490854,.88719296,.98222935,.69616061,.97378755,.91641539,.96011907,.72407407,1.3650794,.91574073
2872278,manchester-united,985,1,afc-bournemouth,989,0,25.555555,44.944443,12.222222,13.833333,22.222221,21.686274,11.058824,6.640523,2017,1.1264955,.77815461,1.0968032,.7688098,1.1115339,.67738742,1.3492504,.8447395,1.0402117,.77685183,2.2416666,1.3333334
2872279,swansea-city,2288,0,manchester-city,281,4,1.1111112,13.333333,.5,7.8333335,14.69281,9.2679739,5.5098038,5.2418299,2017,1.162635,.61143547,1.5258157,1.2103219,1.0113798,.59773439,1.5589927,1.1671486,.81031746,.40000001,1.4194444,1.1564815
2872280,west-ham-united,379,0,fc-arsenal,11,0,1.6111112,77.444443,.77777779,44.666668,23.366013,27.679739,8.6993465,16.143791,2017,1.1686649,.8954441,1.071772,.79782772,1.14649,.7107861,1.1314926,.74034452,1.0546297,.49907407,1.5467592,1.0574074
2872281,fc-liverpool,31,0,west-bromwich-albion,984,0,30,0,16.333334,0,15.993464,18.48366,8.6862745,5.1372547,2017,1.4576765,1.1294421,.61762929,.41571209,1.4221482,1.0708253,.51438183,.37584037,1.7361112,1.3194444,.68703705,.36944443
2872282,newcastle-united,762,0,fc-everton,29,1,1.8888888,.22222222,.55555558,.055555556,1.0196079,7.9477124,.23529412,3.640523,2017,1.1717105,.73538542,.86471772,.69644141,1.1593709,.79141909,.87605703,.68929929,1.574074,1.1203704,.73736775,.76296294
2872283,fc-southampton,180,1,leicester-city,1003,4,0,0,0,0,29.09804,23.718954,11.228758,9.8235292,2017,.96146208,.71086866,.88527477,.55830199,.86661738,.67605847,.89847308,.61377698,.53650796,.31944445,.65947974,.48888889
2872284,tottenham-hotspur,148,2,brighton-amp-hove-albion,1237,0,69.166664,.6111111,39.777779,.27777779,32.38562,0,19.313726,0,2017,1.1044493,.87042248,1.1941042,.86109996,1.2147157,.85580379,1.2868851,1.0633355,1.3675926,.8888889,1.6880952,1.0564815
2872285,afc-bournemouth,989,0,fc-liverpool,31,4,46.611111,30.166666,14.444445,16.388889,23.660131,15.555555,7.2810459,8.3856211,2017,1.0000349,.7688098,1.524736,1.2078412,1.2282628,.7984432,1.4777038,1.1293271,2.1120369,1.3611112,1.7916666,1.412037
2872286,fc-arsenal,11,1,newcastle-united,762,0,77.444443,1.9444444,44.666668,.55555558,30.856209,1.5751634,17.967319,.40522876,2017,1.071772,.79782772,1.1325691,.66722482,1.1314926,.74034452,1.1194719,.69697464,1.5467592,1.0574074,1.4814814,.9537037
2872287,brighton-amp-hove-albion,1237,0,fc-burnley,1132,0,.6111111,20.166666,.27777779,4.8888888,0,6.8888888,0,1.6928104,2017,1.1941042,.86109996,1.0861117,.57083619,1.2868851,1.0633355,1.080956,.66849571,1.6880952,1.0564815,1.0814815,.42592594
2872288,fc-chelsea,631,1,fc-southampton,180,0,21.388889,0,16.722221,0,17.568628,22.803921,12.03268,8.4901962,2017,1.1370466,.9790017,.89368433,.64688516,1.1448634,1.0275265,.80758965,.60753995,1.5641534,1.0935185,.52261907,.27777779
2872289,fc-everton,29,3,swansea-city,2288,1,.22222222,1.1111112,.055555556,.5,7.7712417,13.542483,3.6078432,5.1503267,2017,.86720765,.67127526,1.1406928,.59972519,.88238877,.66681248,.96574491,.58847511,.9384259,.89074075,.81031746,.40000001
2872290,leicester-city,1003,0,crystal-palace,873,3,0,.3888889,0,.22222222,21.679739,18.274509,9.6013069,6.1960783,2017,.95047539,.59409261,.8327418,.65468681,.96240282,.6491046,.85037512,.56305999,.70114636,.50833333,.84212965,.61759257
2872291,manchester-city,281,4,tottenham-hotspur,148,1,14.444445,69.166664,8.666667,39.777779,9.3071899,30.568628,5.2026143,18.490196,2017,1.562011,1.1129674,1.1044493,.87042248,1.5933843,1.0885161,1.2147157,.85580379,1.4601852,1.0703703,1.3675926,.8888889
2872292,stoke-city,512,0,west-ham-united,379,3,56.055557,1.6111112,18.944445,.77777779,18.745098,16.104576,5.9542484,6.0522876,2017,.84572011,.5181058,1.0443178,.83887106,.746952,.4159652,1.0178523,.69247806,.61441797,.41944444,.9527778,.49444443
2872293,fc-watford,1010,1,huddersfield-town,1110,4,0,0,0,0,8.4967318,0,2.5359478,0,2017,1.4196186,.88784689,.98113894,.69922149,1.1949921,.74043131,1.0125324,.70109892,.90098041,.5529412,.9878968,.65462965
2872294,west-bromwich-albion,984,1,manchester-united,985,2,0,23.611111,0,11.444445,18.013071,21.228758,5.1764708,10.803922,2017,.64050514,.44839182,1.1311406,.76124102,.5267275,.3820132,1.1009519,.65357792,.72407407,.38796297,1.0383598,.75462961
2872295,fc-arsenal,11,3,fc-liverpool,31,3,76,33.166668,43.888889,17.944445,30.588236,18.673203,17.980392,9.986928,2017,1.035264,.79713762,1.4090201,1.1815255,1.1063555,.73131377,1.4209827,1.1217512,1.5356481,1.0203704,1.8101852,1.449074
2872296,brighton-amp-hove-albion,1237,1,fc-watford,1010,0,.6111111,0,.27777779,0,0,7.0980392,0,2.2026143,2017,1.3382841,1.004398,.98376429,.68599117,1.3243431,1.1560706,.79222327,.51842976,2.0177248,1.3064815,.6901961,.47450981
2872297,fc-burnley,1132,0,tottenham-hotspur,148,3,19.444445,67.333336,4.8333335,38.666668,6.2614379,33.803921,1.5882353,20.065359,2017,1.1837548,.61889613,1.124511,.87705129,1.1847719,.70707595,1.2352184,.86163127,1.1925926,.48148149,1.3888888,.88787878
2872298,leicester-city,1003,2,manchester-united,985,2,0,3.0555556,0,1.7777778,25.274509,23.111111,11.09804,11.849673,2017,.92819071,.58040345,1.3621927,1.0069481,.9898473,.64949125,1.3155022,.94188684,.75330687,.55833334,1.173545,.81296295
2872299,manchester-city,281,4,afc-bournemouth,989,0,15.166667,33.666668,8.9444447,10.5,14.777778,13.150327,8.9150324,4.1372547,2017,1.5327601,1.1760627,.90804917,.60252798,1.5649451,1.1393708,1.0839125,.68775296,1.4527777,1.1564815,.93425924,.90185183
2872300,fc-southampton,180,1,huddersfield-town,1110,1,0,0,0,0,21.745098,0,7.8692808,0,2017,.96614516,.66166747,.95274389,.69962847,.86070573,.62167394,.93782699,.71820647,.52896827,.25925925,.90178573,.71018517
2872301,stoke-city,512,3,west-bromwich-albion,984,1,50.222221,0,17.055555,0,16.300653,22.686274,5.2483659,6.2091503,2017,.83531338,.5469557,.75644082,.53631181,.74932891,.4591276,.66670907,.46199557,.53386241,.41944444,.93703705,.5453704
2872302,swansea-city,2288,1,crystal-palace,873,1,0,.3888889,0,.22222222,12.705882,21.241831,4.9084969,7.5424838,2017,.96781319,.52882713,.72330362,.6276294,.92633367,.5333944,.73710346,.59091496,.88439155,.44074073,.6695106,.58981484
2872303,west-ham-united,379,2,newcastle-united,762,3,1.6111112,2.3888888,.77777779,.72222221,17.797386,3.3660131,6.7777777,.8888889,2017,1.0524091,.78395128,1.1050525,.61801845,1.0537651,.63982654,1.0231401,.61496407,.89907408,.45925927,1.4537038,.9074074
2872304,fc-everton,29,0,fc-chelsea,631,0,.22222222,19.5,.055555556,15.277778,7.1633987,15.607843,3.2941177,10.124183,2017,.74753147,.56576377,1.108427,1.0550251,.80224496,.64770383,1.1065036,1.0830821,.82671958,.70555556,1.5271164,1.1935185
2872305,afc-bournemouth,989,3,west-ham-united,379,3,36.111111,1.6111112,11.277778,.77777779,14.411765,17.346405,4.5947714,6.653595,2017,.90884286,.61873138,1.0129162,.72984815,1.125018,.69469744,1.0061461,.59815985,1.6287037,.8740741,.9222222,.41296297
2872306,fc-chelsea,631,2,brighton-amp-hove-albion,1237,0,17.222221,.6111111,13.444445,.27777779,16.90196,0,11.222222,0,2017,1.1104765,.97106522,1.353582,.99998885,1.1152338,1.0189794,1.3508582,1.163478,1.5324074,1.0935185,2.0436509,1.3064815
2872307,crystal-palace,873,2,fc-arsenal,11,3,.3888889,74.166664,.22222222,42.5,21.137255,24.366013,7.4052286,14.490196,2017,.90969652,.68318498,1.0361295,.78172147,.93617755,.64091498,1.0996745,.72840369,.90562171,.62685186,1.5606482,1.05
2872308,huddersfield-town,1110,1,stoke-city,512,1,0,50.222221,0,17.055555,0,16.300653,0,5.2483659,2017,.95274389,.69962847,.83531338,.5469557,.94287753,.71820647,.74932891,.4591276,.91289681,.71018517,.53386241,.41944444
2872309,fc-liverpool,31,5,swansea-city,2288,0,32.611111,0,17.777779,0,16.784313,16.954248,8.986928,6.0849671,2017,1.393147,1.122656,1.0390351,.53509521,1.4117235,1.0706149,.99012899,.51386684,1.800926,1.337963,1.0050265,.46296296
2872310,manchester-united,985,2,fc-burnley,1132,2,25.944445,21.722221,12.611111,5.5,15.810457,7.6274509,7.6732025,2.006536,2017,1.2904568,.96345603,1.0325873,.60458636,1.2255666,.88467783,1.0035753,.68485373,1.1128306,.73240739,.80370373,.46296296
2872311,newcastle-united,762,0,manchester-city,281,1,2.7777777,13.611111,.8888889,8,2.8169935,8.2418299,.751634,4.8758168,2017,1.1654469,.70532006,1.4798352,1.060698,1.110177,.73983175,1.5144161,1.0507495,1.5277778,1.037037,1.4247354,1.0962963
2872312,tottenham-hotspur,148,5,fc-southampton,180,2,69.166664,0,39.777779,0,33.183006,19.666666,19.627451,7.1568627,2017,1.1368567,.8805235,.74947852,.62683505,1.2471231,.86590475,.69605929,.60238379,1.4,.89898992,.44563493,.24537037
2872313,fc-watford,1010,2,leicester-city,1003,1,0,0,0,0,7.3267975,25.986929,2.2287581,11.581699,2017,1.0413314,.7445696,.94334626,.60506123,.8574571,.58687896,.95500064,.64109176,.70490193,.47450981,.67574954,.51111114
2872314,west-bromwich-albion,984,0,fc-everton,29,0,0,.22222222,0,.055555556,25.09804,6.5816994,7.1437907,2.9738562,2017,.75551486,.57613993,.81107545,.57270819,.64359057,.51886785,.85162771,.64075941,.77499998,.49907407,.86144179,.6722222
2872315,afc-bournemouth,989,2,fc-everton,29,1,39.277779,.22222222,12.222222,.055555556,20.535948,8.7777777,6.5228758,3.8431373,2017,.99265862,.7144872,.8166818,.71654725,1.2130411,.82668394,.85024333,.74207705,1.8064815,1.212963,.64708996,.69444442
2872316,fc-chelsea,631,5,stoke-city,512,0,17.222221,43.777779,13.444445,15,17.019608,11.555555,11.274509,3.7973857,2017,1.1370466,.9790017,.87629902,.5181058,1.1448634,1.0275265,.79161286,.43818742,1.5641534,1.0935185,.6070106,.3824074
2872317,crystal-palace,873,0,manchester-city,281,0,.3888889,13,.22222222,7.8333335,23.555555,7.9019608,7.6209149,4.5686274,2017,.84077615,.61072958,1.4173352,1.0332289,.8533411,.55857986,1.4555537,1.016799,.86164021,.58981484,1.3279101,1.0037037
2872318,huddersfield-town,1110,0,fc-burnley,1132,0,0,21.722221,0,5.5,0,7.6274509,0,2.006536,2017,.97990435,.6485703,1.0325873,.60458636,.97653133,.63950276,1.0035753,.68485373,.93141532,.66851854,.80370373,.46296296
2872319,fc-liverpool,31,2,leicester-city,1003,1,32.611111,0,17.777779,0,16.013071,18.888889,8.6209154,8.1503267,2017,1.393147,1.122656,1.0505322,.65991437,1.4117235,1.0706149,1.1084709,.71199125,1.800926,1.337963,.87235451,.59722221
2872320,manchester-united,985,0,fc-southampton,180,0,26.166666,0,12.666667,0,21.352942,17.830065,10.503268,6.4771242,2017,1.0400727,.8668952,.74716365,.62760663,1.0015645,.83143711,.69972229,.6060468,.95410055,.71018517,.47341269,.27314815
2872321,newcastle-united,762,0,brighton-amp-hove-albion,1237,0,2.6111112,.6111111,.83333331,.27777779,1.9411764,0,.54248369,0,2017,1.1497774,.71609443,1.311254,.89813697,1.110177,.75173652,1.304562,1.089404,1.5648148,1.0925926,1.9325397,1.1675926
2872322,tottenham-hotspur,148,1,west-ham-united,379,1,67.944443,1.6111112,39.333332,.77777779,30.549019,11.836601,18.522877,4.3986926,2017,1.156698,.84965926,.83905202,.57841516,1.2534362,.81438965,.92710161,.50981611,1.3907408,.82676768,.96620369,.41574073
2872323,fc-watford,1010,1,swansea-city,2288,2,0,0,0,0,6.8169932,13.666667,2.006536,5.2026143,2017,1.0413314,.7445696,1.0417511,.5465039,.8574571,.58687896,.99993294,.5699566,.70490193,.47450981,.97328043,.45555556
2872324,west-bromwich-albion,984,1,fc-arsenal,11,1,0,77,0,43.555557,21.156862,26.104576,6.0326796,14.980392,2017,.63236672,.54406917,.95553565,.60464853,.54405355,.49128434,1.0137295,.553536,.71944445,.51759261,1.3273149,.79814816
2872325,fc-arsenal,11,2,fc-chelsea,631,2,70.166664,19.333334,39.722221,15.111111,26.555555,17.535948,15.287581,11.973856,2017,1.0264277,.77856487,1.1370466,.9790017,1.0811491,.70878291,1.1448634,1.0275265,1.4680556,.93888891,1.5641534,1.0935185
2872326,brighton-amp-hove-albion,1237,2,afc-bournemouth,989,2,.6111111,39.277779,.27777779,12.5,0,16.150328,0,5.1830068,2017,1.2364322,.96295184,.89406955,.628061,1.3331815,1.1374097,1.0615962,.72251731,1.7992064,1.1953703,.86203706,.89351851
2872327,fc-burnley,1132,1,fc-liverpool,31,2,20.166666,30.666666,4.8888888,16.722221,7.0326796,13.993464,1.751634,7.7581701,2017,1.0229071,.56951344,1.3969402,1.0406872,1.0048099,.69349569,1.3107344,.9732604,.77592593,.4074074,1.5046296,1.0787038
2872328,fc-everton,29,0,manchester-united,985,2,.22222222,27.055555,.055555556,13,7.3986926,21.581699,3.2352941,10.48366,2017,.84431106,.7957139,.80944109,.73893642,.86371136,.80735481,.756998,.71060884,.69338626,.78703701,.61521167,.61296296
2872329,leicester-city,1003,3,huddersfield-town,1110,0,0,0,0,0,16.816994,0,7.6666665,0,2017,.97664553,.57214457,.95274389,.69962847,.98053098,.61245191,.94287753,.71820647,.73752207,.58055556,.91289681,.71018517
2872330,manchester-city,281,3,fc-watford,1010,1,15.166667,0,8.8888893,0,11.457517,7.1045752,6.7058825,2.1241829,2017,1.2017417,1.0714331,.89322215,.66827726,1.2375642,1.0282598,.72376722,.55011427,1.1019841,1.0175925,.62647057,.47450981
2872331,fc-southampton,180,1,crystal-palace,873,2,0,.3888889,0,.22222222,23.222221,22.150328,8.4575167,7.5751634,2017,.70720726,.64229602,.82991129,.65330857,.66695875,.64516878,.82894653,.55754769,.44920635,.33333334,.83154762,.59907407
2872332,stoke-city,512,0,newcastle-united,762,1,53.222221,2.6111112,18.055555,.83333331,14.405229,2.1895425,4.7254901,.59477127,2017,.80969483,.51219785,1.1249236,.71239078,.71101725,.41150856,1.093083,.75173652,.54565829,.40490195,1.5462962,1.0925926
2872333,swansea-city,2288,0,tottenham-hotspur,148,2,0,62.944443,0,36.444443,14.947712,23.784313,5.4248366,14.581699,2017,.89093423,.53845656,1.1507721,.81342739,.84248483,.53523439,1.244177,.79418761,.76772487,.43703705,1.4046296,.79898989
2872334,west-ham-united,379,2,west-bromwich-albion,984,1,1.6111112,0,.77777779,0,16.457516,22.522877,6.2156863,6.3202615,2017,.89635849,.78308886,.67681116,.45029816,.98257697,.64253217,.57028812,.38124159,.97777778,.48240742,.79814816,.40648147
2872335,afc-bournemouth,989,2,fc-arsenal,11,1,41,64.722221,12.944445,36.277779,19.934641,18.457516,6.4444447,10.437908,2017,.91567445,.68460858,.98424953,.53720593,1.0924603,.8127951,1.0215337,.48903659,.91759259,1.1018518,1.1236111,.58240741
2872336,fc-chelsea,631,0,leicester-city,1003,0,19.666666,0,15.388889,0,20.130718,15.222222,13.535948,6.9215684,2017,1.1182309,.92804551,.96999186,.62313849,1.1459266,.98892617,1.0378301,.67391819,1.5623016,1.0824074,.7882275,.59166664
2872337,crystal-palace,873,1,fc-burnley,1132,0,.3888889,19.055555,.22222222,4.7222223,18.967319,5.8888888,6.2941175,1.4771242,2017,.82687634,.58550322,1.0024278,.56051874,.82894653,.49189115,.98819071,.67652041,.8246032,.50648147,.75740743,.3888889
2872338,huddersfield-town,1110,1,west-ham-united,379,4,0,1.7058823,0,.82352942,0,16.477942,0,6.1176472,2017,1.2243837,.77425569,.81930774,.76900697,1.2224953,.78091693,.88550156,.64917845,1.253373,.90185183,.85392159,.46470588
2872339,fc-liverpool,31,4,manchester-city,281,3,29.722221,14.722222,16.166666,8.9444447,13.633986,9.3529415,7.2941175,5.4967322,2017,1.4425751,1.0758724,1.1430997,1.0553837,1.3767066,1.0058,1.208629,1.0436918,1.6157408,1.1898148,1.1035714,1.0824074
2872340,manchester-united,985,3,stoke-city,512,0,23.833334,0,11.777778,0,19.450981,8.2941179,9.8300657,2.7254901,2017,.94092435,.71397007,.70324385,.47306269,.92419374,.63856977,.63663048,.41150856,.94391537,.73518521,.5280112,.40490195
2872341,newcastle-united,762,1,swansea-city,2288,1,2.2222223,0,.66666669,0,2.5816994,11.09804,.71895427,4.1437907,2017,1.1249236,.71239078,1.0682997,.58551991,1.093083,.75173652,.94367528,.58538866,1.5462962,1.0925926,.74642855,.42962962
2872342,tottenham-hotspur,148,4,fc-everton,29,0,66.166664,.22222222,38.277779,.055555556,28.464052,8.3660135,17.274509,3.6209149,2017,1.1628709,.84618706,1.0339638,.77240044,1.2600501,.81011611,1.0236729,.73281783,1.4074074,.81565654,.80747354,.67777777
2872343,fc-watford,1010,2,fc-southampton,180,2,0,0,0,0,7.3986926,16.954248,2.3267975,6.352941,2017,1.3579723,.8972801,.69283921,.60590351,1.1350545,.75552797,.62452585,.59179318,.75196081,.53333336,.43531746,.32407406
2872344,west-bromwich-albion,984,2,brighton-amp-hove-albion,1237,0,0,.6111111,0,.27777779,25.09804,0,7.1437907,0,2017,.75551486,.57613993,1.311254,.89813697,.64359057,.51886785,1.304562,1.089404,.77499998,.49907407,1.9325397,1.1675926
2872345,fc-arsenal,11,4,crystal-palace,873,1,65.777779,.3888889,37.722221,.22222222,19.967319,26.398693,11.620915,8.8692808,2017,.91173708,.60043979,.81332517,.63743556,.96362263,.58034712,.82552773,.53748596,1.1697751,.76574075,.8246032,.59907407
2872346,brighton-amp-hove-albion,1237,0,fc-chelsea,631,4,.6111111,13.833333,.27777779,10.777778,0,6.2352943,0,4.5424838,2017,1.2200172,.86291003,.81700933,.63131249,1.1867168,1.0173922,.92605287,.79371017,1.6380953,1.0564815,1.1030424,.83518517
2872347,fc-burnley,1132,0,manchester-united,985,1,20.166666,26.888889,4.8888888,13.111111,6.8888888,27.535948,1.6928104,14.143791,2017,.95068491,.53776741,.94457936,.74272251,.93993032,.65645868,.92419374,.66770726,.66481483,.35185185,.93465608,.73518521
2872348,fc-everton,29,1,west-bromwich-albion,984,1,.22222222,0,.055555556,0,5.7385621,20.993464,2.4117646,5.9477124,2017,1.0791911,.87162799,.75181115,.57613993,1.0644116,.83929926,.64359057,.51886785,1.0116402,.84074074,.77499998,.49907407
2872349,leicester-city,1003,2,fc-watford,1010,0,0,0,0,0,13.90196,4.2418299,6.3137255,1.3202615,2017,.819839,.56811202,1.4001549,.83588612,.8733077,.62629914,1.1933581,.72505695,.68267196,.53333336,.84215689,.43529412
2872350,manchester-city,281,3,newcastle-united,762,1,13.166667,2.2222223,7.6666665,.66666669,7.7647057,2.5816994,4.4444447,.71895427,2017,1.1187941,1.0423118,1.1249236,.71239078,1.1885232,1.0386413,1.093083,.75173652,1.085053,1.0824074,1.5462962,1.0925926
2872351,fc-southampton,180,1,tottenham-hotspur,148,1,0,55.222221,0,31.722221,14.529411,16.313726,4.993464,10.071896,2017,.64238167,.59559649,1.0362042,.65536582,.60365742,.56833637,1.1415315,.62635541,.44087303,.2888889,1.2962962,.57121211
2872352,stoke-city,512,2,huddersfield-town,1110,0,.8888889,0,.16666667,0,20.751635,0,6.7320261,0,2017,.70520461,.49751922,1.1858034,.80467898,.59673148,.38928634,1.2029084,.81486756,.53291315,.44411764,1.2943783,.99629629
2872353,swansea-city,2288,1,fc-liverpool,31,0,0,26.888889,0,14.722222,13.882353,11.071896,5.2352943,6.0326796,2017,1.0647722,.57934707,1.4685892,1.0907083,.94177598,.57921582,1.4080558,1.0249799,.74642855,.41851851,1.6104498,1.1712962
2872354,west-ham-united,379,1,afc-bournemouth,989,1,1.6111112,39.388889,.77777779,12.166667,14.477124,16.156862,5.4967322,5.1241832,2017,.71571255,.70763612,.81798893,.66497672,.75613028,.57081497,.99291658,.72188103,.75787038,.40000001,1.8441176,1.0490196
2872355,huddersfield-town,1110,0,fc-liverpool,31,3,0,27.222221,0,14.722222,0,12.69281,0,6.7189541,2017,.9430669,.71049911,1.4209702,1.0736517,.98413718,.75715148,1.361963,1.0298201,.97030425,.8435185,1.5132275,1.1712962
2872356,swansea-city,2288,3,fc-arsenal,11,1,0,74.722221,0,43.166668,17.69281,24.045752,6.4313726,14.215686,2017,1.1639346,.60523993,1.2458779,.8545748,1.0524292,.56618673,1.2636895,.80895185,.93531746,.37222221,1.4430555,.8435185
2872357,west-ham-united,379,1,crystal-palace,873,1,1.6111112,.3888889,.77777779,.22222222,10.352942,22.169935,4.0718956,7.6209149,2017,.58172059,.55479687,.80378264,.61313003,.608015,.47290966,.82076579,.51896745,.57731479,.39722222,.84312171,.59907407
2872358,fc-chelsea,631,0,afc-bournemouth,989,3,13.944445,40.888889,11,12.722222,10.300653,18.411764,6.647059,6.026144,2017,.93791264,.97048408,.93628097,.75962186,.966681,1.0703155,1.0931116,.79950142,1.2863756,1.2259259,1.7787037,.99074072
2872359,fc-everton,29,2,leicester-city,1003,1,.22222222,0,.055555556,0,6.5098038,10.248366,2.8300653,4.5882354,2017,1.1006436,.83192939,.79711175,.50175399,1.0918828,.82541037,.82145584,.56605387,1.076455,.82222223,.66044974,.51111114
2872360,manchester-city,281,3,west-bromwich-albion,984,0,13.388889,0,7.8888888,0,10.732026,20.921568,6.4444447,5.9411764,2017,1.1488143,1.0334772,.80314052,.5616731,1.1997335,1.0165615,.69361234,.48994124,1.0460317,.9990741,.81203705,.51481479
2872361,newcastle-united,762,1,fc-burnley,1132,1,2.6111112,17.888889,.83333331,4.3333335,1.5620915,4.993464,.4379085,1.1764706,2017,1.1405181,.73259276,.98783422,.58156735,1.1116016,.77193856,.98773259,.62903005,1.5462962,1.0925926,.66111112,.34074074
2872362,fc-southampton,180,1,brighton-amp-hove-albion,1237,1,0,.6111111,0,.27777779,21.130718,.098039217,8.013072,.019607844,2017,.77350694,.59972161,1.1493822,.81652379,.69498444,.58808702,1.1054878,.9991262,.46309525,.31388888,1.7442681,1.075
2872363,stoke-city,512,0,fc-watford,1010,0,0,0,0,0,21.006536,5.0326796,6.9150329,1.4183006,2017,.80445242,.5358718,1.306815,.89707041,.71388519,.42641154,1.0764984,.83456838,.58888888,.41944444,.85784316,.58823532
2872364,tottenham-hotspur,148,2,manchester-united,985,0,70.833336,26.833334,40.666668,13.111111,32.130718,30.712418,19.372549,15.960784,2017,1.1616631,.85632819,1.1624538,.92790771,1.2790637,.86196798,1.1575271,.84292096,1.462963,.89898992,1.4346561,1.0685185
2872365,afc-bournemouth,989,2,stoke-city,512,1,40.888889,0,12.722222,0,18.411764,16.973856,6.026144,5.5620914,2017,.93628097,.75962186,.98037833,.62052792,1.0931116,.79950142,.8780266,.49254912,1.7787037,.99074072,.62129629,.39166668
2872366,fc-arsenal,11,5,fc-everton,29,1,71.444443,.22222222,40.888889,.055555556,18.320261,4.1568627,10.784314,1.8431373,2017,1.2263817,.86440313,1.0601878,.78519219,1.3560016,.83889413,1.024206,.76368201,1.4430555,.76018518,.98386246,.72962964
2872367,brighton-amp-hove-albion,1237,3,west-ham-united,379,1,.6111111,1.6111112,.27777779,.77777779,.098039217,14.196078,.019607844,5.1895423,2017,1.1736878,.85356081,.72527152,.67591935,1.1332656,1.0199596,.74282563,.56899554,1.7442681,1.075,.7814815,.50370371
2872368,fc-burnley,1132,1,manchester-city,281,1,18.277779,13.176471,4.5,7.7647057,5.2091503,5.9191175,1.2875817,3.4044118,2017,.9378342,.53527105,1.1174611,.92060047,.93510103,.58001041,1.1694658,.92251313,.64999998,.2962963,1.0134454,.89607841
2872369,crystal-palace,873,1,newcastle-united,762,1,.3888889,2.2222223,.22222222,.66666669,15.444445,1.2026144,5.2091503,.32026145,2017,.7508415,.51882803,1.0254854,.68814832,.78818035,.48887485,1.056046,.74713695,.88280421,.63611114,1.4907408,1.1018518
2872370,leicester-city,1003,1,swansea-city,2288,1,0,0,0,0,11.405229,17.69281,4.993464,6.4313726,2017,.77828455,.49480954,1.1639346,.60523993,.79858005,.55864644,1.0524292,.56618673,.64656085,.49722221,.93531746,.37222221
2872371,fc-liverpool,31,2,tottenham-hotspur,148,2,30.5,67.944443,16.5,39.333332,16.444445,29.156862,8.7581701,17.882353,2017,1.4409196,1.0890838,1.156698,.84965926,1.3708014,1.050022,1.2534362,.81438965,1.5021164,1.1712962,1.3907408,.82676768
2872372,manchester-united,985,2,huddersfield-town,1110,0,24.555555,0,12,0,25.40523,0,13.379085,0,2017,1.0946628,.83479822,.97243202,.6911869,1.10712,.75944889,1.0049706,.70931196,1.4587301,.94629627,1.0258598,.8435185
2872373,fc-watford,1010,4,fc-chelsea,631,1,0,15.944445,0,12.5,3.7516339,13.980392,1.1830065,8.7058821,2017,1.2768172,.90504283,1.1109241,1.0628374,1.0572406,.85026735,1.0978469,1.0430295,.84215689,.60784316,1.5527778,1.1935185
2872374,west-bromwich-albion,984,2,fc-southampton,180,3,0,0,0,0,19.156862,23.294117,5.359477,8.666667,2017,.7670294,.55241382,.8352716,.665308,.67625123,.48597297,.77882278,.633766,.81203705,.51481479,.55198413,.32777777
2872375,fc-chelsea,631,3,west-bromwich-albion,984,0,17.444445,0,13.611111,0,13.79085,21.477123,9.0065355,6.0718956,2017,1.1233046,.97707921,.80925167,.56615913,1.1231806,.98014796,.69658852,.49470314,1.5845238,1.0824074,.89537036,.55925924
2872376,fc-everton,29,3,crystal-palace,873,1,.22222222,0,.055555556,0,4.0588236,11.542483,1.7908497,3.856209,2017,1.0935211,.8234638,.69525194,.47838998,1.0575393,.81923753,.69417679,.41171438,1.0579365,.80370373,.68373019,.40000001
2872377,huddersfield-town,1110,4,afc-bournemouth,989,1,0,41.5,0,12.888889,0,19.568628,0,6.2156863,2017,1.1135694,.71675086,.85984671,.68786263,1.1733502,.73867708,1.0250561,.75585061,1.3198413,.90370369,1.7972223,1.212963
2872378,manchester-city,281,5,leicester-city,1003,1,13.444445,0,8,0,6.6797385,10.235294,3.8431373,4.6601305,2017,1.195545,.90001154,.78575051,.56463981,1.2767812,.93329942,.85645044,.60915148,1.1791887,.9074074,.71005291,.55277777
2872379,newcastle-united,762,1,manchester-united,985,0,2.2222223,23.611111,.66666669,11.611111,1.2026144,25.921568,.32026145,13.653595,2017,1.1470541,.72518539,1.0241679,.79519165,1.1368542,.77105671,1.0286887,.71399432,1.5185186,1.0833334,1.3568783,.86851853
2872380,fc-southampton,180,0,fc-liverpool,31,2,0,31.444445,0,16.944445,23.294117,15.843137,8.666667,8.2679739,2017,.8352716,.665308,1.4903023,1.1119274,.77882278,.633766,1.4142487,1.0428672,.55198413,.32777777,1.6224868,1.1898148
2872381,stoke-city,512,1,brighton-amp-hove-albion,1237,1,0,.6111111,0,.27777779,15.725491,.098039217,5.2156863,.019607844,2017,1.0151089,.67675066,1.1253339,.84562427,.85462594,.54109007,1.1390932,1.0319966,.51944447,.41944444,1.4850088,.9546296
2872382,swansea-city,2288,1,fc-burnley,1132,0,0,18.333334,0,4.5555553,15.660131,6.1633987,5.7320261,1.5359477,2017,1.059889,.58067822,.95664024,.57508212,1.0822132,.58246058,.94667506,.61969298,.96970898,.41851851,.66666669,.32407406
2872383,tottenham-hotspur,148,1,fc-arsenal,11,0,70.777779,62,40.611111,35.777779,37.712418,16.816994,22.640522,9.9477119,2017,1.1520859,.95156628,1.2127132,.84244442,1.2708282,.90812182,1.3490571,.82668412,1.3333334,.98047137,1.4541667,.76018518
2872384,west-ham-united,379,2,fc-watford,1010,0,3.3888888,0,1.6666666,0,13.986928,3.7516339,5.4313726,1.1830065,2017,.82133633,.8215543,1.2768172,.90504283,.84203196,.66927719,1.0572406,.85026735,.83703703,.51759261,.84215689,.60784316
2872385,afc-bournemouth,989,2,newcastle-united,762,2,40.666668,2.2222223,12.611111,.66666669,16.647058,1.2026144,5.4052286,.32026145,2017,1.0362059,.74513596,1.081041,.65674734,1.2384039,.78690475,1.0734072,.68860525,2.0564816,1.0833334,1.449074,.97222221
2872386,fc-arsenal,11,0,manchester-city,281,3,60.833332,12.944445,34.944443,7.8333335,16.071896,8.1633987,9.7189541,5.019608,2017,1.2980222,.8617214,1.5060791,1.0863652,1.4068854,.87637144,1.5502626,1.0434778,1.5722222,.85000002,1.4316138,1.012037
2872387,brighton-amp-hove-albion,1237,4,swansea-city,2288,1,.6111111,0,.27777779,0,.098039217,15.660131,.019607844,5.7320261,2017,1.1253339,.84562427,1.059889,.58067822,1.1390932,1.0319966,1.0822132,.58246058,1.4850088,.9546296,.96970898,.41851851
2872388,fc-burnley,1132,1,fc-southampton,180,1,19.055555,0,4.8333335,0,5.8692808,10.267974,1.4836601,3.5424836,2017,.90331072,.5886963,.76450473,.61973864,.89700747,.57586581,.7370469,.62991804,.96481484,.39351851,.5575397,.31851852
2872389,crystal-palace,873,0,tottenham-hotspur,148,1,0,65.444443,0,37.555557,6.4052286,31.862745,2.2287581,19.117647,2017,.67521399,.48514253,1.1312525,.94098425,.68776709,.41178977,1.26686,.90812182,.68586308,.38749999,1.3333334,.98047137
2872390,leicester-city,1003,1,stoke-city,512,1,0,0,0,0,11.392157,12.673203,5.1111112,4.3660131,2017,.80474484,.57698548,.97543353,.60191405,.87629169,.62430298,.79442871,.45467034,.72592592,.56388891,.5925926,.32685184
2872391,fc-liverpool,31,4,west-ham-united,379,1,31.888889,3.3888888,17,1.6666666,17.294117,18.836601,8.8300657,7.2679739,2017,1.235938,1.0496639,.88813442,.8803947,1.1802419,.98983687,.91974127,.71690083,1.4761904,1.1342592,.9990741,.51296294
2872392,manchester-united,985,2,fc-chelsea,631,1,22,19.333334,10.833333,15.111111,19.777779,15.137255,10.581699,10.065359,2017,1.07601,.83171183,1.1649714,1.012167,1.1026558,.75944889,1.1787362,1.0357035,1.4494709,.94629627,1.6678572,1.1240741
2872393,fc-watford,1010,1,fc-everton,29,0,0,.22222222,0,.055555556,6.3856211,4.2810459,2.0261438,1.9019607,2017,1.4484558,.97401631,1.0580511,.81195843,1.2131803,.86224216,1.0192678,.77602768,.93039215,.64705884,.94682539,.72962964
2872394,west-bromwich-albion,984,1,huddersfield-town,1110,2,0,0,0,0,23.281046,0,6.5294118,0,2017,.70806116,.53176761,1.0716059,.69819754,.61539191,.47846383,1.0501306,.67597866,.81203705,.53611112,1.2388227,.89907408
2872395,brighton-amp-hove-albion,1237,2,fc-arsenal,11,1,.6111111,49.555557,.27777779,28.611111,.098039217,13.732026,.019607844,8.2549019,2017,1.1253339,.84562427,1.2467798,.81042165,1.1390932,1.0319966,1.3525925,.8229804,1.4850088,.9546296,1.5277778,.79444444
2872396,fc-burnley,1132,2,fc-everton,29,1,19.777779,.22222222,4.8888888,.055555556,6.7058825,7.5424838,1.6601307,3.3921568,2017,.91562134,.57635063,1.1249703,.9115029,.88851982,.55117446,1.0840826,.91491657,.96481484,.39351851,1.0579365,.87777776
2872397,crystal-palace,873,2,manchester-united,985,3,.44444445,21.888889,.22222222,10.722222,10.019608,20.300653,3.4836602,10.738562,2017,.6859293,.47740304,1.0141888,.78629738,.69651836,.41851923,1.0330906,.70290124,.67247897,.38431373,1.3859788,.85740739
2872398,leicester-city,1003,1,afc-bournemouth,989,1,0,36.444443,0,11.388889,12.084968,13.973856,5.3856211,4.5163398,2017,.82357198,.5839299,1.0023879,.69092828,.89916748,.63171041,1.2171335,.74495798,.73981482,.5777778,2.1382353,1.0882353
2872399,fc-liverpool,31,2,newcastle-united,762,0,31.888889,1.6666666,17,.5,17.392157,.88235295,8.9084969,.23529412,2017,1.235938,1.0496639,1.1168996,.6722753,1.1802419,.98983687,1.1171571,.70130366,1.4761904,1.1342592,1.4814814,.9537037
2872400,manchester-city,281,1,fc-chelsea,631,0,13.444445,15.444445,8.1111107,12.111111,9.1045752,11.888889,5.653595,7.4509802,2017,1.5060791,1.0863652,1.1479778,.95661134,1.5502626,1.0434778,1.1706554,.97397512,1.4316138,1.012037,1.6718254,1.1055555
2872401,fc-southampton,180,0,stoke-city,512,0,0,0,0,0,14.372549,16.156862,5.2483659,5.5686274,2017,.84339362,.66229874,.91685867,.60935456,.80163026,.66078222,.73536372,.44271746,.61309522,.36018518,.66666669,.41666666
2872402,swansea-city,2288,4,west-ham-united,379,1,0,3.3888888,0,1.6666666,15.052288,9.5294113,5.5098038,3.6274509,2017,.9981606,.52859491,.92548007,.96804899,1.0266576,.56162727,.9607389,.81139278,.91415346,.40000001,1.0129629,.6240741
2872403,tottenham-hotspur,148,2,huddersfield-town,1110,0,70.777779,0,40.611111,0,39.104576,0,23.281046,0,2017,1.1520859,.95156628,.87392074,.65798587,1.2708282,.90812182,.87409443,.67134905,1.3333334,.98047137,1.0073413,.80185187
2872404,fc-watford,1010,1,west-bromwich-albion,984,0,0,0,0,0,7.4313726,24.61438,2.3856208,6.9019608,2017,1.349403,.93287486,.68518537,.49908787,1.1501551,.81991976,.60304624,.47229099,.92254901,.67058825,.77499998,.51759261
2872405,afc-bournemouth,989,1,tottenham-hotspur,148,4,41.5,65.555557,12.888889,37.555557,19.875816,32.712418,6.2810459,19.529411,2017,1.0654023,.74015021,1.2752221,.98516417,1.2725309,.79473954,1.3852971,.93696797,2.075,1.25,1.5925926,.96565658
2872406,fc-arsenal,11,3,fc-watford,1010,0,36.666668,0,21.111111,0,8.5882349,3.5947711,5.1111112,1.1111112,2017,1.4140264,1.0235049,1.4134046,.93472856,1.5213755,1.0273455,1.2254351,.80382997,1.7156085,.97037035,.93431371,.67058825
2872407,fc-chelsea,631,2,crystal-palace,873,1,19.333334,.44444445,15.111111,.22222222,15.366014,10.156863,10.320261,3.5555556,2017,1.1174159,.95007539,.72760314,.52463156,1.1559347,.98916668,.77399266,.50357991,1.6734127,1.1240741,.86365545,.61470586
2872408,fc-everton,29,2,brighton-amp-hove-albion,1237,0,.22222222,.6111111,.055555556,.27777779,7.7385621,.098039217,3.2156863,.019607844,2017,1.2108908,.96103996,1.0962334,.88266134,1.2124814,.98425078,1.0980879,1.0412558,1.3357143,1.0074074,1.5405644,1.0101852
2872409,huddersfield-town,1110,0,swansea-city,2288,0,0,0,0,0,0,12.130719,0,4.653595,2017,1.1946924,.86259145,1.0043335,.53476775,1.233001,.90283048,1.0328305,.5678001,1.3110449,1.0157408,.92526454,.41111112
2872410,manchester-united,985,2,fc-liverpool,31,1,23,30.388889,11.111111,16.333334,22.732027,14.666667,11.653595,7.647059,2017,.97219145,.71222329,1.3723136,1.125735,.97012764,.6017108,1.3607975,1.0807459,1.3137566,.81018519,1.5873016,1.300926
2872411,newcastle-united,762,3,fc-southampton,180,0,2.2222223,0,.66666669,0,1.2026144,13.575164,.32026145,4.986928,2017,1.1514114,.71777797,.84339362,.66229874,1.1463238,.76797032,.80163026,.66078222,1.537037,1.0648148,.61309522,.36018518
2872412,stoke-city,512,0,manchester-city,281,2,0,14.944445,0,8.833333,10.980392,7.1372547,3.4640522,4.2222223,2017,.87171978,.62655032,1.2177663,1.0974101,.74880582,.49911478,1.2354478,1.0809015,.66666669,.42407408,1.1353174,1.0787038
2872413,west-bromwich-albion,984,1,leicester-city,1003,4,0,0,0,0,23.183006,13.137255,6.7058825,5.5163398,2017,.74004644,.5455398,.82406849,.57020634,.63984281,.5119735,.87397689,.61817026,.71944445,.48055556,.69021165,.51944447
2872414,west-ham-united,379,0,fc-burnley,1132,3,3.3888888,19.777779,1.6666666,4.8888888,13.934641,6.7058825,5.4771242,1.6601307,2017,.89507884,.9148277,.91562134,.57635063,.9316985,.76593822,.88851982,.55117446,1.0129629,.58240741,.96481484,.39351851
2872415,afc-bournemouth,989,2,west-bromwich-albion,984,1,38.611111,0,11.944445,0,19.091503,21,6.0457516,5.980392,2017,1.0676068,.77291369,.72118682,.54009318,1.2741182,.80399877,.62396979,.522291,2.0564816,1.0833334,.73333335,.51759261
2872416,fc-burnley,1132,1,fc-chelsea,631,2,20,17.444445,5.0555553,13.611111,7.2222223,13.568627,1.9607843,8.8692808,2017,1.0652893,.61312312,1.1721298,.98443216,1.0135198,.61460036,1.2253791,1.0694137,1.0759259,.4074074,1.6845238,1.2490741
2872417,huddersfield-town,1110,0,crystal-palace,873,2,0,.44444445,0,.22222222,0,10.633986,0,3.6797385,2017,1.0467529,.80557072,.73441917,.53561103,1.0986315,.81843895,.76447278,.50342911,1.1406746,.91851854,.90007001,.6343137
2872418,leicester-city,1003,3,fc-arsenal,11,1,0,38.111111,0,21.5,6.0588236,6.2614379,2.359477,3.6013072,2017,.86482531,.50897568,1.3616941,.88162744,.9316709,.53722757,1.455664,.89449316,.88148147,.53095239,1.5378307,.79444444
2872419,fc-liverpool,31,5,fc-watford,1010,0,29.5,0,16.166666,0,15.477124,7.8823528,8.4379082,2.496732,2017,1.3145769,1.055519,1.3839928,.91886926,1.2197672,1.0169833,1.1928722,.7864846,1.4623016,1.1527778,.92254901,.67058825
2872420,manchester-city,281,3,brighton-amp-hove-albion,1237,1,6.8888888,.6111111,3.9444444,.27777779,1.8039216,.098039217,1.0849674,.019607844,2017,1.3298776,.97198087,1.1253339,.84562427,1.3111397,.95029169,1.1390932,1.0319966,1.2827601,.9074074,1.4850088,.9546296
2872421,stoke-city,512,1,fc-everton,29,2,0,.22222222,0,.055555556,11.359477,9.7712421,3.6993463,4.2745099,2017,.95293957,.63436502,1.1513592,.87631774,.87578994,.53800368,1.1208791,.84933013,.69999999,.42407408,1.2338624,.82222223
2872422,swansea-city,2288,0,fc-southampton,180,1,0,0,0,0,11.156863,15.882353,4.3267975,6.2941175,2017,.99597925,.53286141,1.0297984,.68478554,1.0233066,.56131864,.91595107,.67277718,.81415343,.37407407,.67896825,.36944443
2872423,tottenham-hotspur,148,1,newcastle-united,762,0,63.611111,2.2222223,36.722221,.66666669,28.359478,1.751634,17.228758,.46405229,2017,1.2339908,.91391414,1.1048392,.68814832,1.3500113,.90985709,1.088243,.74724722,1.5972222,.97121215,1.3796296,1
2872424,west-ham-united,379,0,manchester-united,985,0,1.7777778,24.222221,.8888889,11.055555,12.137255,27.183006,4.6339869,13.816994,2017,.7712574,.82046366,.86850566,.77114004,.82286733,.62689501,.86163014,.67204553,.81124341,.43888888,1.0846561,.8277778
2872425,fc-arsenal,11,3,stoke-city,512,0,70.333336,.27777779,40.444443,0,17.934641,18.392157,10.653595,6.1895423,2017,1.2695916,.89203238,.92062449,.5350014,1.4036868,.87430316,.82007992,.38973063,1.4986111,.81574076,.62352943,.28431374
2872426,brighton-amp-hove-albion,1237,0,leicester-city,1003,2,.6111111,0,.27777779,0,0,14.934641,0,6.8627453,2017,1.3004662,.89994711,.89121825,.57814288,1.2188791,1.068781,.95962501,.66281313,1.6455027,1.0472223,.76243389,.56388891
2872427,fc-chelsea,631,1,tottenham-hotspur,148,3,13.5,70.777779,10.5,40.611111,7.6797385,37.712418,4.7450981,22.640522,2017,1.1594768,1.0217481,1.1520859,.95156628,1.1747057,1.0535606,1.2708282,.90812182,1.5752646,.9685185,1.3333334,.98047137
2872428,crystal-palace,873,1,fc-liverpool,31,2,.44444445,34.166668,.22222222,18.388889,12.784314,19.333334,4.0784316,10.30719,2017,.70905268,.52045,1.3988173,1.1516099,.72065681,.46911538,1.2874681,1.0731702,.84859943,.6343137,1.5298942,1.2638888
2872429,fc-everton,29,1,manchester-city,281,3,.22222222,12.5,.055555556,7.3888888,6.2287583,4.5620914,2.6209149,2.6209149,2017,1.0676458,.86690414,1.2167276,1.0612991,.99148995,.78343511,1.2617018,1.0762719,1.002381,.69259262,1.1959877,1.0731481
2872430,manchester-united,985,2,swansea-city,2288,0,3.2222223,0,1.7222222,0,18.058823,15.372549,9.3137255,5.5620914,2017,1.1255471,.89119554,.9625265,.51894987,1.1547722,.82416195,.96717387,.49141121,1.4624338,1.0462962,.92526454,.30000001
2872431,newcastle-united,762,1,huddersfield-town,1110,0,2.2222223,0,.66666669,0,1.2026144,0,.32026145,0,2017,1.1160204,.70679915,1.0378641,.74765825,1.1613092,.7709465,1.0685389,.73047602,1.5907408,1.1712962,1.1240079,.89907408
2872432,west-ham-united,379,3,fc-southampton,180,0,1.7777778,0,.8888889,0,7.5816994,19.032681,2.8496733,7.013072,2017,.68122226,.82857573,1.0304105,.67969292,.72094935,.67365426,.94043899,.68111449,.65846562,.48055556,.63531744,.34166667
2872433,fc-watford,1010,2,afc-bournemouth,989,2,0,39.222221,0,12,7.026144,15.627451,2.0718954,4.9084969,2017,1.3687009,.86708444,1.0283862,.71675491,1.1755244,.72990197,1.208642,.75968659,.877451,.60784316,2.0564816,1.0277778
2872434,west-bromwich-albion,984,1,fc-burnley,1132,2,0,18.444445,0,4.4444447,23.496733,5.5816994,6.653595,1.2941177,2017,.70000017,.51099265,.83873641,.52388149,.62156481,.48744249,.79824203,.48172998,.7972222,.51759261,.94629627,.35648149
2872435,afc-bournemouth,989,2,crystal-palace,873,2,35.833332,.44444445,11.166667,.22222222,12.385621,7.8954248,4.0784316,2.6732025,2017,1.0001693,.67688721,.53530228,.47980103,1.2025911,.72990197,.55944782,.44218507,1.9127451,.70588237,.6828869,.63229167
2872436,fc-arsenal,11,3,fc-southampton,180,2,45.277779,0,26.5,0,9.4575167,20.738562,5.7908497,7.6339869,2017,1.2930784,.75333947,.96797663,.71288103,1.4670465,.74631172,.89220262,.73524553,1.7549603,.88333333,.590873,.33796296
2872437,brighton-amp-hove-albion,1237,1,huddersfield-town,1110,1,.6111111,0,.27777779,0,0,0,0,0,2017,1.1920006,.81833386,.94527149,.74224514,1.0885881,.99007738,.97131664,.78801566,1.4016755,.89907408,1.0073413,.88518518
2872438,fc-chelsea,631,1,west-ham-united,379,1,17.222221,3.3888888,13.444445,1.6666666,16.346405,7.9411764,10.745098,3.2745099,2017,1.1438073,.98008138,.69392067,.75810117,1.1487797,.9841162,.7222721,.61624688,1.6678572,1.0240741,.71402115,.47129631
2872439,fc-everton,29,0,fc-liverpool,31,0,.22222222,30.777779,.055555556,16.777779,8.4771242,16.424837,3.6339869,8.9281044,2017,1.0400165,.78773749,1.3293288,.92409086,.97802198,.71815729,1.251341,.88740379,.95608467,.60000002,1.2632275,.93055558
2872440,leicester-city,1003,1,newcastle-united,762,2,0,2.2222223,0,.66666669,10.686275,1.2026144,4.8627453,.32026145,2017,.86266887,.56532234,1.081041,.65674734,.93107563,.64999259,1.0734072,.68860525,.74021167,.55595237,1.449074,.97222221
2872441,manchester-city,281,2,manchester-united,985,3,14.777778,22.833334,9.1111107,11.166667,12.294118,18.973856,7.3398695,9.986928,2017,1.5266552,1.1792651,1.1472862,.89428198,1.5816118,1.1479179,1.1627088,.82416195,1.4435185,1.1564815,1.4716932,1.0462962
2872442,stoke-city,512,1,tottenham-hotspur,148,2,.27777779,67.277779,0,38.444443,17.699347,34.745098,6,20.575163,2017,.80991596,.50333935,1.2791903,.95862091,.70950991,.37826341,1.3892145,.94622725,.59803921,.32843137,1.6111112,.99898988
2872443,fc-watford,1010,1,fc-burnley,1132,2,0,18.666666,0,4.6111112,7.8888888,6.0784316,2.4771242,1.5882353,2017,1.3839928,.91886926,1.0261358,.56462222,1.1928722,.7864846,.95369077,.52200776,.92254901,.67058825,1.0574074,.37037036
2872444,west-bromwich-albion,984,1,swansea-city,2288,1,0,0,0,0,22.267973,12.771242,6.346405,4.6601305,2017,.69490761,.51101595,.9625265,.51894987,.61395895,.48141795,.96717387,.49141121,.71018517,.51018518,.92526454,.30000001
2872445,fc-burnley,1132,2,leicester-city,1003,1,20,0,5.0555553,0,7.2222223,12.130719,1.9607843,5.0784316,2017,1.0652893,.61312312,.87240911,.56333822,1.0135198,.61460036,.93795395,.65396088,1.0759259,.4074074,.79576719,.56706351
2872446,crystal-palace,873,3,brighton-amp-hove-albion,1237,2,.3888889,.6111111,.22222222,.27777779,17.09804,.098039217,5.6928105,.019607844,2017,.74925417,.52160579,1.2385818,.86043912,.7984978,.49058425,1.1326958,1.0102794,.88280421,.63611114,1.7257496,1.0240741
2872447,huddersfield-town,1110,1,fc-watford,1010,0,0,0,0,0,0,8.3660135,0,2.6274509,2017,.94527149,.74224514,1.4001693,.7973336,.97131664,.78801566,1.2210001,.6896143,1.0073413,.88518518,.87549019,.52941179
2872448,fc-liverpool,31,3,afc-bournemouth,989,0,28.222221,37.722221,15.5,11.722222,13.908497,14.320261,7.6339869,4.7712417,2017,1.4665329,1.1052145,.97600526,.66706014,1.4014282,1.0687089,1.1714947,.70644587,1.5048941,1.2175926,1.8064815,.66666669
2872449,manchester-united,985,0,west-bromwich-albion,984,1,22.444445,0,10.944445,0,19.751635,16.61438,10.627451,4.6666665,2017,1.1521363,.90012991,.75614053,.53495777,1.1592366,.82416195,.66491032,.49934727,1.4716932,1.0462962,.68611109,.48055556
2872450,newcastle-united,762,2,fc-arsenal,11,1,2.2222223,39.777779,.66666669,23,1.2026144,10.274509,.32026145,6.026144,2017,1.215326,.72531766,1.3286515,.71945721,1.2238092,.79574805,1.5006944,.71240115,1.5351852,1.1064814,1.6623677,.75370371
2872451,fc-southampton,180,2,fc-chelsea,631,3,0,19.333334,0,15.111111,18.477123,15.366014,7.3725491,10.320261,2017,.92300701,.61129755,1.1961197,1.0195198,.81947535,.61821342,1.2670457,1.1249691,.54087299,.3611111,1.7567461,1.2907407
2872452,swansea-city,2288,1,fc-everton,29,1,0,.22222222,0,.055555556,14.640523,8.3398695,5.2745099,3.5555556,2017,.94033086,.50351775,1.0423734,.87258595,.99116379,.52844822,.97693974,.80149066,.92526454,.41111112,.97460318,.72037035
2872453,tottenham-hotspur,148,1,manchester-city,281,3,66.111115,12,38.222221,7.3888888,32.294117,6.1699347,19.705883,3.6928105,2017,1.1891229,.92290664,1.3354912,1.1304115,1.3002895,.86526465,1.3510562,1.111783,1.3611112,.93047136,1.3080688,1.2046297
2872454,west-ham-united,379,1,stoke-city,512,1,3.3888888,.8888889,1.6666666,.16666667,10.764706,14.124183,4.346405,4.4901962,2017,.90022564,.8587659,.8278898,.49870968,.94879329,.67874688,.73223722,.39215228,.97791004,.49907407,.627451,.34313726
2872455,afc-bournemouth,989,0,manchester-united,985,2,38.166668,24,11.944445,11.611111,16.620914,21.856209,5.0588236,10.947712,2017,1.0545349,.70934534,1.0560077,.79378098,1.2541667,.77589029,1.0856687,.79774392,1.8620371,.8888889,1.3328042,1.0018518
2872456,fc-arsenal,11,4,west-ham-united,379,1,66.555557,3.3888888,38.055557,1.6666666,18.418301,10.764706,10.843137,4.346405,2017,1.067194,.5752002,.90022564,.8587659,1.2291335,.55785972,.94879329,.67874688,1.2253307,.55462962,.97791004,.49907407
2872457,brighton-amp-hove-albion,1237,1,tottenham-hotspur,148,1,.6111111,65.944443,.27777779,38,.098039217,32.222221,.019607844,19.490196,2017,1.2385818,.86043912,1.0912707,.83926064,1.1326958,1.0102794,1.1135734,.72863466,1.7257496,1.0240741,1.2361112,.72500002
2872458,fc-chelsea,631,1,huddersfield-town,1110,1,17.444445,0,13.555555,0,11.045752,0,7.346405,0,2017,1.2018917,1.0102606,.94527149,.74224514,1.2690299,1.1157099,.97131664,.78801566,1.7567461,1.2907407,1.0073413,.88518518
2872459,fc-everton,29,1,newcastle-united,762,0,.22222222,2.2222223,.055555556,.66666669,8.4771242,1.2026144,3.6339869,.32026145,2017,1.0400165,.78773749,1.1264371,.70944464,.97802198,.71815729,1.1682537,.78681952,.95608467,.60000002,1.4518518,1.087963
2872460,leicester-city,1003,0,fc-southampton,180,0,0,0,0,0,10.30719,23.967319,4.5424838,9.4836597,2017,.79843569,.53796428,.93093961,.69733149,.88239837,.6213268,.82638884,.67455459,.7814815,.56388891,.58055556,.35185185
2872461,manchester-city,281,5,swansea-city,2288,0,13.111111,0,8.0555553,0,7.5490198,15.313725,4.5555553,5.5294118,2017,1.3029515,1.0968089,1.0016174,.523359,1.3279082,1.0917213,1.0230265,.51171035,1.2509259,1.1564815,.95701057,.41851851
2872462,stoke-city,512,1,fc-burnley,1132,1,.27777779,20,0,5.0555553,18.222221,7.3660131,6.1960783,2.0196078,2017,.80991596,.50333935,.96806699,.61272627,.70950991,.37826341,.93523699,.62293369,.59803921,.32843137,1.0481482,.4212963
2872463,fc-watford,1010,0,crystal-palace,873,0,0,.3888889,0,.22222222,8.8235292,17.09804,2.7320261,5.6928105,2017,1.3916851,.84047085,.74925417,.52160579,1.1967237,.69696724,.7984978,.49058425,.90490198,.58823532,.88280421,.63611114
2872464,west-bromwich-albion,984,2,fc-liverpool,31,2,0,27.555555,0,15.055555,21,13.705882,5.980392,7.3921571,2017,.72118682,.54009318,1.3882501,1.0385478,.62396979,.522291,1.3231454,1.0020423,.73333335,.51759261,1.4160053,1.1342592
2872465,fc-burnley,1132,0,brighton-amp-hove-albion,1237,0,17.722221,.6111111,4.3888888,.27777779,5.9084969,.098039217,1.5424837,.019607844,2017,1.0810299,.59436411,1.0904336,.86969835,1.0536908,.62478554,1.0779821,.98990899,1.0481482,.35185185,1.5035273,.9685185
2872466,crystal-palace,873,5,leicester-city,1003,0,.3888889,0,.22222222,0,18.124184,9.039216,6.1699347,3.8758171,2017,.77036709,.54310054,.79843569,.53796428,.81487954,.51951945,.88239837,.6213268,.87863755,.625,.7814815,.56388891
2872467,huddersfield-town,1110,0,fc-everton,29,2,0,.22222222,0,.055555556,0,8.3398695,0,3.5555556,2017,.7962032,.64598954,1.0423734,.87258595,.84701109,.7267282,.97693974,.80149066,.79900795,.73703706,.97460318,.72037035
2872468,fc-liverpool,31,0,stoke-city,512,0,30.5,.8888889,16.5,.16666667,16.509804,19.758169,8.8039217,6.5816994,2017,1.2457421,.91244084,.85566759,.52926522,1.2129118,.90439916,.74719447,.40604118,1.0715609,.92592591,.61764705,.37549019
2872469,manchester-united,985,2,fc-arsenal,11,1,23.111111,35.166668,11.388889,20.666666,22.379086,7.0457516,11.888889,4.1895423,2017,1.2017394,.931319,1.2755638,.83084011,1.203681,.8479715,1.3736209,.857889,1.4994709,1.0685185,1.5257937,.80370373
2872470,newcastle-united,762,0,west-bromwich-albion,984,1,2.2222223,0,.66666669,0,1.2026144,18.758169,.32026145,5.4052286,2017,1.215326,.72531766,.84618682,.59564871,1.2238092,.79574805,.73080736,.55562431,1.5351852,1.1064814,.83055556,.55462962
2872471,fc-southampton,180,2,afc-bournemouth,989,1,0,39.333332,0,12.222222,20.718954,15.718954,8.1045752,5.2352943,2017,.89856529,.63957852,.9810558,.69231266,.80801457,.62926513,1.1784391,.74116808,.60753965,.35185185,1.8064815,.66666669
2872472,swansea-city,2288,0,fc-chelsea,631,1,0,17.444445,0,13.611111,19.90196,13.568627,6.7516341,8.8692808,2017,.75891572,.45231691,1.1721298,.98443216,.77143919,.43238938,1.2253791,1.0694137,.49867725,.30740741,1.6845238,1.2490741
2872473,tottenham-hotspur,148,2,fc-watford,1010,0,69.888885,0,40.5,0,36.888889,7.2026143,22.555555,2.0653596,2017,1.1510571,.91020823,1.3445821,.90789247,1.2653892,.85256624,1.1287202,.83711874,1.2962962,.89713806,.7911765,.47058824
2872474,west-ham-united,379,1,manchester-city,281,4,3.3888888,12.611111,1.6666666,7.5555553,10.058824,5.4183006,3.8169935,3.0457516,2017,.90022564,.8587659,1.3678149,1.0325233,.94879329,.67874688,1.3854783,1.0350974,.97791004,.49907407,1.3108025,1.037037
2872475,afc-bournemouth,989,1,swansea-city,2288,0,37.555557,0,11.555555,0,15.163399,12.039216,4.7385621,4.5620914,2017,.9810558,.69231266,1.0072227,.53656512,1.1784391,.74116808,1.025206,.56131864,1.8064815,.66666669,.81693119,.37407407
2872476,fc-arsenal,11,5,fc-burnley,1132,0,56.111111,20,31.888889,5.0555553,15.274509,7.2222223,8.7385616,1.9607843,2017,1.1449471,.70146424,.9298625,.58005434,1.2536325,.68448836,.87249416,.60256332,1.2393519,.55648148,.65925926,.33333334
2872477,brighton-amp-hove-albion,1237,1,manchester-united,985,0,.6111111,27,.27777779,13.166667,.098039217,27.666666,.019607844,14.006536,2017,1.1253339,.84562427,.70480275,.61313719,1.1390932,1.0319966,.67699444,.56958318,1.4850088,.9546296,.57169312,.59074074
2872478,fc-chelsea,631,1,fc-liverpool,31,0,17.222221,31.722221,13.444445,17.333334,16.143791,17.843138,10.594771,9.7254906,2017,1.0370288,.92887658,1.4528128,1.0615636,1.0944268,1.0138581,1.383075,1.0205607,1.582672,1.2240741,1.4215609,1.0925926
2872479,fc-everton,29,1,fc-southampton,180,1,.22222222,0,.055555556,0,7.5686274,21.372549,3.2156863,8.3856211,2017,.90221351,.75844455,.87666982,.61365265,.92480773,.83674705,.77715039,.60008442,.95238096,.80555558,.56785715,.3425926
2872480,leicester-city,1003,0,west-ham-united,379,2,0,1.7777778,0,.8888889,4.0588236,10.705882,1.6535947,3.8300653,2017,.95464015,.53675348,.7712574,.82046366,1.0242635,.56500536,.82286733,.62689501,1.0481482,.58650792,.81124341,.43888888
2872481,manchester-city,281,0,huddersfield-town,1110,0,14.666667,0,8.9444447,0,8.2614384,0,4.8823528,0,2017,1.3026208,1.1072587,.7962032,.64598954,1.3181198,1.0831742,.84701109,.7267282,1.2501323,1.1453704,.79900795,.73703706
2872482,stoke-city,512,1,crystal-palace,873,2,.27777779,.44444445,0,.22222222,20.705883,14.339869,7.1372547,4.9281044,2017,.84856331,.54222822,.81568277,.57504761,.74034023,.40604118,.86281365,.55007941,.60294116,.37549019,.93032211,.66176468
2872483,fc-watford,1010,2,newcastle-united,762,1,0,2.2222223,0,.66666669,6.2418299,1.751634,1.8366013,.46405229,2017,1.344066,.86810005,1.1048392,.68814832,1.1218574,.78319722,1.088243,.74724722,.87352943,.62352943,1.3796296,1
2872484,west-bromwich-albion,984,1,tottenham-hotspur,148,0,0,69.5,0,39.944443,20.477123,35.111111,5.8758168,21.026144,2017,.92489052,.67114049,1.2617686,.93438202,.80523759,.61825055,1.3796409,.92695111,.87685186,.63796294,1.6157408,.97121215
2872485,fc-burnley,1132,1,afc-bournemouth,989,2,14.166667,33.222221,3.5555556,10.055555,4.5424838,12.751634,1.2156863,3.8235295,2017,1.0308944,.57470483,1.0453008,.63778806,1.0078294,.61251801,1.2540722,.72300148,.93333334,.28431374,1.9715686,.7352941
2872486,crystal-palace,873,2,west-bromwich-albion,984,0,.3888889,0,.22222222,0,12.980392,17.875816,4.6862745,5.0718956,2017,.69732183,.49474376,.8659724,.55537498,.71644652,.46434969,.75475258,.47725129,.85006613,.59907407,.88611114,.50833333
2872487,huddersfield-town,1110,0,fc-arsenal,11,1,0,43.611111,0,25.111111,0,11.03268,0,6.5294118,2017,1.0297071,.69926035,1.4929683,.90880883,1.0546025,.73091692,1.614298,.90401697,1.1237434,.88796294,1.7041667,.80370373
2872488,fc-liverpool,31,4,brighton-amp-hove-albion,1237,0,31.777779,.6111111,17.277779,.27777779,17.830065,.098039217,9.7124186,.019607844,2017,1.4901181,1.0633824,1.0728648,.89697111,1.385517,.98352373,1.086624,1.0555656,1.4400793,1.1666666,1.4691358,1.0601852
2872489,manchester-united,985,1,fc-watford,1010,0,21.944445,0,10.111111,0,22.993464,6.352941,12.058824,1.7647059,2017,.80553263,.73458397,1.3306056,.88583499,.7668106,.61375427,1.0958834,.82269299,1.008201,.72500002,.73627448,.60392159
2872490,newcastle-united,762,3,fc-chelsea,631,0,2.2222223,19.333334,.66666669,15.111111,1.751634,15.294118,.46405229,10.287581,2017,1.0863206,.66794634,1.1767594,.98416632,1.0697244,.72704518,1.2346383,1.0694137,1.3796296,1,1.7400794,1.1796297
2872491,fc-southampton,180,0,manchester-city,281,1,0,12.166667,0,7.2222223,21.084967,2.8954248,8.3529415,1.6209151,2017,.93427569,.67584395,1.2008752,.98741633,.83949608,.68474048,1.2350841,1.0142046,.5845238,.33333334,1.1850529,1.0351852
2872492,swansea-city,2288,1,stoke-city,512,2,0,.27777779,0,0,20.411764,20.084967,7.2156863,6.986928,2017,.99586254,.56150615,.81731331,.50452977,.98560822,.55746061,.69741094,.3542735,.87248677,.38148147,.63235295,.39019608
2872493,tottenham-hotspur,148,5,leicester-city,1003,4,60.722221,0,34.777779,0,28.058823,6.1307192,16.686274,2.3725491,2017,1.2501944,.88059008,.9611786,.58304977,1.3895617,.9223215,1.0307449,.61045992,1.6435186,.97121215,1.0037037,.62539685
2872494,west-ham-united,379,3,fc-everton,29,1,3.3888888,.22222222,1.6666666,.055555556,16.339869,11.274509,6.4183006,4.7908497,2017,.82494909,.83125269,1.0117085,.74795073,.87782109,.62468702,1.0261545,.78458655,.82513225,.39259258,1.0894179,.69444442
3050167,fc-arsenal,11,0,manchester-city,281,2,0,34.722221,0,25.833334,16.026144,19.830065,8.9542484,14.934641,2018,1.1377926,.84723419,1.5449216,1.1257458,1.1695057,.86494976,1.6149169,1.1680461,1.0285274,1.0017196,1.7089506,1.4314815
3050168,afc-bournemouth,989,2,cardiff-city,603,0,66.166664,0,19.888889,0,34.954247,0,10.464052,0,2018,.96712446,.67781085,1.021288,.81668866,1.1035835,.64294535,1.3160913,1.0770743,.8759259,.74074072,2.0925925,1.212963
3050169,fc-fulham,931,0,crystal-palace,873,2,0,22.777779,0,7.7777777,0,23.993464,0,8.5686274,2018,1.0637558,.79703677,.74441212,.47523332,1.0797671,.88634199,.91116238,.61009085,1,.75555557,1.2685186,.88425928
3050170,huddersfield-town,1110,0,fc-chelsea,631,3,22.555555,0,4.8888888,0,11.810457,19.522877,2.509804,11.836601,2018,.71675181,.58272707,1.07574,.81963843,.68655634,.54436815,1.0786861,.86445242,.48637566,.22685185,.87215608,.76455027
3050171,fc-liverpool,31,4,west-ham-united,379,0,46.333332,4,25.444445,2.4444444,21.032681,11.254902,11.542483,3.5163398,2018,1.5426633,1.2257115,.99211568,.86792827,1.6052853,1.2117424,1.0332719,.75625795,1.5156084,1.0046296,.97324932,.83389354
3050172,manchester-united,985,2,leicester-city,1003,1,36,12.5,20.944445,4.3333335,26.581699,19.215687,15.398693,7.3333335,2018,1.051326,.7713691,.86394846,.6414063,1.0501012,.74775535,.8807261,.71132326,.84695768,.79074073,.90568781,.66944444
3050173,newcastle-united,762,1,tottenham-hotspur,148,2,18.555555,88,6,52,12.738562,43.549019,4.3137255,26.464052,2018,1.1804206,.72558743,1.196504,.7579782,1.0240259,.67245495,1.2057807,.78220153,1.0416666,.69444442,1.2084656,.79100531
3050174,fc-southampton,180,0,fc-burnley,1132,0,5.2222223,45.888889,1.3888888,13.833333,19.215687,23.267973,4.7320261,7.5294118,2018,.91758716,.55963832,.8874315,.52561057,.75793213,.39682239,.91337383,.60654163,.71468252,.51111114,.51759261,.38425925
3050175,fc-watford,1010,2,brighton-amp-hove-albion,1237,0,8.1111107,21.5,2.2222223,5.1666665,19.281046,11.986928,5.7254901,2.8300653,2018,1.150183,.74301225,1.0448848,.91905385,.91759062,.59301144,1.0779208,.93952221,.7638889,.4074074,1.2824074,.81388891
3050176,wolverhampton-wanderers,543,2,fc-everton,29,2,0,2.2222223,0,.72222221,.54248369,19.104576,.13071896,7.3333335,2018,.86258459,.65455878,1.1068523,.69450212,.93686837,.68304873,1.0831004,.67178333,1.1829365,.78796297,.75674605,.48161376
3050177,brighton-amp-hove-albion,1237,3,manchester-united,985,2,19.555555,39.722221,4.6666665,22.777779,9.8169937,33.790848,2.2810457,19.38562,2018,1.0296731,.89987397,.94656879,.71658641,1.0858574,.93158567,.91346103,.66926533,1.2824074,.81388891,.89854497,.79444444
3050178,fc-burnley,1132,1,fc-watford,1010,3,48.5,8.1111107,14.666667,2.2222223,25.496733,19.281046,8.3267975,5.7254901,2018,.81074309,.4898963,1.150183,.74301225,.86337382,.58416504,.91759062,.59301144,.53611112,.4212963,.7638889,.4074074
3050179,cardiff-city,603,0,newcastle-united,762,0,0,20.5,0,6.4444447,.0065359478,14.90196,0,4.8169932,2018,1.0662285,.82549006,1.1744641,.7324816,1.3823792,1.0932781,1.0497755,.71319568,2.2824075,1.3518518,.98148149,.62037039
3050180,fc-chelsea,631,3,fc-arsenal,11,2,0,0,0,0,19.803921,21.588236,12.254902,12.104575,2018,1.0828656,.81554484,1.1961789,.87558681,1.0638503,.8430239,1.2411878,.892524,.8166005,.65343916,1.1567019,1.0517195
3050181,crystal-palace,873,0,fc-liverpool,31,2,20.333334,52.388889,7.1111112,28.722221,20.274509,26.496733,7.4379086,14.588235,2018,.91041738,.61189997,1.5050876,1.2181988,1.0708846,.76441181,1.5365093,1.2072531,1.449074,.9675926,1.4378307,.94907409
3050182,fc-everton,29,2,fc-southampton,180,1,2.2222223,5.3333335,.72222221,1.3333334,17.202614,23.457516,6.6928105,6.2418299,2018,1.0818821,.71337748,.83045149,.50864285,1.0657288,.67773199,.65551275,.33939293,.80196208,.51335979,.50357145,.28518519
3050183,leicester-city,1003,2,wolverhampton-wanderers,543,0,11.277778,0,3.8888888,0,16.339869,.54248369,6.026144,.13071896,2018,.78802252,.61257029,.8733871,.73735797,.81637216,.69209248,.92272693,.71545613,.86865079,.66944444,1.2246032,.90833336
3050184,manchester-city,281,6,huddersfield-town,1110,1,29.777779,17.611111,22,4.2777777,17.542484,7.6928105,13.078431,1.8104575,2018,1.5332022,1.0784575,.87136954,.59981787,1.5969554,1.1344813,.89014781,.55980021,1.6867284,1.2925926,.56507939,.20833333
3050185,tottenham-hotspur,148,3,fc-fulham,931,1,99.833336,0,58.222221,0,58.202614,0,34.901962,0,2018,.99307072,.82763195,1.0582002,.7941128,1.0417058,.83089912,1.0751375,.88634199,.98439151,.74933863,1,.75555557
3050186,west-ham-united,379,1,afc-bournemouth,989,2,4,66.166664,2.4444444,19.888889,10.686275,34.954247,3.3202615,10.464052,2018,1.07252,1.0339235,.96712446,.67781085,1.1420749,.91083312,1.1035835,.64294535,1.2134454,1.1868347,.8759259,.74074072
3050187,fc-arsenal,11,3,west-ham-united,379,1,0,4,0,2.4444444,18.653595,3.7385621,10.490196,1.1568627,2018,1.1141683,.6899659,1.1031045,.97479105,1.1358638,.66416901,1.1470523,.88311476,1.0720458,.79246032,1.1585435,1.0691876
3050188,afc-bournemouth,989,2,fc-everton,29,2,64.111115,2.2222223,19.222221,.72222221,33.084969,11.470589,9.973856,4.4183006,2018,.99027264,.67318124,1.1994858,.82954907,1.1313612,.66146386,1.2932757,.83316797,.8759259,.74074072,1.0282408,.60753965
3050189,fc-fulham,931,4,fc-burnley,1132,2,0,48.5,0,14.666667,0,25.496733,0,8.3267975,2018,.99452782,.75559258,.81074309,.4898963,1.036451,.86342531,.86337382,.58416504,.98214287,.71388888,.53611112,.4212963
3050190,huddersfield-town,1110,0,cardiff-city,603,0,22.555555,0,4.8888888,0,11.588235,.0065359478,2.4640522,0,2018,.7493605,.57290667,1.1006532,.81694305,.7364139,.52214593,1.3615459,1.0406986,.5935185,.2638889,2.2037036,1.1481482
3050191,fc-liverpool,31,1,brighton-amp-hove-albion,1237,0,52.388889,17.555555,28.722221,4.0555553,26.496733,9.0980396,14.588235,2.1111112,2018,1.5050876,1.2181988,1.0250435,.94617027,1.5365093,1.2072531,1.0875409,.95565975,1.4378307,.94907409,1.2638888,.7953704
3050192,manchester-united,985,0,tottenham-hotspur,148,3,40.055557,97.611115,23.388889,56.555557,30.705883,54.379086,18.091503,32.026142,2018,.98756659,.74739903,1.0841202,.81357771,.94835359,.68606085,1.1215669,.81535912,.85251325,.64907408,1.0084656,.74933863
3050193,newcastle-united,762,1,fc-chelsea,631,2,16.166666,0,5.1666665,0,9.7973852,14.856209,3.2614379,8.7124186,2018,1.2658495,.76747614,1.065273,.80092496,1.1602293,.75530088,1.0543807,.83789569,1.1203704,.74537039,.83511907,.72010583
3050194,fc-southampton,180,1,leicester-city,1003,2,4.5555553,13.055555,1.1666666,4.6666665,21.882353,18.849672,6.0653596,7.2745099,2018,.92125446,.6218397,.66939265,.53618139,.79430008,.45048401,.64176893,.64663792,.72671956,.56666666,.7427249,.72500002
3050195,fc-watford,1010,2,crystal-palace,873,1,8.1111107,19.5,2.2222223,6.6666665,19.281046,19.052288,5.7254901,6.5686274,2018,1.150183,.74301225,.95380133,.63162923,.91759062,.59301144,1.1039026,.7946825,.7638889,.4074074,1.4074074,.9675926
3050196,wolverhampton-wanderers,543,1,manchester-city,281,1,0,29.333334,0,21.722221,.54248369,18.248365,.13071896,13.078431,2018,.8733871,.73735797,1.4637578,1.0363699,.92272693,.71545613,1.5182517,1.0831344,1.2246032,.90833336,1.6358025,1.2648149
3050197,brighton-amp-hove-albion,1237,2,fc-fulham,931,2,19.555555,0,4.6666665,0,9.8169937,0,2.2810457,0,2018,1.0296731,.89987397,.92816275,.62688887,1.0858574,.93158567,.9494701,.73189634,1.2824074,.81388891,.91269839,.5935185
3050198,fc-burnley,1132,0,manchester-united,985,2,43.388889,42.277779,13.611111,24.722221,21.601307,33.222221,7.3202615,19.830065,2018,.85281688,.43935618,1.0600131,.81360275,.92857945,.4462021,1.0330578,.77102816,.72962964,.28703704,.98862433,.73796296
3050199,cardiff-city,603,2,fc-arsenal,11,3,.55555558,0,.16666667,0,.026143791,19.215687,0,10.915032,2018,1.0522161,.79939544,1.1586331,.83487326,1.2941619,.9658069,1.2114811,.84747267,2.1064816,1.1851852,1.1313051,.99616402
3050200,fc-chelsea,631,2,afc-bournemouth,989,0,0,60.555557,0,18.333334,14.856209,28.59477,8.7124186,8.8692808,2018,1.065273,.80092496,.7961843,.63244045,1.0543807,.83789569,.87915665,.60194004,.83511907,.72010583,.80185187,.71296299
3050201,crystal-palace,873,0,fc-southampton,180,2,19.388889,4.6111112,6.4444447,1.1111112,18.006536,29.993464,6.1176472,8.973856,2018,.87760299,.58889419,.85526383,.54628724,.86618882,.5908007,.73924768,.41427368,.9074074,.68981481,.7185185,.57222223
3050202,fc-everton,29,1,huddersfield-town,1110,1,.8888889,20.388889,.33333334,4.7222223,12.078431,10.039216,4.7843137,2.3464053,2018,.97744316,.63984454,.94459116,.68186355,1.0322192,.63639599,.89657301,.56469512,.75540125,.46507937,.67254901,.30882353
3050203,leicester-city,1003,1,fc-liverpool,31,2,13.611111,52.388889,4.9444447,28.722221,18.973856,26.496733,7.3725491,14.588235,2018,.66707778,.52764368,1.5050876,1.2181988,.65484083,.63367498,1.5365093,1.2072531,.77050263,.72500002,1.4378307,.94907409
3050204,manchester-city,281,2,newcastle-united,762,1,29.666666,15.333333,22.166666,4.8888888,18.38562,9.666667,13.470589,3.2287581,2018,1.4305452,.97071332,1.1124467,.60867208,1.4538578,.98212433,1.067284,.63496679,1.5061729,1.0842593,1.0787038,.60648149
3050205,fc-watford,1010,2,tottenham-hotspur,148,1,7.5555553,88.833336,2.0555556,51.444443,14.751634,38.986927,4.4052286,23.169935,2018,1.1271535,.72651392,1.0322049,.68466455,.90293008,.57713842,1.0585521,.69169945,.7638889,.4074074,.94087303,.61507934
3050206,west-ham-united,379,0,wolverhampton-wanderers,543,1,4,0,2.4444444,0,6.8235292,.54248369,2.2483661,.13071896,2018,1.008829,.96947718,.8733871,.73735797,1.0347803,.81680459,.92272693,.71545613,.95756304,.97114843,1.2246032,.90833336
3050207,afc-bournemouth,989,4,leicester-city,1003,2,59.944443,13.444445,17.944445,4.7222223,28.601307,17.045752,8.5620918,6.3398695,2018,.98599911,.65003306,.78570771,.60403258,1.1075517,.62971783,.82944405,.67912954,.91296297,.74074072,.89642859,.66944444
3050208,fc-chelsea,631,4,cardiff-city,603,1,0,.55555558,0,.16666667,16.294117,.026143791,10.065359,0,2018,1.0890384,.82362878,1.02047,.76698804,1.0504956,.84622902,1.2624158,.93406087,.79067463,.60899472,2.1064816,1.1851852
3050209,fc-everton,29,1,west-ham-united,379,3,.8888889,4,.33333334,2.4444444,11.934641,9.9934645,4.4836602,3.1764705,2018,1.0129669,.69401515,1.0493591,1.0559535,1.0842032,.66070157,1.0730076,.88527292,.86809963,.51230156,1.1588235,1.1064426
3050210,huddersfield-town,1110,0,crystal-palace,873,1,22.222221,20.333334,5.1111112,7,12,16.947712,2.7777777,5.9477124,2018,.90191782,.66522408,.74441212,.55115926,.86407942,.56983107,.90884757,.69496739,.63518518,.29166666,1.3657408,.80092591
3050211,manchester-city,281,3,fc-fulham,931,0,32,0,24.222221,0,19.261438,0,14.535948,0,2018,1.5349116,1.0995176,.88852668,.66894132,1.5913998,1.1474442,.90085894,.76939636,1.678395,1.3064815,.88955027,.58425927
3050212,newcastle-united,762,1,fc-arsenal,11,2,20.666666,0,6.4444447,0,14.660131,19.215687,4.7189541,10.915032,2018,1.1411308,.74266678,1.1586331,.83487326,1.0374298,.7363438,1.2114811,.84747267,.96296299,.60185188,1.1313051,.99616402
3050213,fc-southampton,180,2,brighton-amp-hove-albion,1237,2,4.6111112,19.666666,1.1111112,4.7222223,27.627451,10.392157,7.9215684,2.5816994,2018,.95269495,.57367927,.94171017,.68564838,.80053514,.4243747,.97342348,.76227355,.77407408,.57222223,1.087963,.59166664
3050214,tottenham-hotspur,148,1,fc-liverpool,31,2,93.722221,48.388889,53.944443,26.555555,49.522877,23.830065,29.503267,13.013072,2018,.96983778,.71070611,1.4919659,1.1880287,1.014745,.70017523,1.552255,1.1921016,1.0205027,.62433863,1.5267196,1.0046296
3050215,fc-watford,1010,1,manchester-united,985,2,7.5555553,41.333332,2.0555556,24.555555,14.751634,31.117647,4.4052286,18.764706,2018,1.1271535,.72651392,1.0323738,.77048969,.90293008,.57713842,1.0013999,.73237073,.7638889,.4074074,.8830688,.69351852
3050216,wolverhampton-wanderers,543,1,fc-burnley,1132,0,0,47.333332,0,15,.54248369,26.084967,.13071896,8.8627453,2018,.8733871,.73735797,.93761218,.53310621,.92272693,.71545613,.99107945,.59897989,1.2246032,.90833336,.76666665,.43518519
3050217,fc-arsenal,11,2,fc-everton,29,0,0,1.3333334,0,.3888889,22.104576,11.477124,12.45098,4.3006535,2018,1.0947679,.72668087,.98295051,.68126863,1.1241535,.73677003,1.0015893,.63027829,1.1249559,.95648146,.75910497,.49113756
3050218,brighton-amp-hove-albion,1237,1,tottenham-hotspur,148,2,17.722221,84.444443,4.2222223,49,8.4248362,42.464054,2.0849674,25.601307,2018,1.1917101,.7550928,1.137226,.8333739,1.3988203,.90195608,1.1942322,.83906412,1.2546296,.67500001,1.1482804,.77711642
3050219,fc-burnley,1132,4,afc-bournemouth,989,0,44.888889,57.833332,13.722222,17.055555,22.202614,27.130718,7.1372547,7.8300653,2018,.90057516,.48260114,.95160758,.71180302,.95933342,.54342431,1.1017317,.66355819,.71111113,.37962964,.97685188,.77777779
3050220,cardiff-city,603,0,manchester-city,281,5,.55555558,33.055557,.16666667,24.833334,.026143791,20.895424,0,15.352942,2018,1.032125,.7805683,1.5498689,1.0794321,1.2550343,.96688914,1.6062146,1.1298516,2.074074,1.1296296,1.7006173,1.3203703
3050221,crystal-palace,873,0,newcastle-united,762,0,19.666666,20.055555,6.6666665,6.5,17.379086,12.111111,6.1699347,4.1045752,2018,.80286753,.61731309,1.1546854,.70660597,.92505127,.72505999,1.0125622,.66628212,1.3657408,.80092591,1.0046296,.6574074
3050222,fc-fulham,931,1,fc-watford,1010,1,0,7.5555553,0,2.0555556,0,14.751634,0,4.4052286,2018,.96568716,.60350925,1.1271535,.72651392,.98419231,.68507093,.90293008,.57713842,.85714287,.52870369,.7638889,.4074074
3050223,leicester-city,1003,3,huddersfield-town,1110,1,12.666667,21.611111,4.4444447,4.8333335,18.699347,10.666667,7.2222223,2.3921568,2018,.88975412,.6513775,.85199046,.62314892,.87192768,.72239548,.79625839,.51110095,.99828041,.74351853,.62129629,.29166666
3050224,fc-liverpool,31,3,fc-southampton,180,0,48.388889,4.4444447,26.555555,1.1111112,24.267973,28.078432,13.235294,8.359477,2018,1.4919659,1.1880287,.67002779,.47231841,1.552255,1.1921016,.6253441,.35200518,1.5267196,1.0046296,.51005292,.29259259
3050225,manchester-united,985,1,wolverhampton-wanderers,543,1,40.111111,0,23.166666,0,35.202614,.54248369,20.287582,.13071896,2018,1.0431871,.76894146,.8733871,.73735797,1.0344927,.73294055,.92272693,.71545613,.88862431,.7824074,1.2246032,.90833336
3050226,west-ham-united,379,0,fc-chelsea,631,0,4,0,2.4444444,0,9.0718956,23.732027,2.9411764,13.960784,2018,.92442739,.92360055,1.0527629,.89214414,.8769291,.75291997,1.0485662,.87446463,.94313723,.98879552,.78511906,.66455024
3050227,fc-arsenal,11,2,fc-watford,1010,0,0,6.7777777,0,1.8333334,20.48366,12.437908,11.535948,3.7320261,2018,1.1947169,.88398045,1.1369178,.67202675,1.2450693,.93607563,.91404122,.55828923,1.1760141,1.085053,.72685188,.4074074
3050228,afc-bournemouth,989,2,crystal-palace,873,1,59.888889,19.666666,17.777779,6.6666665,26.581699,18.856209,7.6274509,6.8954248,2018,1.0379472,.68300009,.80286753,.61731309,1.2121693,.65908289,.92505127,.72505999,1.0148149,.68518519,1.3657408,.80092591
3050229,cardiff-city,603,1,fc-burnley,1132,2,.55555558,47.833332,.16666667,14.777778,0,25.196079,0,8.2091503,2018,1.0600381,.77332705,.93143934,.52300519,1.286149,.93911135,.98711121,.60403037,2.1064816,1.037037,.72962964,.39814815
3050230,fc-chelsea,631,1,fc-liverpool,31,1,0,48.388889,0,26.555555,23.732027,23.830065,13.960784,13.013072,2018,1.0527629,.89214414,1.4919659,1.1880287,1.0485662,.87446463,1.552255,1.1921016,.78511906,.66455024,1.5267196,1.0046296
3050231,fc-everton,29,3,fc-fulham,931,0,1.3333334,0,.3888889,0,11.477124,0,4.3006535,0,2018,.98295051,.68126863,.9521926,.79301542,1.0015893,.63027829,.98668247,.89695704,.75910497,.49113756,.97288358,.7046296
3050232,huddersfield-town,1110,0,tottenham-hotspur,148,2,22.555555,81.277779,4.8888888,47.277779,11.771242,35.535946,2.496732,21.254902,2018,.71549243,.55860925,.96849853,.60881829,.70394635,.50924909,.97423577,.54050159,.56018519,.22222222,.85753965,.43452382
3050233,manchester-city,281,2,brighton-amp-hove-albion,1237,0,31.777779,19.5,24,4.7222223,19.202614,10.581699,14.320261,2.640523,2018,1.5246081,1.0821455,.96705741,.68873477,1.5642954,1.1276631,.98047817,.74954206,1.6617284,1.2731482,1.125,.63611114
3050234,newcastle-united,762,0,leicester-city,1003,2,23.611111,13.444445,7.4444447,4.7777777,16.490196,20.189543,5.3790851,7.973856,2018,1.1779836,.81416148,.87481308,.6182521,1.1085938,.80775237,.87521124,.67374229,1.0416666,.7037037,.95198411,.66944444
3050235,west-ham-united,379,3,manchester-united,985,1,4,42.666668,2.4444444,24.944445,6.7973857,32.934639,2.1633987,19.202614,2018,1.0420744,.96547729,.85869449,.6689893,1.0762756,.85324675,.81092376,.62702888,1.1686275,.99859941,.77261907,.62777776
3050236,wolverhampton-wanderers,543,2,fc-southampton,180,0,0,4.5555553,0,1.1111112,.54248369,20.09804,.13071896,5.3071895,2018,.93437743,.78962404,.94046628,.55339414,.97629833,.7804814,.76356596,.38428631,1.3912698,1.1305555,.73505288,.52592593
3050237,brighton-amp-hove-albion,1237,1,west-ham-united,379,0,19.5,4,4.7222223,2.4444444,10.581699,9.9934645,2.640523,3.1764705,2018,1.232269,.77735913,1.0420744,1.052032,1.3979385,.89716107,1.0612428,.87873697,1.2916666,.71944445,1.1441176,1.1064426
3050238,fc-burnley,1132,1,huddersfield-town,1110,1,44.888889,21,13.722222,4.6666665,22.202614,9.8562088,7.1372547,2.1764705,2018,.90057516,.48260114,.85235119,.62213141,.95933342,.54342431,.80124414,.51181316,.71111113,.37962964,.62129629,.29166666
3050239,crystal-palace,873,0,wolverhampton-wanderers,543,1,19.666666,0,6.6666665,0,18.856209,.54248369,6.8954248,.13071896,2018,.80286753,.61731309,.93715519,.79934627,.92505127,.72505999,.97907615,.79020363,1.3657408,.80092591,1.377381,1.1166667
3050240,fc-fulham,931,1,fc-arsenal,11,5,0,0,0,0,0,13.535948,0,7.6274509,2018,.9587146,.59033263,1.1166745,.70038253,.97798437,.67100167,1.1509335,.7037524,.87103176,.52870369,1.107231,.82579362
3050241,leicester-city,1003,1,fc-everton,29,2,13.444445,1.3333334,4.7777777,.3888889,20.189543,11.980392,7.973856,4.5751634,2018,.87481308,.6182521,.98295051,.68126863,.87521124,.67374229,1.0015893,.63027829,.95198411,.66944444,.75910497,.49113756
3050242,fc-liverpool,31,0,manchester-city,281,0,48.166668,29.722221,26.444445,22.333334,23.333334,15.320261,12.732026,11.470589,2018,1.5002062,1.1867214,1.5228987,1.0740483,1.5703527,1.1820005,1.5624436,1.1193297,1.5544974,1.0185186,1.6617284,1.2731482
3050243,manchester-united,985,3,newcastle-united,762,2,41.833332,21.222221,24.611111,6.5,30.764706,14.653595,18.039215,4.6928105,2018,1.0628412,.7985456,1.083918,.76555037,1.070207,.79533368,.99748278,.75065362,.8691799,.81296295,.93518519,.6388889
3050244,fc-southampton,180,0,fc-chelsea,631,3,4.8888888,0,1.2222222,0,23.640522,24.071896,6.2679739,14.163399,2018,.77386379,.40248817,1.1417942,.95173758,.61035293,.25118446,1.1086153,.91139996,.50277776,.20185184,.81289685,.66455024
3050245,tottenham-hotspur,148,1,cardiff-city,603,0,75.944443,.55555558,44.333332,.16666667,29.849672,.026143791,18.196079,0,2018,.96278065,.59770721,1.0898106,.80950344,.96782643,.5309056,1.3145581,.96854258,.86865079,.44563493,2.1018519,1.1296296
3050246,fc-watford,1010,0,afc-bournemouth,989,4,7.1666665,61.722221,2,18.222221,10.653595,29.398693,2.986928,8.5555553,2018,1.1390444,.74878114,.99459702,.706016,.90549421,.61933929,1.1480279,.68824959,.74166667,.44074073,1.0185186,.7962963
3050247,fc-arsenal,11,3,leicester-city,1003,1,0,10.722222,0,3.7222223,10.385621,15.104575,5.8823528,5.8562093,2018,1.2663641,.88471699,.86471206,.60844821,1.2945707,.91385341,.87388849,.66869181,1.2019401,1.0572752,.965873,.66944444
3050248,afc-bournemouth,989,0,fc-southampton,180,0,61.722221,4.8888888,18.222221,1.2222222,29.398693,23.366013,8.5555553,6.3006535,2018,.99459702,.706016,1.0072476,.62308788,1.1480279,.68824959,.84481317,.45427188,1.0185186,.7962963,.76375663,.56666666
3050249,cardiff-city,603,4,fc-fulham,931,2,0,0,0,0,0,0,0,0,2018,.95322287,.7477631,.96726161,.59496224,1.1617804,.91298699,.98840106,.67496991,1.925926,1.0925926,.87103176,.52870369
3050250,fc-chelsea,631,2,manchester-united,985,2,0,43.111111,0,24.888889,24.071896,32.986927,14.163399,18.797386,2018,1.1417942,.95173758,1.077455,.8587538,1.1086153,.91139996,1.0512054,.82109624,.81289685,.66455024,.84140211,.80185187
3050251,fc-everton,29,2,crystal-palace,873,0,1.3333334,19.777779,.3888889,6.7777777,8.3921566,15.699347,3.3464053,5.6274509,2018,1.0791237,.74377853,.77854019,.5466134,1.0937554,.72010869,.86749965,.61551583,.80499864,.50094151,1.2401961,.68627453
3050252,huddersfield-town,1110,0,fc-liverpool,31,1,19.944445,52,4.3333335,28.333334,8.9673204,23.026144,1.9346405,12.346405,2018,.77545905,.57415158,1.3253317,1.0340064,.74075031,.51875764,1.3684295,1.0509982,.64907408,.40277779,1.2711641,.87129629
3050253,manchester-city,281,5,fc-burnley,1132,0,30.277779,47.833332,22.333334,14.777778,17.313726,25.196079,12.287581,8.2091503,2018,1.6010044,1.2440675,.93143934,.52300519,1.6438851,1.2782313,.98711121,.60403037,1.7533951,1.550926,.72962964,.39814815
3050254,newcastle-united,762,0,brighton-amp-hove-albion,1237,1,22.444445,18.111111,7.2222223,4.4444447,16.941177,9.9411764,5.6601305,2.496732,2018,1.0659442,.74941278,1.2156024,.7417841,.96414942,.72982025,1.395822,.87401295,.87962961,.6111111,1.3101852,.71944445
3050255,west-ham-united,379,0,tottenham-hotspur,148,1,4,82.222221,2.4444444,48.055557,8.8235292,36.816994,2.7385621,22.163399,2018,1.0008692,.9789927,1.0830432,.75750715,1.0468341,.80336136,1.0869859,.72655439,.97815126,.91232491,1.0751323,.65211642
3050256,wolverhampton-wanderers,543,0,fc-watford,1010,2,0,5.9444447,0,1.6111112,.54248369,8.6078434,.13071896,2.503268,2018,.93437743,.78962404,.84260994,.61434084,.97629833,.7804814,.71922874,.51239485,1.3912698,1.1305555,.64351851,.39629629
3050257,brighton-amp-hove-albion,1237,1,wolverhampton-wanderers,543,0,19.555555,0,4.7222223,0,10.660131,.54248369,2.640523,.13071896,2018,1.2156024,.7417841,.91547877,.78642225,1.395822,.87401295,.9624095,.79238617,1.3101852,.71944445,1.3199736,1.1398149
3050258,fc-burnley,1132,0,fc-chelsea,631,4,48.5,0,15,0,25.960785,19.019608,8.4444447,10.738562,2018,.96102309,.55016565,.99234974,.85684127,1.0390593,.68815738,.96292758,.83362216,.81296295,.48148149,.67956346,.63121694
3050259,crystal-palace,873,2,fc-arsenal,11,2,20.111111,0,6.8333335,0,14.640523,13.941176,5.2614379,7.7777777,2018,.79569417,.61027604,1.2676868,.89000797,.90884757,.7158007,1.2976571,.91385341,1.3657408,.80092591,1.1979718,1.0572752
3050260,fc-fulham,931,0,afc-bournemouth,989,3,0,62,0,18.388889,0,29.928104,0,8.960784,2018,.97829598,.66299999,.91696167,.72519588,1.0082874,.74468297,.98929775,.70147705,.90806878,.64907408,.87037039,.76851851
3050261,leicester-city,1003,1,west-ham-united,379,1,9.5,4,3.2777777,2.4444444,13.568627,8.0326796,5.2679739,2.5620916,2018,.88522971,.61158973,.70173037,.73086011,.89117241,.6847412,.72388136,.59957981,1.039947,.74351853,.70854342,.72745097
3050262,fc-liverpool,31,4,cardiff-city,603,1,53.111111,.6111111,29.222221,.11111111,26.150328,.019607844,14.496732,.0065359478,2018,1.4284971,1.0756104,.99651295,.76402617,1.4984801,1.115839,1.2881331,.97515631,1.460053,.93796295,2.0972223,1.2037038
3050263,manchester-united,985,2,fc-everton,29,1,46.333332,1.3333334,26.5,.3888889,39.209152,8.3921566,22.20915,3.3464053,2018,1.1151119,.85581577,1.0791237,.74377853,1.055811,.80720735,1.0937554,.72010869,.92010581,.76851851,.80499864,.50094151
3050264,fc-southampton,180,0,newcastle-united,762,0,4.8888888,17.222221,1.2222222,5.6111112,18.712418,11.738562,5.1045752,4.0392156,2018,1.0027398,.6168983,1.1595874,.71269065,.85671788,.45932239,.99748278,.66396731,.76375663,.56666666,1.0046296,.68518519
3050265,tottenham-hotspur,148,0,manchester-city,281,1,86.555557,31.722221,50.833332,23.555555,44.294117,16.843138,27.183006,12.294118,2018,1.1405829,.86165637,1.5937394,1.2350932,1.1898172,.87719542,1.6374037,1.2698979,1.1843915,.87433863,1.7533951,1.550926
3050266,fc-watford,1010,3,huddersfield-town,1110,0,7,19.777779,1.8888888,4.3333335,11.091503,9.0588236,3.3660131,1.993464,2018,.90936726,.6546216,.80513996,.56691706,.79515469,.5290615,.75620705,.55903542,.65833336,.41296297,.57804233,.3425926
3050267,fc-arsenal,11,1,fc-liverpool,31,1,0,51.5,0,28.444445,17.228758,24.137255,9.6601305,13.477124,2018,1.2880502,.93287516,1.4969856,1.105489,1.3219211,.97575814,1.5725541,1.148473,1.2204585,1.1128306,1.5100529,.95740741
3050268,afc-bournemouth,989,1,manchester-united,985,2,64,44.333332,19.111111,25.222221,32.222221,34.071896,9.5098038,19.169935,2018,.95720387,.68630695,.88626796,.75859356,1.0440596,.66675484,.79794061,.69609624,.84814817,.71296299,.70582008,.66851854
3050269,cardiff-city,603,0,leicester-city,1003,1,0,13,0,4.3888888,0,18.653595,0,6.9281044,2018,1.0552431,.84852964,.76057541,.5511086,1.2476389,1.0171536,.7980541,.6034885,1.9351852,1.0648148,.91186064,.6218254
3050270,fc-chelsea,631,3,crystal-palace,873,1,0,20.111111,0,6.8333335,23.411764,14.640523,13.509804,5.2614379,2018,1.004673,.91181403,.79569417,.61027604,.98942333,.89264995,.90884757,.7158007,.79437828,.75185186,1.3657408,.80092591
3050271,fc-everton,29,3,brighton-amp-hove-albion,1237,1,1.3333334,19.555555,.3888889,4.7222223,8.3921566,10.660131,3.3464053,2.640523,2018,1.0791237,.74377853,1.2156024,.7417841,1.0937554,.72010869,1.395822,.87401295,.80499864,.50094151,1.3101852,.71944445
3050272,huddersfield-town,1110,1,fc-fulham,931,0,22.222221,0,5.0555553,0,11.960784,0,2.6470587,0,2018,.79522282,.61570102,.84486765,.63676542,.75541157,.58927554,.85898185,.713929,.64748675,.3611111,.81084657,.62129629
3050273,manchester-city,281,6,fc-southampton,180,1,27.333334,4.8888888,20.611111,1.2222222,16.052288,18.61438,12,5.3006535,2018,1.520762,1.084991,.98145396,.62000149,1.5580863,1.1206524,.850986,.46689814,1.629321,1.300926,.83320105,.6111111
3050274,newcastle-united,762,1,fc-watford,1010,0,19.388889,7.0555553,6.3888888,1.8888888,13.124183,11.352942,4.5294118,3.4640522,2018,1.1595874,.71269065,.92479932,.65832531,.99748278,.66396731,.80132753,.5290615,1.0046296,.68518519,.65833336,.41296297
3050275,west-ham-united,379,4,fc-burnley,1132,2,4,45.333332,2.4444444,13.833333,8.5490198,21.673203,2.6274509,6.8562093,2018,.92717248,.92170984,.95137399,.55615693,1.0155652,.7987777,1.0429313,.67704624,1.1399159,1.0803921,.75740743,.44444445
3050276,wolverhampton-wanderers,543,2,tottenham-hotspur,148,3,0,74.333336,0,43.555557,.54248369,31.601307,.13071896,19.30719,2018,.74953359,.66897589,1.0525237,.75195158,.78648353,.67016393,1.0551678,.72356296,1.0810846,1.0287037,1.0751323,.6632275
3050277,fc-arsenal,11,1,wolverhampton-wanderers,543,1,0,0,0,0,14.078431,.54248369,7.7647057,.13071896,2018,1.2934976,.84803087,.79047877,.75467622,1.3476809,.92599773,.80322146,.74099725,1.1933422,1.0572752,1.1718254,1.0472223
3050278,cardiff-city,603,2,brighton-amp-hove-albion,1237,1,0,18.888889,0,4.5555553,0,9.9019604,0,2.4444444,2018,.98119909,.81039029,1.1113167,.52596015,1.1927147,.99400556,1.3158771,.6624791,1.8657408,1.0462962,.78022873,.29823232
3050279,fc-chelsea,631,0,fc-everton,29,0,0,1.3333334,0,.3888889,19.993464,12.941176,12.30719,5.1241832,2018,1.1357757,.94921231,1.0933622,.74412251,1.0975041,.91567343,1.0977957,.72515917,.81289685,.66455024,.79110974,.50094151
3050280,crystal-palace,873,0,tottenham-hotspur,148,1,19.611111,84.277779,6.5,49.444443,16.274509,38.039215,5.5032678,23.267973,2018,.73254126,.53783596,1.2356807,.89343548,.73523647,.51672661,1.2504907,.89511502,.86574072,.52314812,1.2242063,.88822752
3050281,huddersfield-town,1110,1,west-ham-united,379,1,21.388889,4,4.9444447,2.4444444,11.111111,8.5490198,2.5228758,2.6274509,2018,.82594997,.58769566,.92717248,.92170984,.76857126,.54860091,1.0155652,.7987777,.57407409,.37037036,1.1399159,1.0803921
3050282,leicester-city,1003,0,fc-burnley,1132,0,13.166667,47,4.8333335,14.611111,21.241831,23.843138,8.2745094,7.7385621,2018,.7935493,.52652282,.96979505,.55749589,.78019696,.554654,1.0664762,.67545897,.72513229,.48425925,.81296295,.48148149
3050283,fc-liverpool,31,2,fc-fulham,931,0,49.944443,0,27.166666,0,26.882353,0,14.48366,0,2018,1.4825294,1.173527,.88455021,.65481782,1.5476254,1.1713384,.87785482,.72371435,1.5433862,1.0185186,.81084657,.64907408
3050284,manchester-city,281,3,manchester-united,985,1,25.666666,46.222221,19.166666,26.611111,12.79085,39.882355,9.7647057,22.333334,2018,1.5310655,1.0894002,1.045818,.7520169,1.5925981,1.1358041,.99333113,.71143055,1.654321,1.3203703,.89973545,.66851854
3050285,newcastle-united,762,2,afc-bournemouth,989,1,19.555555,65.111115,6.2777777,19.722221,13.633986,33.084969,4.5098038,10.09804,2018,1.015149,.67461121,.94629115,.67714947,.89226389,.64652902,.94954306,.63059962,.74537039,.53703701,.72777778,.67592591
3050286,fc-southampton,180,1,fc-watford,1010,1,4.8888888,6.8888888,1.2222222,1.8333334,16.732027,11.045752,4.2418299,3.2614379,2018,1.0084554,.59238613,1.1838735,.72831738,.8426764,.42649412,.94758177,.57535779,.86560845,.57407409,.72314817,.44999999
3050287,afc-bournemouth,989,1,fc-arsenal,11,2,62.444443,0,18.611111,0,28.137255,15.274509,8.6013069,8.1699343,2018,1.0320355,.69755036,1.0984519,.80441976,1.2082011,.62733686,1.1459265,.88826627,.95925927,.62962961,1.0155643,1.0100529
3050288,brighton-amp-hove-albion,1237,1,leicester-city,1003,1,20.888889,12.833333,5.3333335,4.6111112,12.810457,22.503267,3.3790851,9.0915031,2018,1.1794913,.84479821,.83521593,.55907643,1.3601892,.93588161,.83178425,.59995311,.875,.55277777,.97513229,.63240743
3050289,fc-burnley,1132,1,newcastle-united,762,2,43.666668,17.5,13.5,5.5,20.150328,12.045752,6.5228758,4.1045752,2018,.89822721,.47609159,1.0550526,.75424081,1.0191277,.5449034,.9271124,.72986233,.78981483,.375,.77314812,.5925926
3050290,fc-everton,29,1,cardiff-city,603,0,1.3333334,0,.3888889,0,8.3921566,0,3.3464053,0,2018,1.0791237,.74377853,1.0083154,.82091218,1.0937554,.72010869,1.1857703,.97548699,.80499864,.50094151,1.8796296,1.0462962
3050291,fc-fulham,931,3,fc-southampton,180,2,0,4.5,0,1.1111112,0,18.424837,0,4.6666665,2018,1.0808202,.78801459,.92166156,.56265342,1.148598,.88832331,.83906889,.4070136,1.0654762,.76759261,.92486775,.61481482
3050292,manchester-united,985,0,crystal-palace,873,0,44.055557,19.666666,25.833334,6.6666665,28.82353,17.379086,16.79085,6.1699347,2018,1.1073638,.8385452,.80286753,.61731309,1.0720348,.7990374,.92505127,.72505999,.98955029,.79351854,1.3657408,.80092591
3050293,tottenham-hotspur,148,3,fc-chelsea,631,1,82.444443,0,48.277779,0,34.712418,19.993464,20.830065,12.30719,2018,1.2188621,.84208316,1.1357757,.94921231,1.2354225,.88074052,1.0975041,.91567343,1.2325397,.88822752,.81289685,.66455024
3050294,fc-watford,1010,0,fc-liverpool,31,3,6.2222223,50.055557,1.6666666,27.388889,9.9477119,24.300653,3.006536,13.235294,2018,1.1443113,.67457479,1.5134007,1.1867214,.93836457,.54976261,1.5761802,1.1820005,.7638889,.43333334,1.5544974,1.0185186
3050295,west-ham-united,379,0,manchester-city,281,4,4,33.055557,2.4444444,24.833334,15.202615,20.071896,5.0457516,14.69281,2018,1.0253837,.9231804,1.4608376,1.0192145,1.1198261,.71816272,1.5173258,1.0568358,1.0516807,.72745097,1.5756173,1.1675926
3050296,wolverhampton-wanderers,543,0,huddersfield-town,1110,2,0,17.722221,0,4.1666665,.54248369,7.7908497,.13071896,1.8039216,2018,.9357779,.78894752,.84095478,.54694307,.97321194,.77353698,.80945444,.53841573,1.338492,1.1305555,.56415343,.23148148
3050297,fc-arsenal,11,4,tottenham-hotspur,148,2,0,82.388885,0,48.388889,12.75817,36.457516,6.8104577,21.967319,2018,1.0662248,.68959534,1.1754202,.78392851,1.0922265,.68262649,1.1662306,.80296272,.98223102,.79801589,1.1769841,.79100531
3050298,cardiff-city,603,2,wolverhampton-wanderers,543,1,0,0,0,0,0,.54248369,0,.13071896,2018,1.0510606,.83790779,1.0114948,.89339197,1.2651353,1.0324315,1.0426564,.87274331,1.949074,1.1018518,1.352381,1.2138889
3050299,fc-chelsea,631,2,fc-fulham,931,0,0,0,0,0,18.20915,0,10.594771,0,2018,1.0669848,.8887226,1.0236517,.74001265,1.0318476,.83789569,1.0791535,.80961961,.86845237,.77566135,1.0321429,.68425924
3050300,crystal-palace,873,2,fc-burnley,1132,0,19.666666,49.222221,6.6666665,15.277778,17.379086,26.973856,6.1699347,8.8169937,2018,.80286753,.61731309,.85016626,.51930147,.92505127,.72505999,.93155563,.66223145,1.3657408,.80092591,.56851852,.42592594
3050301,huddersfield-town,1110,1,brighton-amp-hove-albion,1237,2,19.5,20.666666,4.8333335,4.9444447,9.9542484,12.601307,2.4117646,3.1241829,2018,.85385162,.5482251,1.1794913,.84479821,.82241738,.52915651,1.3601892,.93588161,.56415343,.23148148,.875,.55277777
3050302,leicester-city,1003,2,fc-watford,1010,0,12.666667,6.9444447,4.3888888,1.8888888,17.830065,12.836601,6.9084969,3.8431373,2018,.86497784,.56463194,1.1390444,.74878114,.86419171,.60550869,.90549421,.61933929,1.0183421,.6403439,.74166667,.44074073
3050303,fc-liverpool,31,1,fc-everton,29,0,47.5,1.3333334,26.277779,.3888889,21.666666,8.3921566,11.980392,3.3464053,2018,1.5415182,1.1546118,1.0791237,.74377853,1.6292752,1.1944326,1.0937554,.72010869,1.5933863,1.0268519,.80499864,.50094151
3050304,manchester-city,281,3,afc-bournemouth,989,1,29.666666,57.444443,22.777779,17,16.38562,25.058823,12.660131,7.6339869,2018,1.2650796,1.0389355,1.0062113,.72833741,1.3284566,1.1112813,1.1849207,.65079367,1.4311728,1.2370371,.99166667,.68518519
3050305,newcastle-united,762,0,west-ham-united,379,3,14.555555,4,4.6666665,2.4444444,8.8562088,11.470589,3.1045752,3.5751634,2018,1.0970898,.71030968,.98253149,.90605235,.97279143,.68017101,1.1039262,.79610389,.9074074,.6574074,1.2134454,1.1490196
3050306,fc-southampton,180,2,manchester-united,985,2,4.9444447,45.777779,1.2222222,26.222221,19.48366,38.045753,4.8104577,21.568628,2018,.76162028,.42916074,.92973876,.7343263,.67842811,.26656145,.86987317,.69601035,.67579365,.26666668,.88650793,.76111114
3050307,afc-bournemouth,989,2,huddersfield-town,1110,1,56.5,19.944445,16.777779,4.6666665,23.477123,8.8169937,7.1437907,2.0326798,2018,1.0228779,.73574483,.88020492,.57179415,1.2015873,.65820104,.82797295,.5430454,.97314817,.66666669,.43915343,.19444445
3050308,brighton-amp-hove-albion,1237,3,crystal-palace,873,1,18.722221,19.666666,4.4444447,6.6666665,10.633986,17.379086,2.640523,6.1699347,2018,1.1642796,.82561833,.80286753,.61731309,1.3681257,.92794514,.92505127,.72505999,.875,.55277777,1.3657408,.80092591
3050309,fc-burnley,1132,1,fc-liverpool,31,3,47.388889,46.722221,14.888889,25.277779,24.712418,20.843138,8.2483664,11.091503,2018,.95939869,.53445297,1.4140049,1.0801938,1.046635,.6386624,1.4834118,1.0868568,.79444444,.46296296,1.4183862,.89629632
3050310,fc-fulham,931,1,leicester-city,1003,1,0,13.166667,0,4.6111112,0,16.248365,0,6.1307192,2018,1.0114496,.68488961,.63617057,.43645737,1.0272161,.77479059,.60956204,.50618207,.92658728,.64907408,.78130513,.60330689
3050311,fc-watford,1010,1,manchester-city,281,2,6.3333335,30.777779,1.6666666,23.444445,8.3071899,17.163399,2.3986928,13.196078,2018,1.0857254,.69313222,1.2674106,1.0132946,.85313731,.55869114,1.3358641,1.0890591,.7175926,.43333334,1.4645061,1.2370371
3050312,west-ham-united,379,3,cardiff-city,603,1,4,0,2.4444444,0,11.464052,.0065359478,3.7581699,0,2018,1.0907432,.89544928,1.0197475,.80680621,1.2100222,.78286862,1.2853373,1.0254871,1.267367,.97254902,2.0601852,1.212963
3050313,wolverhampton-wanderers,543,2,fc-chelsea,631,1,0,0,0,0,.54248369,19.339869,.13071896,11.751634,2018,.9206264,.78533554,1.0669848,.8887226,.95138657,.76848644,1.0318476,.83789569,1.1829365,1.1027777,.86845237,.77566135
3050315,fc-everton,29,1,newcastle-united,762,1,1.3333334,17.888889,.3888889,5.7222223,8.3921566,9.7777777,3.3464053,3.4444444,2018,1.0791237,.74377853,1.1540034,.68093514,1.0937554,.72010869,1.0974828,.70112234,.80499864,.50094151,1.1203704,.67592591
3050316,tottenham-hotspur,148,3,fc-southampton,180,1,79.666664,0,46.888889,0,37.333332,19.379086,22.875816,4.986928,2018,1.1669302,.83041972,.84032398,.53526145,1.1569399,.81279176,.75926292,.37873077,1.1658731,.80211639,.77208996,.54259259
3050317,fc-arsenal,11,1,huddersfield-town,1110,0,0,20,0,4.5,15.522876,8.9281044,8.5163403,1.9869281,2018,1.1608504,.61664134,.75487977,.59259188,1.2318099,.62432927,.64772606,.54899776,.99466491,.62579364,.48082012,.33333334
3050318,afc-bournemouth,989,0,fc-liverpool,31,4,58.888889,48.666668,17.5,26.833334,25.202614,21.725491,7.6078429,12.104575,2018,.91210109,.7295177,1.6472331,1.2896996,1.1012186,.70048499,1.7159108,1.2853416,.86203706,.74074072,1.6044973,1.0379629
3050319,fc-burnley,1132,1,brighton-amp-hove-albion,1237,0,47.388889,19.611111,14.888889,4.7222223,24.712418,8.653595,8.2483664,2.0196078,2018,.95939869,.53445297,1.1307236,.84712309,1.046635,.6386624,1.3228315,.95787239,.79444444,.46296296,.85185188,.5777778
3050320,cardiff-city,603,1,fc-southampton,180,0,0,0,0,0,0,17.032681,0,4.0915031,2018,1.0197475,.80680621,.81935549,.49395788,1.2853373,1.0254871,.74509341,.37102875,2.0601852,1.212963,.74153441,.55185187
3050321,fc-chelsea,631,2,manchester-city,281,0,0,32.555557,0,24.777779,16.444445,18.267973,9.5555553,14.084968,2018,.97612971,.85987556,1.2674106,1.0132946,.95487618,.8118273,1.3358641,1.0890591,.74576718,.69047618,1.4645061,1.2370371
3050322,fc-everton,29,2,fc-watford,1010,2,1.3333334,5.8333335,.3888889,1.5555556,8.3921566,9.0065355,3.3464053,2.7843137,2018,1.0791237,.74377853,.91560405,.58942854,1.0937554,.72010869,.73276693,.51085162,.80499864,.50094151,.61574072,.34074074
3050323,leicester-city,1003,0,tottenham-hotspur,148,2,6.8888888,81.444443,2.5555556,48.055557,15.90196,40.045753,6.1503267,24.803921,2018,.65252757,.52179569,1.0930127,.76790231,.65519696,.62940145,1.1162305,.79844505,.77050263,.72500002,1.1510582,.7882275
3050324,manchester-united,985,4,fc-fulham,931,1,45.333332,0,26.055555,0,34.986927,0,19.947712,0,2018,.86516082,.66509229,1.0694555,.77172559,.79983068,.61474675,1.0945814,.86341488,.80132276,.6722222,1.0376984,.76018518
3050325,newcastle-united,762,1,wolverhampton-wanderers,543,2,12.722222,0,4.2222223,0,8.666667,.54248369,3.0457516,.13071896,2018,1.2059878,.67882818,.9357779,.78894752,1.0956149,.65239322,.97321194,.77353698,1.1018518,.68518519,1.338492,1.1305555
3050326,west-ham-united,379,3,crystal-palace,873,2,4,19.666666,2.4444444,6.6666665,14.274509,17.379086,4.7777777,6.1699347,2018,.9921273,.88494509,.80286753,.61731309,1.0315908,.71522152,.92505127,.72505999,1.0712885,.99215686,1.3657408,.80092591
3050327,brighton-amp-hove-albion,1237,1,fc-chelsea,631,2,19.611111,0,4.7222223,0,10,16.444445,2.3856208,9.5555553,2018,1.1294007,.8258388,.97612971,.85987556,1.3286035,.93803108,.95487618,.8118273,.83796299,.50833333,.74576718,.69047618
3050328,crystal-palace,873,1,leicester-city,1003,0,16.833334,12.444445,5.6111112,4.5,17.954248,21.464052,5.6797385,8.4771242,2018,.8366366,.58531868,.88701493,.63290679,.82804954,.5696367,.89315993,.70624131,.89215684,.55392158,1.0260582,.74351853
3050329,fc-fulham,931,0,west-ham-united,379,2,0,4,0,2.4444444,0,14.287581,0,4.7843137,2018,1.0383663,.77519786,.83057886,.73053336,1.0741339,.86553133,.85265207,.56816274,.88955027,.66759259,.80658263,.75686276
3050330,huddersfield-town,1110,0,newcastle-united,762,1,17.388889,19.166666,3.8333333,6.2777777,6.9346404,12.45098,1.496732,4.3725491,2018,.65958178,.4948965,1.2103209,.71905565,.53517193,.40940341,1.0922639,.6823315,.40674603,.27777779,1.0462962,.6574074
3050331,fc-liverpool,31,3,manchester-united,985,1,47.388889,49.222221,25.722221,28.388889,22.732027,39.947712,12.228758,22.843138,2018,1.6143085,1.1791661,.9062053,.73730665,1.6555637,1.1864899,.84929663,.6802696,1.6353174,1.0601852,.88650793,.69166666
3050332,manchester-city,281,3,fc-everton,29,1,33.5,1.3333334,25.444445,.3888889,18.444445,7.7843137,13.928104,3.0980392,2018,1.5466311,1.1468059,1.0681831,.72340816,1.6093614,1.1810091,1.0725136,.69927531,1.7006173,1.4453703,.77166533,.48705259
3050333,fc-southampton,180,3,fc-arsenal,11,2,0,0,0,0,14.359477,21.130718,3.9803922,11.777778,2018,.82497072,.50225216,1.2852265,.86102372,.6905477,.33672738,1.3458174,.89263129,.57949734,.33148149,1.1652998,1.0332011
3050334,tottenham-hotspur,148,1,fc-burnley,1132,0,75.833336,44.055557,44.611111,13.777778,28.960785,20.908497,17.588236,7.013072,2018,1.2136031,.90096647,.88783085,.45304868,1.228657,.91492856,.99928653,.50810689,1.2140212,.87341267,.77129632,.35648149
3050335,fc-watford,1010,3,cardiff-city,603,2,5.8333335,0,1.5555556,0,10.771242,0,3.3267975,0,2018,.93412256,.60989636,1.0399494,.79578328,.74791843,.54620516,1.3105899,1.0115981,.63425928,.37777779,2.125,1.2407408
3050336,wolverhampton-wanderers,543,2,afc-bournemouth,989,0,0,55.722221,0,16.444445,.54248369,24.398693,.13071896,7.4640522,2018,.79047877,.75467622,1.1159724,.75943226,.80322146,.74099725,1.2599487,.73752207,1.1718254,1.0472223,1.0287037,.7962963
3050337,fc-arsenal,11,3,fc-burnley,1132,1,0,42,0,13,14.535948,18.40523,7.9477124,6.0915031,2018,1.3093975,.84285456,.84681273,.39865282,1.366396,.85142761,.92819792,.42539045,1.2744268,1.062963,.72843134,.28921568
3050338,afc-bournemouth,989,2,brighton-amp-hove-albion,1237,0,56.611111,19.611111,16.666666,4.7222223,24.810457,10,7.5098038,2.3856208,2018,1.0481305,.76431626,1.1294007,.8258388,1.2195446,.69431216,1.3286035,.93803108,1.0101852,.77777779,.83796299,.50833333
3050339,cardiff-city,603,1,manchester-united,985,5,0,0,0,0,0,32.875816,0,18.202614,2018,1.0475748,.8339777,.73053449,.69196516,1.3152195,1.0657648,.65415651,.64045477,2.125,1.1851852,.71388888,.77222222
3050340,fc-chelsea,631,0,leicester-city,1003,1,0,14.111111,0,5.0555553,21.725491,21.633987,12.03268,8.4183006,2018,1.0095292,.89194226,.85647494,.59416413,.98027301,.8464427,.84567314,.63328648,.76428574,.70899469,.99828041,.68796295
3050341,fc-everton,29,2,tottenham-hotspur,148,6,2.2222223,76.888885,.72222221,45.277779,8.1176472,29.562092,3.0522876,18.359478,2018,1.1242135,.75915015,1.098143,.85182625,1.1127994,.72491634,1.1444468,.88084733,.85561591,.51086211,1.1584656,.84841269
3050342,huddersfield-town,1110,1,fc-southampton,180,3,17.5,0,3.9444444,0,7.3790851,8.7450981,1.6601307,2.2091503,2018,.79266101,.52611142,.80293608,.4398883,.72223485,.44412562,.66045994,.28180316,.53333336,.35648149,.58690476,.30185184
3050343,manchester-city,281,2,crystal-palace,873,3,31.833334,19.833334,24.5,6.5555553,16.143791,22.065359,12.607843,7.5686274,2018,1.5358191,1.1441604,.81736332,.60673577,1.5878125,1.1744045,.93884522,.71222931,1.6728395,1.4037037,1.3472222,.74537039
3050344,newcastle-united,762,0,fc-fulham,931,0,17.333334,0,5.8333335,0,10.784314,0,3.8496733,0,2018,1.1294875,.65366286,1.0077481,.7542215,.97930092,.60532534,1.0591782,.85574597,.99074072,.62962961,.88955027,.63981479
3050345,west-ham-united,379,0,fc-watford,1010,2,4,6.3888888,2.4444444,1.7777778,14.287581,14.183006,4.7843137,4.4052286,2018,.83057886,.73053336,.9489935,.60946065,.85265207,.56816274,.79225063,.55314964,.80658263,.75686276,.66203701,.37777779
3050346,wolverhampton-wanderers,543,0,fc-liverpool,31,2,0,50.777779,0,27.611111,.54248369,24.803921,.13071896,13.437908,2018,.77857399,.69382972,1.6285373,1.2474201,.81426132,.6909973,1.6914676,1.2321711,1.1440476,1.0472223,1.5973545,1.0240741
3050347,brighton-amp-hove-albion,1237,1,fc-everton,29,0,15.555555,2.2222223,3.6666667,.72222221,5.1437907,12.797385,1.1176471,4.8954248,2018,1.1849201,.75415587,.99678731,.72723299,1.3638488,.85007834,.96400762,.69524461,.96541393,.53526938,.75700486,.49141768
3050348,fc-burnley,1132,2,west-ham-united,379,0,42.5,0,13.222222,0,18.490196,12.437908,6.1764708,4.1960783,2018,.93207109,.48434287,.94415653,.87374443,.98597103,.56194508,1.017965,.75551349,.76764709,.44607842,1.1361111,1.037037
3050349,crystal-palace,873,0,fc-chelsea,631,1,18.222221,0,6,0,18.705883,13.823529,6.346405,8.7058821,2018,.84447974,.6168313,.9366405,.68025291,.93827361,.71222931,.95084035,.72916549,1.2892157,.71568626,.72709435,.56455028
3050350,fc-fulham,931,1,huddersfield-town,1110,0,0,17.555555,0,3.8888888,0,7.1045752,0,1.5490196,2018,1.0379951,.70759016,.73401904,.48246062,1.0786294,.80187392,.67569804,.41079229,.95899469,.6259259,.53333336,.35648149
3050351,leicester-city,1003,0,cardiff-city,603,1,7.1666665,0,2.5555556,0,17.503267,0,6.8562093,0,2018,.86384201,.62588066,.95498216,.80719197,.85294831,.67738128,1.181802,1.0185425,1.00291,.72500002,1.9027778,1.1574074
3050352,fc-liverpool,31,5,fc-arsenal,11,1,48.777779,0,26.611111,0,23.555555,11.359477,12.843137,6.0915031,2018,1.5965929,1.1799598,1.1461436,.72976536,1.6572796,1.1858748,1.1719515,.69115824,1.6119047,1.0518519,1.0781305,.81851852
3050353,manchester-united,985,4,afc-bournemouth,989,1,0,51.777779,0,15.055555,41.516338,21.287582,23.509804,6.352941,2018,.91173542,.73051322,1.0506946,.70705128,.86823601,.68721408,1.2306558,.7054233,.82817459,.73333335,1.0287037,.7962963
3050354,fc-southampton,180,1,manchester-city,281,3,0,30.611111,0,23.055555,15.274509,18.294117,4.2091503,13.431373,2018,.88163978,.58399606,1.5246081,1.0821455,.74923128,.43303773,1.5642954,1.1276631,.68875659,.62777776,1.6617284,1.2731482
3050355,tottenham-hotspur,148,1,wolverhampton-wanderers,543,3,72.611115,0,43.277779,0,30.588236,.54248369,19.366013,.13071896,2018,1.0679286,.77027982,.77857399,.69382972,1.0967827,.78402191,.81426132,.6909973,1.1121693,.75119048,1.1440476,1.0472223
3050356,fc-watford,1010,1,newcastle-united,762,1,6.8888888,16.444445,1.9444444,5.2777777,17.124184,11.862745,5.3202615,4.0522876,2018,.84663218,.69374275,1.1842569,.77680153,.67465806,.60652262,1.0721741,.75744951,.70833331,.43333334,.99074072,.6574074
3050357,fc-arsenal,11,4,fc-fulham,931,1,0,0,0,0,10.372549,0,5.4248366,0,2018,1.2665139,.6725263,1.0580568,.79171586,1.2923219,.63391918,1.1055797,.89632577,1.1985009,.79444444,1.0284392,.7185185
3050358,afc-bournemouth,989,3,fc-watford,1010,3,56.777779,6.6111112,16.666666,1.8333334,24.117647,14.366014,7.2875819,4.5032678,2018,1.0872025,.7133013,.84755808,.63330323,1.265841,.7190035,.68576914,.58291155,1.0518519,.7962963,.68055558,.43333334
3050359,cardiff-city,603,0,tottenham-hotspur,148,3,0,72.666664,0,43.111111,0,28.274509,0,17.444445,2018,1.0141453,.83342654,1.1558915,.79186153,1.2813691,1.0701299,1.1523383,.79409522,2.0879629,1.2685186,1.1492064,.76507938
3050360,fc-chelsea,631,0,fc-southampton,180,0,0,0,0,0,15.163399,13.647058,9.0065355,4.0915031,2018,.86289632,.7927103,.91489899,.59375012,.88960785,.80962187,.80465454,.43861532,.74190915,.70740741,.74986774,.62222224
3050361,fc-everton,29,0,leicester-city,1003,1,1.3333334,11.944445,.3888889,4.2777777,8.039216,16.738562,3.0392158,6.5620914,2018,1.0308303,.73347181,.72985679,.55939037,1.0298223,.69813067,.74752748,.63293684,.75561595,.46919546,.93148148,.69907409
3050362,huddersfield-town,1110,1,fc-burnley,1132,2,17.388889,46.722221,3.8888888,14.611111,7.2941175,23.758169,1.5816994,7.8758168,2018,.73401904,.48246062,.93015891,.50976163,.67569804,.41079229,1.0112815,.62755132,.53333336,.35648149,.79444444,.46296296
3050363,manchester-city,281,2,fc-liverpool,31,1,32.055557,52.055557,24.111111,28.333334,21.30719,26.875816,15.836601,14.673203,2018,1.5803657,1.2512996,1.5610678,1.2466265,1.6260401,1.2913625,1.6191095,1.2420454,1.7969136,1.5425926,1.5433862,1.0185186
3050364,newcastle-united,762,0,manchester-united,985,2,18.611111,0,6.0555553,0,12.522876,38.117645,4.4379086,21.522877,2018,1.1662679,.72575879,1.0966729,.88300067,1.0332853,.69575739,1.0426043,.81739253,.98148149,.64814812,.92473543,.7824074
3050365,west-ham-united,379,2,brighton-amp-hove-albion,1237,2,7.2777777,17.444445,4.6666665,4.1666665,14.941176,6.6862745,5.2222223,1.4901961,2018,.99525356,1.0001334,1.1389323,.82253194,1.056842,.8203283,1.361071,.94067663,1.2472222,1.0925926,.83796299,.50833333
3050366,wolverhampton-wanderers,543,0,crystal-palace,873,2,0,19.833334,0,6.8333335,.54248369,16.183006,.13071896,5.653595,2018,.77857399,.69382972,.7370047,.5275293,.81426132,.6909973,.86589706,.6662637,1.1440476,1.0472223,1.2696079,.71568626
3050367,brighton-amp-hove-albion,1237,0,fc-liverpool,31,1,19.388889,46.5,4.6666665,25.5,7.8169932,21.084967,1.7908497,11.477124,2018,1.1840161,.86741525,1.566906,1.2244432,1.3909432,.97828484,1.6672835,1.2550386,.82407409,.51759261,1.6878307,1.0657407
3050368,fc-burnley,1132,2,fc-fulham,931,1,44.944443,0,14.055555,0,21.228758,0,7.0522876,0,2018,.83063179,.41690949,.9260869,.7215327,.90440917,.46236372,.93385184,.80801708,.70648146,.29166666,.86177248,.62129629
3050369,cardiff-city,603,0,huddersfield-town,1110,0,0,19.222221,0,4.2777777,.0065359478,9.0326796,0,1.9346405,2018,.99360651,.79330313,.73485267,.53000337,1.2258135,1.0076299,.65545398,.42745897,1.9861112,1.1574074,.44444445,.17592593
3050370,fc-chelsea,631,2,newcastle-united,762,1,0,16.611111,0,5.2222223,14.20915,8.4901962,8.679739,2.9411764,2018,1.0095445,.72840106,1.0426121,.67697287,1.0040538,.73682731,.98009461,.69326383,.79885364,.56084657,.85185188,.58796299
3050371,crystal-palace,873,1,fc-watford,1010,2,19.833334,6.6111112,6.9444447,1.8333334,17.509804,14.405229,6.1960783,4.4640522,2018,.90301001,.58827001,.84755808,.63330323,1.0279341,.73570812,.68576914,.58291155,1.3578432,.89215684,.68055558,.43333334
3050372,fc-everton,29,2,afc-bournemouth,989,0,1.3333334,56.944443,.3888889,16.722221,7.0980392,24.960785,2.7973857,7.4771242,2018,1.0464439,.66963637,.71830279,.59397894,1.0588348,.67248964,.92770565,.72879189,.76333201,.44538593,.81111109,.78703701
3050373,leicester-city,1003,1,fc-southampton,180,2,11.333333,0,3.9444444,0,15.313725,9.3137255,5.8039217,2.7647059,2018,.76830441,.56416696,.74585813,.56231999,.82753074,.64090538,.82899314,.49075377,.92883599,.69722223,.71653438,.6259259
3050374,manchester-city,281,3,wolverhampton-wanderers,543,0,33.277779,0,25,0,21.274509,.54248369,15.843137,.13071896,2018,1.5803657,1.2642626,.79047877,.75467622,1.6186327,1.2959923,.80322146,.74099725,1.7885803,1.5564815,1.1718254,1.0472223
3050375,tottenham-hotspur,148,0,manchester-united,985,1,84.333336,0,49.388889,0,36.908497,31.032681,22.104576,17.470589,2018,1.1299851,.8206681,.93705153,.77783471,1.1325691,.85193837,.89990354,.73195803,1.1888889,.83055556,.86798942,.8611111
3050376,west-ham-united,379,1,fc-arsenal,11,0,7.2777777,0,4.6666665,0,14.941176,16.431372,5.2222223,9.0653591,2018,.99525356,1.0001334,1.1340731,.55650192,1.056842,.8203283,1.1717079,.55868775,1.2472222,1.0925926,1.1475749,.73055553
3050377,fc-arsenal,11,2,fc-chelsea,631,0,0,0,0,0,24.143791,14.20915,13.555555,8.679739,2018,1.0571131,.68589705,1.0095445,.72840106,1.1220939,.75218517,1.0040538,.73682731,1.121649,.98981482,.79885364,.56084657
3050378,afc-bournemouth,989,2,west-ham-united,379,0,55.722221,7.2777777,16.333334,4.6666665,22.660131,11.823529,6.5947714,4.1764708,2018,.8953675,.652587,.84583908,.78022593,1.0561328,.7158289,.85389364,.59215367,.94074076,.73148149,.87288362,.77037036
3050379,fc-fulham,931,1,tottenham-hotspur,148,2,0,76.444443,0,44.166668,0,31.235294,0,18.620914,2018,1.0853462,.83264381,.7617451,.66811299,1.0681112,.88579482,.75698358,.71517509,1.0701058,.7185185,.65370369,.65555555
3050380,huddersfield-town,1110,0,manchester-city,281,3,0,38.166668,0,28.833334,7.9411764,22.875816,1.751634,16.862745,2018,.79227996,.56878543,1.5412242,1.2014118,.68783331,.47276318,1.5406412,1.2202346,.51944447,.35648149,1.6728395,1.4083333
3050381,fc-liverpool,31,4,crystal-palace,873,3,46.388889,19.222221,25.388889,6.8333335,20.006536,17.163399,10.895425,5.980392,2018,1.6373845,1.2545143,.93820357,.6021589,1.7154576,1.2377827,1.0688292,.73769224,1.6834656,1.0351852,1.4635416,.94791669
3050382,manchester-united,985,2,brighton-amp-hove-albion,1237,1,0,19.388889,0,4.6666665,32.248367,8.6274509,18.333334,1.9803921,2018,1.1223089,.90291655,1.2909606,.87542808,1.0923561,.86044806,1.4978876,.98629767,.91362435,.85185188,.96541393,.52138048
3050383,newcastle-united,762,3,cardiff-city,603,0,15.777778,0,4.9444447,0,7.8888888,0,2.7385621,0,2018,1.1328899,.73947287,1.0652233,.85611069,1.1158971,.79202926,1.2830447,1.0440055,.91666669,.59722221,1.9666667,1.1574074
3050384,fc-southampton,180,2,fc-everton,29,1,0,1.3333334,0,.3888889,10.882353,8.3921566,3.0653596,3.3464053,2018,.67206389,.45919529,1.0791237,.74377853,.64233828,.33334637,1.0937554,.72010869,.50820106,.32222223,.80499864,.50094151
3050385,fc-watford,1010,0,fc-burnley,1132,0,5.5555553,44.944443,1.7222222,14.055555,12.20915,21.228758,3.7189543,7.0522876,2018,1.0448374,.64892071,.83063179,.41690949,.85375857,.60297328,.90440917,.46236372,.55092591,.29444444,.70648146,.29166666
3050386,wolverhampton-wanderers,543,4,leicester-city,1003,3,0,13.777778,0,4.7222223,.54248369,17.816994,.13071896,6.4967322,2018,.87254947,.85785085,.75172317,.55389655,.87729549,.83821952,.80813038,.61645144,1.1162698,1.1027777,.92420638,.66018516
3050387,fc-arsenal,11,2,cardiff-city,603,1,0,0,0,0,15.849673,.0065359478,8.8366013,0,2018,1.1969637,.71429569,1.0397756,.78343058,1.2521985,.72925347,1.245603,.9204365,1.1858025,.94259262,2.0685184,1.2407408
3050388,afc-bournemouth,989,4,fc-chelsea,631,0,56,0,16.5,0,24.163399,12.816994,7.2614379,7.4967322,2018,.78830278,.58657151,1.2106271,.77693903,.94357866,.70842153,1.2555478,.75122124,.8223545,.77777779,.96798944,.69047618
3050389,fc-fulham,931,4,brighton-amp-hove-albion,1237,2,0,19.833334,0,4.8333335,0,11.79085,0,2.9607842,2018,1.0853462,.83264381,1.155606,.84856606,1.0681112,.88579482,1.3901715,.96737212,1.0701058,.7185185,.93518519,.55000001
3050390,huddersfield-town,1110,0,fc-everton,29,1,0,1.3333334,0,.3888889,10.013072,7.5751634,2.2222223,3.006536,2018,.83287823,.64104646,1.0409914,.75890648,.71252465,.56288666,1.0448855,.71824127,.45462963,.375,.72577161,.47724867
3050391,wolverhampton-wanderers,543,3,west-ham-united,379,0,0,4,0,2.4444444,.54248369,10.875817,.13071896,3.5359478,2018,.79384577,.74673975,.86930853,.6998688,.79859179,.72710836,.96715337,.60048699,1.1070106,.99166667,.94695765,.69629627
3050392,manchester-united,985,2,fc-burnley,1132,2,0,40.666668,0,12.888889,30.261438,18.274509,17.052288,6.2287583,2018,1.0780292,.86319011,.93584496,.57381302,1.0433531,.80881411,.97960758,.65171355,.8701058,.84629631,.79907405,.55092591
3050393,newcastle-united,762,2,manchester-city,281,1,15.888889,38.333332,5.0555553,29.055555,7.6666665,21.686274,2.6797385,16.38562,2018,1.0249106,.7152257,1.6498101,1.3063501,1.0601652,.78973889,1.6973363,1.347339,.875,.6111111,1.8395061,1.5842593
3050394,fc-southampton,180,1,crystal-palace,873,1,0,19.611111,0,6.8888888,7.9215684,17.130718,2.1830065,6,2018,.83057356,.57312876,.93820357,.6021589,.80849051,.46297598,1.0688292,.73769224,.73505288,.63703704,1.3774509,.89215684
3050395,fc-liverpool,31,1,leicester-city,1003,1,44.944443,12.444445,24.777779,4.4444447,18.718954,19.967319,10.372549,7.8169932,2018,1.707199,1.2320431,.86134619,.57125765,1.7654122,1.2398871,.87118149,.62711364,1.7242063,1.0935185,1.053836,.73425925
3050396,tottenham-hotspur,148,2,fc-watford,1010,1,73.555557,6.0555553,42.888889,1.7222222,33.150326,14.980392,20.078432,4.7385621,2018,.76989669,.6917246,.77938074,.6307798,.71182317,.64936584,.61910248,.5694856,.61402118,.51044971,.5138889,.32222223
3050397,brighton-amp-hove-albion,1237,0,fc-watford,1010,0,17.555555,6.1666665,4.1666665,1.8333334,8.1307192,10.326797,1.8496732,3.1764705,2018,1.2495214,.94905627,1.0070443,.71186447,1.4671625,1.033149,.78576916,.60079074,1.5277778,.93888891,.4675926,.29444444
3050398,fc-burnley,1132,1,fc-southampton,180,1,37,0,11.777778,0,16.235294,8.6928101,5.5555553,2.5882354,2018,.8632071,.53350216,.96201777,.60638511,.90747356,.62905043,.87489265,.46837723,.85462964,.52314812,.74894178,.63703704
3050399,cardiff-city,603,2,afc-bournemouth,989,0,0,56,0,16.5,.09150327,24.163399,.026143791,7.2614379,2018,1.0803096,.79519528,.78830278,.5634234,1.3354738,.99559283,.94357866,.68527335,2.2296295,1.3518518,.76679891,.68518519
3050400,fc-chelsea,631,5,huddersfield-town,1110,0,0,0,0,0,12.287581,7.8562093,6.9346404,1.8235294,2018,1.336553,.84021068,.87287599,.62235326,1.3818705,.82066566,.80315316,.58696073,1.0976191,.72751325,.59947091,.41574073
3050401,crystal-palace,873,2,fc-fulham,931,0,20.666666,0,7.0555553,0,19.045752,0,6.6078429,0,2018,.98574221,.60468787,1.0268956,.7902649,.92829609,.51338667,.99908757,.81719214,.91666669,.5300926,1.0367725,.63518518
3050402,fc-everton,29,1,wolverhampton-wanderers,543,3,1.3333334,0,.3888889,0,9.1699343,.54248369,3.6535947,.13071896,2018,1.0511565,.76193678,.77936763,.74356514,1.0315801,.7136116,.79211032,.72988617,.71466047,.47724867,1.1579365,1.0333333
3050403,leicester-city,1003,0,manchester-united,985,1,12.611111,0,4.4444447,0,14.437908,31.346405,5.4117646,17.712418,2018,.88377786,.57797873,1.0952666,.88034075,.89860654,.61206138,1.060726,.83452219,1.0445768,.66018516,.94140214,.82407409
3050404,manchester-city,281,3,fc-arsenal,11,1,36.611111,0,27.777779,0,19.38562,14.614379,14.705882,8.1699343,2018,1.5803657,1.2642626,1.2419636,.77134979,1.6186327,1.2959923,1.2819604,.75967306,1.7885803,1.5564815,1.2274691,.90092593
3050405,tottenham-hotspur,148,1,newcastle-united,762,0,77.333336,13.5,45.055557,4.2777777,33.803921,6.0392156,20.529411,2.137255,2018,.76380438,.66219419,.98816764,.63905245,.71395993,.63681728,.89720219,.5977636,.57976192,.46230158,.84722221,.58333331
3050406,west-ham-united,379,1,fc-liverpool,31,1,4,42.444443,2.4444444,23.388889,13.026144,15.196078,4.2352943,8.3660135,2018,.93993306,.83578146,1.7339455,1.2369704,.97428018,.67548704,1.8341445,1.2529342,1.0117725,.93703705,1.8501322,1.0907408
3050407,brighton-amp-hove-albion,1237,1,fc-burnley,1132,3,17.888889,38.277779,4.3333335,12,9.653595,17.542484,2.3921568,5.9150329,2018,1.0390716,.90781045,.73867661,.41262558,1.1228944,.94745868,.78227514,.41718975,1.3935186,.86944443,.75277776,.3287037
3050408,crystal-palace,873,1,west-ham-united,379,1,20.055555,4,6.8888888,2.4444444,24.784313,13.522876,8.4052286,4.359477,2018,1.0422983,.68151951,.89091349,.81494814,1.10323,.73560894,.97764719,.66159815,1.375,.80787039,.96547621,.82592595
3050409,fc-fulham,931,0,manchester-united,985,3,0,0,0,0,0,37.326797,0,21.254902,2018,1.0797906,.82971984,1.0853862,.83179766,1.0634815,.88579482,1.0611603,.80489254,1.0701058,.7185185,.92288357,.74074072
3050410,huddersfield-town,1110,1,fc-arsenal,11,2,0,0,0,0,5.973856,8.7647057,1.248366,4.4771242,2018,.73382717,.53482199,.91968149,.64969116,.59237474,.46434167,.91382307,.60373873,.44669312,.36018518,.78875661,.49616402
3050411,fc-liverpool,31,3,afc-bournemouth,989,0,48.666668,47.611111,26.833334,14.055555,22.039215,17.078432,12.287581,5.0980392,2018,1.7051034,1.2844085,.74530315,.4694775,1.7321146,1.2367306,.83876866,.5760141,1.5813493,.97777778,.76679891,.66203701
3050412,manchester-city,281,6,fc-chelsea,631,0,37.777779,0,28.888889,0,19.849672,12.816994,15.156863,7.4967322,2018,1.5654083,1.2713851,1.2106271,.77693903,1.6112252,1.3089552,1.2555478,.75122124,1.7746913,1.5287037,.96798944,.69047618
3050413,fc-southampton,180,1,cardiff-city,603,2,0,0,0,0,18.986929,.084967323,5.6601305,.026143791,2018,.80314392,.50448769,1.084986,.79635268,.82569432,.43990499,1.3083273,.97985208,.78333336,.57037038,2.1509259,1.2962962
3050414,tottenham-hotspur,148,3,leicester-city,1003,1,65.222221,11.611111,38.5,4.1666665,23.169935,14.810457,14.372549,5.8169932,2018,.71330738,.58609188,.92878449,.59672874,.63365692,.53425318,.95801079,.64178598,.5723545,.4132275,1.053836,.66018516
3050415,fc-watford,1010,1,fc-everton,29,0,6.8333335,1.3333334,1.8888888,.3888889,13.254902,7.3660131,3.862745,2.8758171,2018,1.0812868,.76024407,1.0213835,.69108242,.84780622,.61084366,1.0337744,.68351901,.64907408,.39444444,.71743828,.43558201
3050416,wolverhampton-wanderers,543,1,newcastle-united,762,1,0,16.444445,0,5.2777777,.54248369,8.3529415,.13071896,3.006536,2018,.79047877,.75467622,1.0610071,.63825881,.80322146,.74099725,.98331326,.63865864,1.1718254,1.0472223,.86764705,.58823532
3050417,brighton-amp-hove-albion,1237,1,fc-arsenal,11,1,19.833334,0,4.6666665,0,10.183006,12.594771,2.3398693,6.6928105,2018,1.1250435,.82716155,1.2301383,.79428554,1.333654,.93432742,1.2830626,.8014276,.81944442,.48981482,1.0966491,.94259262
3050418,fc-burnley,1132,1,fc-everton,29,5,43.611111,2.2222223,13.5,.72222221,21.346405,12.797385,6.8758168,4.8954248,2018,.88456291,.47025546,.99678731,.72723299,.93913138,.55453545,.96400762,.69524461,.72500002,.4212963,.75700486,.49141768
3050419,crystal-palace,873,0,cardiff-city,603,0,17.833334,0,5.9444447,0,19.830065,.0065359478,6.6666665,0,2018,.84447974,.6168313,.90700233,.7732414,.93827361,.71222931,1.1631151,1.0115981,1.2892157,.71568626,1.8101852,1.1296296
3050420,fc-fulham,931,1,wolverhampton-wanderers,543,1,0,0,0,0,0,.54248369,0,.13071896,2018,1.0741062,.7397539,.77558714,.687163,1.1194543,.8372274,.80500209,.67909253,1.0006614,.63981479,1.1486772,1.0194445
3050421,leicester-city,1003,2,manchester-city,281,1,7.1111112,33.888889,2.7222223,25.944445,19.647058,17.738562,7.7908497,13.496732,2018,.80130035,.57233584,1.3594905,1.1987239,.80513197,.64107376,1.3973364,1.2276453,.9546296,.69907409,1.5506173,1.4870371
3050422,fc-liverpool,31,4,newcastle-united,762,0,48.777779,16.666666,26.611111,5.4444447,23.555555,9.7058821,12.843137,3.359477,2018,1.5965929,1.1799598,1.1973352,.72097367,1.6572796,1.1858748,1.1054032,.7201401,1.6119047,1.0518519,1.0601852,.6574074
3050423,manchester-united,985,3,huddersfield-town,1110,1,0,19.277779,0,4.3333335,28.058823,8.6078434,15.777778,1.9281045,2018,.74407494,.68965036,.75842983,.50527811,.66566044,.62493193,.6868813,.42329228,.64722222,.72777778,.5,.31481481
3050424,fc-southampton,180,1,west-ham-united,379,2,0,0,0,0,9.7581701,12.801471,2.6666667,4.4117646,2018,.90247315,.58174163,.87166744,.79278827,.79155928,.43921056,.88176674,.66760248,.73042327,.62777776,.98725492,.98039216
3050425,tottenham-hotspur,148,5,afc-bournemouth,989,0,72.555557,56.611111,42.5,16.666666,29.849672,24.810457,18.346405,7.5098038,2018,1.0406033,.74767703,1.0481305,.76431626,1.0416156,.73020631,1.2195446,.69431216,1.0492064,.62619048,1.0101852,.77777779
3050426,fc-watford,1010,1,fc-chelsea,631,2,6.3888888,0,1.7777778,0,14.183006,18.980392,4.4052286,10.30719,2018,.9489935,.60946065,1.096963,.9055295,.79225063,.55314964,1.0749941,.84366488,.66203701,.37777779,.81984127,.61640209
3050427,fc-arsenal,11,2,fc-southampton,180,0,0,0,0,0,16.039215,15.111111,9.2483664,4.3071895,2018,1.2043535,.91776675,.80743802,.54025418,1.2520689,.92413014,.77047116,.44337723,1.1502205,1.0489419,.82764548,.6240741
3050428,afc-bournemouth,989,1,wolverhampton-wanderers,543,1,47.222221,0,13.888889,0,17.359478,.54248369,5.2875819,.13071896,2018,.7417419,.52833992,.79047877,.75467622,.85680616,.64248234,.80322146,.74099725,.74365079,.69907409,1.1718254,1.0472223
3050429,fc-burnley,1132,2,tottenham-hotspur,148,1,38.5,78.888885,12.055555,46,16.705883,33.281044,5.4836602,20.137255,2018,.83044356,.49581763,1.0707941,.73904955,.88366401,.5973044,1.0632002,.74062783,.79907405,.4675926,1.090873,.65211642
3050430,cardiff-city,603,1,fc-watford,1010,5,0,6.6111112,0,1.8888888,.084967323,13.986928,.026143791,4.3267975,2018,1.1423798,.88315827,1.0898471,.77707613,1.3777717,1.0951298,.87604696,.64179599,2.2898147,1.4074074,.81944442,.48888889
3050431,fc-chelsea,631,3,brighton-amp-hove-albion,1237,0,0,20.166666,0,4.8333335,9.6928101,11.771242,5.5947714,2.9477124,2018,1.2042677,.74545759,1.1905564,.73899937,1.2385542,.73786145,1.4071977,.86210817,.96243387,.66825396,1.3194444,.69722223
3050432,fc-everton,29,0,manchester-city,281,2,1.3333334,35.888889,.3888889,27.222221,8.3529415,20.686274,3.0980392,15.522876,2018,.97522146,.66672343,1.5654083,1.2713851,.97240907,.65360451,1.6112252,1.3089552,.66805553,.40383598,1.7746913,1.5287037
3050433,leicester-city,1003,1,crystal-palace,873,4,11.444445,19.611111,4,6.5,9.9019604,20.803921,3.7189543,7.2156863,2018,.94765717,.61964542,1.0131485,.62841958,.98111141,.67105609,1.1446228,.76662743,1.0677248,.66018516,1.3981482,.86342591
3050434,manchester-united,985,0,fc-liverpool,31,0,0,48.666668,0,26.833334,27.464052,21.725491,15.594771,12.104575,2018,1.0657444,.81723052,1.6472331,1.2896996,1.0441468,.75753206,1.7159108,1.2853416,.86177248,.82407409,1.6044973,1.0379629
3050435,newcastle-united,762,2,huddersfield-town,1110,0,14.555555,0,4.7777777,0,8.1372547,9.4575167,2.9477124,2.143791,2018,1.0280641,.61477995,.789666,.55049038,.91170835,.59699196,.71797603,.51000202,.83823532,.58823532,.51058203,.30000001
3050436,west-ham-united,379,3,fc-fulham,931,1,7.2777777,0,4.6666665,0,16.522877,0,5.8496733,0,2018,1.0072877,.95032394,.99189025,.75804943,1.0625237,.72160292,.9652034,.77451837,1.1136243,.98333335,1.0089947,.60740739
3050437,fc-arsenal,11,5,afc-bournemouth,989,1,0,47.444443,0,13.944445,15.738562,17.30719,8.9346409,5.2287583,2018,1.1748801,.86018354,.64396411,.52926588,1.2394921,.88025391,.81315535,.65637124,1.1335537,.9739418,.78333336,.7824074
3050438,cardiff-city,603,0,fc-everton,29,3,0,1.3333334,0,.3888889,.09150327,9,.026143791,3.3529413,2018,1.0768281,.80919629,1.0592735,.64312851,1.2874417,.98798704,1.0416334,.63865125,2.0731483,1.2037038,.72722089,.43427482
3050439,huddersfield-town,1110,1,wolverhampton-wanderers,543,0,0,0,0,0,7.3137255,.54248369,1.6470588,.13071896,2018,.80376214,.55380994,.79047877,.75467622,.73868906,.50216222,.80322146,.74099725,.53835976,.35555556,1.1718254,1.0472223
3050440,leicester-city,1003,2,brighton-amp-hove-albion,1237,1,0,17,0,3.8888888,13.496732,8.5163403,5.1437907,1.9542483,2018,.94230962,.63353425,1.1152124,.93250185,.97000033,.67502433,1.1870919,.95015931,1.053836,.66018516,1.4351852,.91388887
3050441,crystal-palace,873,1,manchester-united,985,3,20.222221,0,6.8333335,0,22.48366,16.90196,7.2810459,10.03268,2018,1.0037903,.62224674,.98284304,.74525911,1.1279562,.75075442,.99630725,.71933758,1.3703704,.80787039,.82711643,.77592593
3050442,fc-chelsea,631,2,tottenham-hotspur,148,0,0,77.944443,0,45.611111,12.830066,34.104576,7.2679739,20.973856,2018,1.336553,.84021068,1.08144,.78692967,1.3818705,.82066566,1.0730453,.75184578,1.0976191,.72751325,1.0779101,.65211642
3050443,newcastle-united,762,2,fc-burnley,1132,0,18.055555,36.888889,5.7222223,11.777778,12.117647,15.803922,4.0326796,5.3921571,2018,1.0867062,.63158667,.85114074,.53325075,.97343677,.61732602,.90530902,.64275897,.83823532,.55882353,.85462964,.52314812
3050444,fc-southampton,180,2,fc-fulham,931,0,0,0,0,0,16.627451,0,4.9542484,0,2018,.86038297,.57624692,.98063296,.71581417,.86705232,.48504388,.94613451,.69876081,.76746035,.56111109,1.0284392,.54351854
3050445,fc-liverpool,31,5,fc-watford,1010,0,43.222221,6.4444447,23.888889,1.7777778,16.941177,13.052288,9.4771242,3.9215686,2018,1.4422066,1.0793821,1.1135048,.77360392,1.5585034,1.1242305,.89919508,.62592298,1.3544973,.87129629,.8287037,.48888889
3050446,manchester-city,281,1,west-ham-united,379,0,30.611111,7.2777777,23.555555,4.6666665,15.699347,12.156863,11.816994,4.4575162,2018,1.3504225,1.1984739,.88637269,.74357796,1.3906344,1.2299601,.89153612,.57252884,1.5333333,1.4731481,.93306881,.77037036
3050447,afc-bournemouth,989,0,manchester-city,281,1,47.444443,33.944443,13.944445,25.888889,17.30719,15.96732,5.2287583,12.418301,2018,.64396411,.52926588,1.6159008,1.2850966,.81315535,.65637124,1.6578302,1.3202379,.78333336,.7824074,1.7861111,1.5425926
3050448,brighton-amp-hove-albion,1237,1,huddersfield-town,1110,0,18.888889,0,4.5555553,0,9.9477119,6.8888888,2.5228758,1.5424837,2018,1.1753447,.71981943,.72536612,.51445323,1.4151342,.85417169,.68433559,.49851865,1.3194444,.69722223,.45238096,.35686275
3050449,fc-burnley,1132,1,crystal-palace,873,3,38.5,19.5,12.055555,6.7777777,16.705883,19.941177,5.4836602,6.7450981,2018,.83044356,.49581763,.99386954,.6200245,.88366401,.5973044,1.1233265,.7461248,.79907405,.4675926,1.3703704,.80787039
3050450,fc-everton,29,0,fc-liverpool,31,0,1.3333334,48.666668,.3888889,26.833334,10.980392,21.725491,4.1830068,12.104575,2018,.98070389,.63874143,1.6472331,1.2896996,.96672726,.63782167,1.7159108,1.2853416,.66805553,.40383598,1.6044973,1.0379629
3050451,fc-fulham,931,1,fc-chelsea,631,2,0,0,0,0,0,11.633986,0,6.7712417,2018,1.0020754,.77381343,1.2946218,.8102724,.98905301,.80193543,1.3111033,.77436936,1.0367725,.60740739,1.0087302,.69417989
3050452,manchester-united,985,3,fc-southampton,180,2,0,0,0,0,13.568627,14.039216,8.1176472,3.9542484,2018,1.0322257,.759148,.81361085,.53628594,1.0456899,.73322648,.82047111,.45032167,.80859786,.74629629,.78597885,.5796296
3050453,tottenham-hotspur,148,1,fc-arsenal,11,1,81.388885,0,47.611111,0,39.071896,16.777779,24.039215,9.4117651,2018,1.0838389,.78970742,1.195515,.88970143,1.0786009,.75343311,1.2466558,.92214602,1.1001322,.6632275,1.1502205,1.0489419
3050454,fc-watford,1010,2,leicester-city,1003,1,7.1666665,0,2,0,17.915033,10.09804,5.4379086,3.6078432,2018,1.118189,.77360392,.830477,.58492315,.90150988,.62460023,.913122,.63967085,.79166669,.47037038,.93809521,.58611113
3050455,west-ham-united,379,2,newcastle-united,762,0,3.2777777,18.055555,2.2222223,5.7222223,11.875817,10.30719,3.856209,3.4248366,2018,1.0553204,1.0412554,1.1440046,.66200995,1.1123974,.84050024,1.0771405,.66670877,1.2941799,1.1777778,1.0539216,.68627453
3050456,wolverhampton-wanderers,543,2,cardiff-city,603,0,0,0,0,0,.54248369,.098039217,.13071896,.026143791,2018,.79047877,.75467622,1.0007684,.65629792,.80322146,.74099725,1.1500342,.72341269,1.1718254,1.0472223,1.9611111,.98148149
3050457,fc-arsenal,11,2,manchester-united,985,0,0,0,0,0,19.59477,22.647058,10.843137,13.366014,2018,1.2399548,.78630698,1.0583149,.66579598,1.2685225,.79430509,1.063022,.66043031,1.1401676,.97037035,1.0429894,.80185187
3050458,cardiff-city,603,2,west-ham-united,379,0,0,3.2777777,0,2.2222223,.09150327,11.803922,.026143791,3.8496733,2018,1.0860375,.80401874,.93746728,.94809389,1.2745972,.95465368,.98531926,.74288261,1.9611111,1.1851852,1.1056023,1.0117648
3050459,fc-chelsea,631,1,wolverhampton-wanderers,543,1,0,0,0,0,12.176471,0,7.1045752,0,2018,1.2946218,.8102724,.80246133,.75120401,1.3111033,.77436936,.81556714,.73482442,1.0087302,.69417989,1.1718254,1.0287037
3050460,crystal-palace,873,1,brighton-amp-hove-albion,1237,2,19.111111,19.555555,6.7222223,4.7222223,19.026144,10.405229,6.4248366,2.6601307,2018,.99386954,.6200245,1.0199744,.71981943,1.1233265,.7461248,1.0889437,.81435686,1.3703704,.80787039,1.2546296,.69166666
3050461,huddersfield-town,1110,0,afc-bournemouth,989,2,0,40.055557,0,11.666667,5.6601305,12.418301,1.3006536,3.6928105,2018,.83215737,.61757725,.89896542,.61125356,.74005455,.55912316,.96671474,.64649469,.48065478,.37916666,.8871693,.7175926
3050462,leicester-city,1003,3,fc-fulham,931,1,0,0,0,0,13.496732,0,5.1437907,0,2018,.94230962,.63353425,1.0020754,.77381343,.97000033,.67502433,.98905301,.80193543,1.053836,.66018516,1.0367725,.60740739
3050463,fc-liverpool,31,4,fc-burnley,1132,2,48.166668,38.5,26.555555,12.055555,21.849672,16.705883,12.124183,5.4836602,2018,1.6127545,1.2042654,.83044356,.49581763,1.6749564,1.2167389,.88366401,.5973044,1.6230159,1.0518519,.79907405,.4675926
3050464,manchester-city,281,3,fc-watford,1010,1,27.555555,5.8888888,21.055555,1.6111112,16.418301,15.738562,12.418301,4.7581701,2018,1.5367259,1.1024276,1.1151693,.72605097,1.5772583,1.1454693,.89996672,.62711346,1.6395062,1.2787037,.64814812,.32222223
3050465,newcastle-united,762,3,fc-everton,29,2,22.277779,1.3333334,7.1111112,.3888889,13.169934,7.7058825,4.3660131,2.9084966,2018,.99717951,.6313144,1.0052202,.62390983,.84056038,.60779446,1.0256882,.61693406,.70588237,.5,.76333201,.44538593
3050466,fc-southampton,180,2,tottenham-hotspur,148,1,0,85.277779,0,49.777779,17.503267,41.084969,5.2679739,25.418301,2018,.68855631,.4814066,1.2358918,.86321062,.65738153,.37485871,1.2548635,.90551156,.48505291,.30185184,1.2186508,.85119045
3050475,afc-bournemouth,989,2,newcastle-united,762,2,34.555557,20.611111,10.222222,6.5555553,10.326797,13.359477,3.2549019,4.4379086,2018,.89966285,.58347577,1.040159,.6871345,.95336699,.59332013,.98756212,.69313395,.86865079,.68055558,.93627453,.65686274
3050476,brighton-amp-hove-albion,1237,0,cardiff-city,603,2,21.444445,.55555558,5.1666665,.16666667,11.941176,.11764706,2.8300653,.026143791,2018,1.2712971,.94991803,1.0268841,.75504214,1.4433529,1.0217643,1.2866642,.98150551,1.5185186,.96018517,1.85,1.1574074
3050477,fc-burnley,1132,1,leicester-city,1003,2,38.5,0,12.055555,0,16.705883,13.496732,5.4836602,5.1437907,2018,.83044356,.49581763,.94230962,.63353425,.88366401,.5973044,.97000033,.67502433,.79907405,.4675926,1.053836,.66018516
3050478,fc-everton,29,2,fc-chelsea,631,0,1.3333334,0,.3888889,0,10.084968,12.830066,4.019608,7.2679739,2018,1.0887855,.74641007,1.336553,.84021068,1.0891802,.72010869,1.3818705,.82066566,.79110974,.50094151,1.0976191,.72751325
3050479,fc-fulham,931,1,fc-liverpool,31,2,0,54.333332,0,29.944445,0,26.758169,0,14.908497,2018,1.0483869,.82242864,1.5169052,1.1152929,1.0313655,.85254568,1.5914288,1.158574,1.0784391,.64907408,1.5378307,.97129631
3050480,manchester-united,985,0,manchester-city,281,2,0,29.833334,0,22.666666,30.137255,18.470589,17.078432,13.803922,2018,1.1214472,.87873244,1.5620881,1.1315281,1.1127133,.85581845,1.6105918,1.1832186,.97380954,.93518519,1.6950617,1.3064815
3050481,tottenham-hotspur,148,2,crystal-palace,873,0,82.944443,19.5,49.055557,6.7777777,35.398693,19.326797,21.640522,6.5947714,2018,1.0631447,.7517491,.99386954,.6200245,1.0869155,.76872611,1.1233265,.7461248,1.116799,.74007934,1.3703704,.80787039
3050482,fc-watford,1010,1,fc-southampton,180,1,7.2222223,0,2.0555556,0,11.313725,20.816994,3.6078432,6.4509802,2018,.84019893,.65163523,.76828218,.51825625,.72771645,.52013296,.64230216,.37086841,.7046296,.38518518,.42579365,.27962962
3050483,west-ham-united,379,4,huddersfield-town,1110,3,7.2777777,0,4.6666665,0,12.143791,5.4248366,4.1176472,1.137255,2018,1.1062489,1.1328979,.70697916,.55169523,1.1729307,.89439774,.6552158,.5518983,1.3408964,1.2470589,.44940478,.34791666
3050484,wolverhampton-wanderers,543,3,fc-arsenal,11,1,0,0,0,0,.54248369,16.464052,.13071896,8.8692808,2018,.79047877,.75467622,.97301245,.7329253,.80322146,.74099725,1.0150678,.78720802,1.1718254,1.0472223,.86349207,.79708993
3050485,fc-arsenal,11,2,newcastle-united,762,0,0,18.666666,0,5.8888888,14.372549,12.274509,7.7973857,4.0653596,2018,1.2955722,.90226012,1.0287427,.64275616,1.3357884,.90806776,.93280023,.65100431,1.1242945,.96838623,.88235295,.58823532
3050486,brighton-amp-hove-albion,1237,0,fc-southampton,180,1,19.555555,0,4.7222223,0,10.405229,14.503268,2.6601307,4.1045752,2018,1.0199744,.71981943,.909922,.58968693,1.0889437,.81435686,.82655579,.4622044,1.2546296,.69166666,.69338626,.53518516
3050487,fc-burnley,1132,2,wolverhampton-wanderers,543,0,39.833332,0,12.666667,0,19.392157,0,6.5098038,0,2018,.77810866,.50118381,.80246133,.75120401,.8439815,.62508219,.81556714,.73482442,.77129632,.4861111,1.1718254,1.0287037
3050488,cardiff-city,603,1,fc-chelsea,631,2,.55555558,0,.16666667,0,.16993465,13.738562,.045751635,8.3529415,2018,1.0160375,.78744954,1.336553,.84021068,1.23174,.99770921,1.3818705,.82066566,1.7805556,1.1574074,1.0976191,.72751325
3050489,crystal-palace,873,2,huddersfield-town,1110,0,19.5,0,6.7777777,0,19.941177,3.9019608,6.7450981,.89542484,2018,.99386954,.6200245,.62862712,.53197587,1.1233265,.7461248,.54648787,.51762247,1.3703704,.80787039,.34002978,.33750001
3050490,fc-fulham,931,0,manchester-city,281,2,0,37.777779,0,28.888889,0,19.954248,0,15.235294,2018,.93528247,.73755211,1.5654083,1.2713851,.92018962,.75902718,1.6112252,1.3089552,.94603175,.64074075,1.7746913,1.5287037
3050491,leicester-city,1003,2,afc-bournemouth,989,0,0,44,0,13,11.169934,15.006536,4.2745099,4.6143789,2018,.92237341,.59844655,.94199091,.62719017,.96074104,.64169103,1.0419914,.65108025,1.0306878,.60462964,.91031748,.68518519
3050492,fc-liverpool,31,2,tottenham-hotspur,148,1,50.277779,80.722221,27.555555,47.722221,23.071896,38.098038,12.653595,23.803921,2018,1.5367866,1.2406799,1.1677262,.79950041,1.6407684,1.2600892,1.1671013,.80022794,1.5906085,1.0101852,1.1630952,.76507938
3050493,manchester-united,985,2,fc-watford,1010,1,0,7.1666665,0,1.9444444,33.777779,17.79085,18.967319,5.359477,2018,.95309705,.77202666,1.1460886,.76431328,.90338796,.73566175,.94963002,.61623085,.90502644,.8611111,.80555558,.43333334
3050494,west-ham-united,379,0,fc-everton,29,2,4,1.3333334,2.4444444,.3888889,15.339869,12.941176,4.8888888,5.1241832,2018,.99221379,.95477837,1.0595458,.73724258,1.0610026,.74110007,1.0630132,.71535522,1.202661,1.0852941,.75910497,.49113756
3050495,afc-bournemouth,989,1,fc-burnley,1132,3,43.5,39.5,12.833333,12.333333,15.732026,19.601307,4.7516341,6.3660131,2018,.91407067,.5802325,.7762568,.50982058,1.0062771,.6272707,.85138887,.63742787,.91031748,.68518519,.78981483,.52314812
3050496,fc-chelsea,631,2,west-ham-united,379,0,0,3.2777777,0,2.2222223,11.607843,10.725491,6.6797385,3.4705882,2018,1.2946218,.8102724,.98117518,.9883188,1.3111033,.77436936,1.0647105,.82621592,1.0087302,.69417989,1.3114846,1.227451
3050497,fc-everton,29,1,fc-arsenal,11,0,1.3333334,0,.3888889,0,11.156863,13.941176,4.3660131,7.640523,2018,1.0459876,.75614691,1.1423734,.91188014,1.0344638,.7084108,1.1726829,.88660312,.74799383,.49113756,.99466491,.94616401
3050498,huddersfield-town,1110,1,leicester-city,1003,4,0,0,0,0,7.2875819,11.444445,1.7385621,4.3333335,2018,.79168564,.55367553,.90346581,.58733547,.77280402,.56288666,.91907442,.61391324,.56613755,.37407407,.99365079,.58611113
3050499,manchester-city,281,2,cardiff-city,603,0,33.277779,.55555558,25.555555,.16666667,15.660131,.11111111,12.274509,.026143791,2018,1.3357075,1.2188598,.98265749,.79555142,1.410844,1.2850578,1.2386844,1.0370611,1.5376543,1.5009259,1.7944444,1.212963
3050500,newcastle-united,762,0,crystal-palace,873,1,18,19.5,5.6666665,6.7777777,8.8169937,19.156862,2.8954248,6.5751634,2018,1.0193996,.65704966,.97390109,.58296716,.92310005,.64973342,1.1232281,.68707329,.94117647,.67647058,1.4215686,.82598037
3050501,fc-southampton,180,1,fc-liverpool,31,3,0,51.222221,0,28,17.986929,25.633987,5.346405,13.843137,2018,.74270898,.48669758,1.4699274,1.1786916,.75182599,.3887476,1.5700613,1.2095841,.52671957,.2462963,1.5906085,1.0101852
3050502,tottenham-hotspur,148,1,brighton-amp-hove-albion,1237,0,78.888885,14.611111,46.222221,3.6111112,33.33987,6.2614379,20.418301,1.5686275,2018,1.0234499,.75991708,1.125271,.80742061,.98495841,.76795006,1.3142524,.88171798,.75476193,.7558201,1.5046296,.93425924
3050503,fc-watford,1010,4,fc-fulham,931,1,7.6666665,0,2.1111112,0,14.392157,0,4.2418299,0,2018,1.1083701,.78289795,.91480577,.74210459,.90487689,.61755359,.93144685,.8077451,.81944442,.45185184,.99140209,.7027778
3050504,wolverhampton-wanderers,543,2,manchester-united,985,1,0,0,0,0,.54248369,30,.13071896,17,2018,.79047877,.75467622,.83746248,.65397108,.80322146,.74099725,.80398321,.62732846,1.1718254,1.0472223,.76613754,.76111114
3050513,brighton-amp-hove-albion,1237,0,afc-bournemouth,989,5,16.555555,49.5,4.0555553,14.666667,8.1372547,19.882353,2.0392158,5.9411764,2018,1.2571748,.77537501,.93857211,.54451823,1.4768226,.9199124,1.02215,.59254849,1.4027778,.71944445,.89642859,.64814812
3050514,fc-burnley,1132,2,cardiff-city,603,0,39.5,.55555558,12.333333,.16666667,19.601307,.16993465,6.3660131,.045751635,2018,.7762568,.50982058,1.0104352,.81406993,.85138887,.63742787,1.2277718,1.0423521,.78981483,.52314812,1.8083333,1.212963
3050515,crystal-palace,873,1,manchester-city,281,3,18.888889,32.166668,6.5,24.333334,20.843138,16.973856,6.8104577,12.607843,2018,1.0741165,.71129435,1.5383366,1.2212244,1.1280162,.75306922,1.5834475,1.258243,1.3842592,.80787039,1.7274691,1.4870371
3050516,fc-fulham,931,2,fc-everton,29,0,0,1.3333334,0,.3888889,0,12.941176,0,5.1241832,2018,.87313908,.70701689,1.0595458,.73724258,.88599229,.77239156,1.0630132,.71535522,.94973546,.68888891,.75910497,.49113756
3050517,leicester-city,1003,0,newcastle-united,762,1,.83333331,18.611111,.55555558,5.9444447,19.450981,12.019608,7.6143789,3.9803922,2018,.93459356,.65806317,1.061185,.68158066,.95492095,.71476793,.96198893,.65960997,1.0630952,.73425925,.97058821,.67647058
3050518,fc-liverpool,31,2,fc-chelsea,631,0,49.388889,0,27.166666,0,23.542484,11.607843,12.921569,6.6797385,2018,1.5886143,1.2264041,1.2946218,.8102724,1.6633013,1.2247356,1.3111033,.77436936,1.6322751,1.0518519,1.0087302,.69417989
3050519,manchester-united,985,2,west-ham-united,379,1,0,4,0,2.4444444,24.797386,12.039216,14.150327,3.856209,2018,1.1904516,.71574962,.79110944,.68490529,1.1643007,.69086117,.7952866,.54909176,1.1383598,.85740739,.85560226,.74705881
3050520,fc-southampton,180,3,wolverhampton-wanderers,543,1,0,0,0,0,17.503267,.54248369,5.2679739,.13071896,2018,.77489591,.50802696,.79047877,.75467622,.65420693,.35958093,.80322146,.74099725,.44801587,.2574074,1.1718254,1.0472223
3050521,tottenham-hotspur,148,4,huddersfield-town,1110,0,67.777779,0,40,0,24.895424,9.3137255,15.509804,2.2549019,2018,.68695694,.57537764,.72918564,.52892804,.62456048,.55485761,.70243371,.52955329,.56309521,.4595238,.42724869,.33703703
3050522,fc-watford,1010,0,fc-arsenal,11,1,6.3333335,0,1.7222222,0,12.196078,19.973856,3.7712419,11.09804,2018,1.1150489,.65607744,1.1494833,.79413265,.89598566,.52951938,1.2214586,.84709263,.66203701,.32407406,1.1236331,1.0156084
3050523,fc-arsenal,11,2,crystal-palace,873,3,0,19.111111,0,6.4444447,13.267974,20.450981,7.2091503,6.4967322,2018,1.1944263,.70008361,1.0562594,.68720078,1.290903,.74944949,1.1240989,.74381,1.0217813,.71838623,1.3842592,.80787039
3050524,afc-bournemouth,989,0,fc-fulham,931,1,40.555557,0,12,0,12.522876,0,3.8692811,0,2018,.98902106,.52980262,.87824905,.64742136,1.0718133,.53646386,.87420779,.70333993,.9797619,.55092591,.91269839,.56851852
3050525,cardiff-city,603,0,fc-liverpool,31,2,0,46.555557,0,25.666666,0,21.333334,0,11.725491,2018,.98265749,.79555142,1.5686947,1.2166001,1.2386844,1.0370611,1.6444267,1.2146345,1.7944444,1.212963,1.6044973,1.0379629
3050526,fc-chelsea,631,2,fc-burnley,1132,2,0,39.5,0,12.333333,12.163399,19.601307,6.8954248,6.3660131,2018,1.2438377,.76438117,.7762568,.50982058,1.2132196,.68861437,.85138887,.63742787,.87354499,.55714285,.78981483,.52314812
3050527,fc-everton,29,4,manchester-united,985,0,1.3333334,0,.3888889,0,11.091503,28.124184,4.3071895,16.215687,2018,1.0063524,.64974254,1.1305381,.87106049,1.021579,.64822561,1.1256763,.85211474,.71743828,.43558201,.97380954,.93518519
3050528,huddersfield-town,1110,1,fc-watford,1010,2,0,6.3333335,0,1.6666666,8.0065355,9.1307192,1.8562092,2.9084966,2018,.78923577,.56418586,.83862066,.60996854,.75943959,.57246822,.72771645,.48838693,.5847339,.39607844,.58425927,.30185184
3050529,manchester-city,281,1,tottenham-hotspur,148,0,36.5,74.388885,27.777779,43.388889,18.555555,26.222221,14.019608,15.888889,2018,1.6203026,1.2870176,1.030551,.71898144,1.6781445,1.3291572,.99583638,.76367652,1.7978395,1.5703703,.76587301,.7558201
3050530,newcastle-united,762,3,fc-southampton,180,1,18.611111,0,5.9444447,0,12.019608,23.235294,3.9803922,7.2549019,2018,1.061185,.68158066,.79746282,.53677475,.96198893,.65960997,.67501825,.39170173,.97058821,.67647058,.4813492,.3351852
3050531,west-ham-united,379,2,leicester-city,1003,2,4,.83333331,2.4444444,.55555558,9.9411764,20.078432,3.1764705,7.8496733,2018,.86302686,.83564538,.93459356,.65806317,.93224436,.77446526,.95492095,.71476793,1.1245098,1.0196079,1.0630952,.73425925
3050532,wolverhampton-wanderers,543,0,brighton-amp-hove-albion,1237,0,0,20.777779,0,4.9444447,.54248369,12.614379,.13071896,3.1307189,2018,.79047877,.75467622,1.2712971,.94991803,.80322146,.74099725,1.4433529,1.0217643,1.1718254,1.0472223,1.5185186,.96018517
3050533,brighton-amp-hove-albion,1237,1,newcastle-united,762,1,20.277779,18.555555,5.1111112,5.9444447,12.267974,10.803922,3.143791,3.6601307,2018,1.1722231,.81715971,1.0306735,.71814698,1.3951098,.92860651,.90489018,.65285617,1.0046296,.60833335,.90277779,.66666669
3050534,fc-burnley,1132,0,manchester-city,281,1,38.111111,29.055555,11.833333,22,18.124184,16.366013,5.8692808,12.366014,2018,.71743327,.45796871,1.5240996,1.083909,.76408732,.54218978,1.5772583,1.1362101,.70648146,.43981481,1.6589506,1.2509259
3050535,crystal-palace,873,0,fc-everton,29,0,19.111111,1.3333334,6.4444447,.3888889,20,12.248366,6.4052286,4.6797385,2018,1.0562594,.68720078,1.0354918,.71108514,1.1240989,.74381,1.0326902,.66489226,1.3842592,.80787039,.73688269,.48002645
3050536,fc-fulham,931,1,cardiff-city,603,0,0,.55555558,0,.16666667,0,.17647059,0,.045751635,2018,.95976281,.72879392,.88865823,.71254367,.96736157,.7600826,1.0478336,.86534393,1.0321429,.64259261,1.4194444,.92592591
3050537,leicester-city,1003,3,fc-arsenal,11,0,.83333331,0,.55555558,0,11.712419,9.0588236,4.2614379,4.5490198,2018,.80147666,.59964818,1.1847173,.63747078,.88283104,.67436391,1.2476931,.64086366,.9473545,.66018516,.92336863,.57486773
3050538,fc-liverpool,31,5,huddersfield-town,1110,0,47.611111,0,26.222221,0,22.071896,7.6078429,12.084968,1.8366013,2018,1.2368954,.97537947,.71666169,.47424182,1.3407775,1.0154763,.69666475,.45400417,1.2080687,.82499999,.54159665,.38137254
3050539,manchester-united,985,1,fc-chelsea,631,1,0,0,0,0,29.941177,13.568627,17.568628,8,2018,1.0450796,.81349349,1.238008,.80648053,1.0155042,.78405923,1.2698334,.79011011,.74880952,.7185185,.98650795,.70899469
3050540,fc-southampton,180,3,afc-bournemouth,989,3,0,40.611111,0,12.166667,18.679739,13.562092,5.7189541,4.2287583,2018,.75373191,.51841187,.95373964,.49683556,.62457728,.37285253,.97729677,.50709879,.41097882,.29444444,.87791008,.60648149
3050541,tottenham-hotspur,148,0,west-ham-united,379,1,72.388885,4,42.555557,2.4444444,23.764706,8.5359478,14.562092,2.6535947,2018,1.0323784,.75991708,.96498764,.85427284,.99614167,.76795006,1.0596954,.77306467,.75476193,.7558201,1.1644257,1.0019608
3050542,fc-watford,1010,1,wolverhampton-wanderers,543,2,7.2222223,0,1.9444444,0,12.830066,.54248369,3.8692811,.13071896,2018,.85072523,.68040508,.79047877,.75467622,.73466086,.53600597,.80322146,.74099725,.68611109,.38518518,1.1718254,1.0472223
3050551,fc-arsenal,11,1,brighton-amp-hove-albion,1237,1,0,19.555555,0,4.6666665,15.287581,9.8888893,8.4509802,2.2810457,2018,1.2369949,.7668829,1.2346996,.92977512,1.3244025,.79183769,1.4297727,1.0071148,1.0455909,.81560844,1.449074,.89722222
3050552,afc-bournemouth,989,1,tottenham-hotspur,148,0,38.111111,75.388885,11.333333,44.611111,10.470589,30.398693,3.2810457,19.058823,2018,.83849043,.47364524,1.050456,.81894487,.9395467,.52408963,.99487901,.81340462,.82941175,.57352942,.76587301,.76970899
3050553,cardiff-city,603,2,crystal-palace,873,3,.55555558,17.611111,.16666667,5.8888888,.17647059,20.091503,.045751635,6.5294118,2018,.94665575,.73432094,.97292602,.6626994,1.1883978,.96364838,1.0288608,.71140254,1.6888889,1.0648148,1.3774509,.67892158
3050554,fc-chelsea,631,3,fc-watford,1010,0,0,7.1111112,0,1.8888888,17.313726,13.588235,10.091503,4.0326796,2018,1.2492875,.81073356,1.1283181,.77086502,1.2830609,.78085089,.89606661,.61765581,.95317459,.68677247,.76944447,.45925927
3050555,fc-everton,29,2,fc-burnley,1132,0,1.3333334,38.166668,.3888889,11.722222,14.895425,16.803921,5.9019608,5.2941175,2018,1.0378066,.71224254,.82859176,.50445443,1.0396346,.68294781,.89107144,.60965008,.75910497,.49113756,.81759262,.50462961
3050556,huddersfield-town,1110,1,manchester-united,985,1,0,0,0,0,7.0588236,17.627451,1.6797385,10.058824,2018,.82582456,.57695675,.84417814,.76682258,.79731834,.58472311,.78085309,.7115919,.62002802,.44019607,.5989418,.67962962
3050557,manchester-city,281,1,leicester-city,1003,0,29.055555,.83333331,22,.55555558,16.366013,14.313725,12.366014,5.1895423,2018,1.5240996,1.083909,.81157768,.60945207,1.5772583,1.1362101,.88415378,.67941439,1.6589506,1.2509259,.9334656,.66018516
3050558,newcastle-united,762,2,fc-liverpool,31,3,19.944445,47.611111,6.5,26.222221,11.732026,20.359478,3.9542484,11.24183,2018,1.0513085,.69546181,1.1792412,.89608657,.93575436,.62693024,1.2998022,.95436525,.94444442,.66666669,1.2136244,.81111109
3050559,west-ham-united,379,3,fc-southampton,180,0,4,0,2.4444444,0,9.9281044,17.581699,3.2287581,5.3333335,2018,.9095186,.78096884,.8714059,.60796118,.96933591,.60498899,.73980367,.46914881,.99187672,.65392154,.65171957,.60925925
3050560,wolverhampton-wanderers,543,1,fc-fulham,931,0,0,0,0,0,0,0,0,0,2018,.76733059,.72689849,.92291772,.646999,.78007329,.72016394,.89963299,.63137889,1.1162698,1.0287037,.9861111,.56481481
3050561,brighton-amp-hove-albion,1237,1,manchester-city,281,4,16.444445,26.111111,4.0555553,19.777779,7.346405,15.052288,1.8300654,11.562092,2018,1.1549758,.85834652,1.5400461,1.2293216,1.3634187,.9161095,1.5852994,1.2665763,1.5342592,.89722222,1.7274691,1.4870371
3050562,fc-burnley,1132,1,fc-arsenal,11,3,39.5,0,12.333333,0,19.601307,13.294118,6.3660131,7.0718956,2018,.85240126,.5426138,1.1673694,.6747964,.90766597,.64298338,1.2166865,.65012288,.85925925,.51851851,.85511464,.57486773
3050563,crystal-palace,873,5,afc-bournemouth,989,3,18.277779,38.222221,6.2222223,11.388889,16.797386,10.542483,5.4117646,3.3006537,2018,.98545325,.63306975,.85809827,.47899282,1.0319473,.70787525,.95915455,.52943724,1.3645834,.84635419,.82941175,.57352942
3050564,fc-fulham,931,0,newcastle-united,762,4,0,19.388889,0,6.2777777,0,10.869281,0,3.6013072,2018,.9352634,.66479135,1.1169029,.66411257,.92278117,.66147149,1.0436668,.63387471,1.0231482,.58333331,1.1342592,.67592591
3050565,leicester-city,1003,0,fc-chelsea,631,0,.83333331,0,.55555558,0,19.444445,11.986928,7.7254901,7.1699347,2018,.92106843,.62125766,1.241344,.76473022,.94293141,.68152958,1.2798864,.7574923,1.0630952,.73425925,.99761903,.67566139
3050566,fc-liverpool,31,2,wolverhampton-wanderers,543,0,47.611111,0,26.222221,0,20.679739,.54248369,11.398693,.13071896,2018,1.1792412,.89608657,.76733059,.72689849,1.2998022,.95436525,.78007329,.72016394,1.2136244,.81111109,1.1162698,1.0287037
3050567,manchester-united,985,0,cardiff-city,603,2,0,.55555558,0,.16666667,18.294117,.17647059,10.202615,.045751635,2018,1.1105689,.78818458,.93673515,.73895061,1.0646093,.74456489,1.1645882,.95094997,1.1175926,.94537038,1.6703703,1.0648148
3050568,fc-southampton,180,1,huddersfield-town,1110,1,0,0,0,0,19.032681,5.7058825,5.7712417,1.3594772,2018,.77456522,.5065071,.86356091,.53835589,.66161436,.36729696,.8397103,.56426281,.43875661,.29444444,.65877974,.46770832
3050569,tottenham-hotspur,148,2,fc-everton,29,2,69.5,0,40.833332,0,24.705883,11.699347,15.176471,4.3921571,2018,.95408744,.82373852,.83238047,.55922151,.92315853,.81614679,.82298249,.51087344,.66031748,.77896827,.54309392,.29617959
3050570,fc-watford,1010,1,west-ham-united,379,4,7.4444447,4,2,2.4444444,14.588235,8.0196075,4.2679739,2.6339869,2018,1.1401025,.75366515,.87337863,.80320591,.93142015,.58924669,.9451232,.68181604,.77870369,.42222223,.98305321,.90392154
3056407,manchester-united,985,2,fc-arsenal,11,2,49.055557,0,28.444445,0,41.150326,9.9934645,23.640522,5.1699347,2018,.92684436,.67832398,1.200484,.67980999,.87500328,.65434366,1.2311155,.66747499,.90132272,.63611114,1.0840828,.72301584
3194817,fc-liverpool,31,4,norwich-city,1123,1,69.166664,0,45.333332,0,35.797386,0,24.705883,0,2019,1.4467599,1.0921199,.95907128,.78155267,1.5959831,1.1041061,1.0389479,.91189599,1.5703703,.97222221,1.5527778,1.3981482
3194818,west-ham-united,379,0,manchester-city,281,5,26.055555,58.722221,11.166667,46.444443,17.61438,33.934639,6.6274509,27.287582,2019,1.0616663,.87669724,1.4781239,1.1541753,1.0529869,.94587141,1.4688295,1.2161388,.99097222,.83730161,1.5072089,1.0861111
3194819,crystal-palace,873,0,fc-everton,29,0,42.222221,24.5,15.055555,9.833333,32.22876,20.777779,10.934641,8.3856211,2019,1.0961611,.7482686,1.0348554,.61176872,1.1166921,.79766315,.97054899,.61235517,1.0138888,.8611111,.97222221,.58333331
3194820,fc-watford,1010,0,brighton-amp-hove-albion,1237,3,34.333332,0,12.055555,0,36.058823,13.888889,11.869281,3.1503267,2019,1.1433477,.83589858,1.3923554,.92344886,1.0053459,.6957562,1.4700905,.77414024,1.249359,.95833331,1.5898148,.68981481
3194821,fc-burnley,1132,3,fc-southampton,180,0,61.444443,14.111111,19.166666,5.0555553,34.130718,29.986929,11.09804,7.8431373,2019,.72677201,.45804331,.76133567,.47510684,.7272948,.39934063,.7745741,.40759301,.9212963,.51851851,1.3111111,.69629627
3194822,afc-bournemouth,989,1,sheffield-united,350,1,70.444443,0,21.722221,0,27.058823,.34640524,8.3921566,.11111111,2019,1.0664531,.73072231,1.2089193,1.0155659,1.2614157,.81349206,1.4451981,1.2075356,1.3148148,.83333331,2.2083333,1.712963
3194823,tottenham-hotspur,148,3,aston-villa,405,1,92.722221,0,54.666668,0,39.947712,.019607844,24.457516,0,2019,.89887923,.64354724,1.0169913,.78078765,.82393134,.55228674,.98027974,.79575115,.7638889,.47222221,1.011552,1.3166667
3194824,newcastle-united,762,0,fc-arsenal,11,1,0,18.111111,0,9.9444447,13.248366,10.411765,4.2287583,5.5163398,2019,.90392494,.83529878,1.3195633,.69042653,.99677932,.90167749,1.3081385,.63923502,.89351851,1.0111111,1.5970588,.84803921
3194825,manchester-united,985,4,fc-chelsea,631,0,11.944445,0,7,0,30.869282,14.980392,16.562092,8.4705887,2019,.90547305,.71640491,.97611976,.70749849,.95684946,.76843715,.96644312,.72371238,1.2178571,.90277779,1.1074075,.75277776
3194826,leicester-city,1003,0,wolverhampton-wanderers,543,0,6.7777777,31.777779,3.4444444,13.333333,19.797386,21.816994,7.5947714,9.1830063,2019,1.0453919,.76823187,.78454858,.64194661,1.0558876,.77729106,.85940701,.65533435,1.4398148,.99074072,1.0787038,.9537037
3219066,newcastle-united,762,1,manchester-united,985,0,0,9.7222223,0,5.6666665,9.6732025,11.601307,3.2418301,6.1633987,2019,.9617272,.70161778,.84675264,.63823038,1.1508197,.82625663,.89443594,.70143467,1.1,.81666666,.95119047,.68148148
3219067,leicester-city,1003,5,newcastle-united,762,0,6.8333335,0,3.4444444,0,23.38562,13.20915,8.9803925,4.4575162,2019,.99733198,.70722973,.85431218,.576756,.98252577,.69298649,.91012102,.73068982,1.3842592,.87962961,.79166669,.77962965
3219068,manchester-united,985,1,fc-arsenal,11,1,11.444445,15.611111,6.6666665,8.5555553,25.666666,6.8496733,13.934641,3.5555556,2019,.85311157,.67514676,1.0857886,.58119524,.91271704,.73414731,1.0960847,.59645426,1.1437831,.8425926,1.3235294,.622549
3219069,fc-everton,29,1,manchester-city,281,3,19.777779,57.888889,7.8888888,45.833332,15.79085,33.607841,6.352941,26.69281,2019,1.0340688,.62380242,1.486553,1.1972793,.9447009,.65226156,1.4667047,1.2460152,.92777777,.5787037,1.4720238,1.0861111
3219070,sheffield-united,350,0,fc-liverpool,31,1,0,74.333336,0,47.222221,.34640524,32.61438,.11111111,21.562092,2019,.9746002,.89219987,1.3591735,1.0114343,1.1290234,1.0821389,1.4740372,1.0106156,1.5638889,1.5972222,1.4675926,.93055558
3219071,fc-chelsea,631,1,fc-liverpool,31,2,0,66.166664,0,42.611111,18.30719,27.555555,10.849673,18.640522,2019,1.0123953,.77141261,1.4220343,1.1301991,1.0175091,.79061371,1.5737847,1.1310461,1.0324074,.76481479,1.4907408,.95833331
3219072,newcastle-united,762,0,brighton-amp-hove-albion,1237,0,0,0,0,0,13.947712,11.862745,4.7908497,2.6078432,2019,.82914877,.62498128,1.0570313,.68900985,.86946446,.70723307,1.2178822,.58209676,.77314812,.70555556,1.4546297,.48888889
3219073,west-ham-united,379,2,manchester-united,985,0,24.611111,10.444445,10.5,6.1666665,11.647058,17.699347,4.2549019,9.640523,2019,1.0967155,.88900602,.64764804,.56567383,1.1063058,.96353614,.70298976,.64155471,1.1159723,.87896824,.77724868,.6259259
3219074,fc-arsenal,11,3,aston-villa,405,2,16.333334,0,8.833333,0,8.0196075,0,4.0849671,0,2019,1.1838747,.76437378,.81473553,.7833339,1.2385684,.78833103,.83743787,.79852897,1.4411764,.68137252,.89766312,1.2564815
3219075,leicester-city,1003,2,tottenham-hotspur,148,1,6.7777777,101.16666,3.4444444,59.388889,22.124184,48.470589,8.7581701,29.490196,2019,1.018937,.7576499,1.0189133,.73371285,1.0473406,.77729106,1.016525,.70634657,1.4861112,.93518519,.99444443,.6111111
3219076,fc-southampton,180,1,afc-bournemouth,989,3,14.666667,59.777779,5.3888888,18.555555,31.633987,22.202614,8.3660135,7.0653596,2019,.80327469,.55517429,1.0447041,.66193926,.82338214,.45609391,1.2178972,.74236876,1.3425926,.72222221,1.3287038,.91666669
3219077,afc-bournemouth,989,3,fc-everton,29,1,59.777779,20.166666,18.555555,7.7777777,22.202614,17.705883,7.0653596,6.9084969,2019,1.0447041,.66193926,.94977766,.63491356,1.2178972,.74236876,.86936545,.66935557,1.3287038,.91666669,.89999998,.59722221
3219078,fc-watford,1010,2,fc-arsenal,11,2,3,16.333334,.83333331,8.833333,26.732027,8.0196075,8.8823528,4.0849671,2019,.85004228,.68132293,1.1838747,.76437378,.85161507,.62746912,1.2385684,.78833103,1.0824074,.89814812,1.4411764,.68137252
3219079,aston-villa,405,0,west-ham-united,379,0,0,24.722221,0,10.611111,.019607844,12.712419,0,4.7058825,2019,.72738177,.69691414,1.1729499,.92642885,.69665504,.67630672,1.2051835,1.0014551,.64766312,1.0064815,1.1715277,.99007934
3219080,norwich-city,1123,3,manchester-city,281,2,0,56.944443,0,44.944443,0,34.823528,0,27.575163,2019,1.0897168,.70677733,1.4948864,1.188946,1.1554552,.89858228,1.4787711,1.2374681,1.5296296,1.1111112,1.4720238,1.0861111
3219081,fc-arsenal,11,2,tottenham-hotspur,148,2,19.777779,106.61111,10.666667,63.166668,11.156863,54.392159,5.7058825,33.359478,2019,1.355684,.8415342,1.2171035,.85404968,1.3774395,.80405867,1.2217785,.83984828,1.6055555,.80092591,1.175926,.64999998
3219082,fc-liverpool,31,3,newcastle-united,762,1,70.611115,0,45.444443,0,30.836601,15.267974,20.90196,5.0849671,2019,1.4071534,1.0674285,.78956264,.63247687,1.5598959,1.0695382,.86097682,.70293409,1.537037,.95833331,.6574074,.62222224
3219083,fc-everton,29,3,wolverhampton-wanderers,543,2,22.5,29.666666,9.0555553,12.444445,17.503267,18.326797,6.980392,7.7189541,2019,1.0064347,.63256568,.72528934,.55385137,.89770144,.6529997,.76557982,.52570468,.89999998,.64351851,.94166666,.76851851
3219084,fc-southampton,180,1,manchester-united,985,1,13.388889,10.666667,4.7777777,6.2777777,24.895424,20.111111,6.6601305,10.96732,2019,.71745795,.45101526,.87829679,.67838424,.75445658,.40007538,.93626201,.72687221,1.2398148,.67777777,1.1771164,.82037038
3219085,fc-burnley,1132,0,fc-liverpool,31,3,58.555557,70.611115,18.111111,45.444443,30.058823,30.836601,9.7124186,20.90196,2019,.79406077,.43080637,1.4071534,1.0674285,.79738581,.32063693,1.5598959,1.0695382,.88796294,.44907406,1.537037,.95833331
3219086,fc-liverpool,31,3,fc-arsenal,11,1,70.611115,19.722221,45.444443,10.833333,30.836601,12.529411,20.90196,6.6274509,2019,1.4071534,1.0674285,1.2712543,.6814813,1.5598959,1.0695382,1.2696521,.64917654,1.537037,.95833331,1.5083333,.80092591
3219087,afc-bournemouth,989,1,manchester-city,281,3,70.444443,55.444443,21.722221,43.722221,27.248365,31.633987,8.5490198,24.862745,2019,1.0664531,.73072231,1.3019875,1.1603912,1.2614157,.81349206,1.2751749,1.2322153,1.3148148,.83333331,1.3627646,1.1638889
3219088,tottenham-hotspur,148,0,newcastle-united,762,1,107.94444,0,63.611111,0,53.189541,12.90196,32.117645,4.2091503,2019,1.0432454,.69743335,.90765977,.83860564,1.0522628,.67318159,1.0029521,.92052668,1.0898148,.59444445,.86574072,1.0111111
3219089,aston-villa,405,2,fc-everton,29,0,0,23.555555,0,9.2777777,.019607844,20.503267,0,8.0457516,2019,.82546788,.77222282,.97131658,.65739161,.84972417,.7938993,.87968296,.67676294,.89766312,1.2564815,.92777777,.625
3219090,norwich-city,1123,2,fc-chelsea,631,3,0,0,0,0,.019607844,14.588235,0,8.3088236,2019,.99882311,.69488275,1.0778178,.75343865,1.0891684,.86692244,1.0469623,.78327423,1.5064815,1.25,1.072549,.8245098
3219091,sheffield-united,350,1,crystal-palace,873,0,0,45.388889,0,16.166666,.34640524,36.607841,.11111111,12.359477,2019,1.2089193,1.0155659,1.0561026,.72357726,1.4451981,1.2075356,1.0690731,.76418734,2.2083333,1.712963,.9675926,.80555558
3219092,fc-chelsea,631,1,leicester-city,1003,1,0,6.7222223,0,3.4444444,19.967319,20.633987,11.522876,8.0522881,2019,1.0575198,.79891264,1.058355,.79219705,1.0701468,.83767253,1.0675038,.80506885,1.1629629,.88981479,1.4583334,1.0092592
3219093,manchester-city,281,2,tottenham-hotspur,148,2,59.222221,100.33334,46.944443,58.888889,35.849674,45.816994,28.549019,27.705883,2019,1.5059017,1.1996298,.90435654,.683819,1.485823,1.2478849,.87517947,.62928104,1.5183201,1.1194445,.90092593,.55277777
3219094,wolverhampton-wanderers,543,1,manchester-united,985,1,31.777779,11.944445,13.333333,7,21.816994,30.869282,9.1830063,16.562092,2019,.78454858,.64194661,.90547305,.71640491,.85940701,.65533435,.95684946,.76843715,1.0787038,.9537037,1.2178571,.90277779
3219095,fc-arsenal,11,2,fc-burnley,1132,1,18,60.388889,9.833333,18.777779,9.1111107,33.862743,4.7843137,10.771242,2019,1.2952318,.67254877,.72481126,.48026553,1.3038964,.63344181,.71618366,.38699496,1.5382353,.81862748,.91018516,.51851851
3219096,fc-everton,29,1,afc-bournemouth,989,3,0,55.25,0,17.450001,14.884211,16.663158,5.8105264,5.3736844,2019,1.0854495,.63896602,1.1825465,.68954116,1.0310309,.61393005,1.3725758,.79511601,1.15,.46250001,1.4420238,.82166666
3219097,fc-arsenal,11,3,fc-watford,1010,2,0,0,0,0,5.6842103,19.015789,2.9157894,6.5736842,2019,1.2972494,.73528302,1.1155416,.76421291,1.3248191,.7638579,.98937303,.66818488,1.4133333,.86916667,1.0175439,.71929824
3219098,leicester-city,1003,0,manchester-united,985,2,5.0999999,9.8000002,2.55,5.8499999,15.110526,13.278948,5.5,7.3578949,2019,.92574835,.648408,1.1820518,.80209017,.91625732,.62040502,1.0900885,.82249999,1.3125,.79583335,1.5704261,1.0350877
3219099,manchester-city,281,5,norwich-city,1123,0,49.700001,0,39.549999,0,24.089474,0,19.452631,0,2019,1.11924,1.0058032,.92385858,.62227231,1.1307927,1.0500743,.96342289,.64439243,1.1522024,.91583335,1.4868422,1.1184211
3219100,fc-southampton,180,3,sheffield-united,350,1,13.473684,0,4.9473686,0,16.34503,.3859649,4.5087719,.14619882,2019,.78348887,.48902574,1.1104242,.74498397,.83857828,.41696095,1.2381006,.92724252,1.1631579,.45789474,1.3692982,1.3307017
3219101,aston-villa,405,1,fc-arsenal,11,0,0,0,0,0,0,6.9947367,0,3.7421052,2019,.84303963,.74697423,1.2424875,.73570317,.88237518,.7712518,1.2642636,.77314365,1.0192857,1.145,1.3333334,.85666668
3219102,newcastle-united,762,1,fc-liverpool,31,3,0,52.700001,0,34.75,8.1526318,17.378948,2.5052631,12.210526,2019,1.1729224,.86795545,1.490692,1.0423205,1.3034415,1.0321645,1.6703203,1.1049317,1.1716666,1.2183334,1.6358334,.995
3219103,fc-burnley,1132,1,brighton-amp-hove-albion,1237,2,26.35,0,8.5500002,0,7.7368422,8.6368418,2.6789474,1.9157895,2019,.79310542,.50628918,1.3103238,.93061715,.83221775,.51344877,1.4392575,.81841451,.84335178,.52982455,1.5275,.60000002
3219104,crystal-palace,873,1,tottenham-hotspur,148,1,36.799999,0,13.1,0,23.768421,35.5,8.0578947,21.647367,2019,.77269214,.66751242,1.1908098,.73022479,.82002813,.73114264,1.2107086,.73804295,.89814812,.82407409,1.1466666,.63499999
3219105,fc-chelsea,631,2,wolverhampton-wanderers,543,0,0,27.1,0,11.3,14.289474,13.994737,8.0368423,5.9000001,2019,1.0179437,.71999425,.65518737,.60965443,1.03869,.77515066,.70990884,.60401642,1.1883334,.79833335,1.0166667,1.0333333
3219106,afc-bournemouth,989,4,leicester-city,1003,1,49.450001,5.25,15.45,2.55,14.178947,18.878948,4.5578947,7.0736842,2019,1.0342978,.64043403,.90250164,.62340796,1.0588853,.67850888,.88301057,.58707166,1.1170238,.72166669,1.2416667,.69166666
3219107,sheffield-united,350,3,fc-chelsea,631,0,0,0,0,0,.34736842,13.947369,.13157895,7.9789472,2019,1.1337626,.66922861,1.0923016,.77801192,1.2123455,.75262642,1.1029253,.8267138,1.6458334,1.1516666,1.165,.87583333
3219108,west-ham-united,379,1,aston-villa,405,1,5.3000002,0,1.6,0,6.8263159,0,2.5210526,0,2019,1.317529,.82885331,.82081741,.69403303,1.2641606,.82434702,.87126404,.73236293,1.7002083,.90607142,.9942857,1.0575
3219109,fc-everton,29,1,fc-southampton,180,1,0,11.6,0,3.95,16.668421,17.984211,6.5736842,4.6789474,2019,.97660333,.68852746,.77627695,.55010331,.90782577,.67658669,.83157551,.48194626,.85666668,.5625,1.2433333,.625
3219110,tottenham-hotspur,148,2,fc-arsenal,11,1,0,0,0,0,22.78421,8.436842,13.857895,4.6578946,2019,1.0613023,.70204067,1.1764162,.6587832,1.0945665,.71455806,1.1894772,.69207764,1.0805953,.68916667,1.3195833,.69583333
3219111,wolverhampton-wanderers,543,3,fc-everton,29,0,27.1,0,11.3,0,13.526316,14.931579,5.726316,5.9263158,2019,.65518737,.60965443,.94130921,.66040248,.70990884,.60401642,.88782573,.66158664,1.0166667,1.0333333,.83166665,.53750002
3219112,fc-arsenal,11,1,west-ham-united,379,0,0,8.666667,0,2.6666667,8.1503267,19.124184,4.3398695,7.2614379,2019,1.5316379,.86488336,1.3541527,.92952651,1.5877011,.89028227,1.3441967,.98373014,1.6926471,.83235294,1.76875,1.1132275
3219113,crystal-palace,873,1,fc-watford,1010,0,47.277779,0,16.888889,0,35.222221,23.575163,11.973856,8.0065355,2019,1.0037879,.70388031,1.1752715,.78770548,1.0463458,.76923788,1.0712743,.71033949,.9537037,.80555558,1.0777777,.81481481
3219114,west-ham-united,379,0,fc-burnley,1132,1,6.4499998,23.25,2.05,7.5,12.515789,9.1368418,4.6631579,3.0842106,2019,1.324394,.81280559,.7294212,.52045584,1.2958701,.80313492,.75853354,.50094879,1.6627083,.96440476,.76578945,.51666665
3219115,crystal-palace,873,2,fc-chelsea,631,3,38.849998,0,13.75,0,21.142105,15.521052,7.273684,8.7526312,2019,.92889243,.64461178,1.2396413,.87714612,.98375618,.73414975,1.2828659,.94748306,.81578946,.71052629,1.3825001,.98833334
3219116,aston-villa,405,0,manchester-united,985,3,0,10.85,0,6.3499999,0,16.289474,0,8.8210526,2019,.83351582,.73030752,1.1724612,.81806749,.86987513,.74625182,1.0737958,.84145606,1.002619,1.095,1.5484962,1.0789474
3219117,sheffield-united,350,1,norwich-city,1123,0,0,0,0,0,0,0,0,0,2019,1.093812,.80451745,1.1207719,.71573752,1.1863186,.95536703,1.188916,.85598767,1.7296296,1.4092592,2.0435185,1.4814814
3219118,fc-southampton,180,0,newcastle-united,762,1,12.5,0,4.3333335,0,20.222221,11.274509,5.2549019,3.6797385,2019,.77758843,.45809197,1.0167527,.89905101,.80306923,.40927529,1.2511785,1.0853415,1.3435185,.68703705,1.2722223,1.3537037
3219119,fc-chelsea,631,4,fc-everton,29,0,0,0,0,0,15.79085,20.712418,9.2091503,8.0849676,2019,1.0350462,.74629366,1.0464498,.7248596,1.0193664,.78297132,.9601503,.71525502,1.0564815,.87870371,.92407405,.61574072
3219120,brighton-amp-hove-albion,1237,0,manchester-city,281,5,0,45.299999,0,35.900002,10.163157,21.873684,2.4052632,17.610527,2019,1.3165739,.89270502,1.1250454,.93523771,1.4492575,.75869226,1.1296939,.98755908,1.6191666,.5,1.2047024,.89833331
3219121,manchester-united,985,2,fc-southampton,180,2,10.85,12.65,6.3499999,4.6500001,20.042105,16.594736,10.9,4.3315787,2019,1.1724612,.81806749,.79471129,.55322832,1.0737958,.84145606,.85228258,.48694625,1.5484962,1.0789474,1.2433333,.625
3219122,west-ham-united,379,3,fc-southampton,180,1,8.5,13.722222,2.7222223,4.7777777,19.803921,22.339869,7.3986926,5.7843137,2019,1.2760662,.89975166,.78389692,.49466604,1.2714694,.94404763,.80274451,.42250282,1.6020833,1.0132275,1.3527777,.71481484
3219123,fc-watford,1010,2,newcastle-united,762,1,0,0,0,0,22.347368,10.042106,7.6999998,3.3526316,2019,1.1338829,.76927364,1.046155,.8598823,1.0244608,.68347955,1.2266468,1.0130574,1.0385965,.7719298,1.1575,1.1016667
3219124,fc-liverpool,31,1,fc-burnley,1132,1,51.549999,23.25,34,7.5,20.205263,9.1368418,14.057895,3.0842106,2019,1.4441011,.97362995,.7294212,.52045584,1.6353552,1.0769014,.75853354,.50094879,1.5608333,.92000002,.76578945,.51666665
3219125,manchester-united,985,5,afc-bournemouth,989,2,10.85,50,6.3499999,15.6,16.289474,14.357895,8.8210526,4.5999999,2019,1.1724612,.81806749,.95707023,.58109963,1.0737958,.84145606,1.1625757,.70761597,1.5484962,1.0789474,1.1670238,.55500001
3219126,west-ham-united,379,3,fc-watford,1010,1,6.4499998,0,2.05,0,10.615789,19.015789,4,6.5736842,2019,1.3058132,.87815887,1.1155416,.76421291,1.2309283,.85313493,.98937303,.66818488,1.5877084,.87690479,1.0175439,.71929824
3219127,fc-southampton,180,1,brighton-amp-hove-albion,1237,1,11.55,0,4.3000002,0,14.526316,9.6263161,3.8894737,2.1526315,2019,.7765826,.48822829,1.222495,.81161261,.82926673,.42444625,1.3534882,.72636902,1.225,.55000001,1.6525,.64999998
3219128,fc-liverpool,31,2,afc-bournemouth,989,1,60.944443,60.888889,39.222221,19.111111,19.294117,24.849672,13.124183,7.8300653,2019,1.5049407,1.0576512,.8993277,.64185327,1.6418936,1.0924727,.88194042,.73284495,1.6240741,1.0138888,.97592592,.89814812
3219129,fc-burnley,1132,1,wolverhampton-wanderers,543,1,23.25,27.1,7.5,11.3,9.1368418,14.436842,3.0842106,5.8894739,2019,.7294212,.52045584,.65518737,.60965443,.75853354,.50094879,.70990884,.60401642,.76578945,.51666665,1.0166667,1.0333333
3219130,manchester-city,281,3,fc-arsenal,11,0,50.549999,0,40.150002,0,29.542105,6.9947367,23.521053,3.6578948,2019,1.4915775,1.1612009,1.3377777,.7078054,1.4994202,1.2379254,1.3495333,.72740871,1.5282738,1.1508334,1.431579,.69736844
3219131,manchester-city,281,5,newcastle-united,762,0,52.25,0,41.200001,0,25.978947,7.5736842,20.936842,2.4421053,2019,1.1285257,1.0054461,1.0673956,.85321563,1.1412323,1.0495249,1.2206944,.97833514,1.1772023,.92833334,1.1241666,1.0599999
3219132,manchester-city,281,2,afc-bournemouth,989,1,37.700001,51.5,29.700001,15.95,19.889473,14.542106,15.894737,4.6421051,2019,1.1158787,.96607101,1.1636133,.67990774,1.1284118,1.0016617,1.3263096,.73850888,1.1647024,.90333331,1.3503572,.77999997
3219133,fc-burnley,1132,1,tottenham-hotspur,148,1,46,0,14.222222,0,23.013071,19.359478,7.5294118,11.647058,2019,.76484412,.45200428,.85597032,.72013211,.78925967,.41708755,.84196079,.70527822,.82685184,.49537036,.84232807,.59907407
3219134,aston-villa,405,2,crystal-palace,873,0,0,42.150002,0,15,.015789473,27.710526,0,9.7631578,2019,.79834265,.71364087,.90294212,.63934857,.83475614,.7379185,.9513675,.73414975,.97178572,1.1325001,.81578946,.71052629
3219135,manchester-united,985,2,manchester-city,281,0,8.9444447,49.611111,5.2222223,39.166668,14.934641,27.117647,8.026144,21.437908,2019,1.0294987,.64766353,1.3949893,.98544359,.87960929,.65218765,1.4018898,1.0464425,1.147339,.79901963,1.4212302,.99814814
3219136,newcastle-united,762,1,tottenham-hotspur,148,3,0,0,0,0,7.8473682,21.915789,2.5421052,13.405263,2019,1.0884483,.86432672,1.0863023,.68385887,1.2690278,1.0300018,1.1195664,.69637626,1.2741667,1.1849999,1.1089286,.66166669
3219137,fc-chelsea,631,1,norwich-city,1123,0,0,0,0,0,16.810526,.015789473,9.515789,0,2019,1.1022514,.81772155,1.0370854,.70574057,1.14244,.89438146,1.1168193,.80893868,1.245,.93833333,1.7208333,1.35
3219138,aston-villa,405,1,fc-chelsea,631,2,0,0,0,0,.047368422,19.084211,.0052631581,11.021052,2019,.93696505,.72595704,1.0930355,.84329873,.88220423,.72839469,1.1347507,.89111805,1.127619,1.1366667,1.3308333,.98833334
3219139,fc-everton,29,1,aston-villa,405,1,0,0,0,0,18.18421,0,7.2210526,0,2019,.94620043,.6906327,.85667598,.74697423,.86853087,.67869192,.89308947,.7712518,.84833336,.58749998,1.0342857,1.145
3219140,fc-watford,1010,1,leicester-city,1003,1,0,6.1999998,0,3.0999999,26.563158,24.121052,9.0263157,9.5,2019,1.1005222,.77009565,.94000161,.6457119,1.0044878,.71180558,.96533382,.66219795,1.0366666,.83333331,1.3083333,.73333335
3219141,tottenham-hotspur,148,1,manchester-united,985,1,0,10.8,0,6.4000001,27.126316,23.452631,16.4,12.884211,2019,1.0192065,.70439667,1.18135,.80594981,1.0362332,.7108081,1.0939347,.8378846,1.0189285,.73666668,1.5879699,1.1052631
3219142,fc-everton,29,0,fc-liverpool,31,0,0,62.400002,0,40.150002,16.368422,22.505262,6.4315791,15.278948,2019,.83065552,.60202342,1.3808068,.98885554,.75269753,.57512051,1.5067015,1.0194014,.77333331,.55416667,1.5325,1
3219143,crystal-palace,873,0,manchester-united,985,2,42.650002,10.65,15.1,6.3499999,28.18421,16.510527,9.9157896,9.0736837,2019,.77880776,.60843796,1.1807697,.8046543,.83576602,.67862636,1.0900885,.82666665,.87719297,.7368421,1.5309523,.99561405
3219144,brighton-amp-hove-albion,1237,2,fc-arsenal,11,1,0,0,0,0,9.0052633,7.6473684,2.1315789,4.1842103,2019,1.2107302,.80804116,1.3604393,.81763291,1.3392025,.72182357,1.422121,.85134351,1.6525,.64999998,1.4350877,.70263159
3219145,wolverhampton-wanderers,543,0,brighton-amp-hove-albion,1237,0,26.222221,0,10.944445,0,12.686275,11.745098,5.2287583,2.509804,2019,.69407541,.62983489,1.3745564,1.0375295,.75399524,.63514447,1.5164038,.90429896,1.1111112,1.1111112,1.6472223,.69444442
3219146,afc-bournemouth,989,0,fc-southampton,180,2,51.5,12.35,15.95,4.3000002,14.542106,18.526316,4.6421051,4.8842106,2019,1.1636133,.67990774,.79875886,.55350304,1.3263096,.73850888,.8538211,.48555735,1.3503572,.77999997,1.2633333,.63499999
3219147,wolverhampton-wanderers,543,2,crystal-palace,873,0,27.1,32.400002,11.3,11.55,14.231579,18.6,5.8473682,6.4210525,2019,.65518737,.60965443,.69476002,.6547178,.70990884,.60401642,.70769602,.73114264,1.0166667,1.0333333,.67592591,.78703701
3219148,norwich-city,1123,0,west-ham-united,379,4,0,6.4499998,0,2.05,.015789473,12.515789,0,4.6631579,2019,1.0966092,.75851834,1.324394,.81280559,1.1768192,.84227204,1.2958701,.80313492,1.9958333,1.5,1.6627083,.96440476
3219149,fc-watford,1010,0,manchester-city,281,4,0,49.700001,0,39.549999,19.010527,24.089474,6.2526317,19.452631,2019,1.1155416,.76421291,1.11924,1.0058032,.98937303,.66818488,1.1307927,1.0500743,1.0175439,.71929824,1.1522024,.91583335
3219150,newcastle-united,762,3,sheffield-united,350,0,0,0,0,0,9.6263161,.34736842,3.0263157,.13157895,2019,1.0971789,.85648483,1.0517466,.81141126,1.2403463,1.0053788,1.1158808,.93588042,1.17,1.1849999,1.3583333,1.3016666
3219151,sheffield-united,350,0,fc-everton,29,1,0,0,0,0,0,15.221052,0,5.9789472,2019,1.2217873,.82212073,1.0572042,.6864298,1.3837713,1.0070709,1.0148404,.66973358,1.7383333,1.4641666,1.1516666,.57499999
3219152,fc-arsenal,11,2,fc-liverpool,31,1,0,51.549999,0,34,8.3578949,20.457895,4.5789475,14.268421,2019,1.1764162,.6587832,1.4441011,.97362995,1.1894772,.69207764,1.6353552,1.0769014,1.3195833,.69583333,1.5608333,.92000002
3219153,afc-bournemouth,989,0,crystal-palace,873,2,56.450001,38.799999,17.85,13.7,18.06842,21.505262,5.8368421,7.694737,2019,1.085225,.67213857,.94205028,.64461178,1.253548,.76922315,.99691403,.73414975,1.2886904,.77166665,.8611111,.75
3219154,leicester-city,1003,4,aston-villa,405,0,6.6111112,0,3.4444444,0,21.575163,0,8.6732025,0,2019,1.058355,.79804498,.68809551,.61759835,1.0638001,.80506885,.72783917,.600954,1.4583334,1.0092592,.9527778,.93425924
3219155,norwich-city,1123,0,fc-southampton,180,3,0,13.15,0,4.6999998,.015789473,18.636843,0,4.6315789,2019,1.0396862,.71044141,.79800367,.50102872,1.1234859,.77282757,.83462918,.43056998,1.7958333,1.3,1.255,.73500001
3219156,tottenham-hotspur,148,3,leicester-city,1003,0,0,4.3499999,0,2.25,23.552631,10.205263,14.315789,3.6894736,2019,1.0404689,.63385886,.8891412,.56162912,1.0737331,.64637625,.87959069,.53495044,1.0605953,.60166669,1.275,.72916669
3219157,brighton-amp-hove-albion,1237,0,newcastle-united,762,0,0,0,0,0,9.1105261,7.2894735,2.0210526,2.2684209,2019,1.2315636,.81713212,1.1293968,.84488225,1.3600359,.73091447,1.2620635,.99341452,1.6525,.64999998,1.1174999,1.085
3219158,fc-burnley,1132,1,fc-watford,1010,0,35.799999,0,11,0,12.610526,22.347368,3.9947369,7.6999998,2019,.48040894,.31389904,1.1338829,.76927364,.48993325,.28476191,1.0244608,.68347955,.62894738,.43333334,1.0385965,.7719298
3219159,tottenham-hotspur,148,2,west-ham-united,379,0,0,6.5999999,0,2,33.947369,11.557895,20.884211,4.2894735,2019,1.2308643,.8365379,1.2192796,.81870836,1.24884,.84344697,1.2064761,.81323594,1.1980952,.73916668,1.6252084,.89357144
3219160,leicester-city,1003,0,brighton-amp-hove-albion,1237,0,6,0,3.1500001,0,24.542105,9.8421049,9.3842106,2.3526316,2019,.98689705,.71611631,1.2107302,.80804116,.98033381,.6941424,1.3392025,.72182357,1.3458333,.80833334,1.6525,.64999998
3219161,fc-liverpool,31,4,crystal-palace,873,0,54.950001,36.421051,35.700001,12.736842,22.321053,19.894737,15.194736,6.6783624,2019,1.4150101,.97099841,.83119196,.61693144,1.5503553,1.0502348,.90646482,.7035073,1.5025001,.9325,.88235295,.7647059
3219162,manchester-united,985,1,west-ham-united,379,1,10.1,6.4499998,5.9499998,2.05,12.031579,10.615789,6.5105262,4,2019,1.1932697,.82132095,1.3058132,.87815887,1.1031837,.8433333,1.2309283,.85313493,1.5704261,1.0350877,1.5877084,.87690479
3219163,fc-liverpool,31,5,fc-chelsea,631,3,62.700001,0,40.650002,0,27.957895,17.778948,19.089474,9.9947367,2019,1.52615,1.0756141,1.044462,.74448919,1.7017777,1.1360284,1.1063824,.83188146,1.6066667,.98250002,1.205,.87833333
3219164,west-ham-united,379,0,wolverhampton-wanderers,543,2,5.3000002,27.1,1.6,11.3,9.7789478,14.231579,3.6157894,5.8473682,2019,1.202613,.81576717,.65518737,.60965443,1.1833992,.80823594,.70990884,.60401642,1.5877084,.87690479,1.0166667,1.0333333
3219165,fc-southampton,180,0,fc-arsenal,11,2,13.75,0,5.0500002,0,17.878948,10.6,4.7842107,5.7789474,2019,.76022351,.49485222,1.3879554,.91692984,.80403572,.42246214,1.4420567,.95605201,1.205,.56,1.475,.85750002
3219166,leicester-city,1003,2,sheffield-united,350,0,4.3499999,0,2.25,0,10.205263,0,3.6894736,0,2019,.8891412,.56162912,1.15021,.78756189,.87959069,.53495044,1.2484566,.9470709,1.275,.72916669,1.6833333,1.4016666
3219167,newcastle-united,762,1,aston-villa,405,1,0,0,0,0,9.6263161,.047368422,3.0263157,.0052631581,2019,1.0971789,.85648483,.93696505,.72595704,1.2403463,1.0053788,.88220423,.72839469,1.17,1.1849999,1.127619,1.1366667
3219168,fc-chelsea,631,2,manchester-city,281,1,0,43.900002,0,34.900002,21.157894,20.873684,12.278948,16.799999,2019,1.0990354,.84827709,1.2239585,1.0530218,1.1472508,.90650266,1.2603725,1.1303957,1.3375,.98833334,1.395238,1.0700001
3219169,manchester-city,281,5,fc-burnley,1132,0,45.25,36.277779,35.75,11.055555,24.731579,13.496732,19.847368,4.2549019,2019,1.4842246,1.2030759,.49586883,.33766562,1.4910868,1.288481,.50757372,.305291,1.5264881,1.1675,.66388887,.45740741
3219170,norwich-city,1123,0,fc-everton,29,1,0,0,0,0,.015789473,16.478947,0,6.4842105,2019,1.1196861,.7854414,.83065552,.60202342,1.1934859,.85060537,.75269753,.57512051,2.0458333,1.525,.77333331,.55416667
3219171,brighton-amp-hove-albion,1237,0,manchester-united,985,3,0,10.85,0,6.3499999,11.152632,20.042105,2.6631579,10.9,2019,1.2006199,.79732692,1.1724612,.81806749,1.3284882,.71922618,1.0737958,.84145606,1.615,.64999998,1.5484962,1.0789474
3219172,fc-watford,1010,1,fc-southampton,180,3,0,11.7,0,4.3499999,20.826315,11.942105,7.2947369,3.4105263,2019,1.0045474,.73935509,.78383464,.48401889,.93103969,.69663745,.8310225,.42389068,.93333334,.82456142,1.1174999,.48500001
3219173,fc-arsenal,11,4,norwich-city,1123,0,0,0,0,0,8.1684208,0,4.4210525,0,2019,1.2703447,.68002504,1.0661745,.75263596,1.2880883,.70999432,1.1318192,.8311609,1.3633333,.70416665,1.9291667,1.4833333
3219174,afc-bournemouth,989,1,newcastle-united,762,4,52.299999,0,16.450001,0,12.589474,8.7894735,4.0684209,2.8526316,2019,.99546313,.56681389,1.0259372,.84934199,1.1913258,.69511598,1.2090963,1.0053788,1.1920238,.57166666,1.1783333,1.235
3219175,wolverhampton-wanderers,543,1,afc-bournemouth,989,0,27.1,54,11.3,17.1,14.468421,16.878948,5.9000001,5.6315789,2019,.65518737,.60965443,.95352858,.62668401,.70990884,.60401642,.97299242,.69636601,1.0166667,1.0333333,1.0220238,.69666666
3219176,sheffield-united,350,3,tottenham-hotspur,148,1,0,0,0,0,.43137255,35.78421,.1633987,21.973684,2019,1.2013896,.69387972,1.1294754,.76431572,1.2793738,.77143681,1.147451,.77122474,1.7453704,1.1685185,1.1647619,.63916665
3219177,norwich-city,1123,0,fc-burnley,1132,2,0,26.35,0,8.5500002,.015789473,7.7368422,0,2.6789474,2019,1.0445855,.72018498,.79310542,.50628918,1.1184859,.83251011,.83221775,.51344877,1.7333333,1.3666667,.84335178,.52982455
3219178,fc-everton,29,2,leicester-city,1003,1,0,6.1500001,0,3.2,16.163158,23.026316,6.273684,9.063158,2019,.86703372,.60783482,.98689705,.71611631,.79115909,.58301526,.98033381,.6941424,.79000002,.55416667,1.3458333,.80833334
3219179,aston-villa,405,0,wolverhampton-wanderers,543,1,0,27.1,0,11.3,0,14.231579,0,5.8473682,2019,.7894212,.71206814,.65518737,.60965443,.84545207,.72541845,.70990884,.60401642,1.002619,1.1116667,1.0166667,1.0333333
3219180,manchester-city,281,4,fc-liverpool,31,0,48.200001,56.099998,38.200001,36.450001,22.436842,23.763159,18.278948,16.136843,2019,1.0960258,.97203696,1.461601,1.0396888,1.1150784,1.0286458,1.5853204,1.0782651,1.1672024,.89833331,1.5775,1.0075001
3219181,sheffield-united,350,1,brighton-amp-hove-albion,1237,1,0,0,0,0,0,10.222222,0,2.359477,2019,1.093812,.80451745,1.3200536,.89959788,1.1863186,.95536703,1.4851538,.77244467,1.7296296,1.4092592,1.6675926,.7037037
3219182,crystal-palace,873,1,newcastle-united,762,0,40.166668,0,14.444445,0,26.784313,9.1895428,9.2483664,3.1699347,2019,1.021193,.69725853,1.0423074,.87461919,1.0317581,.78063387,1.2391133,1.0476872,.69444442,.76851851,1.2629629,1.3537037
3219183,fc-arsenal,11,3,fc-everton,29,2,0,0,0,0,13.588235,18.418301,7.5686274,7.1437907,2019,1.4416528,.80601037,.89842415,.68187124,1.5138592,.85929859,.78261334,.6547091,1.5523148,.7953704,.77037036,.5138889
3219184,manchester-united,985,3,sheffield-united,350,0,10.85,0,6.3499999,0,20.042105,.34736842,10.9,.13157895,2019,1.1724612,.81806749,1.152815,.88953626,1.0737958,.84145606,1.2464365,1.0099876,1.5484962,1.0789474,1.7166667,1.385
3219185,fc-southampton,180,2,aston-villa,405,0,13.722222,0,4.7777777,0,22.339869,0,5.7843137,0,2019,.84562534,.53633273,.85133904,.62685764,.86399806,.46416947,.75976157,.57185346,1.4546297,.77037036,1.0916667,.96203703
3219186,fc-chelsea,631,2,tottenham-hotspur,148,1,0,0,0,0,18.705883,24.202614,10.54902,14.588235,2019,1.0053353,.71441561,.75081158,.66179878,1.0463195,.76344121,.74209309,.66040641,1.2,.8759259,.805291,.48796296
3219187,wolverhampton-wanderers,543,0,leicester-city,1003,0,28.111111,6.7777777,11.777778,3.4444444,17.241831,21.444445,7.1372547,8.2941179,2019,.70516849,.6625129,1.0616101,.79600966,.76597017,.65624839,1.0734844,.81966996,1.1296296,1.1481482,1.4768518,1.0092592
3219188,fc-burnley,1132,1,sheffield-united,350,1,26.6,0,8.4499998,0,9.1210527,.3859649,3.0842106,.14619882,2019,.7294212,.52045584,1.1740438,.67952037,.75853354,.50094879,1.2551006,.76592255,.76578945,.51666665,1.7324561,1.2122808
3219189,fc-liverpool,31,2,aston-villa,405,0,43.299999,0,28.85,0,17.126316,0,12.152632,0,2019,1.458192,1.0213931,.83351582,.73030752,1.627628,1.103265,.86987513,.74625182,1.5650001,.95749998,1.002619,1.095
3219190,tottenham-hotspur,148,1,fc-everton,29,0,0,0,0,0,30.157894,15.789474,18.321053,6.1315789,2019,.98197538,.63997358,.89620042,.65328938,1.0070665,.64205807,.81115907,.63658667,1.1022619,.60166669,.79000002,.55416667
3219191,leicester-city,1003,3,crystal-palace,873,0,5.75,38.849998,2.8,13.75,21.742105,19.352633,8.2315788,7.0473685,2019,.90666831,.631006,.92889243,.64461178,.88200045,.58151609,.98375618,.73414975,1.2416667,.69166666,.81578946,.71052629
3219192,fc-liverpool,31,3,west-ham-united,379,2,65.333336,8.666667,42.555557,2.6666667,25.117647,19.274509,17.418301,7.3202615,2019,1.4716916,1.022995,1.3541527,.92952651,1.6141547,1.1002167,1.3441967,.98373014,1.5407407,.93055558,1.76875,1.1132275
3219193,fc-burnley,1132,3,afc-bournemouth,989,0,47.555557,67.555557,14.611111,21.277779,24.052288,24.071896,7.7516341,7.5947714,2019,.67562312,.53039938,1.1066689,.75661236,.604339,.46052188,1.2809303,.83654863,.72407407,.53703701,1.2962962,.96296299
3219194,sheffield-united,350,1,wolverhampton-wanderers,543,0,0,27.1,0,11.3,.3859649,12.705263,.14619882,5.3526316,2019,1.031491,.59918797,.677975,.63516259,1.0919427,.69449401,.73557657,.62922782,1.3377193,1.1070175,1.0701754,1.0877193
3219195,west-ham-united,379,3,fc-chelsea,631,2,5.4000001,0,1.6,0,7.6789474,17.326315,2.8368421,9.8315792,2019,1.1826634,.79308337,1.0943346,.83842862,1.1728398,.79656929,1.1266159,.88406676,1.516875,.76857144,1.2575001,.98833334
3219196,manchester-united,985,3,fc-watford,1010,0,9.0555553,0,5.3333335,0,14.934641,26.705883,8.0522881,9.1830063,2019,1.0936962,.69467211,1.1105541,.77034438,.95037645,.70311356,.99855065,.62978393,1.2414566,.83431375,1.2259259,.8425926
3219197,afc-bournemouth,989,0,tottenham-hotspur,148,0,60.549999,0,19,0,20.442104,24.126316,6.6368423,14.936842,2019,1.178975,.71713859,1.0882254,.74294978,1.357298,.81922317,1.1195664,.75455809,1.4086905,.82166666,1.1389285,.74916667
3219198,fc-arsenal,11,1,leicester-city,1003,1,0,5.25,0,2.55,9.4157896,18.878948,5.0842104,7.0736842,2019,1.2943707,.68637425,.90250164,.62340796,1.3184456,.72105199,.88301057,.58707166,1.38,.71249998,1.2416667,.69166666
3219199,fc-southampton,180,1,manchester-city,281,0,10.65,47.200001,3.5999999,36.900002,14.194736,21.021053,3.8684211,16.636843,2019,.8262769,.57010329,1.1467077,.99592221,.87551492,.49944624,1.1590894,1.0456787,1.235,.57499999,1.1891072,.91833335
3219200,fc-watford,1010,2,norwich-city,1123,1,0,0,0,0,22.347368,.015789473,7.6999998,0,2019,1.1338829,.76927364,1.0619938,.72101831,1.0244608,.68347955,1.1379303,.79227203,1.0385965,.7719298,1.9791666,1.4666667
3219201,newcastle-united,762,2,west-ham-united,379,2,0,6.4499998,0,2.05,8.7210522,10.731579,2.8473685,3.9210527,2019,.9855628,.82934201,1.1073352,.69926393,1.1613691,.97704548,1.1064761,.67434704,1.17,1.2016667,1.5002084,.82690477
3219202,tottenham-hotspur,148,2,wolverhampton-wanderers,543,3,0,28.222221,0,11.777778,18.40523,14.941176,11.071896,6.1111112,2019,.83176398,.60315681,.68830341,.63704991,.84526771,.63094515,.74822325,.6423595,.94973546,.50185186,1.1111112,1.1111112
3219203,aston-villa,405,0,sheffield-united,350,0,0,0,0,0,.047368422,.34736842,.0052631581,.13157895,2019,.93696505,.72595704,1.1883309,.80847007,.88220423,.72839469,1.3068643,.86737001,1.127619,1.1366667,1.6983334,1.1808333
3219204,fc-chelsea,631,3,fc-watford,1010,0,0,0,0,0,18.794737,23.321053,10.926316,7.5473685,2019,1.1733409,.88756281,1.0414853,.69220597,1.238223,.95483601,.91700464,.62295324,1.3875,1.0383333,1.0210526,.78947371
3219205,wolverhampton-wanderers,543,0,fc-arsenal,11,2,27.1,0,11.3,0,13.889474,9.2947369,5.726316,5.031579,2019,.63943166,.5917415,1.1181469,.60780281,.70516723,.59532088,1.1033661,.61624432,1,.98245615,1.005,.52916664
3219206,brighton-amp-hove-albion,1237,1,fc-liverpool,31,3,0,56.099998,0,36.450001,9.531579,23.763159,2.2578948,16.136843,2019,1.3165739,.89270502,1.461601,1.0396888,1.4492575,.75869226,1.5853204,1.0782651,1.6191666,.5,1.5775,1.0075001
3219207,norwich-city,1123,0,brighton-amp-hove-albion,1237,1,0,0,0,0,.015789473,8.3947372,0,1.9894737,2019,1.0966092,.75851834,1.222495,.81161261,1.1768192,.84227204,1.3534882,.72636902,1.9958333,1.5,1.6525,.64999998
3219208,fc-everton,29,3,crystal-palace,873,1,0,43.777779,0,15.555555,23.48366,30.17647,9.3398695,10.888889,2019,.9668231,.70600271,1.0610497,.72941202,.88523847,.70454073,1.1238619,.80826545,.89999998,.59722221,.94117647,.82352942
3219209,fc-everton,29,1,manchester-united,985,1,0,10.777778,0,6.2777777,17.052288,20.686274,6.653595,11.117647,2019,.98408008,.72935802,1.0833567,.6489054,.88909483,.71026462,.93902284,.66488606,.85370368,.55092591,1.1228291,.66176468
3219210,fc-watford,1010,3,fc-liverpool,31,0,0,60.777779,0,39.333332,22.104576,20.470589,7.3725491,14.052288,2019,1.2475911,.88338453,1.5055104,.99861234,1.1462981,.76126546,1.6623232,1.0752168,1.3,.9537037,1.5851852,.93888891
3219211,brighton-amp-hove-albion,1237,0,crystal-palace,873,1,0,44.111111,0,15.777778,10.287581,30.797386,2.2679739,10.477124,2019,1.2501878,.94393969,1.1114708,.71746057,1.3906462,.81818783,1.1599631,.79915237,1.3972223,.68333334,.91666669,.80555558
3219212,wolverhampton-wanderers,543,3,norwich-city,1123,0,30.111111,0,12.555555,0,18.424837,0,7.7385621,0,2019,.69729811,.6523633,1.1124386,.69968814,.75439608,.64097059,1.1870641,.82979721,1.074074,1.037037,2.0296297,1.462963
3219213,crystal-palace,873,0,fc-burnley,1132,1,36.5,34.166668,12.85,10.555555,19.015789,11.137255,6.8473682,3.6797385,2019,.78744501,.58446139,.40451419,.29776177,.85875618,.6664806,.38960838,.27010581,.83333331,.72222221,.37941176,.39607844
3219214,newcastle-united,762,0,fc-burnley,1132,0,0,46,0,14.222222,12.555555,23.013071,4.0718956,7.5294118,2019,1.0024364,.83233118,.76484412,.45200428,1.2002525,.99274892,.78925967,.41708755,1.1888889,1.1592592,.82685184,.49537036
3219215,norwich-city,1123,1,leicester-city,1003,0,0,7.0555553,0,3.6666667,0,20.40523,0,7.8104577,2019,1.1124386,.69968814,.8275789,.69415784,1.1870641,.82979721,.8593064,.75763297,2.0296297,1.462963,1.0138888,.89814812
3219216,leicester-city,1003,0,manchester-city,281,1,6.5,53.944443,3.3333333,42.222221,21.326797,30.601307,8.3725491,24.137255,2019,1.0379189,.80063927,1.330357,1.0173066,1.0456116,.80661207,1.2720041,1.0384831,1.4212962,1.0092592,1.1599867,.88333333
3219217,afc-bournemouth,989,2,fc-chelsea,631,2,71.555557,0,22.722221,0,23.281046,21.20915,7.7581701,12.215686,2019,1.1375883,.74549079,.99046969,.74879992,1.3415965,.83463067,.99293542,.80006534,1.425926,1.0092592,1.0796297,.86666667
3219218,fc-chelsea,631,0,manchester-united,985,2,0,10.055555,0,6,22.771242,15.124183,13.431373,8.1437912,2019,.90023506,.71322489,1.0607021,.71220273,.87131441,.72784311,.91280526,.72661781,.90833336,.82037038,1.1189076,.79411763
3219219,aston-villa,405,2,tottenham-hotspur,148,3,0,0,0,0,.05882353,24.980392,.0065359478,15.300653,2019,.8402279,.60701632,.83970046,.64623249,.74865049,.57185346,.89139867,.70430696,1.0694444,.96203703,.96084654,.58518517
3219220,leicester-city,1003,2,fc-chelsea,631,2,6.7777777,0,3.5,0,21.189543,20.555555,8.359477,12.026144,2019,1.0573772,.82324278,1.0702825,.77240503,1.0663415,.84239727,1.0866109,.78154683,1.4537038,1.0277778,1.0351852,.75555557
3219221,sheffield-united,350,2,afc-bournemouth,989,1,0,74.166664,0,23.388889,0,31.169935,0,10.169934,2019,1.093812,.80451745,1.1261796,.7613638,1.1863186,.95536703,1.3184484,.85083437,1.7296296,1.4092592,1.3703704,.98148149
3219222,fc-liverpool,31,4,fc-southampton,180,0,65.888885,12.555555,42.5,4.3333335,26.215687,24.039215,17.954248,6.0457516,2019,1.2748661,.97913539,.90029907,.55682772,1.3030436,1.0391057,.91204357,.47223824,1.1981481,.91666669,1.5296296,.82407409
3219223,brighton-amp-hove-albion,1237,1,fc-watford,1010,1,0,0,0,0,9.9150324,28.183006,2.1176472,8.9281044,2019,1.3322589,.92737567,1.0963566,.78505999,1.4973592,.80022246,1.0293447,.69182098,1.6768519,.72962964,1.1564815,.89351851
3219224,fc-southampton,180,1,fc-burnley,1132,2,12.5,46,4.3333335,14.222222,19.111111,23.013071,4.8169932,7.5294118,2019,.84606624,.53205919,.76484412,.45200428,.86399806,.45953983,.78925967,.41708755,1.4324074,.75925928,.82685184,.49537036
3219225,fc-arsenal,11,4,newcastle-united,762,0,0,0,0,0,11.418301,8.4248362,6.0522876,2.856209,2019,1.5051674,.87856692,.9009136,.83118886,1.5708836,.93449539,1.0624859,.9804253,1.6161765,.84705883,1.0333333,1.2055556
3219226,afc-bournemouth,989,2,aston-villa,405,1,65.777779,0,20.666666,0,26.300653,0,8.4509802,0,2019,1.0636796,.73332149,.7533533,.63902175,1.1091892,.77619046,.77362674,.62410212,1.1703703,.87037039,.96388888,.93425924
3219227,west-ham-united,379,3,brighton-amp-hove-albion,1237,3,8.5,0,2.7222223,0,19.915033,8.6274509,7.352941,1.9411764,2019,1.0934488,.80752909,1.3183386,.94213867,1.1320273,.87261903,1.4478002,.81014311,1.2409723,1.0993387,1.5564815,.69259262
3219228,tottenham-hotspur,148,2,manchester-city,281,0,0,57.833332,0,45.777779,23.235294,33.196079,14.039216,26.339869,2019,1.0195506,.80641764,1.5087752,1.1945016,1.0437355,.82184988,1.490209,1.2430238,1.0645503,.73796296,1.4878968,1.0953704
3219229,manchester-city,281,2,west-ham-united,379,0,55.111111,9.4444447,43.277779,2.9444444,31.947712,19.797386,25.398693,7.2352943,2019,1.330357,1.0173066,1.2882138,.81694937,1.2720041,1.0384831,1.2561916,.83712524,1.1599867,.88333333,1.7039351,1.0206349
3219230,norwich-city,1123,0,fc-liverpool,31,1,0,73.333336,0,47.055557,0,37.954247,0,25.509804,2019,.94679004,.74455017,1.4337286,1.0700763,1.0000271,.8238889,1.5456184,1.0883934,1.5574074,1.3055556,1.4870371,.94444442
3219231,fc-watford,1010,2,fc-everton,29,3,0,0,0,0,30.732027,17.424837,9.8627453,6.8235292,2019,1.1213566,.81390613,.96465856,.68699688,1.0154558,.68348765,.87694126,.69359797,1.1675926,.87037039,.89999998,.59722221
3219232,newcastle-united,762,0,norwich-city,1123,0,0,0,0,0,10.830066,0,3.6209149,0,2019,.88295621,.82871974,.95623446,.75431442,1.0460719,1.0026475,1.0063452,.82203704,1.0333333,1.2240741,1.5111111,1.287037
3219233,fc-burnley,1132,0,fc-arsenal,11,0,53.611111,0,16.277779,0,30.006536,11.490196,9.4444447,6.2941175,2019,.71648604,.42161494,1.4845791,.84742504,.71518558,.35458755,1.5405669,.88636708,.74351853,.4212963,1.6279411,.84705883
3219234,crystal-palace,873,0,fc-southampton,180,2,33.611111,13.055555,12.111111,4.5,23.124184,32.607841,8.0653591,8.3725491,2019,.8206529,.55330688,.90207642,.60398382,.80999875,.57047075,.90227646,.495556,.52777779,.62037039,1.4833333,.77777779
3219235,crystal-palace,873,0,sheffield-united,350,1,47.444443,0,16.944445,0,37.176472,0,13.143791,0,2019,1.0055747,.68888915,1.0171491,.85176301,1.0614251,.76336181,1.1007807,.98526126,.8888889,.77777779,1.475,1.4462963
3219236,sheffield-united,350,0,manchester-city,281,1,0,54.777779,0,43.555557,.34640524,30.274509,.11111111,24.379086,2019,1.0708573,.8027606,1.4273993,1.0543917,1.2594948,1.0383117,1.4024897,1.096033,1.7259259,1.5648148,1.3953042,.96203703
3219237,aston-villa,405,2,fc-watford,1010,1,0,0,0,0,.16993465,27.202614,.052287582,8.7647057,2019,.63233352,.60938048,1.0743032,.72684437,.64763832,.57101172,.9926722,.62637001,.76296294,.85370368,1.1303922,.82843137
3219238,afc-bournemouth,989,3,brighton-amp-hove-albion,1237,1,54.888889,0,17.166666,0,19,10.104575,6.0588236,2.1568627,2019,.94377214,.66853213,1.3584027,.95923269,.98101449,.69186509,1.4819272,.81609547,1.1009259,.7962963,1.6953703,.74814814
3219239,leicester-city,1003,4,west-ham-united,379,1,7.8888888,9.7222223,3.7222223,2.8888888,26.052288,17.90196,9.8366013,6.4575162,2019,1.034369,.72941756,1.0245671,.79142267,1.0714147,.78263295,1.0701226,.85674602,1.4583334,.92592591,1.1080883,1.0385154
3219240,tottenham-hotspur,148,2,norwich-city,1123,1,0,0,0,0,30.20915,0,18.320261,0,2019,1.0599089,.91608578,.87170905,.6526854,1.071208,.91942823,.85352325,.60563695,1.0367725,.79351854,1.3814815,1.074074
3219241,west-ham-united,379,1,fc-everton,29,1,8.5,0,2.6111112,0,13.633986,15.745098,4.8366013,6.1437907,2019,.89096922,.68609858,.77335322,.50161326,.96305186,.77835095,.72045577,.46962011,1.0051471,.92086834,.45925927,.31481481
3219242,manchester-united,985,0,wolverhampton-wanderers,543,0,10.555555,28.111111,6.2777777,11.777778,14.398693,15.745098,7.5555553,6.6862745,2019,.94990724,.6888423,.70622671,.65335536,1.0155389,.77321935,.76332468,.64196265,1.2085979,.8435185,1.074074,1.037037
3219243,manchester-united,985,0,fc-burnley,1132,2,11.111111,46.388889,6.6666665,14.055555,19.745098,24.313726,10.679739,7.6078429,2019,.78861213,.59498048,.74205923,.43272606,.80985111,.65783477,.74188113,.36569867,.75674605,.6111111,.78725493,.44607842
3219244,fc-everton,29,2,newcastle-united,762,2,0,0,0,0,14.54902,10.941176,5.6732025,3.6143792,2019,.7976588,.52383548,.84254438,.76319277,.73474145,.48813862,.94729841,.85926127,.47777778,.35185185,.81481481,.96481484
3219245,fc-watford,1010,0,tottenham-hotspur,148,0,0,0,0,0,27.843138,29.601307,9.2091503,17.862745,2019,1.156595,.8160938,1.0352175,.8434146,1.079499,.7212013,1.0465167,.84675711,1.2481482,.93518519,1.0034392,.69629627
3219246,norwich-city,1123,1,afc-bournemouth,989,0,0,64.111115,0,20.166666,0,24.045752,0,7.7385621,2019,.8820464,.69917977,.98543882,.68043691,.92101467,.75305557,1.0060145,.70476192,1.4,1.1944444,1.1148148,.81481481
3219247,fc-southampton,180,2,wolverhampton-wanderers,543,3,13.777778,24.388889,4.7777777,10.222222,28.535948,11.843137,7.1568627,4.9346404,2019,.88316804,.59406316,.57135344,.5654636,.89116538,.48938316,.64324892,.57330167,1.4833333,.77777779,.9100529,.95185184
3219248,wolverhampton-wanderers,543,1,fc-liverpool,31,2,28.222221,58.388889,11.833333,38.111111,14.267974,24.875816,6.0849671,16.941177,2019,.74565667,.67098868,1.4403192,.98810226,.81550717,.66536522,1.5861007,1.0501887,1.1137567,.97037035,1.5898148,.98055553
3219249,fc-chelsea,631,2,fc-arsenal,11,2,0,0,0,0,21.392157,11.411765,12.457517,6.1372547,2019,1.0358789,.72758543,1.1116164,.74641615,1.0574248,.73205191,1.1930178,.80851477,.97777778,.69537038,1.2514706,.7352941
3219250,wolverhampton-wanderers,543,1,newcastle-united,762,1,28.277779,0,11.833333,0,16.274509,9.3137255,6.7777777,3.0718954,2019,.51896083,.49386972,1.1073664,.76474959,.59543145,.50440842,1.2041105,.83020484,.90542328,.9074074,.99074072,1.0203704
3219251,fc-liverpool,31,2,manchester-united,985,0,63.722221,11.888889,41.277779,7.1111112,25.202614,18.627451,17.20915,10.03268,2019,1.5017226,1.0405715,.69998777,.53138399,1.6354834,1.0933986,.71858126,.59266382,1.5898148,.98055553,.68637568,.56018519
3219252,brighton-amp-hove-albion,1237,1,aston-villa,405,1,0,0,0,0,11.013072,0,2.6339869,0,2019,1.3484312,.91112524,.60764211,.55055696,1.4820594,.75489616,.63529265,.52780181,1.6768519,.60000002,.73518521,.75648147
3219253,manchester-united,985,4,norwich-city,1123,0,9.7777777,0,5.8888888,0,12.607843,0,6.8888888,0,2019,.90958923,.67953289,.86371797,.7005465,.95099205,.75119048,.83437544,.74715328,1.0308201,.71388888,1.4,1.324074
3219254,fc-arsenal,11,1,sheffield-united,350,1,0,0,0,0,11.921569,.34640524,6.2287583,.11111111,2019,1.1116164,.74641615,1.0708573,.8027606,1.1930178,.80851477,1.2594948,1.0383117,1.2514706,.7352941,1.7259259,1.5648148
3219255,tottenham-hotspur,148,0,fc-liverpool,31,1,0,58.888889,0,38.222221,36.496731,25.006536,21.803921,17.052288,2019,1.0102308,.8248961,1.3831098,1.0012355,1.0121733,.80786818,1.5673211,1.0742186,.97962964,.67777777,1.5953704,.97222221
3219256,sheffield-united,350,1,west-ham-united,379,0,0,7.8333335,0,2.5,.34640524,11.039216,.11111111,4.1045752,2019,1.1988682,.87585998,.9191879,.75901091,1.3832322,1.0797579,.9429701,.83293653,2.2294118,1.6960784,.97708333,.81878304
3219257,newcastle-united,762,1,fc-chelsea,631,0,0,0,0,0,10.823529,17.562092,3.6013072,10.137255,2019,.8480202,.8434397,1.0134939,.72758543,.96766877,.91913784,1.0244578,.73602015,.9074074,1.0296296,1.0166667,.70092595
3219258,crystal-palace,873,1,fc-arsenal,11,1,30.888889,0,11.166667,0,18.542484,10.575164,6.4771242,5.5163398,2019,.82181031,.60092592,1.3799733,.81901556,.82234448,.62602627,1.4374623,.86981815,.54166669,.7037037,1.6058824,.85784316
3219259,fc-watford,1010,2,wolverhampton-wanderers,543,1,0,28.111111,0,11.833333,29.241831,16.960785,9.653595,7.1503267,2019,1.1349901,.74617451,.77882469,.62957287,.96882886,.61101615,.84358203,.64018279,1.2370371,.87962961,1.0231482,.9537037
3219260,aston-villa,405,1,manchester-city,281,6,0,58.333332,0,45.611111,.16993465,34.35294,.052287582,26.934641,2019,.62175149,.59086198,1.490638,1.1833905,.63374943,.54323393,1.4787711,1.2460152,.74444443,.79814816,1.4609127,1.0861111
3219261,manchester-city,281,2,crystal-palace,873,2,58.333332,31.722221,45.611111,11.5,34.07843,21.254902,26.647058,7.4313726,2019,1.490638,1.1833905,.75768995,.47791004,1.4787711,1.2460152,.77913457,.52185965,1.4609127,1.0861111,.5,.56481481
3219262,fc-southampton,180,1,tottenham-hotspur,148,0,14.611111,0,5.3333335,0,28.104576,29.542484,7.4313726,17.973856,2019,.82451653,.53387797,1.1885465,.87183255,.87017769,.45311773,1.1612295,.83526397,1.3166667,.55555558,1.0240741,.71944445
3219263,leicester-city,1003,1,fc-southampton,180,2,6.2777777,13.444445,3.2222223,4.5555553,16.372549,33.549019,6.359477,8.679739,2019,1.0585468,.79790163,.87665558,.60447985,1.0838629,.8317135,.87803406,.49617326,1.4510581,1.0171958,1.4833333,.77777779
3219264,fc-burnley,1132,2,leicester-city,1003,1,52,7.2222223,16.277779,3.5555556,28.444445,23.947712,9.2679739,9.2287579,2019,.71648604,.42161494,1.074573,.82582277,.71518558,.35458755,1.0813968,.84744775,.74351853,.4212963,1.4953704,1.0277778
3219265,fc-chelsea,631,3,fc-burnley,1132,0,0,54.222221,0,16.777779,14.248366,30.372549,8.1372547,9.6470585,2019,1.003487,.68437558,.55133009,.34490508,1.0055323,.71329284,.52001965,.26106903,.98333335,.65925926,.45185184,.33796296
3219266,afc-bournemouth,989,0,fc-watford,1010,3,64.111115,0,20.222221,0,24.503267,27.51634,7.993464,9.0065355,2019,.98543882,.68043691,1.0979733,.77202326,1.0060145,.70476192,.96838796,.64721143,1.1148148,.81481481,1.2370371,.87962961
3219267,west-ham-united,379,1,leicester-city,1003,2,23.055555,7.1666665,10.055555,3.6111112,11.509804,24.699347,4.1503267,9.3921566,2019,1.1267821,.87496024,.77247822,.60287434,1.1655815,.96847445,.81789225,.66293597,1.2404412,1.1169468,.93981481,.7037037
3219268,west-ham-united,379,4,afc-bournemouth,989,0,8.3888893,59.222221,2.5555556,18.555555,13.366014,20.411764,4.9281044,6.5228758,2019,1.0246656,.81209064,.93252367,.64483988,1.0855627,.92120808,.94250441,.63095236,1.1159723,.96230161,.9537037,.78703701
3219269,newcastle-united,762,0,leicester-city,1003,3,0,7.5555553,0,3.9444444,12.424836,25.490196,4,9.9150324,2019,1.0395492,.71142912,.79115915,.64949548,1.1325116,.81186265,.84819531,.74374408,.91944444,.77037036,.97685188,.83333331
3219270,fc-liverpool,31,2,sheffield-united,350,0,62.055557,0,39.666668,0,26.712418,.34640524,17.79085,.11111111,2019,1.393491,.96028417,1.1988682,.87585998,1.4963121,.94097692,1.3832322,1.0797579,1.5777777,.93888891,2.1055555,1.6018518
3219271,norwich-city,1123,2,tottenham-hotspur,148,2,0,0,0,0,0,29.013071,0,17.183006,2019,1.0615069,.8343004,1.1855855,.84382135,1.1214125,.97347206,1.1678941,.82636082,1.4694444,1.3888888,1.0574074,.71944445
3219272,manchester-city,281,2,fc-everton,29,1,43.611111,0,34.111111,0,20.673203,20.084967,16.130718,7.973856,2019,1.5009729,1.2344006,1.0927185,.67773759,1.4858516,1.3177083,1.0246391,.65900755,1.4786376,1.2064815,.89444447,.48148149
3219273,fc-watford,1010,3,aston-villa,405,0,0,0,0,0,25.777779,.16993465,8.4771242,.052287582,2019,1.0794345,.72633326,.98832893,.68645281,.8685202,.54388654,.97074914,.71885121,1.1259259,.82407409,1.0123457,1.2240741
3219274,norwich-city,1123,1,crystal-palace,873,1,0,35.666668,0,12.611111,0,18.568628,0,6.5882354,2019,1.0892847,.77557027,.69816726,.55328286,1.1491902,.89445972,.76008546,.61106902,1.7611111,1.4814814,.75,.72549021
3219275,fc-everton,29,1,brighton-amp-hove-albion,1237,0,0,0,0,0,18.235294,14.823529,7.2679739,3.4117646,2019,.92039728,.64995986,1.1585274,.85816431,.84899509,.63443494,1.3454081,.753353,.83333331,.47222221,1.4527777,.71111113
3219276,brighton-amp-hove-albion,1237,1,fc-chelsea,631,1,0,0,0,0,8.6928101,13.843137,1.9738562,8.1307192,2019,1.1873668,.87893152,.91611606,.67651922,1.2363803,.71521366,.9284057,.70309472,1.3990741,.57222223,.92500001,.68981481
3219277,fc-southampton,180,1,crystal-palace,873,1,13.833333,35.611111,4.8888888,12.611111,28.875816,18.542484,7.2156863,6.5882354,2019,.79767841,.53796297,.75187099,.55328286,.81957161,.45388931,.81299549,.60180974,1.3611112,.76851851,.86764705,.75490195
3219278,tottenham-hotspur,148,2,brighton-amp-hove-albion,1237,1,0,0,0,0,31.104576,7,18.784313,1.5163399,2019,1.1877749,.80357057,1.1822615,.74015158,1.1535134,.75641996,1.3452479,.6268298,1.0351852,.62222224,1.6212963,.57222223
3219279,fc-arsenal,11,1,fc-chelsea,631,2,0,0,0,0,7.6078429,11.261438,3.8954248,6.6928105,2019,1.4427229,.77745378,.89278287,.59935874,1.4976177,.80040032,.87712365,.59577149,1.6617845,.8287037,.82222223,.57592595
3219280,brighton-amp-hove-albion,1237,2,afc-bournemouth,989,0,0,61.444443,0,19,12.281046,21.117647,2.7058823,6.7189541,2019,1.2702042,.90578336,1.1188663,.69774991,1.4176303,.75688028,1.297134,.77173382,1.4990741,.57222223,1.324074,.96296299
3219281,manchester-united,985,4,newcastle-united,762,1,13.333333,0,7.8333335,0,34.66013,11.084968,18.607843,3.6862745,2019,.90181231,.69932944,.91553128,.68127036,.96571189,.76645297,1.0447592,.7803812,1.2206349,.91666669,.91944444,.78888887
3219282,fc-burnley,1132,0,manchester-united,985,2,66.277779,12.444445,20.666666,7.3888888,39.562092,25.470589,12.803922,13.810457,2019,.75360763,.53286952,.80277848,.62684262,.7476263,.42711842,.85022557,.70626783,.84722221,.45833334,.95489419,.75462961
3219283,manchester-city,281,2,sheffield-united,350,0,46.944443,0,36.888889,0,22.921568,.34640524,18.078432,.11111111,2019,1.4080505,1.0520413,1.2544237,1.003139,1.3833714,1.0941633,1.4443433,1.179758,1.349008,.92870373,2.2305555,1.712963
3219284,sheffield-united,350,1,fc-watford,1010,1,0,0,0,0,.34640524,23.30719,.11111111,7.4379086,2019,1.2156323,.91834366,1.0963861,.72361648,1.41101,1.0964246,.93410665,.59397072,2.2027779,1.6018518,1.1629629,.76851851
3219285,fc-arsenal,11,2,manchester-united,985,0,0,12.444445,0,7.3888888,10.575164,30.372549,5.5163398,16.503267,2019,1.3383958,.79639053,.80277848,.62684262,1.3853811,.83075422,.85022557,.70626783,1.5444444,.81018519,.95489419,.75462961
3219286,newcastle-united,762,1,fc-everton,29,2,0,0,0,0,9.5947714,22.104576,3.0915034,8.8366013,2019,.91553128,.68127036,1.0433358,.69162649,1.0447592,.7803812,.98179239,.67716998,.91944444,.78888887,.8888889,.52777779
3219287,fc-burnley,1132,1,aston-villa,405,2,66.277779,0,20.666666,0,39.562092,.16993465,12.803922,.052287582,2019,.75360763,.53286952,.87404317,.61740518,.7476263,.42711842,.84451461,.59230798,.84722221,.45833334,.93271607,.91851854
3219288,west-ham-united,379,0,fc-liverpool,31,2,8.7777777,60.666668,2.7222223,39.333332,15.960784,22.666666,5.9084969,15.614379,2019,.88541365,.66972953,1.3288473,.96833295,.95828992,.76071429,1.3690455,1.0375625,.94930553,.86970901,1.2759259,.93888891
3219289,norwich-city,1123,1,wolverhampton-wanderers,543,2,0,28.111111,0,11.833333,0,16.960785,0,7.1503267,2019,1.0615069,.8343004,.77882469,.63036656,1.1214125,.97347206,.84358203,.63524455,1.4694444,1.3888888,1.0342592,.9537037
3219290,leicester-city,1003,0,fc-liverpool,31,4,6.7777777,65.888885,3.4444444,42.666668,22.124184,31.836601,8.7581701,21.725491,2019,1.018937,.7576499,1.4966656,1.0779626,1.0473406,.77729106,1.6254331,1.0690192,1.4861112,.93518519,1.6203704,.96666664
3219291,afc-bournemouth,989,1,fc-arsenal,11,1,59.944443,0,18.5,0,19.745098,11.392157,6.2483659,5.9673204,2019,1.0910885,.66744691,1.3769392,.77370507,1.2693563,.75321531,1.4225643,.80431765,1.4019607,1.0196079,1.5747474,.81018519
3219292,wolverhampton-wanderers,543,3,manchester-city,281,2,28.111111,50.611111,11.833333,40,16.960785,25.254902,7.1503267,20.058823,2019,.77882469,.63036656,1.2041365,1.0128027,.84358203,.63524455,1.1727232,1.0784938,1.0342592,.9537037,1.1934524,.97314817
3219293,fc-chelsea,631,0,fc-southampton,180,2,0,13.944445,0,4.9444447,15.888889,29.379086,9.1960783,7.2875819,2019,1.0510187,.76506341,.79705,.51759261,1.0645219,.80066657,.83514684,.44066182,1.0527778,.74259257,1.2703704,.69444442
3219294,fc-liverpool,31,1,wolverhampton-wanderers,543,0,63.833332,28.111111,41.055557,11.833333,28.869282,14.261438,19.464052,6.0653596,2019,1.4706917,1.0374446,.64137614,.60777801,1.5540044,1.0187547,.70523787,.6114791,1.5833334,.9527778,.99537039,1.037037
3219295,aston-villa,405,1,norwich-city,1123,0,0,0,0,0,0,0,0,0,2019,.97494578,.69418049,1.0615069,.8343004,.93062568,.72101569,1.1214125,.97347206,.94753087,1.2518518,1.4694444,1.3888888
3219296,crystal-palace,873,2,west-ham-united,379,1,39.444443,23.388889,14,10.333333,22.320261,16.954248,7.6666665,6.352941,2019,.80742657,.57615864,1.1424683,.91047025,.8778103,.62403196,1.1704111,.98725748,.875,.75,1.1854167,1.0548942
3219297,newcastle-united,762,1,crystal-palace,873,0,0,39.444443,0,14.166667,14.51634,23.379086,4.9150329,8.3660135,2019,.90025347,.619542,.88605309,.57668775,1.033648,.76371455,.93634206,.63064575,.91944444,.78888887,.80882353,.70588237
3219298,fc-watford,1010,2,manchester-united,985,0,0,13.388889,0,7.7777777,28.686274,34.437908,9.320261,18.627451,2019,1.1312864,.761437,.92596692,.74165744,.97037208,.60941356,.98555321,.80811965,1.2148148,.8611111,1.2317461,.91666669
3219299,brighton-amp-hove-albion,1237,0,sheffield-united,350,1,0,0,0,0,9.9934645,.34640524,2.2026143,.11111111,2019,1.2316442,.76607752,1.2332249,.89056587,1.3799701,.65460759,1.4171828,.99148631,1.6768519,.60000002,2.175,1.4351852
3219300,wolverhampton-wanderers,543,1,tottenham-hotspur,148,2,28.111111,0,11.833333,0,16.117647,36.098038,6.7777777,22.143791,2019,.82604694,.62273526,1.2541091,.78098971,.89497095,.62907171,1.2781277,.79229581,1.1183863,.9537037,1.1907407,.71944445
3219301,afc-bournemouth,989,0,fc-burnley,1132,1,59,54.166668,18.277779,16.666666,19.777779,26.82353,6.2614379,8.6993465,2019,.86655146,.611242,.71144831,.42571351,.99713403,.6397894,.74291247,.36230358,1.1078432,.91176468,.86574072,.43518519
3219302,fc-everton,29,1,fc-burnley,1132,0,0,49.277779,0,15.444445,22.59477,30.17647,9.0588236,9.7647057,2019,1.0433358,.69162649,.71471876,.50077075,.98179239,.67716998,.73373741,.4304854,.8888889,.52777779,.85555553,.5
3219303,fc-everton,29,0,fc-arsenal,11,0,0,0,0,0,19.156862,8.5555553,7.6209149,4.5228758,2019,1.0048742,.70617676,1.3357143,.63245547,.91882944,.70097947,1.3446056,.65184987,.87222224,.61574072,1.5438503,.76960784
3219304,aston-villa,405,1,fc-southampton,180,3,0,14.333333,0,4.9444447,0,35.529411,0,9.2091503,2019,.92073703,.7190482,.83540976,.56628543,.88124299,.72939312,.83931351,.46006215,.93562609,1.1037037,1.3814815,.72222221
3219305,fc-southampton,180,0,west-ham-united,379,1,14.333333,21.222221,4.9444447,9,32.947712,13.058824,8.8562088,4.5947714,2019,.82451653,.53387797,1.0803314,.83199805,.87017769,.45311773,1.0772654,.83977073,1.3166667,.55555558,1.0743055,.91600531
3219306,tottenham-hotspur,148,0,fc-chelsea,631,2,0,0,0,0,46.483662,14.601307,28.117647,8.5620918,2019,1.1835276,.80736458,.98055357,.7301107,1.1981894,.79830033,.99645108,.75973254,1.187037,.70555556,.96944445,.7814815
3219307,manchester-city,281,3,leicester-city,1003,1,51.166668,7.1111112,40.444443,3.6111112,26.954248,23.803921,21.51634,9.2091503,2019,1.4080505,1.0520413,1.0900871,.80526894,1.3833714,1.0941633,1.0991925,.82429963,1.349008,.92870373,1.5138888,1.0092592
3219308,manchester-united,985,1,fc-everton,29,1,10.888889,0,6.3333335,0,24.477123,19.535948,12.810457,7.7516341,2019,.80331528,.58451462,1.0313361,.62309027,.85638142,.66460115,.96741849,.58590013,.96600527,.75462961,.71111113,.5324074
3219309,sheffield-united,350,2,aston-villa,405,0,0,0,0,0,.34640524,0,.11111111,0,2019,1.1663057,.96082729,.78942388,.55238152,1.2690346,1.0894802,.76585835,.58292848,1.8694445,1.6018518,.83562613,.88148147
3219310,fc-watford,1010,0,crystal-palace,873,0,0,42.5,0,15.222222,27.379086,31.071896,9.2026148,11.006536,2019,1.1118419,.76977032,1.0333403,.69132197,.95648319,.61496913,1.0825891,.75164527,1.2648149,.90277779,1.037037,.85185188
3219311,west-ham-united,379,1,fc-arsenal,11,3,22.611111,0,9.6111107,0,12.490196,10.300653,4.4444447,5.4509802,2019,.93244612,.80359781,1.329651,.80848569,.92133707,.85983247,1.3996795,.856929,.99097222,.92063493,1.5642157,.83823532
3219312,crystal-palace,873,1,brighton-amp-hove-albion,1237,1,37.388889,0,13.5,0,24.973856,8.8888893,8.6862745,2.0261438,2019,1.0146445,.67195058,1.2146486,.86537933,1.0351886,.70303667,1.3898526,.72513425,.89705884,.78431374,1.4805555,.55370373
3219313,leicester-city,1003,1,norwich-city,1123,1,6.8333335,0,3.7222223,0,24.117647,0,9.3725491,0,2019,1.0900871,.80526894,1.0595186,.83240646,1.0991925,.82429963,1.1281998,.97582895,1.5138888,1.0092592,1.5324074,1.425926
3219314,fc-burnley,1132,1,newcastle-united,762,0,54.666668,0,17.166666,0,27.424837,9.0915031,8.960784,3.006536,2019,.82790244,.44535664,.92093247,.54962355,.84688073,.3777357,.94275695,.57050467,.87685186,.44907406,.70648146,.53703701
3219315,norwich-city,1123,1,sheffield-united,350,2,0,0,0,0,0,.34640524,0,.11111111,2019,1.0595186,.83240646,1.2156323,.91834366,1.1281998,.97582895,1.41101,1.0964246,1.5324074,1.425926,2.2027779,1.6018518
3219316,fc-liverpool,31,2,fc-watford,1010,0,67.722221,0,43.833332,0,33.202614,23.496733,22.633987,7.5686274,2019,1.4154691,1.0825922,1.0831382,.72718793,1.5536993,1.0957286,.88935357,.57166427,1.5425926,.94444442,1.2092593,.9074074
3219317,fc-arsenal,11,0,manchester-city,281,3,0,48.222221,0,38.388889,7.4967322,23.137255,3.7581699,18.90196,2019,1.3912963,.79011464,1.1237793,1.0065867,1.469197,.83514208,1.1241121,1.0729994,1.6085562,.82843137,1.1061507,.92870373
3219318,fc-chelsea,631,0,afc-bournemouth,989,1,0,54.888889,0,16.944445,17.078432,16.758169,9.8562088,5.2026143,2019,1.0201046,.75227684,.66562557,.48281488,1.0500988,.79283834,.80268961,.53661478,1.0583333,.74537039,.83333331,.63725489
3219319,tottenham-hotspur,148,5,fc-burnley,1132,0,0,39.833332,0,12.666667,33.581699,15.169934,20.660131,4.973856,2019,1.4190158,.86167753,.7347703,.41184732,1.4354028,.85098529,.74520928,.34779742,1.3796296,.77499998,.76078433,.34313726
3219320,fc-liverpool,31,5,fc-everton,29,2,71.388885,18.5,45.555557,7.2777777,29.183006,15.777778,19.529411,6.1699347,2019,1.4331459,1.0909256,1.0590508,.69916511,1.5789517,1.1108801,.97504634,.69965672,1.5564815,.95833331,.91851854,.61574072
3219321,afc-bournemouth,989,0,fc-liverpool,31,3,57.222221,62.333332,17.944445,40.222221,20.581699,28.633987,6.5359478,19.300653,2019,.75684506,.61488044,1.3971798,1.0222332,.72345281,.65347987,1.6189796,1.0553687,.82076722,.79259259,1.587963,.98055553
3219322,crystal-palace,873,1,afc-bournemouth,989,0,47.166668,54,16.722221,17.222221,33,15.398693,11.326797,5.0915031,2019,1.0148218,.69079709,.92272317,.6923728,1.0943668,.78312677,.9675886,.76459098,1.0925926,.8888889,1.0568783,.88518518
3219323,fc-southampton,180,2,norwich-city,1123,1,12.222222,0,4.1111112,0,31.313726,0,8.1568632,0,2019,.84755504,.54938728,1.0595186,.83240646,.85556674,.46442723,1.1281998,.97582895,1.4555556,.76851851,1.5324074,1.425926
3219324,newcastle-united,762,2,fc-southampton,180,1,0,13.111111,0,4.5,9.5686274,33.124184,3.0849674,8.640523,2019,.9211728,.67114532,.83408701,.53619283,1.1055055,.77714044,.82842028,.44617328,1.0907408,.87222224,1.4277778,.74074072
3219325,fc-chelsea,631,2,aston-villa,405,1,0,0,0,0,13.411765,0,7.6928105,0,2019,1.0622253,.73627234,.95487005,.74097282,1.0485928,.76687539,.93882674,.75964004,1.1074075,.8287037,.95599645,1.25
3219326,fc-everton,29,3,fc-chelsea,631,1,0,0,0,0,21.732027,11.405229,8.4117651,6.5686274,2019,1.1118712,.74065775,.98478711,.76046985,1.0212002,.71403295,.96161443,.76965314,.89999998,.61574072,.98240739,.77037036
3219327,brighton-amp-hove-albion,1237,2,wolverhampton-wanderers,543,2,0,28.111111,0,11.833333,9.4509802,16.960785,2.1045752,7.1503267,2019,1.2702042,.90578336,.77882469,.63036656,1.4176303,.75688028,.84358203,.63524455,1.4990741,.57222223,1.0342592,.9537037
3219328,aston-villa,405,1,leicester-city,1003,4,0,6.8333335,0,3.7222223,0,24.117647,0,9.3725491,2019,.91922188,.73888946,1.0900871,.80526894,.87648106,.72939312,1.0991925,.82429963,.94673723,1.1037037,1.5138888,1.0092592
3219329,manchester-city,281,1,manchester-united,985,2,55.388889,10.888889,43.555557,6.3333335,28.535948,24.477123,22.816994,12.810457,2019,1.2063667,1.1379359,.80331528,.58451462,1.2195117,1.2248511,.85638142,.66460115,1.2180556,1.0861111,.96600527,.75462961
3219330,leicester-city,1003,2,fc-watford,1010,0,6.7222223,0,3.4444444,0,20.633987,22.542484,8.0522881,7.7189541,2019,1.058355,.79219705,1.0581585,.772861,1.0675038,.80506885,.86389059,.59489661,1.4583334,1.0092592,1.1944444,.88425928
3219331,fc-burnley,1132,1,manchester-city,281,4,52.444443,51.666668,16.5,40.555557,23.601307,25.006536,7.7581701,19.928104,2019,.82725269,.43065074,1.1702555,1.0907137,.85277301,.36755049,1.1746399,1.1962187,.86296296,.35185185,1.167262,1.062037
3219332,wolverhampton-wanderers,543,1,sheffield-united,350,1,24.222221,0,10.111111,0,11.470589,.34640524,4.8169932,.11111111,2019,.7714951,.62457442,1.2156323,.91834366,.83432281,.64117485,1.41101,1.0964246,1.0203704,.9675926,2.2027779,1.6018518
3219333,tottenham-hotspur,148,3,afc-bournemouth,989,2,0,48.222221,0,15.277778,41.627453,14.091503,25.705883,4.5555553,2019,1.1912436,.80736458,.95624983,.62845981,1.2063802,.79830033,.9756133,.69415444,1.175926,.70555556,1.1092438,.92745095
3219334,fc-arsenal,11,1,brighton-amp-hove-albion,1237,2,0,0,0,0,10.372549,8.4901962,5.7516341,1.8496732,2019,1.3047642,.80069858,1.2316442,.76607752,1.3849359,.86550742,1.3799701,.65460759,1.5367647,.73431373,1.6768519,.60000002
3219335,manchester-united,985,2,tottenham-hotspur,148,1,10.111111,0,5.8888888,0,19.568628,41.69281,10.261438,25.457516,2019,.73141986,.53643382,1.1835276,.80736458,.78848022,.61445683,1.1981894,.79830033,.86878306,.72089946,1.187037,.70555556
3219336,sheffield-united,350,0,newcastle-united,762,2,0,0,0,0,.34640524,9.6078434,.11111111,3.1111112,2019,1.2156323,.91834366,.9211728,.67114532,1.41101,1.0964246,1.1055055,.77714044,2.2027779,1.6018518,1.0907408,.87222224
3219337,wolverhampton-wanderers,543,2,west-ham-united,379,0,28.111111,20.888889,11.833333,8.9444447,16.117647,8.5424833,6.7777777,2.9150326,2019,.82604694,.62273526,1.0889938,.89788121,.89497095,.62907171,1.0945213,.94964725,1.1183863,.9537037,1.1215278,.99007934
3219338,norwich-city,1123,2,fc-arsenal,11,2,0,0,0,0,0,10.627451,0,5.7385621,2019,1.0872964,.87786102,1.3418467,.83349913,1.169646,1.049903,1.4023819,.88659221,1.5138888,1.425926,1.5544118,.80784315
3219339,fc-southampton,180,2,fc-watford,1010,1,13.222222,7.1111112,4.5555553,2.1111112,31.30719,28.941177,8.2549019,9.7058821,2019,.81316352,.5369941,1.0578736,.77576089,.80588722,.44524735,.95879799,.67907172,1.45,.75185186,1.2981482,.99537039
3219340,west-ham-united,379,2,tottenham-hotspur,148,3,24.111111,0,10.333333,0,12.921569,41.816994,4.6666665,25.601307,2019,1.2047142,.96471411,1.1694183,.7539615,1.1883765,.99409169,1.187994,.75673079,1.2131945,.99007934,1.1314815,.59444445
3219341,newcastle-united,762,2,manchester-city,281,2,0,45.388889,0,35.444443,9.2614384,25.444445,2.9673202,20.117647,2019,.84463823,.68596011,1.2063667,1.1379359,1.0594196,.79460078,1.2195117,1.2248511,1.0907408,.89074075,1.2180556,1.0861111
3219342,fc-liverpool,31,2,brighton-amp-hove-albion,1237,1,73.5,0,47.222221,0,37.862743,8.986928,25.529411,1.9477124,2019,1.4331459,1.0909256,1.2185723,.76210922,1.5789517,1.1108801,1.3640971,.64955705,1.5564815,.95833331,1.6768519,.60000002
3219343,fc-watford,1010,0,fc-burnley,1132,3,7.1111112,57.888889,2.1111112,18,24.424837,30.647058,8.0718956,9.8300657,2019,1.040566,.77911866,.69680196,.41333431,.89398319,.66412741,.73840588,.36755049,1.2166667,1.0185186,.86851853,.43518519
3219344,manchester-united,985,2,aston-villa,405,2,9.8888893,0,5.8333335,0,18.830065,0,9.8627453,0,2019,.81257451,.60976714,.91922188,.73888946,.86279166,.68985367,.87648106,.72939312,.95767194,.76256615,.94673723,1.1037037
3219345,fc-burnley,1132,0,crystal-palace,873,2,52.888889,48.5,16.5,17.222221,24.254902,36.718956,7.8431373,12.607843,2019,.70200014,.41642073,1.0111181,.69382739,.73769361,.33977273,1.1013112,.792386,.84074074,.33796296,1.0787038,.8888889
3219346,manchester-city,281,2,fc-chelsea,631,1,50.111111,0,39,0,29.026144,16.267973,22.470589,9.4379082,2019,1.4047794,1.1372771,1.0674485,.74721509,1.3750674,1.1772321,1.0715204,.79180419,1.3275794,1.0527778,1.1962963,.8287037
3219347,fc-chelsea,631,0,west-ham-united,379,1,0,22.777779,0,9.7222223,17.084967,11.169934,9.8169937,3.8692811,2019,.94600457,.74667042,1.1834178,.95699805,.92313492,.78995234,1.1580735,.97557318,.96296299,.8425926,1.1909722,.99007934
3219348,leicester-city,1003,2,fc-everton,29,1,6.7777777,16.388889,3.4444444,6.4444447,19.797386,13.712419,7.5947714,5.3333335,2019,1.0453919,.76823187,1.061425,.69056726,1.0558876,.77729106,.9688735,.68576783,1.4398148,.99074072,.86851853,.60648149
3219349,sheffield-united,350,3,manchester-united,985,3,0,9.7222223,0,5.7777777,.34640524,18.09804,.11111111,9.5359478,2019,1.2162496,1.0051492,.80965054,.59807122,1.4171828,1.1867024,.85851818,.67275965,2.2120371,1.6944444,.93915343,.68849206
3219350,norwich-city,1123,0,fc-watford,1010,2,0,9.2222223,0,2.7777777,0,35.980392,0,11.888889,2019,1.0693952,.80894965,.98190367,.67973167,1.1420887,.95201945,.86620539,.54228395,1.5462962,1.3888888,1.0453703,.80092591
3219351,brighton-amp-hove-albion,1237,0,leicester-city,1003,2,0,7.1111112,0,3.6111112,11.679739,23.803921,2.5424836,9.2091503,2019,1.2362849,.90049237,1.0900871,.80526894,1.3761261,.76541007,1.0991925,.82429963,1.4666667,.66666669,1.5138888,1.0092592
3219352,wolverhampton-wanderers,543,2,aston-villa,405,1,28.111111,0,11.833333,0,16.960785,.16993465,7.1503267,.052287582,2019,.80660248,.62540621,.8798272,.67560625,.87135983,.63601613,.8458975,.64642054,1.0453703,.9537037,.90044093,.96481484
3219353,tottenham-hotspur,148,1,sheffield-united,350,1,92.277779,0,54.666668,0,33.052288,.34640524,20.143791,.11111111,2019,1.2801232,.87601537,1.2156323,.91834366,1.3075809,.89915502,1.41101,1.0964246,1.2018518,.80277777,2.2027779,1.6018518
3219354,crystal-palace,873,1,fc-liverpool,31,2,48.166668,73.333336,17.111111,47.055557,38.843136,37.954247,13.215686,25.509804,2019,1.030794,.71722806,1.4337286,1.0700763,1.0801842,.77113181,1.5456184,1.0883934,.98148149,.83333331,1.4870371,.94444442
3219355,fc-everton,29,0,norwich-city,1123,2,17.222221,0,6.5,0,14.24183,0,5.5882354,0,2019,1.0206655,.61503053,1.0892389,.8829115,.93742573,.64300227,1.1678823,1.049903,.92777777,.5787037,1.5324074,1.425926
3219356,aston-villa,405,2,newcastle-united,762,0,0,0,0,0,0,10.300653,0,3.3529413,2019,.90274763,.72719353,.88557172,.67978728,.86457634,.7192921,1.0601912,.80121452,.93007052,1.0759259,1.1,.87222224
3219357,fc-arsenal,11,2,fc-southampton,180,2,17.888889,14.444445,9.666667,5,9.8954248,33.69281,5.2222223,8.8300657,2019,1.2822425,.75334752,.74133807,.54972559,1.3518476,.79052973,.69893539,.42055598,1.5308824,.74019605,1.0981481,.69629627
3219358,afc-bournemouth,989,1,wolverhampton-wanderers,543,2,58.333332,26.111111,18.777779,10.944445,19.196079,15.633986,6.4509802,6.4509802,2019,.97133428,.70526958,.81117767,.63383877,.99854094,.77748781,.87135983,.63601613,1.0846561,.90370369,1.0425926,.9537037
3219359,fc-southampton,180,1,fc-everton,29,2,13.166667,20.777779,4.7777777,7.8888888,19.392157,18.424837,4.7843137,7.1895423,2019,.84163445,.49964386,1.0605664,.72448099,.87456667,.43001366,.99937457,.7117523,1.2555555,.64999998,.89629632,.60648149
3219360,newcastle-united,762,2,afc-bournemouth,989,1,0,65.555557,0,20.944445,12.287581,18.450981,4.0392156,6.2222223,2019,.87916148,.65941691,1.1102232,.7409839,1.0496092,.79129392,1.3040966,.84785813,1.0259259,.85370368,1.3624339,.95925927
3219361,fc-watford,1010,1,fc-chelsea,631,2,8.4285717,0,2.2857144,0,26.809525,7.0659342,9.2380953,3.9120879,2019,.49333334,.4827961,1.1084964,.80090088,.41686508,.50833333,1.1182988,.86455405,.59666669,.78333336,1.1202381,.83333331
3219362,manchester-city,281,2,fc-southampton,180,1,58.333332,14.722222,45.611111,5.1111112,33.758171,27.888889,26.424837,7.2091503,2019,1.4954227,1.2200066,.86132723,.55137902,1.4741414,1.2998872,.88011801,.45912096,1.4303571,1.1833333,1.4296297,.77037036
3219363,leicester-city,1003,2,fc-arsenal,11,0,6.7777777,17.222221,3.4444444,9.5,22.124184,8.1960783,8.7581701,4.5359478,2019,1.018937,.7576499,1.2828449,.81325245,1.0473406,.77729106,1.3571141,.87377071,1.4861112,.93518519,1.4661765,.77843136
3219364,fc-liverpool,31,3,manchester-city,281,1,73.333336,56.333332,47.055557,44,38.30719,30.509804,25.718954,23.771242,2019,1.4337286,1.0700763,1.510335,1.2255622,1.5456184,1.0883934,1.493016,1.3115423,1.4870371,.94444442,1.4720238,1.1972222
3219365,sheffield-united,350,3,fc-burnley,1132,0,0,56.222221,0,17.388889,.34640524,29.444445,.11111111,9.3137255,2019,1.2156323,.91834366,.66408348,.41707051,1.41101,1.0964246,.63523126,.34987375,2.2027779,1.6018518,.74629629,.4074074
3219366,manchester-united,985,3,brighton-amp-hove-albion,1237,1,10.666667,0,6.2222223,0,22.052288,11.535948,11.882353,2.3921568,2019,.80936998,.56019241,1.2350075,.79861718,.86213028,.64284509,1.3576156,.71075636,.93359786,.66071427,1.6675926,.74814814
3219367,west-ham-united,379,2,newcastle-united,762,3,22.722221,0,9.833333,0,11.411765,12.287581,4.1633987,4.0392156,2019,1.1760545,.95314002,.87916148,.65941691,1.203528,1.0091711,1.0496092,.79129392,1.1715277,.99007934,1.0259259,.85370368
3219368,fc-burnley,1132,3,west-ham-united,379,0,57.888889,22.722221,17.888889,9.833333,31.784313,11.411765,10.261438,4.1633987,2019,.69817799,.40766981,1.1760545,.95314002,.73436546,.35767397,1.203528,1.0091711,.86574072,.43518519,1.1715277,.99007934
3219369,fc-chelsea,631,2,crystal-palace,873,0,0,48.666668,0,17.388889,11.189543,38.875816,6.4248366,13.372549,2019,1.1411142,.78124589,.97477549,.64435649,1.1222039,.80533695,1.0543705,.72757119,1.2138889,.89814812,.9537037,.77777779
3219370,brighton-amp-hove-albion,1237,2,norwich-city,1123,0,0,0,0,0,9.3921566,0,1.8954248,0,2019,1.2370908,.8144902,1.0052925,.77867901,1.3798379,.7186929,1.055669,.88488978,1.6953703,.74814814,1.4166666,1.287037
3219371,fc-arsenal,11,1,wolverhampton-wanderers,543,1,16.444445,28.111111,9,11.777778,7.5294118,18.287582,4.0784316,7.5424838,2019,1.3066276,.83437788,.81016755,.6370855,1.3786827,.87937295,.87034976,.6449948,1.4955882,.77843136,1.0314815,.9537037
3219372,aston-villa,405,1,fc-liverpool,31,2,0,73.333336,0,47.055557,0,38.30719,0,25.718954,2019,.86644411,.68333393,1.4337286,1.0700763,.80577403,.64858508,1.5456184,1.0883934,.83562613,.99259257,1.4870371,.94444442
3219373,fc-watford,1010,0,afc-bournemouth,989,0,5.9444447,59.944443,1.7222222,19.166666,25.503267,17.222221,8.7777777,5.8039217,2019,.70010275,.53192449,1.0681707,.70659232,.65772176,.41886446,1.2846521,.79365081,.84722221,.56018519,1.3207672,.84814817
3219374,west-ham-united,379,1,sheffield-united,350,1,22.722221,0,9.833333,0,11.411765,.34640524,4.1633987,.11111111,2019,1.1760545,.95314002,1.2156323,.91834366,1.203528,1.0091711,1.41101,1.0964246,1.1715277,.99007934,2.2027779,1.6018518
3219375,fc-everton,29,1,tottenham-hotspur,148,1,22,82.888885,8.7777777,49.166668,14.581699,29.542484,5.986928,18.078432,2019,1.0563763,.65227467,1.0991099,.85008943,.96229345,.66892821,1.1190889,.86211795,.95555556,.60648149,1.1462963,.77499998
3219376,crystal-palace,873,0,leicester-city,1003,2,44.222221,7.1111112,15.777778,3.6111112,33.254902,23.803921,11.372549,9.2091503,2019,1.0280162,.67710459,1.0900871,.80526894,1.073835,.69397134,1.0991925,.82429963,.99537039,.83333331,1.5138888,1.0092592
3219377,norwich-city,1123,1,manchester-united,985,3,0,10.944445,0,6.2777777,0,24.679739,0,13.281046,2019,1.0052925,.77867901,.82704675,.59807122,1.055669,.88488978,.8792243,.67275965,1.4166666,1.287037,.96137565,.68849206
3219378,afc-bournemouth,989,1,manchester-united,985,0,56.666668,10.944445,18,6.2777777,15.79085,24.679739,5.2875819,13.281046,2019,1.0681707,.70659232,.82704675,.59807122,1.2846521,.79365081,.8792243,.67275965,1.3207672,.84814817,.96137565,.68849206
3219379,fc-southampton,180,0,leicester-city,1003,9,15.5,6.7777777,5.7222223,3.4444444,28.477123,22.124184,7.4705882,8.7581701,2019,.81012893,.55415678,1.018937,.7576499,.82826614,.45217654,1.0473406,.77729106,1.3555555,.71481484,1.4861112,.93518519
3219380,newcastle-united,762,1,wolverhampton-wanderers,543,1,0,26.111111,0,10.944445,11.418301,12.686275,3.6143792,5.359477,2019,.98196697,.72575802,.83062208,.63116783,1.1499178,.85643941,.89497095,.62907171,1.0259259,.79814816,1.1156085,.9537037
3219381,fc-burnley,1132,2,fc-chelsea,631,4,59.666668,0,18.444445,0,32.405228,12.124183,10.366014,6.8562093,2019,.66545945,.41140601,1.2096531,.81603736,.6311909,.3399972,1.2309574,.8850581,.74351853,.4074074,1.2296296,.9064815
3219382,manchester-city,281,3,aston-villa,405,0,49.5,0,38.555557,0,31.777779,.019607844,24.686274,0,2019,1.4954227,1.2200066,.70664471,.6726585,1.4741414,1.2998872,.73635763,.68433142,1.4303571,1.1833333,.80507052,.96481484
3219383,tottenham-hotspur,148,1,fc-watford,1010,1,96.888885,5.2777777,57.222221,1.5,43.300655,24.163399,26.359478,8.2549019,2019,1.0704842,.69127107,.89788902,.71131235,1.0557731,.64642256,.85161507,.60740739,.96666664,.45833334,1.0518519,.77777779
3219384,manchester-united,985,1,fc-liverpool,31,1,10.833333,74.111115,6.2777777,47.5,23.163399,38.398693,12.535948,25.673203,2019,.76778746,.56251568,1.2165939,.9547565,.80823666,.62117237,1.226174,.89394897,.90582013,.64682537,1.1259259,.77777779
3219385,fc-arsenal,11,2,crystal-palace,873,2,17.111111,46.111111,9.6111107,16.333334,8.2156858,38.052288,4.647059,12.784314,2019,1.1907161,.63355231,1.030794,.71722806,1.2080128,.6747511,1.0801842,.77113181,1.3583333,.72941178,.98148149,.83333331
3219386,sheffield-united,350,1,fc-arsenal,11,0,0,16.388889,0,9.1111107,.34640524,6.7843137,.11111111,3.6993463,2019,1.2156323,.91834366,1.2397358,.65820217,1.41101,1.0964246,1.2531109,.68847662,2.2027779,1.6018518,1.4367647,.74901962
3219387,brighton-amp-hove-albion,1237,3,fc-everton,29,2,0,22.388889,0,8.833333,9.8235292,17.320261,2.0849674,6.8888888,2019,1.1099185,.70166969,.94625831,.65739161,1.2906404,.64801389,.84885263,.67725033,1.5055555,.68333334,.90925926,.625
3219388,wolverhampton-wanderers,543,1,fc-southampton,180,1,30.222221,15.5,12.611111,5.7222223,20.019608,28.477123,8.2091503,7.4705882,2019,.76214999,.62553942,.81012893,.55415678,.83965391,.64761829,.82826614,.45217654,1.0805556,.9537037,1.3555555,.71481484
3219389,fc-liverpool,31,2,tottenham-hotspur,148,1,73.333336,97.833336,47.055557,58,38.30719,45.006535,25.718954,27.673203,2019,1.4337286,1.0700763,1.1894801,.83236456,1.5456184,1.0883934,1.2094327,.83676183,1.4870371,.94444442,1.175926,.70555556
3219390,fc-watford,1010,0,sheffield-united,350,0,8.181818,0,2.090909,0,33.527271,0,10.981818,0,2019,.92391145,.62572765,.96517801,.88412958,.85628361,.54794371,1.2484783,1.2162272,.88636363,.54545456,2.0454545,1.9848485
3219391,crystal-palace,873,0,manchester-city,281,2,44.888889,49.444443,15.888889,38.611111,33.601307,24.281046,11.542483,19.026144,2019,1.0342662,.71975332,1.507286,1.2238185,1.0852346,.77618229,1.4942551,1.3134348,.98148149,.83333331,1.460119,1.1953703
3219392,leicester-city,1003,2,fc-burnley,1132,1,6.7777777,50.833332,3.4444444,15.833333,22.124184,26.267973,8.7581701,8.4901962,2019,1.018937,.7576499,.69908142,.41308188,1.0473406,.77729106,.70003408,.35458755,1.4861112,.93518519,.71574074,.38425925
3219393,fc-everton,29,2,west-ham-united,379,0,21.555555,22.611111,8.5,9.7777777,17.294117,10.954248,6.7908497,4.019608,2019,.94578505,.68319291,1.1729499,.92642885,.85984164,.67358834,1.2051835,1.0014551,.89074075,.58796299,1.1715277,.99007934
3219394,west-ham-united,379,1,crystal-palace,873,2,22.666666,44.222221,9.7777777,15.777778,11.418301,34.666668,4.1830068,11.980392,2019,1.1831352,.9758116,1.0127385,.7525816,1.2063059,1.0446649,1.0234076,.7989096,1.1715277,.99007934,.89814812,.9074074
3219395,aston-villa,405,2,brighton-amp-hove-albion,1237,1,0,0,0,0,.019607844,10.79085,0,2.2549019,2019,.70664471,.6726585,1.260239,.82560134,.73635763,.68433142,1.4029859,.72980398,.80507052,.96481484,1.7138889,.76666665
3219396,fc-chelsea,631,1,newcastle-united,762,0,0,0,0,0,8.9542484,9.6732025,5.026144,3.2418301,2019,1.1695046,.82669955,.9617272,.70161778,1.1470135,.86475897,1.1508197,.82625663,1.1407408,.91759259,1.1,.81666666
3219397,norwich-city,1123,1,aston-villa,405,5,0,0,0,0,0,.019607844,0,0,2019,1.1127712,.71024466,.75128406,.6907413,1.1823003,.89908731,.8213529,.75531906,1.5787038,1.1944444,.88840389,1.2148148
3219398,afc-bournemouth,989,0,norwich-city,1123,0,64.055557,0,20.333334,0,22.333334,0,7.1830068,0,2019,1.056762,.72246534,1.0052925,.77867901,1.2615039,.80985451,1.055669,.88488978,1.2652116,.82037038,1.4166666,1.287037
3219399,fc-southampton,180,1,fc-chelsea,631,4,14.444445,0,5,0,31.346405,12.614379,8.2352943,7.4183006,2019,.85573202,.57846236,1.0367448,.8109749,.87134397,.47439876,1.0260985,.82124048,1.4222223,.74259257,1.0157408,.84814817
3219400,fc-arsenal,11,1,afc-bournemouth,989,0,15.611111,58.277779,8.5555553,18.5,6.653595,18.51634,3.4509804,6.2549019,2019,1.0198545,.59379041,1.0944222,.74296802,1.0219017,.60706908,1.2897446,.80486876,1.2367647,.60784316,1.348545,.93148148
3219401,manchester-city,281,0,wolverhampton-wanderers,543,2,52.888889,30.277779,42.055557,12.611111,28.17647,16.986929,22.30719,7.0392156,2019,1.4146862,1.0276153,.62209398,.52468473,1.4161348,1.1119696,.70539463,.54345161,1.4323412,1.1092592,.92314816,.82407409
3219402,brighton-amp-hove-albion,1237,3,tottenham-hotspur,148,0,0,107.83334,0,63.777779,11.856209,52.594772,2.5555556,31.869282,2019,1.1323336,.81065506,1.1683685,.83264518,1.3020703,.71411133,1.1735116,.84153175,1.3259259,.58148146,1.0833334,.68055558
3219403,wolverhampton-wanderers,543,2,fc-watford,1010,0,30.277779,7.1111112,12.611111,2.1111112,18.372549,25.359478,7.6209149,8.2418299,2019,.62332857,.51972443,.89873075,.64492041,.70662922,.54422319,.87013358,.56425691,.91203701,.82407409,1.062963,.74074072
3219404,tottenham-hotspur,148,2,fc-southampton,180,1,116.94444,14.411765,68.777779,5.2352943,62.372547,23.029411,37.895424,6.2058825,2019,1.2074934,.8826732,.77024031,.5438621,1.1971993,.86066759,.73606282,.42321959,1.0916667,.66666669,1.059804,.68823528
3219405,fc-liverpool,31,2,leicester-city,1003,1,69.277779,6.7777777,44.222221,3.4444444,29.633987,22.124184,19.915033,8.7581701,2019,1.4392231,1.0475895,1.018937,.7576499,1.5416502,1.0438268,1.0473406,.77729106,1.5333333,.97222221,1.4861112,.93518519
3219406,fc-burnley,1132,1,fc-everton,29,0,58.777779,17.444445,18.111111,6.6666665,30.797386,14.418301,9.8366013,5.5882354,2019,.87912935,.54844302,.88642919,.61589903,.84742463,.4521184,.78047657,.6304667,.88796294,.49537036,.84444445,.58796299
3219407,fc-chelsea,631,2,brighton-amp-hove-albion,1237,0,0,0,0,0,13.189543,8.8496733,7.5620914,1.8954248,2019,1.1330844,.83629388,1.0788615,.747163,1.1418993,.87672478,1.2661728,.63386446,1.0675926,.81111109,1.2972223,.4148148
3219408,afc-bournemouth,989,2,west-ham-united,379,2,58.833332,24.777779,18.555555,10.611111,20.019608,12.843137,6.5686274,4.7189541,2019,1.0428154,.63624287,1.1831352,.9758116,1.1956089,.65804332,1.2063059,1.0446649,1.2281746,.6722222,1.1715277,.99007934
3219409,crystal-palace,873,2,norwich-city,1123,0,48.166668,0,17.111111,0,38.843136,0,13.215686,0,2019,1.030794,.71722806,1.1303151,.71718913,1.0801842,.77113181,1.1951208,.90413785,.98148149,.83333331,1.5898148,1.1944444
3219410,manchester-city,281,8,fc-watford,1010,0,51.222221,3,40.111111,.83333331,27.59477,27.294117,21.509804,9.1764708,2019,1.4520016,1.1943122,.85004228,.68132293,1.4309497,1.2805059,.85161507,.62746912,1.4392858,1.1953703,1.0824074,.89814812
3219411,aston-villa,405,2,fc-burnley,1132,2,0,59.222221,0,18.555555,.019607844,32.326797,0,10.437908,2019,.75128406,.6907413,.76555198,.50222319,.8213529,.75531906,.77173924,.45643941,.88840389,1.2148148,.91018516,.51851851
3219412,fc-burnley,1132,2,norwich-city,1123,0,59.666668,0,18.5,0,32.300655,0,10.457517,0,2019,.82836878,.45152947,.96578515,.74275243,.84439433,.38545173,1.0271484,.93747115,.88796294,.44907406,1.2518518,1.0277778
3219413,crystal-palace,873,1,wolverhampton-wanderers,543,1,47.5,29.777779,16.777779,12.444445,35.973858,17.967319,12.039216,7.5882354,2019,1.009189,.70876247,.78912377,.65037918,1.0571682,.7827059,.85940701,.65533435,.9537037,.80555558,1.0759259,.9537037
3219414,tottenham-hotspur,148,4,crystal-palace,873,0,116.94444,43.833332,68.777779,15.388889,62.372547,25.758169,37.895424,8.9084969,2019,1.2074934,.8826732,.98920447,.69793993,1.1971993,.86066759,1.0452214,.7622934,1.0916667,.66666669,1.037037,.77777779
3219415,sheffield-united,350,0,fc-southampton,180,1,0,12.833333,0,4.5555553,0,26.045752,0,7.0849671,2019,1.2456517,1.0259825,.74727821,.5045867,1.4463636,1.2019801,.7644434,.43413624,2.2120371,1.712963,1.3138889,.68703705
3219416,wolverhampton-wanderers,543,2,fc-chelsea,631,5,28.111111,0,11.777778,0,15.738562,17.339869,6.5098038,10.013072,2019,.78238976,.64204586,1.1392062,.78784359,.84257197,.64422321,1.1301666,.83743906,1.0203704,.9537037,1.1555556,.83425927
3219417,fc-everton,29,0,sheffield-united,350,2,25.111111,0,10.111111,0,22.640522,0,9.1503267,0,2019,1.057217,.62885296,.87495083,.86038011,.98457015,.65256679,1.032643,1.0494227,.95555556,.65277779,1.5676471,1.5980393
3219418,brighton-amp-hove-albion,1237,1,fc-burnley,1132,1,0,57.444443,0,18,12.75817,29.941177,2.7450981,9.7320261,2019,1.090151,.74822837,.82205451,.42756432,1.240898,.65440714,.85348523,.39532828,1.4916667,.65555555,.89074075,.44907406
3219419,manchester-united,985,1,leicester-city,1003,0,10.111111,6.7777777,6,3.4444444,12.947712,22.124184,6.9542484,8.7581701,2019,.81667161,.60419232,1.018937,.7576499,.86136717,.66404152,1.0473406,.77729106,.92804235,.65833336,1.4861112,.93518519
3219420,west-ham-united,379,2,norwich-city,1123,0,23.833334,0,10.333333,0,11.248366,0,4.1372547,0,2019,1.1658694,.90375727,.87195927,.62303525,1.2024057,.96596122,.93838495,.7708025,1.1715277,.99007934,1.4768518,1.25
3219421,newcastle-united,762,1,fc-watford,1010,1,0,30,0,10.222222,15.267974,23.333334,5.0849671,8.0522881,2019,.78956264,.63247687,.93862975,.71039665,.86097682,.70293409,.84467059,.55185187,.6574074,.62222224,1.0407407,.68518519
3219422,manchester-city,281,4,brighton-amp-hove-albion,1237,0,55.444443,0,43.722221,0,31.836601,11.777778,25.09804,2.4836602,2019,1.3019875,1.1603912,1.361008,.93316436,1.2751749,1.2322153,1.5056565,.80101609,1.3627646,1.1638889,1.6675926,.7037037
3219423,fc-chelsea,631,2,sheffield-united,350,2,0,0,0,0,11.464052,0,6.6013074,0,2019,1.1123835,.76713651,1.2145671,.88709366,1.0832421,.79531455,1.4154993,.98593074,1.1379629,.84814817,2.1703703,1.4351852
3219424,crystal-palace,873,1,aston-villa,405,0,45.611111,0,16.055555,0,30.457516,.019607844,10.202615,0,2019,1.0258558,.73906547,.82546788,.77222282,1.0938747,.81974292,.84972417,.7938993,1.0925926,.91666669,.89766312,1.2564815
3219425,leicester-city,1003,3,afc-bournemouth,989,1,6.7777777,63.222221,3.5,19.555555,21.705883,23.725491,8.7712421,7.4183006,2019,1.0147041,.78488302,1.0575246,.69434667,1.0401977,.80001831,1.245675,.82570207,1.462963,.9537037,1.3564814,.94444442
3219426,fc-watford,1010,1,west-ham-united,379,3,29.277779,23.777779,10.111111,10.333333,19.810457,12.104575,6.7058825,4.4575162,2019,.86539745,.66872996,1.2052406,.89079434,.7983743,.56657171,1.1816987,.88386244,1.0074074,.7962963,1.1946759,.93452382
3219427,sheffield-united,350,1,leicester-city,1003,2,0,6.3333335,0,3.1111112,.34640524,21.477123,.11111111,8.4313726,2019,1.1789485,.87667698,1.0034229,.77820373,1.4143338,.99148631,1.0295449,.80043924,2.2794118,1.5196079,1.4675926,.9537037
3219428,wolverhampton-wanderers,543,1,fc-burnley,1132,1,29.888889,62.166668,12.5,19.277779,19.150328,34.777779,7.993464,11.196078,2019,.75597715,.6324839,.85637802,.51846069,.83348107,.65456271,.82217211,.40489617,1.062037,.9537037,.92962962,.5324074
3219429,brighton-amp-hove-albion,1237,0,fc-southampton,180,2,0,12.111111,0,4.4444447,13.372549,20.627451,2.9411764,5.4313726,2019,1.3923554,.92344886,.84626412,.50982904,1.4700905,.77414024,.88021135,.45223588,1.5898148,.68981481,1.3527777,.76111114
3219430,norwich-city,1123,3,newcastle-united,762,1,0,0,0,0,0,15.248366,0,5.0849671,2019,1.0098785,.73885185,.90173197,.79980493,1.0867875,.9286508,.94122374,.83686268,1.4324074,1.2314814,.72685188,.87222224
3219431,fc-southampton,180,1,fc-liverpool,31,2,13.388889,70.611115,4.6666665,45.444443,23.627451,30.836601,6.7777777,20.90196,2019,.78417259,.48019943,1.4071534,1.0674285,.85922372,.43834698,1.5598959,1.0695382,1.2138889,.53888887,1.537037,.95833331
3219432,manchester-united,985,1,crystal-palace,873,2,11.944445,45.388889,7,16.166666,30.869282,34.803921,16.562092,11.673203,2019,.90547305,.71640491,1.0561026,.72357726,.95684946,.76843715,1.0690731,.76418734,1.2178571,.90277779,.9675926,.80555558
3219433,brighton-amp-hove-albion,1237,1,west-ham-united,379,1,0,24.666666,0,10.555555,15.091503,13.934641,3.2352941,5.2287583,2019,1.3923554,.92344886,.9547711,.76882017,1.4700905,.77414024,.99272555,.78074795,1.5898148,.68981481,.82430553,.77711642
3219434,aston-villa,405,1,afc-bournemouth,989,2,0,68.555557,0,21.277779,.019607844,26.640522,0,8.5751638,2019,.82910544,.77338022,1.0942309,.76610595,.85250199,.7938993,1.2794051,.86538464,.89766312,1.275,1.3703704,.94444442
3219435,fc-everton,29,1,fc-watford,1010,0,23.444445,32.555557,9.4444447,11.333333,18.339869,32.326797,7.4836602,10.620915,2019,1.0820497,.67380577,1.0560788,.72719556,1.0140675,.69172025,.94343603,.5943495,1.0388889,.70833331,1.1416667,.81944442
