matchid,team_home,team_home_id,score_home,team_away,team_away_id,score_away,mu_coach_player_all_t1,mu_coach_player_all_t2,mu_coach_player_suc_t1,mu_coach_player_suc_t2,mu_rel_all_t1,mu_rel_all_t2,mu_rel_suc_t1,mu_rel_suc_t2,seasonyear,mean_goals_t1_bin_5,mean_assists_t1_bin_5,mean_goals_t2_bin_5,mean_assists_t2_bin_5,mean_goals_t1_bin_3,mean_assists_t1_bin_3,mean_goals_t2_bin_3,mean_assists_t2_bin_3,mean_goals_t1_bin_1,mean_assists_t1_bin_1,mean_goals_t2_bin_1,mean_assists_t2_bin_1
2223841,stade-brest-29,3911,2,fc-valenciennes,1423,1,0,20.888889,0,6.7222223,8.4836597,27.38562,2.3790851,8.5294113,2012,.67735958,.32744116,.53130645,.39810583,.73451751,.39590749,.60286397,.47455648,.41851851,.2962963,.59411764,.5
2223842,ac-ajaccio,1147,1,stade-brest-29,3911,0,0,0,0,0,11.464052,8.4052286,2.9738562,2.1764705,2012,.68129158,.35007969,.72575134,.3712683,.66100091,.39689153,.76404351,.43631151,.77843136,.54411763,.45555556,.31111112
2223843,stade-reims,1421,2,as-nancy-lorraine,1159,0,0,19.611111,0,6.1111112,.24836601,15.352942,.052287582,5.0718956,2012,.46468979,.2277616,.66794437,.44026709,.56411737,.24056438,.74034464,.49906629,.91176468,.49019608,1.0392157,.55882353
2223844,hsc-montpellier,969,1,as-saint-etienne,618,1,66.888885,25.777779,34,9.2777777,37.150326,9.333333,19.339869,3.4705882,2012,.88893777,.46353978,.72259665,.53462964,.87485957,.55606061,.72085834,.59860611,1.2,.69907409,.7490741,.69775134
2223845,osc-lille,1082,1,olympique-lyon,1041,1,44.833332,19.222221,24.277779,9.8888893,21.124184,18.450981,11.653595,9.359477,2012,.65101022,.42916676,.80763423,.4687463,.71019435,.48346561,.75981629,.41628087,.73359787,.42962962,.85005409,.40925926
2223846,fc-toulouse,415,2,fc-stade-rennes,273,2,59.222221,40.166668,22.944445,16.611111,26.882353,16.104576,10.712419,6.8235292,2012,.49492922,.46104831,.67722917,.48578465,.59553474,.53908527,.64630431,.54499757,.7962963,.7037037,.65709877,.57037038
2223847,sc-bastia,595,0,fc-paris-saint-germain,583,4,.27777779,10.666667,.055555556,6.1666665,.11111111,13.575164,.026143791,7.4379086,2012,.63301939,.42873678,1.1474535,.88256514,.70324028,.45026454,1.1767379,.91374218,.93981481,.69907409,1.3407408,1.0462962
2223848,fc-lorient,1158,1,ogc-nizza,417,1,36.333332,1.2222222,10.166667,.6111111,8.1372547,6.1372547,2.1960785,1.6928104,2012,.53882664,.31536266,.4945845,.39015654,.53140134,.34264469,.45429525,.39904475,.75648147,.47222221,.4852941,.39215687
2223849,olympique-marseille,244,1,fc-evian-thonon-gaillard,14171,0,1.8333334,0,.3888889,0,17.738562,11.320261,6.7973857,3.9673202,2012,.68858671,.44796786,.75912422,.50143445,.74565899,.52614826,.83448482,.57553715,.71124339,.5,.91388887,.625
2223850,fc-sochaux-montbeliard,750,3,es-troyes-ac,1095,1,5.1666665,5.2777777,3.1111112,1.3888888,5.5947714,.54248369,2.013072,.15686275,2012,.41545427,.31438482,.80029726,.45607024,.41360652,.34522069,.78016591,.49920633,.432493,.24509804,.80686277,.54019606
2223851,fc-girondins-bordeaux,40,2,ac-ajaccio,1147,2,29.277779,0,12.666667,0,33.104576,11.03268,16.379086,2.9281046,2012,.69439125,.56475496,.56063145,.34545007,.6120742,.60278308,.57626462,.39689153,1.1813725,.79411763,.51296294,.45833334
2223852,fc-valenciennes,1423,0,fc-girondins-bordeaux,40,0,22.666666,39.3125,7.3333335,16.8125,32.973858,29.833334,10.464052,14.266666,2012,.51460993,.37598881,.72417957,.64248049,.57631594,.44819224,.68574548,.72991407,.57499999,.47222221,1.3489584,.97916669
2223853,fc-paris-saint-germain,583,2,fc-toulouse,415,0,9.333333,59.222221,5.3333335,22.944445,14.679739,26.803921,7.4444447,10.686275,2012,1.2937905,.88698328,.49492922,.46104831,1.2786613,.93879491,.59553474,.53908527,1.3609788,.9675926,.7962963,.7037037
2223854,olympique-lyon,1041,2,ac-ajaccio,1147,0,20.055555,0,10.166667,0,19.117647,9.5555553,9.5163403,2.5163398,2012,.94399786,.56596851,.69553649,.40490773,.87092739,.49564594,.66376466,.42566139,.92783189,.52037036,.72777778,.5138889
2223855,stade-reims,1421,3,hsc-montpellier,969,1,0,64.444443,0,33,.20915033,35.653595,.039215688,18.82353,2012,.59752607,.21436372,.94686908,.52835459,.64844275,.25908288,.94556665,.63383836,1.5588236,.43137255,1.3111111,.77314812
2223856,hsc-montpellier,969,2,fc-evian-thonon-gaillard,14171,3,65.222221,0,32.888889,0,36.464054,9.5490198,18.581699,3.4117646,2012,.95107597,.44578329,.84829444,.69890922,.93954211,.50690234,.91250002,.78548783,1.1518519,.64351851,.91111112,.75925928
2223857,fc-stade-rennes,273,1,fc-lorient,1158,2,40.111111,45.555557,16.722221,13.333333,15.54902,11.823529,6.6993465,3.3202615,2012,.83066833,.55245131,.59616542,.35738546,.78732997,.60610873,.6223104,.41054595,.74969137,.60370368,1.2287037,.91666669
2223858,olympique-marseille,244,2,fc-paris-saint-germain,583,2,1.8333334,11.611111,.3888889,6.8333335,17.738562,15.163399,6.7973857,8.7581701,2012,.68858671,.44796786,1.1159242,.85262287,.74565899,.52614826,1.1379664,.87472105,.71124339,.5,1.3351852,1.0046296
2223859,osc-lille,1082,2,ac-ajaccio,1147,0,37.055557,0,20.166666,0,15.934641,10.09804,8.960784,2.6666667,2012,.68980289,.45359525,.64203054,.34128341,.75048739,.50153643,.64469498,.36772487,.77804232,.46296296,.66851854,.47222221
2223860,fc-sochaux-montbeliard,750,0,fc-stade-rennes,273,1,6,37.5,3.5,15.611111,12.313725,15.176471,4.0588236,6.4640522,2012,.60225981,.4123905,.67217869,.48578465,.62331349,.44257519,.64630431,.54499757,.64817929,.35294119,.65709877,.57037038
2223861,fc-valenciennes,1423,4,olympique-marseille,244,1,21,1.8333334,6.5555553,.3888889,32.653595,17.300653,10.261438,6.5620914,2012,.54790878,.39810583,.68303114,.44796786,.61437613,.47455648,.74010342,.52614826,.60882354,.5,.73837537,.52941179
2223862,as-saint-etienne,618,4,as-nancy-lorraine,1159,0,22.222221,18.111111,8.1111107,5.5555553,7.986928,15.196078,3.2091503,5.1633987,2012,.66262436,.41356486,.6123178,.3642205,.65383893,.44075778,.63969058,.39462081,.72129631,.61441797,.9537037,.52777779
2223863,sc-bastia,595,3,es-troyes-ac,1095,2,0,5.2777777,0,1.3888888,.125,.12418301,.029411765,.045751635,2012,.69813168,.48232886,.81821936,.47077611,.77328819,.50654763,.82134241,.52441645,1.0364584,.78645831,.88039213,.5598039
2223864,fc-lorient,1158,1,olympique-lyon,1041,1,50.944443,18.944445,15,9.4444447,13.843137,14.189543,3.7124183,7.0392156,2012,.58866978,.38557947,.80300456,.46149993,.6084215,.44010943,.75981629,.41628087,1.2027777,.94444442,.85005409,.40925926
2223865,ogc-nizza,417,2,sc-bastia,595,2,3.2777777,0,1.6111112,0,6.2091503,.125,1.7320261,.029411765,2012,.50129563,.41121623,.6624127,.45395657,.46946067,.42738065,.72780061,.4767507,.46944445,.38148147,.97549021,.74019605
2223866,fc-stade-rennes,273,2,osc-lille,1082,0,40.055557,43.555557,16.555555,23.5,15.464052,19.673203,6.5359478,10.784314,2012,.71706617,.51436025,.67217427,.4625001,.68432224,.57705629,.73135841,.51679891,.69575161,.60392159,.76693124,.48518518
2223867,olympique-lyon,1041,0,fc-girondins-bordeaux,40,2,18.666666,29.944445,9.5,12.833333,16.411764,34.823528,8.2222223,16.48366,2012,.80763423,.4687463,.67718148,.55358171,.75981629,.41628087,.60584784,.59151733,.85005409,.40925926,1.1527778,.78703701
2223868,as-nancy-lorraine,1159,0,hsc-montpellier,969,2,20.666666,70.722221,6.5,35.555557,17.156862,42.549019,5.7843137,21.61438,2012,.63083637,.41580781,.92528236,.45782033,.69921434,.47134039,.89985955,.49579126,.98148149,.52777779,1.1333333,.64351851
2223869,fc-paris-saint-germain,583,2,fc-sochaux-montbeliard,750,0,11.166667,5.5555553,6.5,3.2222223,12.673203,10.633986,7.026144,3.5751634,2012,1.2885222,.82933378,.48420426,.37535349,1.2552072,.84061372,.49510837,.40553814,1.3696078,.80882353,.55014008,.33333334
2223870,as-saint-etienne,618,0,stade-reims,1421,0,23.555555,0,8.7777777,0,7.8039217,.52287585,3.1764705,.1503268,2012,.66225886,.39296299,.56295818,.20615666,.66927105,.43458495,.55031866,.14797178,.7490741,.64219576,1.5588236,.52941179
2223871,es-troyes-ac,1095,0,fc-toulouse,415,2,4.3333335,59.222221,1.1111112,22.944445,.084967323,26.882353,.019607844,10.712419,2012,.80186325,.48796743,.49492922,.46104831,.82663816,.57067901,.59553474,.53908527,.90185183,.64444447,.7962963,.7037037
2223872,fc-evian-thonon-gaillard,14171,1,fc-lorient,1158,1,0,45.833332,0,13.277778,10.640523,11.607843,3.9084966,2.9346404,2012,.84297198,.60976779,.53553081,.31630802,.90485519,.68967855,.50965607,.31147185,.99722224,.77314812,.66759259,.31481481
2223873,fc-toulouse,415,2,fc-valenciennes,1423,2,58.222221,22.833334,22.555555,7.1666665,25.562092,37.836601,10.052288,11.862745,2012,.49889746,.46104831,.5452472,.41017687,.60247916,.53908527,.60802191,.47993827,.7962963,.7037037,.65833336,.58333331
2223874,stade-reims,1421,3,ogc-nizza,417,1,0,2.0555556,0,1,.41830066,6.346405,.13071896,1.7385621,2012,.61895466,.25476778,.47196007,.35305247,.6693663,.25908288,.46346253,.38529378,1.5588236,.43137255,.46764705,.30588236
2223875,stade-brest-29,3911,1,fc-girondins-bordeaux,40,1,0,30.625,0,13.3125,8.2091503,29.266666,2.0457516,13.383333,2012,.76896125,.39210165,.7580992,.6333645,.8252809,.44237214,.71146184,.71635282,.54814816,.32962963,1.3944445,.97777778
2223876,as-nancy-lorraine,1159,0,olympique-marseille,244,1,18.666666,1.8333334,5.8888888,.3888889,13.065359,13,4.352941,5.1633987,2012,.62382668,.43659061,.55960649,.31143525,.68686867,.49253035,.57971734,.33579004,1.0098039,.55882353,.68139881,.38749999
2223877,fc-toulouse,415,1,stade-reims,1421,1,60.611111,0,23.388889,0,28.464052,.27450982,11.281046,.098039217,2012,.44512078,.4425298,.68244672,.36587888,.546152,.52427047,.74344033,.39241624,.7962963,.7037037,1.6764706,.84313726
2223878,sc-bastia,595,0,as-saint-etienne,618,3,.27777779,23.611111,.055555556,8.7222223,.11111111,9.4640522,.026143791,3.6928105,2012,.65554994,.45395657,.73482436,.55569446,.72990149,.4767507,.75912994,.6178962,.98039216,.74019605,.85092592,.71626985
2223879,stade-brest-29,3911,2,es-troyes-ac,1095,1,0,4.3333335,0,1.1111112,6.0784316,.37908497,1.6535947,.09150327,2012,.62222016,.30279559,.81677425,.43533584,.56798571,.28604698,.84978634,.53734571,.42777777,.23240741,.93518519,.55555558
2223880,as-saint-etienne,618,0,fc-sochaux-montbeliard,750,1,27.611111,4.8333335,9.9444447,2.9444444,11.470589,5.4248366,4.2483659,2.0457516,2012,.69528186,.54041672,.49134713,.37482437,.69431514,.59706289,.49213219,.40355402,.7490741,.69775134,.52072829,.31862745
2223881,ogc-nizza,417,4,stade-brest-29,3911,2,1.2222222,0,.6111111,0,6.1176472,5.5620914,1.6732026,1.4444444,2012,.4945845,.39015654,.65206909,.27715456,.45429525,.39904475,.64488506,.2684103,.4852941,.39215687,.39074075,.2175926
2223882,fc-evian-thonon-gaillard,14171,3,sc-bastia,595,0,0,.27777779,0,.055555556,6.8104577,.11111111,2.2091503,.026143791,2012,.8062256,.65151316,.67025584,.45395657,.84155148,.70107222,.74460733,.4767507,.80277777,.56944442,.99509805,.74019605
2223883,es-troyes-ac,1095,1,osc-lille,1082,1,4.3333335,50.444443,1.1111112,27.611111,.38562092,21.712418,.098039217,12.215686,2012,.81325924,.48201504,.67126924,.60460538,.81737894,.55480599,.75257975,.68337065,.85462964,.63981479,.74285716,.59629631
2223884,fc-lorient,1158,3,as-nancy-lorraine,1159,0,56.888889,16.888889,16.777779,5.1111112,17.954248,11.418301,4.7843137,3.7973857,2012,.39988267,.27311629,.61167949,.38433206,.44440034,.37428051,.68118685,.46775794,.92685187,.9074074,1.0104166,.46875
2223885,olympique-marseille,244,3,fc-stade-rennes,273,1,1.8333334,37.277779,.3888889,15.666667,19.333334,15.555555,7.2156863,6.6274509,2012,.68858671,.44796786,.82561785,.55245131,.74565899,.52614826,.78732997,.60610873,.75308126,.52941179,.74969137,.60370368
2223886,fc-sochaux-montbeliard,750,1,hsc-montpellier,969,3,4.7222223,66.055557,2.6111112,33.722221,8.5882349,36.575165,2.9346404,19.228758,2012,.49515766,.31758532,.89905924,.45891017,.50505954,.33256635,.91021311,.55606061,.57464987,.29411766,1.2740741,.63425928
2223887,ac-ajaccio,1147,2,fc-evian-thonon-gaillard,14171,0,0,8.833333,0,3.8333333,10.490196,9.6013069,2.7058823,3.2483661,2012,.48924568,.31938586,.81893808,.6111567,.49015352,.34629631,.85557067,.69881755,.53529412,.4852941,.94722223,.79166669
2223888,fc-girondins-bordeaux,40,1,ogc-nizza,417,1,38.222221,3.2777777,16,1.6111112,31.084967,6.2091503,14.065359,1.7320261,2012,.67589211,.59476799,.50129563,.41121623,.64844042,.67720759,.46946067,.42738065,1.2546296,.9074074,.46944445,.38148147
2223889,olympique-lyon,1041,3,fc-valenciennes,1423,2,19.888889,23.666666,10,7.6111112,17.509804,36.294117,8.7712421,11.196078,2012,.6853559,.45448253,.57537991,.39430386,.61537188,.37218916,.66529983,.44521606,.73404884,.42407408,.62870371,.50925928
2223890,osc-lille,1082,1,fc-paris-saint-germain,583,2,43.833332,12.833333,23.722221,7.3888888,17.058823,19.640522,9.4967318,10.359477,2012,.76337767,.67194539,1.3474869,.92058289,.80881757,.70506376,1.3267274,.9793123,.73915344,.62685186,1.4410365,1.0245098
2223891,fc-stade-rennes,273,2,fc-valenciennes,1423,0,34.888889,17.666666,14.444445,5.3333335,12.771242,25.803921,5.4836602,7.8431373,2012,.81849092,.53802967,.55794466,.39418426,.79540396,.60646802,.63832575,.45413166,.75065362,.60784316,.48921567,.42156863
2223892,fc-toulouse,415,0,olympique-marseille,244,1,56,1.8333334,21.666666,.3888889,23.69281,17.444445,9.3398695,6.6666665,2012,.4041155,.41311803,.7496978,.55907893,.49198532,.48106059,.80815899,.63725936,.76851851,.67592591,.76679891,.53703701
2223893,stade-reims,1421,1,osc-lille,1082,1,0,37.666668,0,20.444445,.24836601,11.993464,.052287582,6.8496733,2012,.70282513,.35592356,.60113865,.59450066,.75005412,.42945325,.66196263,.62537307,1.6157408,.96296299,.51137567,.52685183
2223894,fc-paris-saint-germain,583,1,olympique-lyon,1041,0,10.333333,14.944445,5.9444447,7.3333335,14.09804,11.712419,7.4967322,5.7843137,2012,1.0855219,.89222759,.81412607,.44109085,1.0641212,.90119302,.74328142,.34342903,1.1572751,.9537037,.73535138,.36862746
2223895,fc-sochaux-montbeliard,750,1,stade-brest-29,3911,2,5.8888888,0,3.4444444,0,14.137255,7.7581701,4.4836602,1.9477124,2012,.45275831,.30354723,.79673904,.42173126,.49432999,.32031226,.83762658,.44854498,.52857143,.21078432,.57592595,.34351853
2223896,ogc-nizza,417,3,fc-evian-thonon-gaillard,14171,2,3.2777777,0,1.6111112,0,6.1568627,10.156863,1.751634,3.5228758,2012,.53078359,.4354054,.75263685,.51085007,.49707597,.45252067,.83671147,.58083814,.49705881,.40392157,.81203705,.5324074
2223897,hsc-montpellier,969,4,sc-bastia,595,0,47.222221,0,24.444445,0,19.535948,.35947713,10.588235,.10457516,2012,.97052431,.53554183,.72460574,.45885855,1.0087942,.64680135,.74492568,.45994398,1.4712963,.8287037,1.0729166,.765625
2223898,fc-lorient,1158,4,ac-ajaccio,1147,4,44.111111,0,12.888889,0,10.784314,10.673203,2.9738562,2.8300653,2012,.54181236,.3708736,.70186037,.4172394,.56459433,.43316498,.69232804,.46071428,1.075,.8888889,.77843136,.42647058
2223899,as-nancy-lorraine,1159,0,fc-paris-saint-germain,583,1,19.555555,8.7222223,6.1666665,4.9444447,15.019608,14.326797,5.1372547,7.5098038,2012,.6549949,.43612206,1.0697167,.77081782,.62910855,.44462082,1.026781,.7964716,.91666669,.41666666,1.0029411,.84313726
2223900,as-saint-etienne,618,2,fc-stade-rennes,273,0,23.166666,30.777779,8.7777777,13.055555,8.0196075,10.045752,3.1111112,4.352941,2012,.65995663,.47513893,.73834389,.53689235,.67976487,.54646766,.70625901,.60175866,.7953704,.66071427,.72881943,.64166665
2223901,fc-valenciennes,1423,6,fc-lorient,1158,1,23.888889,51.333332,7.6111112,15.111111,36.33987,13.058824,11.261438,3.8235295,2012,.56506562,.40221936,.70942599,.42850876,.63351715,.4913632,.73033512,.4987514,.6970588,.61764705,1.1805556,.93055558
2223902,fc-stade-rennes,273,2,hsc-montpellier,969,1,26.117647,56.722221,10.882353,29.055555,6.7647057,26.699347,2.9705882,14.09804,2012,.72788668,.53458995,.92650765,.51091832,.68760222,.60378069,.96268225,.58985692,.75074077,.68444443,1.3740741,.6712963
2223903,fc-paris-saint-germain,583,1,stade-reims,1421,0,11.888889,0,7,0,18.490196,.48366013,10.078431,.13725491,2012,1.2997751,.8964988,.61755174,.25049427,1.2651031,.9350912,.66515756,.25908288,1.4185185,1.0416666,1.337963,.35185185
2223904,ogc-nizza,417,1,as-saint-etienne,618,1,3.2777777,24,1.6111112,8.833333,5.9346404,8.7189541,1.6470588,3.4183006,2012,.64327091,.44882306,.7154147,.48995373,.62660348,.48194414,.71865374,.55418372,.55277777,.43703705,.7953704,.63293654
2223905,fc-girondins-bordeaux,40,1,osc-lille,1082,1,37.055557,43.388889,15.611111,23.666666,31.202614,15.117647,14.601307,8.4509802,2012,.7353043,.63064814,.81215739,.70612049,.65227026,.65703148,.866225,.7405135,1.2254902,.88235295,.83915347,.6712963
2223906,fc-evian-thonon-gaillard,14171,0,fc-toulouse,415,4,0,47.294117,0,18.17647,6.5555553,18.036764,2.2287581,7.1764708,2012,.69961166,.55717838,.44151738,.36768377,.77009803,.62160897,.52517402,.40702614,.71960783,.51960784,.74509805,.627451
2223907,olympique-lyon,1041,1,stade-brest-29,3911,0,17.277779,0,8.7222223,0,14.137255,8.9019604,7.0326796,2.3986928,2012,.84979451,.49631962,.68223286,.38641551,.79916376,.44076797,.67613667,.42588985,.88829261,.43333334,.50185186,.34351853
2223908,es-troyes-ac,1095,1,olympique-marseille,244,0,6.7777777,1.8333334,1.6111112,.3888889,.11111111,17.738562,.03267974,6.7973857,2012,.85887283,.466838,.68858671,.44796786,.8307423,.5217554,.74565899,.52614826,.88529414,.55000001,.71124339,.5
2223909,ac-ajaccio,1147,0,sc-bastia,595,0,0,.27777779,0,.055555556,11.326797,.47058824,2.9738562,.13071896,2012,.74789208,.4318698,.72283423,.44262567,.73589063,.51726192,.74755245,.45026454,.8277778,.5324074,1.0185186,.69907409
2223910,as-nancy-lorraine,1159,1,fc-sochaux-montbeliard,750,1,22.388889,6.2777777,7.1111112,3.7777777,18.143791,11.411765,6.2091503,4.2875819,2012,.50518554,.30687433,.5284754,.3649368,.54496646,.35620916,.55345696,.40553814,.95098037,.38235295,.54817927,.30882353
2223911,fc-stade-rennes,273,1,stade-reims,1421,0,34.555557,0,14.111111,0,11.640523,.52287585,4.8888888,.1503268,2012,.66868216,.48578465,.70074481,.29803699,.63620329,.54499757,.79081893,.31199294,.65709877,.57037038,1.6898148,.62962961
2223912,stade-brest-29,3911,2,fc-lorient,1158,0,0,51.333332,0,15.222222,7.9215684,13.431373,2.0718954,3.6993463,2012,.80507237,.38901523,.52473682,.36573821,.84941107,.4204866,.54052031,.42026815,.53888887,.25092593,1.0703703,.8888889
2223913,olympique-lyon,1041,5,sc-bastia,595,2,19.333334,0,9.7222223,0,17.627451,.31617647,8.7320261,.05882353,2012,.90501368,.57180983,.67025584,.45395657,.8327772,.5090453,.74460733,.4767507,.8980965,.44313726,.99509805,.74019605
2223914,es-troyes-ac,1095,1,hsc-montpellier,969,1,6.7777777,58.222221,1.6111112,29.833334,.16993465,28.222221,.026143791,14.993464,2012,.51854473,.35468787,.95428544,.51091832,.53921956,.42927688,.97783375,.58985692,.62777776,.46388888,1.3740741,.6712963
2223915,fc-girondins-bordeaux,40,1,fc-toulouse,415,0,38.555557,60.5,16.333334,23.388889,31.411764,28.169935,14.176471,11.039216,2012,.53046727,.60557169,.49492922,.46104831,.55214417,.68214583,.59553474,.53908527,.79166669,.74074072,.7962963,.7037037
2223916,fc-paris-saint-germain,583,1,as-saint-etienne,618,2,9.9444447,24.17647,5.7777777,8.8235292,12.686275,8.9044113,7.019608,3.3455882,2012,.9623214,.69167751,.69877756,.5030883,.85585201,.73063117,.719751,.5786128,.95185184,.83333331,.84215689,.69957983
2223917,ogc-nizza,417,2,as-nancy-lorraine,1159,1,3.2777777,21.722221,1.6111112,6.7222223,4.7777777,18.196079,1.3071896,6.0653596,2012,.57700211,.46579757,.7512067,.46025226,.56934488,.49640492,.74418789,.46763667,.5411765,.4627451,1.0046296,.5462963
2223918,fc-evian-thonon-gaillard,14171,0,osc-lille,1082,2,0,43.611111,0,23.666666,9.8235292,16.882353,3.2222223,9.2941179,2012,.64789224,.5273183,.70810902,.65252537,.72738093,.59198129,.74524409,.68434745,.74444443,.47222221,.65026456,.63796294
2223919,ac-ajaccio,1147,0,olympique-marseille,244,2,0,0,0,0,9.8496733,18.457516,2.5555556,7.4052286,2012,.62371039,.38760975,.59257352,.40521422,.63713324,.4107143,.6915344,.47836268,.69607842,.38235295,.69550264,.50277776
2223920,fc-toulouse,415,3,stade-brest-29,3911,1,59.166668,0,22.833334,0,26.679739,8.5098038,10.568627,2.1764705,2012,.38381809,.38327053,.69882238,.40568191,.4358125,.42797419,.71360862,.42280143,.51851851,.64814812,.50185186,.28796297
2223921,sc-bastia,595,3,fc-girondins-bordeaux,40,1,.27777779,38.555557,.055555556,16.444445,.39215687,36.705883,.11764706,17.816994,2012,.67089522,.4502801,.55815959,.60124266,.64996183,.44733894,.54288489,.66497415,1.0539216,.72549021,.75462961,.7037037
2223922,stade-reims,1421,1,es-troyes-ac,1095,1,0,4.2777777,0,1.0555556,.3137255,.0065359478,.11111111,.0065359478,2012,.70537442,.29803699,.86591959,.52598417,.79875541,.31199294,.86097884,.60388005,1.7083334,.62962961,.89166665,.55648148
2223923,olympique-marseille,244,1,olympique-lyon,1041,4,0,16.666666,0,8.2222223,15.869281,12.836601,6.5947714,6.2810459,2012,.64400834,.44302094,.59737027,.39225799,.73510951,.4851113,.57411921,.32714751,.78347337,.51274508,.64291441,.42156863
2223924,hsc-montpellier,969,3,ogc-nizza,417,1,60.833332,3.2777777,31.166666,1.6111112,28.849672,5.4705882,15.163399,1.5359477,2012,.97084522,.55472177,.57980323,.47069952,.98490447,.63985687,.56934488,.50294083,1.3972223,.81018519,.55588233,.4627451
2223925,as-nancy-lorraine,1159,1,fc-stade-rennes,273,3,17.388889,33.722221,5.4444447,13.611111,11.843137,12.588235,4.0522876,5.3006535,2012,.69176614,.48303562,.62861806,.45403862,.68718934,.50485009,.5976932,.51325154,.89814812,.52777779,.64598763,.57037038
2223926,osc-lille,1082,2,fc-valenciennes,1423,1,40.944443,23.111111,22.388889,7.2777777,14.960784,38.470589,8.3856211,11.928104,2012,.70721912,.64362049,.64953566,.43542939,.74585462,.66908491,.74214888,.51267636,.63915342,.61574072,.7027778,.58333331
2223927,fc-valenciennes,1423,3,fc-sochaux-montbeliard,750,1,23.888889,5.8888888,7.6666665,3.5555556,36.601307,10.856209,11.705882,3.9346404,2012,.59174061,.42073026,.59117383,.40197384,.68326753,.4861111,.61615539,.4333159,.66568625,.53921568,.62464988,.35294119
2223928,fc-sochaux-montbeliard,750,2,fc-evian-thonon-gaillard,14171,1,4.7222223,0,2.8888888,0,6.5163398,11.993464,2.4444444,4,2012,.59086859,.42049235,.58598751,.38379979,.61317921,.46109369,.65569293,.42771965,.58053219,.35294119,.65462965,.35648149
2223929,as-saint-etienne,618,2,es-troyes-ac,1095,0,23.882353,6.7777777,8.6470585,1.6111112,9.3014708,.16993465,3.5294118,.026143791,2012,.69877756,.5030883,.79632252,.46579897,.719751,.5786128,.81699735,.54038799,.84215689,.69957983,.90555555,.57499999
2223930,fc-sochaux-montbeliard,750,1,olympique-lyon,1041,1,4.8333335,17.611111,2.8888888,8.7777777,7.7320261,15.346405,2.8169935,7.5620914,2012,.56864637,.40197384,.74857348,.45719305,.59095699,.4333159,.68420327,.373366,.5922969,.35294119,.70201808,.35686275
2223931,fc-lorient,1158,0,fc-girondins-bordeaux,40,4,52.888889,38.055557,15.777778,16.277779,12.640523,34.254902,3.7908497,16.052288,2012,.47471833,.31218413,.58087665,.60390085,.46442601,.34859708,.57066268,.68719637,.64444447,.46296296,.79166669,.74074072
2223932,sc-bastia,595,2,fc-valenciennes,1423,3,0,23.555555,0,7.5555553,.28104576,40.084969,.052287582,12.705882,2012,.62246174,.33630952,.61755908,.43430492,.70784265,.40952381,.72404295,.500817,.92156863,.58333331,.66568625,.53921568
2223933,olympique-marseille,244,2,ogc-nizza,417,2,0,3.2777777,0,1.6111112,17.797386,5.9084969,7.1830068,1.6535947,2012,.63812596,.43199152,.51485044,.4171637,.73756045,.51184928,.45671466,.38080323,.74817926,.54411763,.46562499,.39791667
2223934,osc-lille,1082,1,stade-brest-29,3911,0,58.333332,0,31.944445,0,24.712418,7.0522876,13.751634,1.9215686,2012,.68844175,.64740837,.8180353,.43716338,.72535199,.67900556,.86098516,.46369648,.60952383,.61944443,.59444445,.36203703
2223935,hsc-montpellier,969,1,fc-paris-saint-germain,583,1,62,10.333333,31.277779,5.9444447,32.163399,15.333333,16.379086,8.1633987,2012,.93083066,.51049745,1.0282718,.77001125,.92965966,.58059764,.98221236,.78375489,1.2814815,.7175926,.89338624,.76851851
2223936,fc-toulouse,415,2,ac-ajaccio,1147,4,59.833332,0,23.111111,0,27.261438,11.392157,10.627451,3.0392158,2012,.49334192,.46104831,.47295043,.30242458,.59692359,.53908527,.49325398,.34960318,.7824074,.7037037,.41574073,.2361111
2223937,stade-reims,1421,1,fc-evian-thonon-gaillard,14171,2,0,0,0,0,.24836601,11.607843,.052287582,3.8039215,2012,.76331091,.4091481,.6121313,.3949109,.86777896,.44532627,.69041514,.4541747,1.8194444,1.0185186,.65462965,.35648149
2223938,ac-ajaccio,1147,0,fc-sochaux-montbeliard,750,1,0,4.5555553,0,2.7222223,11.124183,10.732026,2.8300653,3.4509804,2012,.6663211,.38946161,.48508155,.27737066,.64371693,.42103174,.52171093,.30474448,.73518521,.40277779,.60014004,.27941176
2223939,fc-lorient,1158,2,osc-lille,1082,0,50.777779,46,15.111111,25,13.509804,18.562092,4.0457516,10.196078,2012,.58953315,.3602916,.64990795,.48585868,.57385361,.39480519,.68018878,.49298942,.77870369,.5,.59100527,.47129631
2223940,fc-evian-thonon-gaillard,14171,2,as-saint-etienne,618,2,0,24.722221,0,8.833333,10.137255,9.8169937,3.2418301,3.6601307,2012,.7232424,.53379977,.71815765,.56125003,.76958179,.5986191,.73135215,.6178962,.71018517,.52314812,.82314813,.71626985
2223941,olympique-lyon,1041,3,stade-reims,1421,0,15.944445,0,8,0,13.614379,.24836601,6.7450981,.052287582,2012,.78311348,.46479228,.62610555,.39632758,.73420328,.39017275,.67333454,.42945325,.7733193,.35686275,1.5046296,.96296299
2223942,fc-girondins-bordeaux,40,1,olympique-marseille,244,0,39.388889,0,16.611111,0,36.581699,13.614379,17,5.5947714,2012,.77000332,.67700022,.49078786,.36275005,.70029229,.7427519,.56401515,.42565075,1.2361112,.9074074,.55014879,.42812499
2223943,es-troyes-ac,1095,3,as-nancy-lorraine,1159,3,6.7777777,21.277779,1.6111112,6.5,.16993465,17.934641,.026143791,5.7189541,2012,.80263495,.46015352,.77257425,.48550478,.79362744,.52735764,.76799744,.50731921,.86078429,.54019606,1.0046296,.5462963
2223944,stade-brest-29,3911,3,sc-bastia,595,0,0,0,0,0,7.0522876,.16993465,1.9215686,.026143791,2012,.8180353,.43716338,.53721893,.25361395,.86098516,.46369648,.64511383,.34013605,.59444445,.36203703,.93589741,.66025639
2223945,fc-paris-saint-germain,583,1,fc-stade-rennes,273,2,12.444445,34.722221,7.3333335,14.055555,17.392157,13.941176,10.058824,5.7908497,2012,1.2460238,.9301281,.67722917,.48578465,1.239152,.94676572,.64630431,.54499757,1.2980392,1.0098039,.65709877,.57037038
2223946,ogc-nizza,417,1,fc-toulouse,415,0,3.2777777,45.777779,1.6111112,17.555555,4.2287583,16.503267,1.1437908,6.2679739,2012,.54712349,.43932697,.3785271,.36635134,.52718806,.46372515,.46050385,.41562849,.46764705,.36470589,.62962961,.53703701
2223947,as-nancy-lorraine,1159,1,ac-ajaccio,1147,1,20.777779,0,6.3333335,0,17.274509,12.588235,5.5620914,3.2549019,2012,.72711968,.41479769,.68738592,.42481515,.72478753,.4579365,.66852051,.46964285,.94907409,.43518519,.85686272,.56372547
2223948,as-saint-etienne,618,1,fc-valenciennes,1423,0,23.111111,21.166666,8.833333,6.6111112,8.7124186,30,3.359477,9.4052286,2012,.65995663,.47513893,.61890888,.39735636,.67976487,.54646766,.69056159,.43331128,.7953704,.66071427,.61944443,.47222221
2223949,fc-sochaux-montbeliard,750,0,ogc-nizza,417,1,5.3333335,3.2777777,3.1111112,1.6111112,11.751634,6.1568627,3.7581699,1.751634,2012,.5238893,.39419979,.53078359,.4354054,.5605998,.42022407,.49707597,.45252067,.48249298,.29411766,.49705881,.40392157
2223950,fc-valenciennes,1423,1,hsc-montpellier,969,1,24,53.055557,7.4444447,27.055555,43.620914,21.313726,13.503268,11.071896,2012,.66011769,.46573243,.84293252,.41029903,.75008541,.52854937,.8536616,.48337543,.7027778,.58333331,1.175,.625
2223951,olympique-marseille,244,1,osc-lille,1082,0,0,50.277779,0,27.5,15.640523,21.294117,6.5098038,11.954248,2012,.64400834,.44302094,.65934128,.60851949,.73510951,.4851113,.69228315,.63712519,.78347337,.51274508,.56507939,.55277777
2223952,hsc-montpellier,969,1,fc-girondins-bordeaux,40,0,46.166668,37.444443,23.777779,15.5,18.17647,30.359478,9.8104572,13.333333,2012,.98738939,.58433104,.68420684,.55154139,1.0103815,.67457914,.60769969,.60733527,1.4296297,.8287037,1.125,.75925928
2223953,fc-stade-rennes,273,0,fc-evian-thonon-gaillard,14171,1,34.5,0,14.277778,0,9.7516336,8.4967318,4.1045752,2.6928105,2012,.65480494,.46329364,.6783911,.57827169,.64370596,.53694934,.71811932,.65063876,.66633987,.58431375,.62647057,.54411763
2223954,fc-paris-saint-germain,583,4,es-troyes-ac,1095,0,8.5555553,6.7777777,5.1111112,1.6111112,10.137255,.11111111,5.4640522,.03267974,2012,1.2168136,.9391377,.81776631,.50855988,1.1578683,.94911045,.82669753,.59065259,1.4480392,.98039216,.85000002,.49166667
2223955,sc-bastia,595,2,fc-lorient,1158,1,.27777779,39.444443,.055555556,11.333333,.16993465,7.2941175,.026143791,2.0261438,2012,.67089927,.38115078,.6909222,.43050483,.75893164,.46412697,.71872079,.49646041,.98888886,.66111112,1.3421569,1
2223956,fc-toulouse,415,3,olympique-lyon,1041,0,59.777779,13.277778,23.277779,6.7222223,27.751635,7.8104577,11.071896,3.8954248,2012,.49889746,.46104831,.52406371,.36497751,.60247916,.53908527,.51949739,.31874415,.7962963,.7037037,.58997327,.33333334
2223957,ac-ajaccio,1147,0,as-saint-etienne,618,0,0,22.882353,0,8.5882349,12.849673,7.8676472,3.5751634,3.1102941,2012,.68946928,.42481515,.59289521,.44426474,.67458111,.46964285,.61115372,.49625987,.85686272,.56372547,.48921567,.37605041
2223958,fc-lorient,1158,1,fc-toulouse,415,0,42.166668,58.166668,12.166667,22.444445,7.4575162,25.228758,2.1830065,9.7843142,2012,.5717752,.3609021,.44175461,.45094728,.56936425,.39998597,.54831249,.52982605,.76944447,.5,.72685188,.7037037
2223959,stade-reims,1421,0,stade-brest-29,3911,0,0,0,0,0,.24836601,7.0522876,.052287582,1.9215686,2012,.74743789,.36874408,.8180353,.43716338,.85190594,.44532627,.86098516,.46369648,1.8194444,1.0185186,.59444445,.36203703
2223960,fc-girondins-bordeaux,40,2,fc-sochaux-montbeliard,750,2,35.333332,6.0555553,14.944445,3.6666667,30.320261,11.856209,13.882353,4.3333335,2012,.71096832,.56234264,.47943884,.32497579,.63786608,.65215176,.50474662,.35328484,1.1813725,.7647059,.56372547,.30882353
2223961,fc-evian-thonon-gaillard,14171,1,as-nancy-lorraine,1159,1,0,19.055555,0,5.9444447,10.058824,16.30719,3.3137255,5.3071895,2012,.8567521,.61864275,.6255064,.41602466,.91145891,.69049025,.59525931,.42698413,.92500001,.70833331,.93627453,.44117647
2223962,stade-brest-29,3911,1,olympique-marseille,244,2,0,0,0,0,7.006536,16.352942,1.9281045,6.6928105,2012,.59156924,.37947106,.69213665,.54669744,.57533699,.39722824,.79838938,.62414873,.52037036,.30648148,.79523808,.57156861
2223963,es-troyes-ac,1095,2,fc-stade-rennes,273,3,6.7777777,35.722221,1.6111112,14.888889,.11111111,12.660131,.03267974,5.4183006,2012,.80704671,.4529137,.66135615,.47723764,.80179739,.5077498,.6277858,.53489661,.86078429,.48137254,.64783949,.57037038
2223964,olympique-lyon,1041,1,hsc-montpellier,969,0,17.666666,44.388889,8.7777777,22.722221,14.640523,14.20915,7.1960783,7.7843137,2012,.585769,.42337364,.95266712,.55869001,.51361501,.31407562,.9770481,.64680135,.50075758,.3137255,1.4157407,.8287037
2223965,osc-lille,1082,0,sc-bastia,595,0,48,0,26.277779,0,20.581699,.26797387,11.54902,.09150327,2012,.59602171,.58938366,.62318575,.24255952,.65662074,.62003118,.64536893,.2489796,.49285713,.50833333,.74404764,.20833333
2223966,as-saint-etienne,618,0,olympique-lyon,1041,1,23.647058,17.444445,8.5882349,8.666667,9.9926472,14.633986,3.8970587,7.1764708,2012,.66461867,.48095942,.61844873,.46489614,.68931621,.54634154,.56655622,.38597107,.78333336,.66176468,.574287,.4509804
2223967,ogc-nizza,417,2,fc-paris-saint-germain,583,1,3.2777777,7.5555553,1.6111112,4.3333335,5.019608,8.4771242,1.4901961,4.5359478,2012,.58960712,.47069952,1.241137,1.0149685,.58110958,.50294083,1.1839981,1.0471758,.55588233,.4627451,1.4925926,1.2037038
2223968,hsc-montpellier,969,3,ac-ajaccio,1147,0,46.722221,0,23.944445,0,19.235294,12.633986,10.248366,3.509804,2012,.95266712,.55869001,.68946928,.42481515,.9770481,.64680135,.67458111,.46964285,1.4157407,.8287037,.80925924,.5324074
2223969,fc-sochaux-montbeliard,750,1,osc-lille,1082,1,5,42.222221,3,23,10.562092,14.888889,3.8888888,8.359477,2012,.45142958,.24799167,.60560685,.57374114,.48807997,.26638007,.68772864,.64918262,.59509802,.27941176,.64285713,.52962965
2223970,es-troyes-ac,1095,1,ogc-nizza,417,1,6.7777777,3.2777777,1.6111112,1.6111112,.11764706,6.1372547,.039215688,1.7385621,2012,.7691552,.43886295,.55685115,.44454956,.76342595,.49805996,.54882574,.4749997,.83148146,.51018518,.52499998,.43703705
2223971,as-nancy-lorraine,1159,1,fc-valenciennes,1423,1,19.333334,21.777779,5.7777777,6.6666665,16.287582,39.444443,5.4183006,11.647058,2012,.67133969,.44962513,.64622879,.46573243,.62910855,.45176366,.73619652,.52854937,.44907406,.46296296,.69351852,.58333331
2223972,ac-ajaccio,1147,2,stade-reims,1421,0,0,0,0,0,15.111111,.52287585,4.019608,.1503268,2012,.66724706,.41501123,.71962404,.39632758,.65235889,.45575398,.76304114,.42945325,.75370371,.47685185,1.5972222,.96296299
2223973,fc-valenciennes,1423,1,stade-reims,1421,0,22.333334,0,6.8888888,0,38.562092,.24836601,11.934641,.052287582,2012,.63233989,.43154439,.74108869,.39803699,.72230762,.49680334,.84555674,.43421516,.61944443,.47222221,1.8194444,1.0185186
2223974,olympique-marseille,244,0,fc-lorient,1158,3,0,37.166668,0,10.888889,12.385621,7.7320261,4.8758168,2.1764705,2012,.52420592,.41072479,.61368185,.37881011,.57762748,.47836268,.62632275,.4133237,.56851852,.47314814,1.2092593,.81481481
2223975,fc-paris-saint-germain,583,4,fc-evian-thonon-gaillard,14171,0,10.888889,0,6.3888888,0,14.96732,9.0915031,7.9019608,3.1307189,2012,1.2883247,.94802862,.86559045,.67113143,1.2059778,.95883292,.92877495,.77322233,1.2406085,.97222221,.9527778,.79166669
2223976,fc-toulouse,415,0,sc-bastia,595,0,48.388889,0,18.5,0,18.673203,.35947713,7.0718956,.10457516,2012,.37789389,.40465099,.84858763,.49807423,.47923282,.48723346,.87601811,.50616246,.6574074,.56481481,1.2843137,.79901963
2223977,stade-reims,1421,0,fc-girondins-bordeaux,40,0,0,30.388889,0,13.055555,.24836601,29.065359,.052287582,12.882353,2012,.69647592,.38521647,.67633116,.50252998,.74370492,.41834214,.60029233,.58881676,1.6157408,.96296299,1.1064814,.74074072
2223978,fc-stade-rennes,273,2,stade-brest-29,3911,2,29.5,0,12.444445,0,9.4901962,6.1830068,4.1111112,1.6666666,2012,.73139942,.53689235,.7384057,.39827448,.69931459,.60175866,.76607776,.41740018,.71631944,.64166665,.59444445,.36203703
2223979,fc-girondins-bordeaux,40,0,as-saint-etienne,618,0,37.166668,22.222221,15.666667,8.1111107,32.967319,8.1437912,14.843137,3.2483661,2012,.67439407,.54864526,.59778088,.39868391,.60242903,.61592114,.62324309,.42339668,1.1157408,.72222221,.73981482,.625
2223980,fc-evian-thonon-gaillard,14171,2,es-troyes-ac,1095,0,0,6.7777777,0,1.6111112,10.156863,.11764706,3.5228758,.039215688,2012,.75263685,.51085007,.76669824,.54004949,.83671147,.58083814,.78196925,.62802577,.81203705,.5324074,.79479164,.70937502
2223981,fc-lorient,1158,2,fc-sochaux-montbeliard,750,0,39.166668,4.2222223,11.444445,2.5,7.7124181,9.1307192,2.1960785,3.006536,2012,.58077383,.35345399,.46000803,.25162923,.61257416,.39171878,.49849665,.27170113,1.1425925,.77777779,.5971989,.2647059
2223982,osc-lille,1082,2,fc-toulouse,415,0,32.833332,43.555557,17.888889,16.611111,11.385621,14.568627,6.3856211,5.653595,2012,.70607698,.65700066,.31231654,.33437809,.78233302,.69680166,.40571991,.4212963,.71137565,.58240741,.67592591,.5925926
2223983,stade-brest-29,3911,1,hsc-montpellier,969,2,0,45.444443,0,23.055555,6.352941,16.581699,1.385621,8.6862745,2012,.75324386,.38861161,.90131325,.48697284,.77301216,.37522247,.91143966,.55050504,.53425926,.34351853,1.3157407,.68055558
2223984,ogc-nizza,417,1,fc-stade-rennes,273,0,3.2777777,36.333332,1.6111112,14.944445,5.0718956,12.647058,1.4705882,5.4313726,2012,.58960712,.47069952,.65195543,.46615061,.58110958,.50294083,.643139,.54615802,.55588233,.4627451,.69340277,.62083334
2223985,as-saint-etienne,618,0,fc-lorient,1158,2,20.235294,37.235294,7.4705882,10.823529,7.2941175,7.9632354,3.0073528,2.2058823,2012,.5998562,.41373253,.66763788,.39324993,.61578685,.439899,.67950511,.42293099,.78333336,.66176468,1.2656863,.80392158
2223986,sc-bastia,595,1,olympique-marseille,244,2,0,1.8333334,0,.3888889,.35947713,11.130719,.10457516,4.013072,2012,.84858763,.49807423,.70289773,.48215589,.87601811,.50616246,.75476789,.5737673,1.3645834,.84895831,.71124339,.51481479
2223987,as-nancy-lorraine,1159,1,fc-girondins-bordeaux,40,1,20.333334,32.166668,6.1666665,13.611111,18.973856,25.679739,6.359477,11.888889,2012,.60366291,.39908502,.44360703,.51412147,.54114556,.40017638,.43098012,.59723425,.47685185,.37962964,.58796299,.64814812
2223988,olympique-lyon,1041,1,as-nancy-lorraine,1159,1,14.722222,20.333334,7.2777777,6.1666665,10.189543,18.130718,4.993464,6.0718956,2012,.80609417,.47427991,.6715641,.41760355,.7259804,.37704247,.64299744,.42795414,.72554749,.43333334,.97685188,.43518519
2223989,es-troyes-ac,1095,3,ac-ajaccio,1147,2,6.7777777,0,1.6111112,0,.41176471,14.20915,.11111111,3.7254901,2012,.85432833,.51362944,.55902195,.37056679,.85245097,.600887,.58622134,.40575397,.89999998,.6970588,.68981481,.43518519
2223990,fc-valenciennes,1423,0,fc-paris-saint-germain,583,4,20.944445,9.2777777,6.3888888,5.3888888,33.431374,10.555555,10.222222,5.6143789,2012,.618451,.43154439,1.1001892,.87171692,.70841873,.49680334,.99120712,.89388919,.61018521,.47222221,1.1294974,.94907409
2223991,ac-ajaccio,1147,2,fc-stade-rennes,273,4,0,34.888889,0,14.444445,14.294118,12.771242,3.7124183,5.4836602,2012,.57770884,.35281986,.81849092,.53802967,.60967815,.39325398,.79540396,.60646802,.68703705,.43518519,.75065362,.60784316
2223992,stade-brest-29,3911,0,fc-paris-saint-germain,583,3,0,10.055555,0,5.8888888,7.2287583,12.254902,1.7973856,6.7320261,2012,.72811157,.38326973,1.0855219,.89222759,.77589816,.38604498,1.0641212,.90119302,.53425926,.34351853,1.1572751,.9537037
2223993,fc-toulouse,415,2,fc-sochaux-montbeliard,750,0,46.277779,6.0555553,17.722221,3.5555556,17.986929,13.921569,6.8104577,4.4967322,2012,.38427421,.35793382,.43936548,.33070773,.46667668,.41007295,.47309983,.35673201,.68518519,.53703701,.43053222,.25
2223994,sc-bastia,595,4,as-nancy-lorraine,1159,2,.27777779,19.777779,.055555556,5.9444447,.35947713,18.300653,.10457516,6.0588236,2012,.71266723,.44262567,.6715641,.41760355,.73528695,.45026454,.64299744,.42795414,.99074072,.69907409,.97685188,.43518519
2223995,olympique-lyon,1041,3,ogc-nizza,417,0,14.277778,3.2777777,6.8888888,1.6111112,11.176471,6.1568627,5.5359478,1.751634,2012,.80980062,.45729542,.53078359,.4354054,.71473652,.34703621,.49707597,.45252067,.67714423,.39166668,.49705881,.40392157
2223996,fc-sochaux-montbeliard,750,3,olympique-marseille,244,1,6,1.9411764,3.6111112,.41176471,13.039216,15.235294,4.1111112,5.6911764,2012,.41059563,.25831932,.55586928,.53658527,.45747101,.27895424,.59239239,.59846854,.50896358,.16666667,.54719889,.48921567
2223997,osc-lille,1082,4,hsc-montpellier,969,1,28,42.944443,15.388889,21.833334,9.5816994,15.026144,5.3856211,7.8954248,2012,.68254453,.61625993,.96642476,.47215801,.74899966,.6391297,1.0160855,.57087541,.65026456,.54907405,1.4759259,.6712963
2223998,olympique-marseille,244,1,as-saint-etienne,618,0,1.8333334,22.941177,.3888889,9,17.764706,8.3014708,6.8431373,3.4411764,2012,.72694016,.49581251,.62117976,.41625354,.7830748,.59025079,.65990448,.44830236,.71124339,.52870369,.78333336,.66176468
2223999,fc-girondins-bordeaux,40,0,es-troyes-ac,1095,0,36.722221,6.7777777,15.444445,1.6111112,29.830065,.40522876,13.339869,.10457516,2012,.69517177,.5369215,.86910963,.51643544,.62158859,.60733527,.8454482,.5868814,1.1388888,.75925928,.86176473,.69215685
2224000,fc-lorient,1158,2,stade-reims,1421,2,42.5,0,12.5,0,9.3725491,.33986929,2.7385621,.10457516,2012,.5796566,.33678731,.6724968,.35697573,.56319141,.34542248,.73129511,.39241624,.7509259,.37037036,1.4212962,.74074072
2224001,fc-evian-thonon-gaillard,14171,0,stade-brest-29,3911,2,0,0,0,0,9.8235292,2.8823528,3.1911764,.80882353,2012,.71526748,.50116581,.88588566,.36629465,.81396824,.60020441,.85557431,.33710542,.83555555,.53333336,.69791669,.24062499
2224002,hsc-montpellier,969,2,fc-lorient,1158,0,30.833334,41.888889,16.5,12.222222,8.666667,9.1437912,4.980392,2.5816994,2012,.89367372,.48126,.50264293,.31972051,.91806281,.57455438,.48604107,.34891137,1.3895833,.80729169,.66274512,.47058824
2224003,ogc-nizza,417,5,fc-valenciennes,1423,0,3.2777777,17.17647,1.6111112,5.352941,3.0392158,22.911764,.875817,7.0441175,2012,.58516294,.45466369,.41120729,.32500207,.54600036,.43437466,.46281931,.37470239,.52812499,.46041667,.50104165,.44791666
2224004,as-nancy-lorraine,1159,2,osc-lille,1082,2,0,44.333332,0,24.333334,12.235294,15.03268,4.1764708,8.4575167,2012,.47757003,.275123,.49351165,.53222883,.52302438,.33333334,.57617658,.59370846,.89215684,.29411766,.43730158,.52962965
2224005,fc-valenciennes,1423,2,fc-evian-thonon-gaillard,14171,1,15.611111,0,4.5555553,0,22.150328,8.666667,6.2941175,2.7908497,2012,.48231441,.32947835,.68866187,.45805693,.54588878,.36001399,.73080498,.50423354,.37156862,.30392158,.59117645,.44607842
2224006,es-troyes-ac,1095,1,olympique-lyon,1041,2,6.7777777,15.555555,1.6111112,7.8333335,.40522876,13.986928,.10457516,7.013072,2012,.59037662,.4089694,.88195479,.56292063,.5807423,.49444443,.78571838,.46107611,.62156862,.59411764,.75763303,.48627451
2224007,as-saint-etienne,618,2,fc-toulouse,415,2,17.666666,51,6.3333335,19.722221,5.5098038,19.875816,2.1764705,7.8104577,2012,.59468853,.4445388,.37466058,.3154254,.57945621,.4325507,.47207794,.36701739,.80092591,.73015875,.68518519,.5925926
2224008,fc-lorient,1158,3,es-troyes-ac,1095,2,42.611111,6.7777777,12.555555,1.6111112,9.7581701,.40522876,2.7647059,.10457516,2012,.65658677,.3768675,.57439053,.41180274,.64370596,.41648841,.57239586,.50451386,.7647059,.5147059,.61874998,.60000002
2224009,fc-sochaux-montbeliard,750,1,stade-reims,1421,0,4.6111112,0,2.7777777,0,10.751634,.27450982,3.490196,.098039217,2012,.44883218,.2834655,.62645024,.29109254,.48534799,.30826381,.6902898,.2601411,.58039218,.25,1.4861112,.66666669
2224010,osc-lille,1082,0,ogc-nizza,417,2,37.444443,3.2777777,20.166666,1.6111112,12.261438,4.973856,6.7777777,1.4836601,2012,.51601356,.51455206,.68498933,.4594714,.58490676,.5698989,.64600039,.44218716,.45396826,.50740743,.55937499,.46041667
2224011,stade-reims,1421,1,sc-bastia,595,2,0,0,0,0,.20915033,1.375,.039215688,.47499999,2012,.78954548,.37442589,.67022938,.33908731,.90217054,.40828925,.74666613,.35142857,1.6898148,.7962963,.93333334,.50555557
2224012,fc-girondins-bordeaux,40,0,fc-paris-saint-germain,583,1,25,8.833333,10.833333,5.1111112,24.875816,14.581699,11.496732,7.8039217,2012,.50686735,.57297152,1.2913172,1.0155969,.47103778,.63849312,1.3012117,1.0395769,.627451,.66666669,1.3787037,1.0833334
2224013,fc-paris-saint-germain,583,0,ac-ajaccio,1147,0,9.0555553,0,5.3333335,0,9.6732025,8.7279415,5.4052286,2.1397059,2012,1.3182185,1.0091468,.58920312,.27862448,1.2823752,1.0071149,.55821872,.31001401,1.3980159,.99537039,.5892157,.24019608
2224014,ac-ajaccio,1147,1,fc-valenciennes,1423,1,0,14.777778,0,4.5555553,9.6993465,15.862745,2.4052289,4.5424838,2012,.54908693,.26886925,.49354199,.366936,.54917228,.2914021,.57614088,.46003735,.59444445,.31481481,.5598039,.46568626
2224015,fc-stade-rennes,273,0,fc-girondins-bordeaux,40,2,31.944445,34.058823,13.055555,14.352942,8.8954248,31.161764,3.7581699,14.301471,2012,.62748528,.42244846,.4578079,.56052947,.59935492,.46475682,.48276931,.66620672,.5761438,.4509804,.703125,.72916669
2224016,as-saint-etienne,618,3,sc-bastia,595,0,19.941177,.3125,7.647059,.0625,6.6323528,1.375,2.6838236,.47499999,2012,.47726381,.36480579,.66134048,.33908731,.448836,.3403478,.72761852,.35142857,.75980395,.65546221,.91111112,.50555557
2224017,es-troyes-ac,1095,2,stade-brest-29,3911,1,6.7777777,0,1.6111112,0,.41176471,3.2875817,.11111111,.84313726,2012,.50979054,.34168375,.85909194,.35520542,.48480392,.39500466,.829979,.32155377,.50784314,.44215685,.66862744,.24607843
2224018,stade-brest-29,3911,0,as-saint-etienne,618,1,0,16.166666,0,6.4444447,3.3790851,4.8169932,.90196079,2.1111112,2012,.84750026,.33886555,.49273148,.41993564,.81554049,.305511,.46001178,.40609568,.66862744,.22647059,.83333331,.73389357
2224019,stade-reims,1421,1,fc-toulouse,415,1,0,43.333332,0,16.666666,.27450982,14.228758,.098039217,5.4248366,2012,.6724968,.35697573,.37667525,.38808179,.73129511,.39241624,.46173841,.45154321,1.4212962,.74074072,.66666669,.55555558
2224020,as-nancy-lorraine,1159,2,fc-lorient,1158,1,0,47.5,0,13.777778,7.346405,10.679739,2.3333333,3.0915034,2012,.64595979,.37847888,.4876442,.2721487,.61199045,.39930555,.48030728,.29368263,1.0208334,.36458334,.67843139,.44117647
2224021,fc-valenciennes,1423,0,olympique-lyon,1041,2,15.222222,16.294117,4.8333335,8.3529415,16.712418,13.529411,4.9477124,6.8455882,2012,.50276923,.39902157,.49768305,.38753769,.58225238,.47684407,.46550763,.32471478,.5598039,.46568626,.50677085,.36666667
2224022,olympique-lyon,1041,0,fc-evian-thonon-gaillard,14171,0,15.333333,0,7.8333335,0,14.542483,7.0326796,7.3137255,2.4052289,2012,.86115861,.53677684,.69972074,.53086275,.76165426,.43166432,.7695238,.62401396,.76939774,.48627451,.80222225,.53333336
2224023,fc-toulouse,415,2,as-nancy-lorraine,1159,1,52.055557,0,20.111111,0,20.163399,11.026144,7.7385621,3.6274509,2012,.4322308,.42316952,.61580533,.36041713,.5358125,.50204825,.57599097,.375817,.7037037,.6111111,.96078432,.34313726
2224024,sc-bastia,595,0,fc-stade-rennes,273,2,0,30.5,0,12.666667,.60000002,10.143791,.16666667,4.3725491,2012,.66840053,.22045068,.66102129,.4488515,.75280553,.29489797,.63681459,.49380413,.90476191,.35119048,.61215276,.47916666
2224025,ac-ajaccio,1147,3,olympique-lyon,1041,1,2.1666667,15.388889,.94444442,7.8888888,7.7450981,12.026144,2.0653596,6.0849671,2012,.62031233,.41438282,.49768305,.38753769,.62595844,.42142856,.46550763,.32471478,.94629627,.56481481,.50677085,.36666667
2224026,olympique-marseille,244,3,hsc-montpellier,969,2,1.8333334,39.888889,.3888889,21,14.359477,12.660131,5.3006535,7.1372547,2012,.55586928,.53658527,.87298852,.40773061,.59239239,.59846854,.90889549,.49220142,.54719889,.48921567,1.4104167,.65104169
2224027,fc-stade-rennes,273,2,olympique-marseille,244,2,24.75,1.8333334,10.4375,.3888889,6.5,13.980392,2.7750001,5.2614379,2012,.68444949,.46536949,.64998764,.65756863,.64862144,.51054424,.75392616,.75569648,.67341268,.54761904,1.0723546,1.2953703
2224028,ogc-nizza,417,0,fc-girondins-bordeaux,40,1,3.2777777,22.166666,1.6111112,9.5555553,5.6209149,18.803921,1.6732026,8.4509802,2012,.59322524,.39714956,.39598587,.49924859,.52396673,.36575598,.35446024,.59155315,.46764705,.37450981,.37254903,.60784316
2224029,fc-evian-thonon-gaillard,14171,1,ac-ajaccio,1147,1,0,0,0,0,9.6601305,7.3921571,3.2745099,1.7189542,2012,.6601814,.47429067,.56770289,.35177258,.73781514,.55900389,.5956369,.37936509,.73725492,.47058824,.87222224,.53703701
2224030,stade-brest-29,3911,0,ogc-nizza,417,2,0,3.2777777,0,1.6111112,3.7581699,2.2745099,.98692811,.60784316,2012,.7273342,.38582382,.59485924,.42067897,.66191179,.34734744,.50762689,.40006971,.60980392,.30490196,.41862744,.33529413
2224031,hsc-montpellier,969,2,fc-sochaux-montbeliard,750,0,37.611111,5.2222223,19.833334,3.1666667,12.444445,11.718954,6.9607844,3.9281046,2012,.957564,.47969785,.37784714,.26525563,.99595731,.59661317,.40945512,.28878328,1.49375,.78645831,.36190477,.17647059
2224032,fc-paris-saint-germain,583,1,osc-lille,1082,0,7.1666665,36.388889,3.9444444,19.666666,8.6993465,11.48366,4.4771242,6.2941175,2012,1.2179544,1.0557592,.60627544,.53047144,1.188826,1.0902845,.65479112,.58699292,1.4373512,1.1822916,.5373016,.56296295
2224033,sc-bastia,595,0,fc-evian-thonon-gaillard,14171,0,0,0,0,0,1.2132353,9.6601305,.41911766,3.2745099,2012,.82985926,.48336834,.6601814,.47429067,.87387908,.48515406,.73781514,.55900389,1.2254902,.74019605,.73725492,.47058824
2224034,fc-lorient,1158,2,fc-stade-rennes,273,2,40.444443,22.277779,11.388889,9.5,10.980392,5.1960783,2.9411764,2.3006537,2012,.46452111,.25702932,.78220999,.50362688,.45362353,.27736694,.80191875,.56235117,.64074075,.41666666,.69756943,.57499999
2224035,fc-sochaux-montbeliard,750,1,as-saint-etienne,618,2,4.7647057,18.833334,3,7.2222223,9.2426472,5.8431373,3.2720587,2.3725491,2012,.47757193,.30839247,.49620369,.42787215,.52225274,.33816168,.47390065,.41403219,.609375,.25520834,.75925928,.69312167
2224036,osc-lille,1082,1,es-troyes-ac,1095,1,32.222221,6.7777777,17.833334,1.6111112,11.137255,.41176471,6.3398695,.11111111,2012,.58830988,.3717804,.47630635,.3782942,.63517898,.40758929,.47336602,.42441642,.50029761,.38333333,.35729167,.40729168
2224037,fc-girondins-bordeaux,40,2,fc-valenciennes,1423,0,28.833334,14.611111,12.444445,4.5,21.895424,17.725491,10.339869,5.019608,2012,.43171254,.59457147,.52328205,.3957895,.40446025,.71050739,.60757917,.46213818,.4362745,.77450979,.5598039,.46568626
2224038,olympique-marseille,244,0,as-nancy-lorraine,1159,1,1.8333334,0,.3888889,0,11.457517,6.9084969,4.5294118,2.1633987,2012,.69363844,.6930387,.64595979,.37847888,.82456106,.83841252,.61199045,.39930555,1.1742064,1.4064815,1.0208334,.36458334
2224039,hsc-montpellier,969,3,stade-reims,1421,1,47.705883,0,24.529411,0,19.147058,.41830066,10.227942,.13071896,2012,.9196555,.49917668,.67781711,.36587888,.9408474,.5803476,.73550385,.39241624,1.3270833,.80729169,1.5648148,.7962963
2224040,olympique-lyon,1041,1,osc-lille,1082,3,16,34.888889,8,18.722221,13.856209,10.267974,6.7647057,5.8104577,2012,.72821152,.45409709,.58767623,.5481472,.66361505,.373366,.59937429,.55158013,.67528009,.35686275,.45826331,.51078433
2224041,ogc-nizza,417,1,fc-lorient,1158,1,3.2777777,47.5,1.6111112,13.777778,4.4575162,10.575164,1.2614379,3.1111112,2012,.45515335,.43240058,.4876442,.2721487,.46168113,.45294085,.48030728,.29368263,.35980392,.4627451,.67843139,.44117647
2224042,fc-evian-thonon-gaillard,14171,1,olympique-marseille,244,1,0,1.8333334,0,.3888889,7.3202615,8.3137255,2.4705882,3.3986928,2012,.7998715,.50581157,.56384045,.56072879,.85423279,.57159895,.65333092,.69257921,.82592595,.50925928,1.0194445,1.3435185
2224043,as-nancy-lorraine,1159,1,stade-reims,1421,2,0,0,0,0,7.5098038,.18300654,2.3071895,.045751635,2012,.67569047,.38180608,.56482208,.3388727,.63056761,.39925927,.67859548,.38624337,1.0722222,.3888889,1.037037,.8888889
2224044,as-saint-etienne,618,4,hsc-montpellier,969,1,23.777779,35.666668,9,18.833334,9.320261,11.803922,3.6666667,6.6078429,2012,.6042068,.42816922,.84062231,.50657362,.6131708,.43579745,.86064601,.56578285,.8287037,.71626985,1.3617647,.72058821
2224045,ac-ajaccio,1147,1,fc-girondins-bordeaux,40,0,2.1666667,27.722221,.94444442,11.722222,4.6601305,18.653595,1.1699346,8.640523,2012,.61122143,.38228405,.39332429,.56501192,.62595844,.38809523,.37643468,.67720759,.83518517,.4537037,.39351851,.73148149
2224046,es-troyes-ac,1095,0,fc-sochaux-montbeliard,750,0,6.7777777,4.2222223,1.6111112,2.5555556,.41176471,8.4509802,.11111111,3.0653596,2012,.50979054,.34168375,.45633116,.29847458,.48480392,.39500466,.49740538,.32400453,.50784314,.44215685,.58823532,.24019608
2224047,fc-toulouse,415,0,fc-paris-saint-germain,583,4,47.777779,7.7222223,18.444445,4.7222223,18.006536,11.745098,7.0522876,6.3921571,2012,.36066994,.39363736,1.3131593,1.0691459,.41034952,.44889772,1.3226064,1.0953809,.5925926,.87037039,1.4480392,1.1470588
2224048,stade-reims,1421,1,as-saint-etienne,618,1,0,22.333334,0,8.5555553,.48366013,9.6732025,.13725491,4.026144,2012,.64210278,.30106407,.54426527,.39245495,.64820224,.2627866,.57331574,.39760301,1.5092592,.7037037,.80092591,.70833331
2224049,fc-toulouse,415,2,es-troyes-ac,1095,2,41.111111,4.2777777,16.055555,1.0555556,12.869281,.29411766,5.0588236,.071895428,2012,.48288065,.42267483,.78346002,.45545235,.5619387,.49000934,.76666665,.50424838,.58823532,.86274511,.7980392,.54509807
2224050,osc-lille,1082,2,fc-stade-rennes,273,0,34.611111,27.444445,18.611111,11.388889,10.274509,6.5098038,5.7908497,2.7712419,2012,.69674486,.62657857,.69180125,.44766831,.73361266,.64569777,.70355737,.49986774,.53557426,.58137256,.62006176,.51111114
2224051,fc-girondins-bordeaux,40,0,olympique-lyon,1041,4,27.333334,18.111111,11.5,9.1111107,19.169935,14.196078,8.8431368,7.1111112,2012,.39647609,.51001263,.65421075,.32091856,.35656109,.56578285,.62362903,.30141222,.40196079,.65686274,.68437099,.3392157
2224052,sc-bastia,595,0,ogc-nizza,417,1,0,1.2222222,0,.6111111,1.2875817,3.503268,.44444445,1.0457517,2012,.80156219,.48994845,.39010772,.42725563,.84498835,.49998644,.34313187,.42384005,1.1574074,.69907409,.30357143,.47619048
2224053,olympique-marseille,244,1,fc-valenciennes,1423,0,1.8333334,18,.3888889,5.6111112,8.2745094,29.366013,3.0392158,9.1111107,2012,.73397624,.70835447,.72230726,.50335252,.85798836,.87463766,.85114086,.57570028,1.2116071,1.528125,.68921566,.49509802
2224054,stade-brest-29,3911,1,ac-ajaccio,1147,1,0,2.1666667,0,.94444442,1.6666666,7.7516341,.36601308,1.9803921,2012,.71340352,.33510557,.42708665,.33814824,.68829751,.27621594,.49621859,.38809523,.50686276,.29509804,.61296296,.39814815
2224055,hsc-montpellier,969,1,as-nancy-lorraine,1159,0,40,0,20.5,0,12.941176,6.3137255,6.9019608,1.9411764,2012,.79895568,.48805508,.64300168,.32540447,.81897932,.54726434,.59227479,.33390021,1.3176471,.68137252,1.0952381,.34523809
2224056,fc-sochaux-montbeliard,750,3,fc-paris-saint-germain,583,2,5.5555553,9.9444447,3.4444444,5.7222223,11.045752,14.20915,3.862745,7.4509802,2012,.59369892,.37767932,.99190611,.7932902,.68450856,.43048602,.99744308,.78328931,.53529412,.2990196,1.0607843,.7647059
2224057,fc-valenciennes,1423,2,stade-brest-29,3911,1,16.055555,0,4.9444447,0,25.496733,1.6397059,7.7320261,.43382353,2012,.66257316,.46161583,.77138406,.36566508,.78643495,.5332166,.74024463,.31133658,.56764704,.4362745,.53854167,.31354168
2224058,fc-lorient,1158,2,fc-evian-thonon-gaillard,14171,1,39.555557,0,11.055555,0,7.2352943,9.6601305,1.862745,3.4640522,2012,.49258116,.27607027,.81229067,.51692265,.47900009,.29074144,.89404762,.60412657,.66862744,.40196079,1.0018518,.64814812
2224059,fc-paris-saint-germain,583,3,sc-bastia,595,1,8.2222223,0,4.9444447,0,10.849673,1.2875817,6.1111112,.44444445,2012,1.3255229,1.0742261,.79301518,.47285441,1.3241148,1.090856,.83644134,.48289242,1.4676471,1.1470588,1.1574074,.69907409
2224060,fc-stade-rennes,273,2,fc-toulouse,415,0,15.5,34.944443,6.2222223,13.166667,3.2091503,10.633986,1.3529412,4.1111112,2012,.75446689,.48279354,.47999713,.40208662,.76546043,.53110117,.54500467,.45324463,.68506944,.52499998,.55882353,.77450979
2224061,fc-paris-saint-germain,583,1,hsc-montpellier,969,0,10.111111,42.611111,5.9444447,21.888889,12.24183,14.248366,6.7581701,7.647059,2012,.97709286,.79504144,.92700368,.46212915,.93680638,.78082263,.97687775,.56207913,.96944445,.98148149,1.5431373,.71078432
2224062,fc-stade-rennes,273,0,as-nancy-lorraine,1159,2,33.388889,0,13.944445,0,11.496732,6.1764708,4.7908497,1.9281045,2012,.66944712,.48010036,.62127548,.32455412,.68432224,.56804174,.57441765,.32369614,.54869282,.60392159,1.0952381,.34523809
2224063,fc-girondins-bordeaux,40,1,fc-lorient,1158,1,30,43.666668,12.722222,12.611111,21.993464,9.2026148,10.261438,2.640523,2012,.59204221,.6205675,.60531795,.35751382,.5060643,.73276317,.59360671,.38508296,.83796299,.89814812,.7953704,.5
2224064,olympique-lyon,1041,1,fc-sochaux-montbeliard,750,2,19.666666,5.7058825,9.8888893,3.4117646,15.712419,13.926471,7.7908497,4.9044118,2012,.90371716,.58803213,.59879851,.37986773,.81550765,.52300346,.67477375,.43741471,.86256087,.47083333,.52395833,.34375
2224065,stade-brest-29,3911,1,osc-lille,1082,2,0,34.888889,0,18.777779,5.1241832,11.006536,1.2222222,6.1241832,2012,.77768838,.39302593,.58497953,.43483695,.80680186,.43656099,.63961828,.42630494,.57549018,.30490196,.43779761,.34687501
2224066,fc-valenciennes,1423,3,sc-bastia,595,4,17.166666,.29411766,5.2777777,.05882353,31.104576,.7647059,9.2352943,.22794117,2012,.68327928,.47534132,.68327177,.30028152,.83978015,.55609244,.74763471,.35432738,.67058825,.46568626,.93627453,.34803921
2224067,ogc-nizza,417,0,olympique-marseille,244,1,3.2777777,1.8333334,1.6111112,.3888889,5.0784316,10.614379,1.385621,4.2941175,2012,.56229621,.42658189,.72267598,.66904324,.51472306,.46069062,.83973134,.77194065,.50196081,.38431373,1.2442577,1.4382353
2224068,ac-ajaccio,1147,2,fc-toulouse,415,3,2.1666667,43.777779,.94444442,16.888889,5.6209149,14.836601,1.5555556,5.9607844,2012,.55584687,.3300955,.28923154,.33435044,.56575924,.32724866,.31847465,.35457516,.52037036,.3611111,.4509804,.56862748
2224069,fc-toulouse,415,0,fc-girondins-bordeaux,40,0,49.277779,28.333334,19.111111,11.888889,18.137255,19.372549,7.2352943,8.986928,2012,.45614329,.4265964,.49043775,.37064099,.54053348,.49638188,.41818574,.48542568,.69117647,.98039216,.75980395,.59803921
2224070,stade-reims,1421,1,fc-stade-rennes,273,0,0,31.611111,0,13.222222,.52287585,9.8758173,.1503268,4.2222223,2012,.768646,.35649335,.46367422,.29487434,.81486893,.42574957,.41812971,.29481721,1.8148148,1,.3552469,.34074074
2224071,olympique-marseille,244,0,ac-ajaccio,1147,0,1.8333334,2.1666667,.3888889,.94444442,10.627451,5.9607844,4.2941175,1.4836601,2012,.68808287,.6318742,.55235898,.34768808,.79863518,.72905505,.55574238,.3457672,1.1890211,1.3583333,.55740738,.28703704
2224072,fc-evian-thonon-gaillard,14171,2,stade-reims,1421,2,0,0,0,0,7.3986926,.37908497,2.8235295,.10457516,2012,.68329626,.43048498,.72102696,.30800849,.76176471,.51011163,.75666785,.31463844,.69803923,.46078432,1.7314814,.66666669
2224073,fc-lorient,1158,4,stade-brest-29,3911,0,40.722221,0,11.833333,0,6.7450981,2.5424836,1.9281045,.59477127,2012,.59532273,.31826881,.85387027,.45292193,.59176284,.36943042,.87820125,.46815175,.74629629,.40277779,.70555556,.38981482
2224074,sc-bastia,595,4,olympique-lyon,1041,1,.27777779,17.777779,.055555556,9.0555553,.67973858,13.006536,.20261438,6.5424838,2012,.75642335,.37883732,.86597097,.56128514,.81026614,.43649438,.79160076,.4995915,1.087963,.55092591,.81966513,.4627451
2224075,es-troyes-ac,1095,2,as-saint-etienne,618,2,8.7142859,19.714285,2.0714285,7.2857141,.2857143,3.5714285,.043956045,1.2857143,2012,.73385119,.46313423,.90769851,.90441597,.75363249,.51105005,.8920635,.9329806,.79871798,.65512818,.85185188,.98148149
2224076,hsc-montpellier,969,1,es-troyes-ac,1095,1,40.333332,6.7777777,20.666666,1.6111112,13.372549,.11111111,7.0980392,.03267974,2012,.87839258,.46675879,.80679137,.43635476,.91437775,.54356062,.77722222,.50291008,1.3740741,.63425928,.79444444,.48888889
2224077,as-saint-etienne,618,2,fc-paris-saint-germain,583,2,21,9.2222223,7.6111112,5.4444447,7.2941175,10.366014,2.6862745,5.6274509,2012,.76921272,.59595674,1.0772934,.91047043,.77864701,.60753465,1.0360303,.85079634,.91203701,.85515875,1.1098039,.96078432
2224078,stade-brest-29,3911,0,fc-toulouse,415,1,0,49.277779,0,19.111111,4.7189541,18,1.1830065,7.2026143,2012,.84355277,.41332078,.50467998,.44620425,.86761928,.44081488,.58546811,.51206815,.64999998,.27870369,.69117647,.98039216
2224079,osc-lille,1082,1,fc-evian-thonon-gaillard,14171,2,34.222221,0,18.666666,0,9.2810459,8.7647057,5.1764708,3.2745099,2012,.66861188,.62004262,.76172572,.49057588,.69766492,.636648,.83988607,.58711118,.48851541,.56960785,.83055556,.59722221
2224080,as-nancy-lorraine,1159,1,ogc-nizza,417,0,0,3.2777777,0,1.6111112,5.9607844,4.980392,1.8431373,1.3398693,2012,.71651357,.43169698,.39989507,.35421726,.68156052,.44614512,.38006994,.35823378,1.1666666,.41666666,.28333333,.34583333
2224081,fc-sochaux-montbeliard,750,1,fc-valenciennes,1423,1,5.8888888,16.666666,3.6111112,5,13.261438,29.862745,4.6666665,8.5555553,2012,.53695285,.33006027,.67724609,.44325575,.62478632,.38286698,.83032638,.53928572,.48333332,.25490198,.68529409,.46568626
2224082,fc-stade-rennes,273,2,as-saint-etienne,618,2,29.833334,24.111111,12.5,8.833333,9.0915031,9.1176472,3.9150326,3.3398693,2012,.54856157,.40752867,.68149346,.56024247,.51120329,.45592833,.71101415,.56934023,.45524693,.49629629,.85648149,.84722221
2224083,fc-valenciennes,1423,1,osc-lille,1082,3,15.222222,34.222221,4.6111112,18.666666,25.653595,9.2810459,7.6928105,5.1764708,2012,.60631186,.39445162,.66861188,.62004262,.73032635,.48046219,.69766492,.636648,.53823531,.34803921,.48851541,.56960785
2224084,fc-girondins-bordeaux,40,1,sc-bastia,595,0,27.777779,.3125,11.833333,.0625,15.633986,.26666668,7.3137255,.091666669,2012,.57687968,.61067903,.67702323,.33374408,.50473899,.71798229,.69451123,.39730617,.90104169,.86458331,1.0989584,.54166669
2224085,olympique-lyon,1041,0,olympique-marseille,244,0,18.222221,1.8333334,9.2222223,.3888889,13.464052,10.627451,6.7254901,4.2941175,2012,.85095662,.55818915,.68808287,.6318742,.77636009,.4995915,.79863518,.72905505,.80469185,.4627451,1.1890211,1.3583333
2224086,ogc-nizza,417,2,hsc-montpellier,969,0,1.2222222,44.5,.6111111,22.333334,4.5751634,15.895425,1.1960784,8.0196075,2012,.44386244,.3665497,.85878474,.44453657,.45216116,.37865284,.8977111,.51022726,.35555556,.42222223,1.4352942,.59313726
2224087,ac-ajaccio,1147,1,fc-lorient,1158,0,2.1666667,50.611111,.94444442,14.888889,6.5294118,11.117647,1.6732026,3.2156863,2012,.55499053,.33014423,.50550789,.26496193,.56685352,.3457672,.50040483,.31665263,.55740738,.28703704,.7046296,.42592594
2224088,fc-paris-saint-germain,583,2,as-nancy-lorraine,1159,1,6.4444447,0,3.5555556,0,8.1437912,8.2222223,4.5163398,2.5947711,2012,1.3285077,1.1062987,.60902381,.30847272,1.2821767,1.0661978,.55278981,.3116402,1.4092592,1.2685186,1.0222223,.32222223
2224089,fc-toulouse,415,0,fc-evian-thonon-gaillard,14171,0,49.277779,0,19.111111,0,18,10.568627,7.2026143,3.6339869,2012,.50467998,.44620425,.72488815,.49562639,.58546811,.51206815,.77529168,.57367325,.69117647,.98039216,.84907407,.59722221
2224090,es-troyes-ac,1095,4,stade-reims,1421,2,4.2777777,0,1.0555556,0,.30065361,.37908497,.078431375,.10457516,2012,.78464067,.41801116,.58519244,.35739121,.75729167,.48040673,.6913901,.39241624,.76979166,.47395834,1.0092592,.8888889
2224091,sc-bastia,595,1,ac-ajaccio,1147,0,.27777779,2.1666667,.055555556,.94444442,.92810458,9.7843142,.33986929,2.4183006,2012,.78446817,.48068917,.45284724,.35635811,.82117879,.48411343,.51674128,.38809523,1.1203704,.68055558,.72407407,.50925928
2224092,olympique-marseille,244,2,es-troyes-ac,1095,1,1.8333334,4.2777777,.3888889,1.0555556,8.9803925,.30065361,3.4379084,.078431375,2012,.6495133,.56136137,.75845295,.43808594,.75318062,.67349946,.74259257,.48417106,1.1334656,1.3361111,.77592593,.52870369
2224093,stade-reims,1421,1,fc-paris-saint-germain,583,0,0,8.2777777,0,4.6666665,.48366013,11.058824,.13725491,5.8758168,2012,.7348277,.36217517,1.2958388,1.1044469,.79582131,.38871253,1.274437,1.0861349,1.6666666,.77777779,1.3861111,1.324074
2224094,stade-brest-29,3911,1,olympique-lyon,1041,1,0,15.777778,0,8.1111107,4.7189541,12.771242,1.1830065,6.4640522,2012,.87993824,.45332006,.75679535,.45107728,.91865569,.49942493,.68721032,.38614613,.69803923,.37843138,.77260631,.40980393
2224095,osc-lille,1082,2,fc-girondins-bordeaux,40,1,32.5,28.777779,17.666666,12.111111,9.9281044,21.679739,5.6143789,10.071896,2012,.69254315,.62657857,.56472743,.51342463,.72941095,.64569777,.45740741,.55960298,.53557426,.58137256,.82407409,.7037037
2224096,fc-evian-thonon-gaillard,14171,5,fc-sochaux-montbeliard,750,1,0,4.9444447,0,3,10.019608,12.274509,3.5163398,4.1045752,2012,.62970555,.41537946,.56175447,.35810861,.67035341,.48273408,.66367519,.41031408,.62685186,.45833334,.51764709,.24019608
2224097,hsc-montpellier,969,2,fc-stade-rennes,273,0,44.388889,21.944445,22.888889,9.0555553,16.490196,6.6209149,8.7712421,2.8169935,2012,.82473636,.43203658,.6220845,.44717228,.8498435,.51717174,.62948334,.51862675,1.2305555,.66203701,.51820987,.58148146
2224098,fc-lorient,1158,1,fc-valenciennes,1423,1,50.277779,18.833334,14.444445,5.7222223,11.019608,28.771242,3.0522876,8.6993465,2012,.49279493,.29315987,.56336975,.34600496,.48294452,.31486693,.68242723,.398296,.66296297,.44444445,.53823531,.30392158
2224099,fc-sochaux-montbeliard,750,1,as-nancy-lorraine,1159,2,4.1111112,0,2.4444444,0,8.1307192,8.7058821,2.9411764,2.7254901,2012,.57584172,.38158745,.65252548,.3305065,.66089743,.42012447,.59227479,.33390021,.47647059,.26960784,1.0952381,.34523809
2224100,as-saint-etienne,618,4,ogc-nizza,417,0,20.055555,1.2222222,7.5,.6111111,8.6143789,4.5686274,3.4836602,1.3006536,2012,.72767836,.5244655,.38743386,.39666668,.74094856,.54073572,.40523809,.42195767,.88425928,.79960316,.34999999,.51111114
2224101,fc-paris-saint-germain,583,2,olympique-marseille,244,0,8.8888893,1.8333334,5.3888888,.3888889,10.954248,6.1176472,6.1960783,2.3856208,2012,1.3074384,1.1375628,.63786,.56006891,1.2875899,1.1290183,.74477339,.67880338,1.4231482,1.324074,1.1315126,1.3676471
2224102,fc-valenciennes,1423,0,fc-toulouse,415,0,17.166666,49.277779,5.2777777,19.111111,31.444445,18,9.3398695,7.2026143,2012,.72031933,.504489,.50467998,.44620425,.85722828,.58075398,.58546811,.51206815,.70740741,.5138889,.69117647,.98039216
2224103,fc-stade-rennes,273,2,fc-sochaux-montbeliard,750,2,32.055557,5.2222223,13.388889,3.1666667,9.640523,10.248366,4.0980392,3.6078432,2012,.61899805,.44390431,.57055074,.37437242,.63010061,.51862675,.65673077,.41549486,.52932101,.58148146,.46176469,.26960784
2224104,olympique-lyon,1041,3,fc-lorient,1158,1,12.277778,41.444443,6.3333335,11.777778,9.0784311,7.5163398,4.5816994,1.9281045,2012,.68084276,.37240872,.56653076,.31407931,.61729336,.28900048,.54257703,.32391137,.69873512,.36041668,.77156866,.44117647
2224105,as-nancy-lorraine,1159,0,as-saint-etienne,618,3,0,21,0,7.8888888,7.2549019,7.6732025,2.3790851,3.013072,2012,.47395408,.24479221,.72036844,.52816921,.51064211,.31009069,.74094856,.54690856,1.0476191,.32142857,.88425928,.82738096
2224106,es-troyes-ac,1095,0,sc-bastia,595,0,4.2777777,.27777779,1.0555556,.055555556,.30065361,.92810458,.078431375,.33986929,2012,.80306786,.46385571,.69045109,.47605956,.78627449,.51265174,.77091426,.49998644,.82156861,.5598039,1.0462962,.69907409
2224107,ogc-nizza,417,2,stade-reims,1421,0,1.2222222,0,.6111111,0,5.8039217,.48366013,1.6209151,.13725491,2012,.40384424,.41134867,.62262231,.37157688,.3895261,.42443147,.62307,.39506173,.328125,.47916666,1.4166666,.77777779
2224108,sc-bastia,595,3,hsc-montpellier,969,1,0,38.722221,0,20.055555,1.0784314,11.823529,.37254903,6.4313726,2012,.78880644,.45651454,.87390304,.44550458,.8253302,.45820105,.89952302,.52643096,1.1574074,.69907409,1.2953703,.68055558
2224109,fc-evian-thonon-gaillard,14171,0,hsc-montpellier,969,1,0,40,0,20.5,8.5555553,12.941176,3.137255,6.9019608,2012,.78525102,.48872402,.79895568,.48805508,.87376541,.57800227,.81897932,.54726434,1.0018518,.62037039,1.3176471,.68137252
2224110,ac-ajaccio,1147,1,osc-lille,1082,3,2.1666667,41,.94444442,22.388889,6.1241832,13.555555,1.6732026,7.7058825,2012,.45949405,.36283961,.66266644,.57787979,.52796465,.38809523,.69748598,.59593678,.61296296,.39814815,.50952381,.53055555
2224111,fc-girondins-bordeaux,40,0,stade-brest-29,3911,2,29.444445,0,12.222222,0,21.660131,4.7189541,9.8039217,1.1830065,2012,.56889409,.53723419,.82609248,.46146894,.46638176,.58990598,.84645522,.48402476,.82407409,.78703701,.66851854,.38981482
2224112,stade-brest-29,3911,0,fc-sochaux-montbeliard,750,2,2.0555556,4.7777777,.83333331,2.9444444,5.0392156,7.3137255,1.2222222,2.6732025,2012,.66201758,.29649979,.51914436,.24851181,.70888448,.34160054,.59270453,.29388991,.50648147,.2361111,.59313726,.27941176
2224113,as-saint-etienne,618,2,olympique-marseille,244,0,21.5,1.8333334,7.6666665,.3888889,7.359477,11.346405,2.8039215,4.1764708,2012,.63738561,.50876993,.70506883,.66205579,.61352354,.50982141,.81799543,.80986315,.78796297,.82275134,1.1556878,1.4027778
2224114,fc-valenciennes,1423,4,fc-stade-rennes,273,1,19.222221,12.666667,5.8888888,5.4444447,29.921568,2.2222223,8.6601305,.96732026,2012,.56682301,.41651779,.73924017,.61491704,.68830955,.50462186,.78336942,.73567492,.63823527,.46568626,.7590909,.83030301
2224115,as-nancy-lorraine,1159,1,sc-bastia,595,2,0,0,0,0,7.8366013,.47058824,2.4313726,.13071896,2012,.52011114,.30193508,.64912599,.20851934,.41965574,.29104307,.73057985,.26696429,.35714287,.25,.93229169,.30729166
2224116,fc-evian-thonon-gaillard,14171,2,fc-valenciennes,1423,0,0,16.588236,0,5,10.222222,30.82353,3.5490196,8.8161764,2012,.67636204,.50425208,.6742295,.43914223,.72359943,.56788474,.8051163,.48886555,.6490196,.48039216,.68529409,.46568626
2224117,fc-sochaux-montbeliard,750,1,fc-toulouse,415,2,5.3888888,42.444443,3.2777777,16.388889,10.313725,17.777779,3.7450981,7.0915031,2012,.52360862,.29219651,.43972442,.35796896,.60277778,.34142077,.52435702,.41549954,.50490195,.29411766,.70588237,.98039216
2224118,es-troyes-ac,1095,1,fc-girondins-bordeaux,40,0,6.7777777,28.764706,1.6111112,11.823529,.41176471,18.661764,.11111111,7.7867646,2012,.77035773,.43808594,.62682647,.56836087,.74953705,.48417106,.50176281,.60114425,.77592593,.52870369,.90625,.80208331
2224119,fc-evian-thonon-gaillard,14171,4,ogc-nizza,417,0,0,1.2941177,0,.64705884,9.5490198,3.0367646,3.3267975,.83088237,2012,.68243718,.46389237,.56527776,.39681345,.73586863,.52046257,.50617939,.4096677,.68703705,.46296296,.54761904,.48809522
2224120,ac-ajaccio,1147,0,es-troyes-ac,1095,1,2.1666667,6.7777777,.94444442,1.6111112,9.013072,.40522876,2.2483661,.10457516,2012,.69847602,.47345477,.76341325,.42697483,.75763637,.53161377,.74336421,.46565256,.94629627,.60185188,.75740743,.47314814
2224121,fc-toulouse,415,4,osc-lille,1082,2,36.722221,37.277779,14.444445,20.166666,10.75817,12.418301,4.4248366,7.0980392,2012,.45032501,.30600491,.66689348,.58722317,.51546264,.32966271,.6970892,.60188913,.625,.85416669,.51137567,.54907405
2224122,fc-lorient,1158,3,as-saint-etienne,618,1,43.277779,21.222221,12.388889,7.6111112,10.686275,6.1895423,2.7516339,2.3725491,2012,.4841114,.26300114,.61538959,.49172449,.47200978,.30693042,.60480893,.48700398,.68425924,.44444445,.8287037,.78571427
2224123,olympique-marseille,244,2,fc-toulouse,415,1,1.8333334,48.611111,.3888889,18.888889,8.8300657,17.777779,3.2875817,7.0915031,2012,.72800517,.69805908,.43972442,.35796896,.85007,.85215455,.52435702,.41549954,1.2119048,1.4735295,.70588237,.98039216
2224124,fc-girondins-bordeaux,40,3,as-nancy-lorraine,1159,2,27.444445,0,11.666667,0,16.82353,9.6928101,7.9607844,3.006536,2012,.60863942,.63568109,.59420902,.35958385,.52406812,.75233746,.50834537,.36592594,.88725489,.91176468,.47222221,.32222223
2224125,osc-lille,1082,3,stade-reims,1421,0,39.222221,0,20.944445,0,12.091503,.24836601,6.7320261,.052287582,2012,.69857168,.63941282,.78090352,.28322217,.72941095,.66185808,.87148267,.29717812,.53557426,.59313726,1.7731482,.6111111
2224126,olympique-lyon,1041,0,fc-paris-saint-germain,583,1,11.833333,10.111111,5.8888888,5.7777777,6.8366013,13.215686,3.3856208,6.8692808,2012,.72196919,.42205989,1.1058511,.989106,.65196598,.3342014,1.0801469,.97852987,.62089419,.28541666,1.1850529,1.1944444
2224127,es-troyes-ac,1095,1,fc-evian-thonon-gaillard,14171,0,6.7777777,0,1.6111112,0,.40522876,9.9673204,.10457516,3.7647059,2012,.78191686,.49881259,.61286509,.37019086,.76163197,.52832341,.72745097,.46739453,.60888886,.4788889,.82549018,.48039216
2224128,hsc-montpellier,969,2,stade-brest-29,3911,1,46.444443,1.8333334,23.888889,.77777779,17.627451,4.647059,9.4313726,1.2026144,2012,.98847091,.55472177,.78055423,.38261092,1.0122312,.63985687,.75555414,.39603376,1.4944445,.81018519,.50648147,.25092593
2224129,as-saint-etienne,618,0,fc-girondins-bordeaux,40,0,18.388889,18.722221,6.6111112,8.166667,6.3856211,15.215686,2.5751634,6.5947714,2012,.62901139,.52166677,.40743545,.53147179,.60889393,.52271825,.36619735,.61602521,.86203706,.84126985,.35416666,.63541669
2224130,fc-paris-saint-germain,583,1,fc-valenciennes,1423,1,9.7777777,19.222221,5.6111112,5.8888888,14.333333,29.921568,7.5098038,8.6601305,2012,1.0565801,.88104743,.56682301,.41651779,1.0324854,.88223356,.68830955,.50462186,1.1546296,1,.63823527,.46568626
2224131,fc-sochaux-montbeliard,750,1,fc-lorient,1158,0,5.8888888,36.333332,3.6111112,10.444445,9.3921566,8.359477,3.6993463,2.2483661,2012,.53763741,.36124414,.57774693,.35746339,.60813493,.41443664,.56364059,.38044733,.46078432,.32352942,.78333336,.50980395
2224132,stade-reims,1421,1,ac-ajaccio,1147,1,0,2.1666667,0,.94444442,.24836601,5.640523,.052287582,1.496732,2012,.6638841,.29538223,.62272936,.41229495,.65902478,.29982364,.66916835,.42050263,1.675926,.92592591,.79814816,.49074075
2224133,fc-stade-rennes,273,0,ogc-nizza,417,3,14,1.2222222,5.8888888,.6111111,2.9084966,3.5424836,1.2156863,1,2012,.53981775,.47635835,.55711806,.35242012,.51221001,.54337329,.51790696,.36540368,.55512822,.60000002,.53645831,.42708334
2224134,olympique-marseille,244,2,sc-bastia,595,1,1.8333334,0,.3888889,0,7.9477124,1.2875817,3.1045752,.44444445,2012,.59665132,.62419033,.63994604,.32989553,.67189151,.74925709,.70378464,.34257904,1.0175925,1.3472222,.89814812,.4212963
2224135,osc-lille,1082,3,fc-sochaux-montbeliard,750,3,40.777779,5.2777777,22.166666,3.1666667,16.79085,10.281046,9.4836597,3.7450981,2012,.66439176,.59000099,.5257327,.24582607,.69351774,.61119932,.60873014,.28130174,.50952381,.54166669,.56862748,.24019608
2224136,fc-girondins-bordeaux,40,0,stade-reims,1421,0,19.277779,0,8.166667,0,17.183006,.37908497,7.5359478,.10457516,2012,.60014379,.50022179,.55832857,.20615666,.46738783,.51781094,.54238218,.14797178,.83854169,.69791669,1.4537038,.5
2224137,olympique-lyon,1041,1,as-saint-etienne,618,1,16,18.222221,8.3888893,6.6111112,12.614379,5.3071895,6.4640522,2.143791,2012,.87131858,.56128514,.62901139,.52166677,.79694837,.4995915,.60889393,.52271825,.83142984,.4627451,.86203706,.84126985
2224138,stade-brest-29,3911,0,fc-stade-rennes,273,2,2.2222223,19.611111,.83333331,8.3888893,5.3921571,5.2679739,1.3986928,2.2614379,2012,.65030205,.29664585,.79482621,.5690344,.64485043,.35065997,.81314611,.65092355,.48725489,.17254902,.6811111,.64888889
2224139,ogc-nizza,417,3,es-troyes-ac,1095,1,1.2222222,6.7777777,.6111111,1.6111112,2.5555556,.45751634,.68627453,.09150327,2012,.51765871,.31705156,.80831993,.45209101,.46490952,.3064931,.78709149,.49304387,.50595236,.29761904,.80196077,.50098038
2224140,as-nancy-lorraine,1159,0,olympique-lyon,1041,3,0,9.6111107,0,5.1666665,7.019608,6.4248366,2.143791,3.3464053,2012,.54141438,.30669698,.71553534,.41997656,.43751287,.29818594,.6311326,.33029515,.41666666,.27380952,.61256087,.27708334
2224141,fc-valenciennes,1423,0,as-nancy-lorraine,1159,0,19.222221,0,5.8888888,0,29.928104,6.5228758,8.666667,2.0849674,2012,.56682301,.41651779,.53397393,.30074459,.68830955,.50462186,.44346526,.28798187,.63823527,.46568626,.45238096,.27380952
2224142,sc-bastia,595,0,fc-toulouse,415,0,0,37.333332,0,14.611111,1.2875817,11.058824,.44444445,4.5032678,2012,.75105715,.42513362,.47727841,.40796897,.80795133,.44443089,.54968381,.46059757,1.1018518,.64351851,.52941179,.80392158
2224143,stade-reims,1421,0,fc-valenciennes,1423,1,0,16.5,0,5,.52287585,31.797386,.1503268,9.2745094,2012,.6575349,.28948998,.68004721,.4655374,.69317579,.29611993,.83032638,.54628849,1.6203704,.62962961,.64607841,.4362745
2224144,fc-stade-rennes,273,1,es-troyes-ac,1095,2,21.666666,6.7777777,9,1.6111112,5.9281044,.40522876,2.5294118,.10457516,2012,.7066648,.50208914,.91558635,.5109145,.71748185,.57434428,.89297384,.55186743,.6009804,.57254905,.85208333,.53229165
2224145,fc-evian-thonon-gaillard,14171,0,fc-paris-saint-germain,583,1,0,9.666667,0,5.5,10.575164,10.281046,3.862745,5.5490198,2012,.78762001,.52786541,1.0983489,.99226367,.89999998,.62661338,1.0562508,.96790719,.89074075,.5925926,1.1731482,1.1851852
2224146,fc-lorient,1158,0,olympique-marseille,244,1,45.888889,1.8333334,13.333333,.3888889,10.026144,13.666667,2.8039215,5.1241832,2012,.59175253,.35746339,.74363846,.73256862,.57344455,.38044733,.86344999,.86541867,.80784315,.50980395,1.2112434,1.425
2224147,ac-ajaccio,1147,2,hsc-montpellier,969,1,2.1666667,43.5,.94444442,21.888889,7.4248366,13.712419,2,7.0392156,2012,.61118531,.4230974,.86504722,.42558774,.65527946,.44457671,.88795078,.49318182,.85370368,.58333331,1.3372549,.59313726
2224148,sc-bastia,595,1,osc-lille,1082,2,0,37.5,0,20.444445,1.2875817,13.156863,.44444445,7.3856211,2012,.80661273,.48994845,.58740979,.60444546,.84498835,.49998644,.64426512,.62905264,1.1574074,.69907409,.4394958,.5264706
2224149,fc-toulouse,415,0,fc-lorient,1158,1,43.166668,45.055557,16.666666,13.111111,14.705882,10.738562,5.7908497,3.0457516,2012,.47064635,.38337004,.54084325,.31604841,.52762496,.40702614,.53858334,.33349672,.52941179,.627451,.74411762,.44117647
2224150,fc-paris-saint-germain,583,3,ogc-nizza,417,0,9,3.2777777,5.1111112,1.6111112,10.45098,6.6339869,5.647059,1.8758169,2012,1.0983489,.99226367,.45725417,.31383678,1.0562508,.96790719,.40884069,.34957951,1.1731482,1.1851852,.42843136,.22745098
2224151,fc-valenciennes,1423,0,as-saint-etienne,618,0,18.888889,22,5.8888888,7.7222223,26.562092,7.7843137,7.7647057,2.9150326,2012,.55001628,.40671387,.57290757,.51449084,.67150283,.49481791,.56749564,.49863315,.59901959,.4362745,.77870369,.80555558
2224152,as-nancy-lorraine,1159,3,fc-evian-thonon-gaillard,14171,1,0,0,0,0,9.5359478,9.026144,3.0261438,3.4771242,2012,.61643124,.3862505,.78732461,.5321784,.53056759,.39259258,.88104576,.62670827,.48888889,.32222223,.94313723,.627451
2224153,stade-brest-29,3911,0,stade-reims,1421,2,1.6111112,0,.5,0,3.1111112,.52287585,.70588237,.1503268,2012,.69508362,.38759607,.59457195,.28948998,.70138633,.38553604,.63021284,.29611993,.56568629,.39313725,1.5648148,.62962961
2224154,olympique-marseille,244,1,stade-brest-29,3911,0,1.8333334,2.1111112,.3888889,.83333331,13.666667,3.7712419,5.1241832,.96732026,2012,.74363846,.73256862,.62085533,.31050739,.86344999,.86541867,.62075377,.30351129,1.2112434,1.425,.50185186,.28796297
2224155,olympique-lyon,1041,3,fc-toulouse,415,1,18.166666,42.388889,8.9444447,16.388889,15.54902,14.183006,7.6274509,5.6078429,2012,.80766517,.49640876,.37628359,.40208662,.75037974,.48856208,.42223284,.44589168,.80005729,.43137255,.56862748,.86274511
2224156,hsc-montpellier,969,1,olympique-lyon,1041,2,45.722221,14.611111,23.277779,7.5,15.477124,11.189543,8.1699343,5.5294118,2012,.87948906,.42046249,.78638619,.50115442,.90112019,.48430136,.69694835,.43341503,1.3462963,.59722221,.69417495,.35490197
2224157,ac-ajaccio,1147,1,as-nancy-lorraine,1159,1,2.1666667,0,.94444442,0,8.1437912,8.1960783,2.2287581,2.5947711,2012,.6681785,.46877643,.66046202,.41383982,.68864286,.50939155,.56846529,.42063493,.94629627,.60185188,.52380955,.34523809
2224158,fc-sochaux-montbeliard,750,2,fc-girondins-bordeaux,40,2,6.5,26.375,3.9444444,11.125,14.385621,13.558333,5.2483659,6.0083332,2012,.46190992,.24034466,.56816822,.62380099,.5486111,.28030965,.51061052,.71918112,.40686274,.19607843,.97777778,.98888886
2224159,fc-evian-thonon-gaillard,14171,4,fc-stade-rennes,273,2,0,25.111111,0,10.611111,8.1437912,7.2352943,3.1699347,3.0849674,2012,.79884249,.55303401,.84769046,.55807036,.89411765,.65506959,.83863455,.61804175,.9137255,.627451,.65849674,.60392159
2224160,es-troyes-ac,1095,0,fc-paris-saint-germain,583,1,6.7777777,7.2777777,1.6111112,4.2222223,.40522876,9.2941179,.10457516,4.973856,2012,.78871208,.44368765,1.0662533,.90098685,.76748365,.48464051,1.0579246,.8650378,.77843136,.48627451,1.0415344,.8888889
2224161,as-saint-etienne,618,4,ac-ajaccio,1147,2,21.777779,2.1666667,8.166667,.94444442,6.9150329,7.5098038,2.6797385,2.013072,2012,.53825182,.420344,.61413145,.41075173,.5227828,.41954365,.67908895,.46679893,.80648148,.73015875,.85370368,.58333331
2224162,ogc-nizza,417,3,fc-sochaux-montbeliard,750,0,3.2777777,6.1111112,1.6111112,3.7222223,6.6339869,13.96732,1.8758169,5.006536,2012,.57490122,.43148383,.57016158,.37066874,.52648777,.46722656,.6511752,.4210504,.51666665,.38431373,.50784314,.32352942
2224163,fc-toulouse,415,3,ogc-nizza,417,4,47.722221,3.2777777,18.444445,1.6111112,17.568628,4.2156863,6.8235292,1.1568627,2012,.29903546,.3490563,.56229621,.42658189,.33808249,.38398692,.51472306,.46069062,.50980395,.627451,.50196081,.38431373
2224164,osc-lille,1082,0,olympique-marseille,244,0,35.277779,1.8333334,19.222221,.3888889,10.738562,13.666667,6.0980392,5.1241832,2012,.61149335,.60043478,.74363846,.73256862,.67017549,.61854845,.86344999,.86541867,.47086835,.52254903,1.2112434,1.425
2224165,fc-girondins-bordeaux,40,4,hsc-montpellier,969,2,29.055555,43.111111,12.444445,22.055555,16.496733,16.228758,7.6078429,8.5098038,2012,.61994779,.653395,.93077111,.48990694,.52406812,.76933092,.94152421,.56207913,.86764705,.95098037,1.3833333,.7361111
2224166,fc-lorient,1158,4,sc-bastia,595,1,40.888889,0,11.888889,0,9.5032682,.9852941,2.8104575,.375,2012,.51533866,.30011535,.67224234,.43893701,.55019945,.34068626,.68881118,.40334699,1.0901961,.84313726,.84313726,.50490195
2224167,fc-sochaux-montbeliard,750,0,ac-ajaccio,1147,0,5.3888888,2.1666667,3.2222223,.94444442,12.490196,8.1568632,4.359477,2.1111112,2012,.56553191,.35876396,.60290074,.39806935,.63728631,.41311389,.6229021,.42076719,.49313724,.32352942,.85370368,.58333331
2224168,hsc-montpellier,969,3,fc-valenciennes,1423,1,48.222221,16.941177,24.666666,5.1764708,19.30719,27.095589,10.202615,7.9044118,2012,.87978142,.41802585,.47724941,.34463349,.89817405,.46106902,.6063289,.43824404,1.2537037,.61574072,.46979168,.27604166
2224169,osc-lille,1082,5,fc-lorient,1158,0,35.555557,42.277779,19.5,12.277778,10.960784,7.993464,6.3267975,2.3856208,2012,.59678745,.58572888,.56204629,.34153029,.6554696,.60384256,.58506072,.38763687,.45126051,.50294119,1.1539216,.91176468
2224170,fc-stade-rennes,273,0,fc-paris-saint-germain,583,2,29.611111,9.5555553,12.277778,5.5555553,8.4313726,13.222222,3.5228758,7.0588236,2012,.652376,.46161297,1.2957616,1.1327648,.68693233,.55333591,1.2861654,1.1332918,.55261439,.59607846,1.4046296,1.324074
2224171,as-saint-etienne,618,1,fc-evian-thonon-gaillard,14171,0,21.777779,0,8.0555553,0,8.0588236,8.3856211,3.2156863,3.0849674,2012,.5822643,.51263899,.77611524,.54634953,.59527344,.50480598,.85840338,.63616204,.80648148,.83333331,.85490197,.59803921
2224172,stade-reims,1421,1,olympique-lyon,1041,0,0,19.666666,0,9.833333,.48366013,18.712418,.13725491,9.2026148,2012,.61432505,.25476778,.86151469,.56307542,.66142976,.25908288,.78714442,.49591503,1.4537038,.4074074,.81966513,.4509804
2224173,sc-bastia,595,4,stade-brest-29,3911,0,0,1.9444444,0,.72222221,1.2875817,4.4705882,.44444445,1.0718955,2012,.80156219,.48994845,.77768838,.39302593,.84498835,.49998644,.80680186,.43656099,1.1574074,.69907409,.57549018,.30490196
2224174,olympique-marseille,244,1,fc-girondins-bordeaux,40,0,1.8333334,27.705883,.3888889,11.588235,10.810457,15.830882,3.9346404,7.3382354,2012,.68396765,.65849453,.5423727,.62145776,.78567219,.76224411,.49848902,.74367672,1.0862434,1.2027777,.94270831,1.0104166
2224175,as-nancy-lorraine,1159,1,es-troyes-ac,1095,0,0,6.7777777,0,1.6111112,8.3006535,.46405229,2.5947711,.098039217,2012,.65429318,.38294318,.77035773,.43808594,.61199045,.39930555,.74953705,.48417106,1.0208334,.36458334,.77592593,.52870369
2224176,fc-lorient,1158,1,fc-paris-saint-germain,583,3,46.222221,6.8888888,13.5,4,9.9542484,10.359477,2.490196,5.0522876,2012,.47326887,.23444891,.99235576,.77699631,.45631102,.28086749,.9906407,.76755106,.67843139,.36274511,1.1028011,.77450979
2224177,fc-girondins-bordeaux,40,2,fc-evian-thonon-gaillard,14171,1,29.388889,0,12.444445,0,20.673203,13.346405,9.3856211,4.8431373,2012,.58379948,.55327255,.7169503,.46444219,.48291615,.6160965,.8012138,.546749,.81481481,.73148149,.92352939,.627451
2224178,ac-ajaccio,1147,0,ogc-nizza,417,2,2.1666667,3.2777777,.94444442,1.6111112,10.581699,4.9150329,2.7254901,1.4183006,2012,.37757966,.33791223,.56172544,.43761826,.43629795,.3797619,.53930396,.47187465,.4462963,.37962964,.52812499,.40833333
2224179,fc-stade-rennes,273,1,ac-ajaccio,1147,1,24.388889,2.1666667,10.166667,.94444442,5.4640522,6.1568627,2.3202615,1.5294118,2012,.83942914,.61155045,.68805933,.45830327,.85170585,.70762211,.74185354,.50780421,.68055558,.74761903,.94629627,.60185188
2224180,ogc-nizza,417,1,olympique-lyon,1041,1,3.2777777,11.611111,1.6111112,5.8333335,4.9150329,7.3202615,1.4183006,3.7124183,2012,.56172544,.43761826,.76758152,.45798984,.53930396,.47187465,.69571596,.3654514,.52812499,.40833333,.74589419,.37916666
2224181,stade-reims,1421,1,fc-lorient,1158,0,0,49.375,0,14.5,.24836601,9.8833332,.052287582,2.875,2012,.52355224,.2462801,.49640986,.25822762,.61967289,.25908288,.4682636,.29831651,.9537037,.5,.74444443,.43333334
2224182,fc-toulouse,415,2,hsc-montpellier,969,0,34.666668,49.176472,13.388889,24.882353,12.333333,16.82353,5.019608,8.5147057,2012,.36988509,.35950869,.837053,.38894033,.43497023,.40538195,.82881945,.4526515,.46875,.57291669,1.1729167,.59895831
2224183,stade-brest-29,3911,1,as-nancy-lorraine,1159,2,1.7647059,0,.82352942,0,2.9191177,9.2222223,.84558821,2.8823528,2012,.69299394,.35742369,.63358521,.37736163,.67581844,.41069025,.59167868,.39259258,.57444447,.28444445,.98333335,.36666667
2224184,sc-bastia,595,0,fc-sochaux-montbeliard,750,0,0,5.7058825,0,3.4705882,.49019608,11.786765,.12418301,4.2794118,2012,.56116837,.25896502,.40997636,.22180285,.65792882,.33275875,.44747898,.23797493,.91666669,.50490195,.51979166,.19270833
2224185,olympique-lyon,1041,2,fc-stade-rennes,273,0,13.444445,24.777779,7.1666665,10.277778,7.2549019,6.0718956,3.8496733,2.5816994,2012,.74597836,.45467204,.77319098,.53346974,.67670614,.36863911,.71544945,.58166939,.68437099,.34509805,.60381943,.59583336
2224186,fc-valenciennes,1423,2,es-troyes-ac,1095,1,17.666666,6.7777777,5.3888888,1.6111112,35.803921,.41176471,10.418301,.11111111,2012,.65813982,.44893348,.78852355,.44914982,.80007017,.5251984,.74950981,.48744163,.64722222,.43981481,.74803919,.54019606
2224187,fc-paris-saint-germain,583,3,stade-brest-29,3911,1,8.1111107,1.6470588,4.6666665,.70588237,12.888889,3.4264705,6.3660131,.83088237,2012,1.221312,1.0010223,.76336432,.39909035,1.1986433,.96155459,.73036391,.42402357,1.275,1.0324074,.68555558,.30666667
2224188,hsc-montpellier,969,0,osc-lille,1082,0,54.588234,39.222221,27.588236,20.944445,24.375,12.091503,12.5,6.7320261,2012,.85301065,.40741062,.69857168,.63941282,.82067734,.43524957,.72941095,.66185808,1.1039215,.64215684,.53557426,.59313726
2224189,osc-lille,1082,1,as-saint-etienne,618,1,39.222221,21.611111,20.944445,7.9444447,12.124183,7.973856,6.7581701,3.1699347,2012,.69857168,.63941282,.66998363,.54835325,.72941095,.66185808,.66290623,.54300046,.53557426,.59313726,.86203706,.84126985
2224190,olympique-marseille,244,0,stade-reims,1421,0,1.8333334,0,.3888889,0,14.45098,.31666666,5.3660131,.06666667,2012,.74363846,.73256862,.55977547,.23833649,.86344999,.86541867,.47801,.16944444,1.2112434,1.425,1.46875,.54166669
2229834,fc-evian-thonon-gaillard,14171,2,fc-girondins-bordeaux,40,3,10.055555,33.222221,4.4444447,14.055555,12.464052,30.38562,4.4836602,14.019608,2012,.85244912,.62087893,.65393949,.52005583,.92568851,.71613353,.58362561,.59376204,.99722224,.77314812,1.0046296,.73148149
2229835,fc-sochaux-montbeliard,750,2,sc-bastia,595,3,5.2222223,.27777779,3,.055555556,11.568627,.11111111,3.6862745,.026143791,2012,.37644073,.23740068,.73024166,.44262567,.40153387,.24574977,.76342547,.45026454,.40308124,.12254902,1.037037,.69907409
2229836,fc-stade-rennes,273,0,olympique-lyon,1041,1,49.444443,23.166666,20.555555,11.388889,25.117647,26.653595,10.568627,13.366014,2012,.8773123,.55545884,.7963894,.48717198,.89808029,.64931858,.73481029,.4653911,.98117286,.65925926,.71949857,.2888889
2229837,hsc-montpellier,969,1,fc-toulouse,415,1,64.166664,59.111111,32.888889,22.944445,35.549019,26.267973,18.934641,10.333333,2012,.7413432,.31681302,.47550604,.46856096,.73611099,.35782829,.58563155,.55510992,.93148148,.48148149,.84313726,.74509805
2229838,olympique-lyon,1041,4,es-troyes-ac,1095,1,25.611111,4.2777777,12.555555,1.0555556,33.699345,.0065359478,16.496733,.0065359478,2012,.94773126,.58455521,.58660954,.38905573,.87369919,.55170059,.59880954,.49677581,.81579483,.41851851,.68124998,.546875
2229839,fc-paris-saint-germain,583,2,fc-lorient,1158,2,12,61.611111,7,18.166666,17.013071,21,8.8888893,5.8169932,2012,1.1553404,.95392191,.51791555,.35030484,1.1807164,.98390478,.55755168,.42474347,1.2972223,1.0972222,1.074074,.97222221
2229840,as-nancy-lorraine,1159,1,stade-brest-29,3911,0,21.111111,0,6.5,0,18.20915,6.986928,6.1503267,1.7973856,2012,.56400907,.37158021,.68104368,.36354038,.61359394,.43352008,.66736841,.35317659,.99509805,.44117647,.55277777,.32499999
2229841,as-saint-etienne,618,1,osc-lille,1082,2,24.277779,56.222221,8.6111107,30.722221,11,22.379086,4.0326796,12.568627,2012,.7768054,.58475941,.70299202,.64740837,.84267551,.68232524,.7399022,.67900556,.82499999,.80092591,.63174605,.61944443
2229842,ogc-nizza,417,0,ac-ajaccio,1147,1,0,0,0,0,10.019608,11.169934,2.8692811,3.1045752,2012,.58870214,.37501678,.52089548,.31152952,.58580047,.42770955,.54678935,.34371692,.39215687,.31274509,.43148148,.3287037
2229843,es-troyes-ac,1095,0,fc-valenciennes,1423,1,4.2777777,22.388889,1.0555556,7.3888888,.0065359478,27.17647,.0065359478,8.7254906,2012,.91031963,.51249397,.39257553,.27377647,.92116404,.60824513,.46683007,.33022875,.93529409,.63235295,.53529412,.36274511
2229844,sc-bastia,595,2,stade-reims,1421,1,.27777779,0,.055555556,0,.11111111,.3137255,.026143791,.11111111,2012,.73024166,.44262567,.73910457,.32581478,.76342547,.45026454,.78817338,.29717812,1.037037,.69907409,1.6898148,.8888889
2229845,fc-girondins-bordeaux,40,1,fc-stade-rennes,273,0,36.833332,40.055557,15.5,16.888889,30.607843,19.248365,13.849673,8.2352943,2012,.65847653,.51807165,.82133585,.53499103,.63256741,.59881252,.80717123,.60610873,1.1157408,.75,.74043208,.58518517
2229846,ac-ajaccio,1147,0,fc-paris-saint-germain,583,0,0,10.555555,0,6.1666665,11,18.09804,3.0392158,9.0784311,2012,.50237697,.30984601,1.1812403,.96464896,.54061645,.34470901,1.2151512,1.0243636,.44999999,.43055555,1.2715687,1.0539216
2229847,olympique-marseille,244,2,fc-sochaux-montbeliard,750,0,1.8333334,5.8333335,.3888889,3.2777777,18.013071,15.69281,6.6993465,5.0588236,2012,.5914802,.40276426,.48383597,.29734421,.62158489,.46359968,.51755953,.31620833,.67661065,.45882353,.47661063,.19607843
2229848,fc-lorient,1158,2,hsc-montpellier,969,1,50.222221,64.111115,15.055555,32.666668,12.464052,35.07843,3.5555556,18.392157,2012,.46214604,.35367185,.94598389,.48158574,.508169,.42752126,.9563691,.53606904,.9527778,.9074074,1.2675925,.66666669
2229849,osc-lille,1082,1,as-nancy-lorraine,1159,1,46.666668,19.944445,25.333334,6.1111112,19.849672,16.777779,11.013072,5.6993465,2012,.64016449,.59555656,.56099248,.36837167,.68875587,.61974633,.6079917,.41503268,.49285713,.55277777,1.0098039,.44117647
2229850,stade-reims,1421,0,olympique-marseille,244,1,0,1.8333334,0,.3888889,.52287585,14.392157,.1503268,5.6209149,2012,.72786117,.28541073,.53592467,.30206981,.7802369,.29717812,.55677009,.32723603,1.7083334,.8888889,.65308124,.3882353
2229851,stade-brest-29,3911,1,fc-evian-thonon-gaillard,14171,0,0,9.2222223,0,4.0555553,6.7581701,12.052288,1.6274509,4.3202615,2012,.73778838,.42113775,.85244912,.62087893,.71464676,.43700096,.92568851,.71613353,.59444445,.36203703,.99722224,.77314812
2229852,fc-toulouse,415,2,as-saint-etienne,618,1,49.222221,25.111111,18.777779,9,18.803921,13.137255,7.2483659,5.026144,2012,.40279275,.35178906,.73207235,.59262979,.51173842,.45328283,.77230519,.66612154,.7175926,.55555558,.88796294,.81944442
2229853,fc-valenciennes,1423,0,ogc-nizza,417,0,24.444445,0,8,0,35.555557,7.4575162,11.320261,2,2012,.58881092,.3919,.57399625,.34560502,.68613315,.43827161,.56059039,.37728938,.69814813,.50925928,.36274511,.22450981
2229854,fc-evian-thonon-gaillard,14171,1,olympique-lyon,1041,1,9.3888893,22.277779,4,11,10.130719,24.261438,3.5294118,11.921569,2012,.7608853,.54726779,.90831465,.48887405,.82568848,.63532549,.82559913,.43964946,.94166666,.65277779,.92135042,.4462963
2229855,es-troyes-ac,1095,2,fc-lorient,1158,2,4.3333335,59,1.1111112,17.5,.37908497,19.261438,.09150327,5.3137255,2012,.84889454,.42885828,.41813663,.28700519,.85845721,.51503271,.46662256,.39511383,.93137252,.46078432,.9546296,.92592591
2229856,fc-valenciennes,1423,3,ac-ajaccio,1147,0,23.833334,0,7.7222223,0,37.464054,9.4379082,11.960784,2.5424836,2012,.59568924,.40777302,.50237697,.30984601,.70288801,.46604937,.54061645,.34470901,.69814813,.50925928,.47647059,.45588234
2229857,stade-reims,1421,1,fc-sochaux-montbeliard,750,0,0,5.7222223,0,3.2222223,.52287585,8.9411764,.1503268,2.9411764,2012,.71827126,.32581478,.51367617,.33778733,.76039565,.29717812,.52728176,.35725772,1.6342592,.8888889,.57464987,.29411766
2229858,fc-stade-rennes,273,3,sc-bastia,595,2,39.222221,.27777779,16.5,.055555556,17.640522,.11111111,7.5228758,.026143791,2012,.82872903,.54293168,.73024166,.44262567,.81263506,.6123504,.76342547,.45026454,.77418303,.61960787,1.037037,.69907409
2229859,as-saint-etienne,618,4,stade-brest-29,3911,0,25.277779,0,9.2777777,0,10.196078,4.5294118,3.9084966,1.2091503,2012,.65266061,.51998019,.62559319,.30991215,.69705266,.57970178,.57088405,.28594276,.80648148,.70833331,.45092592,.26944444
2229860,as-nancy-lorraine,1159,0,fc-toulouse,415,1,18.944445,45.722221,6,17.555555,14.908497,16.503267,5.1372547,6.2875819,2012,.58238286,.4141233,.315249,.32738447,.65478313,.4729225,.3647759,.37863934,.94117647,.53921568,.40686274,.44117647
2229861,ogc-nizza,417,2,osc-lille,1082,2,1.2222222,45.666668,.6111111,24.722221,8.4183006,20.437908,2.3137255,11.529411,2012,.53732365,.34593335,.56476772,.55692017,.51370573,.37749287,.62374377,.61934948,.33333334,.30462962,.52063495,.58518517
2229862,hsc-montpellier,969,0,olympique-marseille,244,1,62.722221,1.8333334,32.111111,.3888889,33.712418,21.777779,17.816994,8.4705887,2012,.98487276,.54266435,.7074756,.4656446,1.0103815,.6301347,.75862193,.53805298,1.4296297,.70833331,.75798321,.52941179
2229863,fc-paris-saint-germain,583,0,fc-girondins-bordeaux,40,0,11.166667,39.333332,6.3888888,16.555555,18.156862,33.823528,9.1764708,15.339869,2012,1.3474869,.92058289,.70639324,.59824026,1.3267274,.9793123,.67701185,.68214583,1.5311012,1.0885416,1.2638888,.94444442
2330825,hsc-montpellier,969,2,fc-sochaux-montbeliard,750,1,.5,25.5,.11111111,8.2777777,13.45098,19.627451,6.2810459,5.7320261,2013,.76554912,.3762503,.44564319,.37424338,.7136606,.3611953,.46612117,.41907096,.48872054,.30092594,.56078434,.4509804
2330826,fc-valenciennes,1423,0,olympique-marseille,244,1,28.888889,22.777779,8.833333,11.611111,18.143791,28.732027,5.352941,12.542483,2013,.68514413,.51028323,.96368617,.80854899,.60678905,.4427979,.90230232,.85513699,1.0029411,.79607844,.93611109,.81481481
2330827,fc-nantes,995,1,fc-paris-saint-germain,583,2,.055555556,0,0,0,.0065359478,11.490196,0,7.6862745,2013,.8294279,.49800166,1.3098551,.83467883,.94239241,.55933708,1.3119599,.83250731,1.2578431,.60294116,1.3416667,.87222224
2330828,osc-lille,1082,1,as-saint-etienne,618,0,0,35.777779,0,14.388889,13.555555,15.856209,6.7450981,6.8823528,2013,.62860876,.40475306,.60771441,.52187723,.6255554,.42665145,.61640012,.56775695,.71309525,.38055557,.71296299,.61574072
2330829,fc-girondins-bordeaux,40,1,sc-bastia,595,0,47.833332,16.111111,17.944445,5.4444447,15.078431,5.5228758,5.8235292,1.9084967,2013,.59682035,.51460481,.65199542,.42827311,.66086859,.6662398,.67695856,.51323551,.80539215,.38291317,.7344538,.46078432
2330830,ea-guingamp,855,2,fc-lorient,1158,0,0,48.611111,0,15.166667,.48366013,11.026144,.14379086,3.3398693,2013,.90045661,.58042961,.53682613,.35826543,1.0584226,.70400631,.58547664,.44278711,1.5240741,1.0138888,.85784316,.63725489
2330831,ac-ajaccio,1147,0,ogc-nizza,417,0,0,20.833334,0,9.5,6.6797385,13.320261,1.7254902,5.7058825,2013,.62353158,.37281781,.57588869,.48011705,.75555557,.32767856,.59022015,.4449766,.94102561,.56153846,.66568625,.44999999
2330832,fc-evian-thonon-gaillard,14171,1,fc-stade-rennes,273,2,16.555555,0,5,0,13.143791,15.379085,3.8823528,5.7908497,2013,.87283957,.63287282,.55179715,.441515,.87356353,.64634579,.55192292,.51097125,.65196079,.4572829,.99444443,.65555555
2330833,olympique-lyon,1041,0,stade-reims,1421,1,24.5,15.833333,12.222222,4.2222223,10.202615,7.7254901,4.980392,2.1111112,2013,.44891721,.42659107,.75327146,.3393628,.4788025,.48080578,.89187312,.42372134,.51764709,.73921567,1.837963,.46296296
2330834,as-monaco,162,0,fc-toulouse,415,0,0,42.888889,0,16.111111,.013071896,16.084967,.0065359478,6.1960783,2013,1.3060583,.76902878,.54576242,.47279453,1.4396073,.81575632,.59898192,.52118081,1.5088235,.76666665,.90686274,.85294116
2330835,sc-bastia,595,2,fc-toulouse,415,1,15.777778,37,5.1666665,13.555555,6.2549019,11.156863,2.0915034,3.9346404,2013,.86329651,.53333008,.64825797,.4875004,.83579046,.60430694,.6544441,.54471022,.81666666,.48148149,1.0833334,1.0294118
2330836,ogc-nizza,417,2,hsc-montpellier,969,2,21.333334,2.4444444,9.8888893,.44444445,10.993464,15.673203,4.7385621,7.2745099,2013,.50502032,.42129353,.69773865,.35012943,.49757311,.34693739,.66976005,.3628788,.58725488,.39117646,.44427609,.31574073
2330837,fc-sochaux-montbeliard,750,0,ac-ajaccio,1147,0,23.222221,0,7.9444447,0,14.352942,8.4117651,4.3725491,2.2352941,2013,.40016741,.32882085,.62626499,.38095272,.42802593,.35219422,.73842204,.3462185,.53627449,.37254903,.95714283,.59285712
2330838,fc-lorient,1158,1,fc-valenciennes,1423,0,61.944443,26.555555,19.611111,8.166667,15.882353,14.366014,5.2549019,4.3333335,2013,.58266032,.38994908,.69401431,.52498907,.62470937,.47286156,.61986095,.45750377,.85462964,.60185188,1.0117648,.81078434
2330839,olympique-marseille,244,1,as-monaco,162,2,25.333334,0,12.777778,0,22.071896,.0065359478,10.176471,.0065359478,2013,.83417106,.61730856,1.1965579,.77426898,.7932601,.67729169,1.3247216,.82160217,.89722222,.72870368,1.2177083,.70833331
2330840,stade-reims,1421,0,fc-nantes,995,0,20.277779,.055555556,5.4444447,0,12.607843,.0065359478,3.2745099,0,2013,.8741228,.41783503,.8294279,.49800166,1.0296046,.52052271,.94239241,.55933708,1.9411376,.50185186,1.2578431,.60294116
2330841,fc-evian-thonon-gaillard,14171,2,olympique-lyon,1041,1,16.555555,24.944445,5,12.111111,12.803922,10.248366,3.7581699,4.9215684,2013,.76863784,.63287282,.33506757,.35354644,.80375099,.64144385,.31466109,.34377372,.67708331,.47023809,.31176472,.42058823
2330842,fc-stade-rennes,273,0,osc-lille,1082,0,0,0,0,0,10.54902,14.326797,3.9803922,7.013072,2013,.60553092,.47865787,.61664706,.29945168,.60092723,.55075961,.61797965,.30263346,1.0166667,.64444447,.73690474,.39166668
2330843,fc-paris-saint-germain,583,2,ea-guingamp,855,0,0,0,0,0,16.803921,.48366013,11.163399,.14379086,2013,1.3466817,.88454658,.90045661,.58042961,1.3491331,.8563168,1.0584226,.70400631,1.3527777,.87222224,1.5240741,1.0138888
2330844,as-saint-etienne,618,2,fc-girondins-bordeaux,40,1,34.25,55.666668,13.9375,21.222221,13.633333,29.555555,5.9083333,11.379085,2013,.60110605,.48417395,.61892849,.54698545,.59624577,.48964167,.69535339,.72358108,.68888891,.58333331,.79509807,.53137255
2330845,ac-ajaccio,1147,2,fc-evian-thonon-gaillard,14171,3,0,15.388889,0,4.5555553,10.333333,11.065359,2.7450981,3.2352941,2013,.64989996,.42605075,.73451269,.65108013,.80901027,.40831,.76698631,.68964648,.95999998,.67555553,.67708331,.68898809
2330846,olympique-lyon,1041,0,fc-stade-rennes,273,0,38.833332,2.5555556,18.944445,.83333331,22.575163,9.1830063,10.633986,3.5228758,2013,.51673675,.44070625,.78054184,.59875637,.52865952,.42998162,.81035811,.6578598,.5387255,.50392157,.93431371,.61274511
2330847,as-monaco,162,1,fc-lorient,1158,0,0,65.529411,0,20.411764,0,17.227942,0,5.4485292,2013,1.2048912,.81593567,.46207708,.34992996,1.326805,.86326885,.46999407,.42056489,1.2489583,.77083331,.6009804,.58823532
2330848,hsc-montpellier,969,0,stade-reims,1421,0,0,18.722221,0,4.7777777,20.967319,11.287581,9.6078434,2.8235295,2013,.71612746,.32420352,.80257398,.41704136,.63467634,.28173402,.96531886,.53780663,.36927611,.18611111,1.3300265,.4462963
2330849,fc-toulouse,415,1,olympique-marseille,244,1,34.777779,20.277779,13.111111,10.388889,11.013072,14.320261,4.0326796,6.7385621,2013,.54576242,.47413144,.81346112,.61558074,.60192305,.53462619,.77024317,.66575968,.92156863,.85294116,.9685185,.7509259
2330850,fc-valenciennes,1423,1,as-saint-etienne,618,3,19.611111,34.722221,5.8333335,14.444445,10.366014,15.287581,3.0196078,6.7254901,2013,.83726031,.51039463,.66626561,.56445622,.83214498,.45407239,.64967734,.61440396,1.4088235,.75196081,.76759261,.80648148
2330851,fc-girondins-bordeaux,40,0,fc-paris-saint-germain,583,2,54.833332,0,20.777779,0,23.490196,11.137255,8.8300657,7.4183006,2013,.61265856,.43564585,1.0626609,.5763455,.67066205,.54906803,1.0589837,.56994116,.79027778,.46164021,1.0944444,.58055556
2330852,ea-guingamp,855,1,sc-bastia,595,1,0,12.833333,0,4.3888888,.49019608,5.6339869,.1503268,1.8888888,2013,.88656771,.54318213,.78559333,.41878238,1.0522718,.65585816,.7704109,.51358825,1.5379629,1.0138888,.80476189,.49074075
2330853,osc-lille,1082,0,ogc-nizza,417,2,0,29.055555,0,13.333333,15.594771,13.326797,7.5424838,5.6274509,2013,.49008062,.3837654,.50726122,.42164367,.48702726,.40566379,.52521086,.36438259,.47301587,.3361111,.57254905,.40686274
2330854,fc-nantes,995,1,fc-sochaux-montbeliard,750,0,0,17.666666,0,5.7777777,.078431375,8.4117651,.026143791,2.4836602,2013,.75500101,.4916462,.53699791,.50403512,.80855578,.52208996,.53554225,.51532537,1.1046296,.51851851,.62696081,.54901963
2330855,sc-bastia,595,0,olympique-marseille,244,0,12.333333,18.444445,3.8888888,9.5555553,3.490196,22.915033,1.137255,10.352942,2013,.70774269,.51828378,.81684506,.51100111,.70908612,.59925646,.74553931,.55187082,.73253965,.50185186,.93796295,.56203705
2330856,olympique-lyon,1041,3,fc-nantes,995,1,34.333332,.055555556,16.722221,0,20.529411,.0065359478,9.6862745,0,2013,.49835443,.43650457,.74647164,.44935915,.51101243,.42344567,.81690222,.49397758,.5387255,.50392157,1.1696079,.54901963
2330857,ogc-nizza,417,4,fc-valenciennes,1423,0,26.777779,27.555555,12.055555,8.5,12.215686,17.967319,5.1503267,5.4901962,2013,.48111743,.38896394,.854298,.55356711,.50840414,.34757587,.83645481,.46773505,.57254905,.40686274,1.4138889,.82129627
2330858,fc-stade-rennes,273,2,ac-ajaccio,1147,0,2.5555556,0,.83333331,0,4.1568627,9.3137255,1.5816994,2.2483661,2013,.82039714,.6313709,.52913576,.36380988,.84964186,.69272602,.64037037,.37941799,.99270833,.65104169,.7846154,.67948717
2330859,fc-paris-saint-germain,583,1,as-monaco,162,1,0,0,0,0,18.705883,0,12.588235,0,2013,1.377105,1.0056444,1.2048912,.81593567,1.3886122,1.0017292,1.326805,.86326885,1.3583333,.98148149,1.2489583,.77083331
2330860,stade-reims,1421,1,ea-guingamp,855,1,15.166667,0,4.1111112,0,7.1437907,.52941179,1.7581699,.1633987,2013,.85119516,.41430768,.87267882,.55012661,1.0097634,.51853853,1.0425496,.6669693,1.848545,.4925926,1.5240741,1.0138888
2330861,as-saint-etienne,618,1,fc-toulouse,415,2,34.722221,42.444443,14.444445,15.833333,15.287581,13.856209,6.7254901,4.9084969,2013,.66626561,.56445622,.54996407,.47413144,.64967734,.61440396,.60192305,.53462619,.76759261,.80648148,.92156863,.85294116
2330862,fc-evian-thonon-gaillard,14171,2,hsc-montpellier,969,2,15.333333,2.4444444,4.6111112,.44444445,10.803922,17.457516,3.2156863,7.8169932,2013,.82501042,.71970761,.79341763,.40198129,.88463336,.78114974,.76543909,.41473064,.84375,.73065478,.48872054,.33425927
2330863,fc-lorient,1158,3,fc-girondins-bordeaux,40,3,59.833332,50.5,18.833334,18.833334,14.352942,22.496733,4.6143789,8.5424833,2013,.42830428,.3309103,.53153753,.35099268,.44051626,.39581129,.58447969,.4769761,.56759262,.55555558,.70416665,.29497355
2330864,fc-sochaux-montbeliard,750,0,osc-lille,1082,2,19.666666,0,6.8333335,0,10,18.562092,3.3006537,8.973856,2013,.54279113,.5071311,.63066226,.41016668,.54226494,.52022731,.60131299,.42047858,.64166665,.54901963,.72764552,.35092592
2330865,fc-stade-rennes,273,1,fc-nantes,995,3,2.5555556,.055555556,.83333331,0,5.2483659,.0065359478,2.1111112,0,2013,.97266603,.71049935,.78334862,.47033492,1.0112846,.77462202,.8900373,.52826279,1.4255556,.81666666,1.187963,.56944442
2330866,ea-guingamp,855,5,fc-sochaux-montbeliard,750,1,0,19.722221,0,6.7222223,.59558821,9.5947714,.18382353,2.9084966,2013,.92401284,.58248699,.44263044,.39579216,1.103876,.70620281,.44377494,.4208011,1.6137255,1.0735294,.51342595,.44444445
2330867,osc-lille,1082,3,fc-evian-thonon-gaillard,14171,0,0,15.333333,0,4.6111112,16.660131,10.908497,7.6862745,3.2679739,2013,.64388978,.42868519,.82501042,.71970761,.60131299,.43436748,.88463336,.78114974,.76468253,.40648147,.84375,.73065478
2330868,hsc-montpellier,969,0,fc-stade-rennes,273,0,2.4444444,2.5555556,.44444445,.83333331,19.568628,4.1372547,9.0980396,1.5947713,2013,.80629504,.39973262,.82039714,.6313709,.76388508,.39452863,.84964186,.69272602,.47483164,.32037038,.99270833,.65104169
2330869,fc-lorient,1158,0,olympique-marseille,244,2,56.833332,19.833334,17.944445,10.388889,13.764706,17.745098,4.5882354,8.1241827,2013,.41995892,.28875095,.79528219,.5953787,.42868391,.33984593,.79418606,.67088145,.48039216,.41176471,.93955028,.77037036
2330870,olympique-marseille,244,1,fc-paris-saint-germain,583,2,16.444445,0,8.3888893,0,19.130718,16.071896,8.7385616,10.784314,2013,.91935623,.64111805,1.3138535,.87065768,.87659347,.70001894,1.3232071,.85126632,1.0712963,.77314812,1.325,.87222224
2330871,ac-ajaccio,1147,2,olympique-lyon,1041,1,0,42.23077,0,20.76923,5.9047618,26.461538,2.0952382,12.871795,2013,.46703297,.39795917,.65221423,.55819631,.57539684,.2857143,.66143429,.52488136,.91428572,.25714287,.72986114,.69305557
2330872,fc-girondins-bordeaux,40,0,stade-reims,1421,0,56.944443,15.888889,21.888889,4.1111112,33.993465,6.6339869,13.888889,1.6928104,2013,.60214305,.39959031,.86302209,.39595452,.67233753,.55019039,1.019684,.50167346,.7613095,.45701057,1.9041005,.47407407
2330873,as-monaco,162,2,as-saint-etienne,618,1,0,31.166666,0,12.388889,.065359481,12.980392,.026143791,5.346405,2013,1.3127344,.85462612,.62855166,.5637787,1.4031938,.86847717,.69766784,.64154786,1.5739583,1.0052084,.57254905,.72156864
2330874,as-saint-etienne,618,2,sc-bastia,595,2,24.722221,13.555555,9.7222223,4.4444447,11.052288,3.5751634,4.5751634,1.1895425,2013,.58608055,.54051667,.71277934,.49634972,.55554068,.58920085,.74557203,.60124058,.70490193,.79509807,.73253965,.54814816
2330875,ea-guingamp,855,2,fc-stade-rennes,273,0,0,2.5555556,0,.83333331,.55555558,8.1307192,.1633987,3.1699347,2013,.99860471,.56527811,.99978024,.73617864,1.2300496,.69077879,1.0524827,.814601,1.5981481,1.0138888,1.3989583,.86979169
2330876,olympique-marseille,244,2,as-saint-etienne,618,1,19.833334,25.333334,10.388889,10.444445,17.745098,11.189543,8.1241827,4.8039217,2013,.79528219,.5953787,.58608055,.54051667,.79418606,.67088145,.55554068,.58920085,.93955028,.77037036,.70490193,.79509807
2330877,fc-toulouse,415,1,fc-lorient,1158,0,37.888889,46.555557,13.833333,14.555555,9.8104572,10.830066,3.3986928,3.3529413,2013,.57472146,.47772297,.45218343,.30357343,.62704325,.53331804,.46597925,.35568783,.95833331,.80208331,.4537037,.3888889
2330878,fc-valenciennes,1423,0,fc-paris-saint-germain,583,1,22.777779,0,7,0,17.79085,17.359478,5.4444447,11.48366,2013,.854298,.55356711,1.3552195,.96106172,.83645481,.46773505,1.3907285,.967933,1.4138889,.82129627,1.3916667,.98888886
2330879,fc-nantes,995,3,fc-evian-thonon-gaillard,14171,0,.055555556,14.333333,0,4.1666665,.084967323,8.8954248,.026143791,2.6078432,2013,.81717032,.47969982,.76268548,.61186445,.92202383,.53699297,.82721037,.67330658,1.137037,.43981481,.77450979,.62885153
2330880,fc-evian-thonon-gaillard,14171,1,ea-guingamp,855,2,11.888889,0,3.2777777,0,6.5098038,.49019608,1.9542483,.14379086,2013,.66308409,.5523873,.89718801,.54293829,.71656609,.63474452,1.0785493,.6610347,.67708331,.62648809,1.059804,.89705884
2330881,fc-paris-saint-germain,583,4,sc-bastia,595,0,0,17.277779,0,5.7777777,12.705882,5.3267975,8.3006535,1.9084967,2013,1.1724582,.82189226,.94889045,.6662215,1.2144719,.85340309,.92612755,.76592314,1.2703704,.79351854,.87142855,.62222224
2330882,fc-toulouse,415,0,fc-stade-rennes,273,5,45.555557,2.5555556,16.722221,.83333331,16.189543,6.3071895,5.6732025,2.5424836,2013,.74668324,.48178458,.93976557,.68896091,.76067865,.53296703,.98098159,.75462204,1.1574074,.97222221,1.4255556,.81666666
2330883,ac-ajaccio,1147,0,fc-nantes,995,1,0,.055555556,0,0,6.7777777,.084967323,1.7647059,.026143791,2013,.55748302,.35482538,.75500101,.4916462,.70208335,.32490081,.80855578,.52208996,.93076921,.35641026,1.1046296,.51851851
2330884,fc-lorient,1158,2,fc-sochaux-montbeliard,750,1,60.588234,0,19.058823,0,14.286765,14.220589,4.6617646,3.8529413,2013,.62726206,.43763754,.36139271,.31044134,.6631155,.52155256,.35568619,.31800595,.85208333,.61458331,.46041667,.36458334
2330885,fc-sochaux-montbeliard,750,2,as-monaco,162,2,0,0,0,0,13.220589,0,3.8088236,0,2013,.45407307,.43711379,1.2423774,.80435401,.47337651,.44718811,1.3298967,.81739026,.58284312,.53921568,1.4813726,.94607842
2330886,as-monaco,162,2,olympique-lyon,1041,1,0,30.111111,0,14.944445,.0065359478,15.653595,.0065359478,7.4444447,2013,1.3497015,.8692466,.58324748,.47455478,1.4690191,.91297853,.62949556,.50083721,1.5872549,.99019605,.63284314,.69509804
2330887,fc-nantes,995,0,osc-lille,1082,1,.055555556,0,0,0,.084967323,17.333334,.026143791,8.5163403,2013,.77351952,.4959197,.65854448,.32585293,.82522249,.52826279,.6081031,.31474173,1.1324074,.5324074,.74847883,.39537036
2330888,as-monaco,162,3,sc-bastia,595,0,0,14.277778,0,4.6111112,.0065359478,3.9477124,0,1.2810458,2013,1.3497015,.87578255,.6387943,.49887496,1.4644439,.92033148,.69420516,.59892577,1.5872549,.99019605,.67698413,.52962965
2330889,ogc-nizza,417,1,olympique-marseille,244,0,32.277779,18.444445,14.888889,9.5555553,13.457517,19.888889,5.8888888,9.013072,2013,.49969819,.38732997,.81684506,.51100111,.53550494,.36928454,.74553931,.55187082,.59215689,.33235294,.93796295,.56203705
2330890,fc-stade-rennes,273,2,fc-valenciennes,1423,2,2.5555556,0,.83333331,0,5.986928,7.3790851,2.3856208,2,2013,.94713986,.72248816,.70322627,.47678649,1.0146456,.8107549,.6485275,.41125357,1.253125,.80729169,1.0388889,.82129627
2330891,sc-bastia,595,1,ogc-nizza,417,0,17.277779,31.941177,5.7777777,14.529411,5.6601305,14.661765,2.006536,6.1397057,2013,.93790144,.59609717,.48628649,.41153806,.92535597,.70342314,.50647402,.39236483,.84365082,.58518517,.62916666,.35312501
2330892,as-monaco,162,1,fc-evian-thonon-gaillard,14171,1,0,11.611111,0,3.3888888,.0065359478,6.4248366,.0065359478,1.8888888,2013,1.14578,.76793945,.7861799,.65642774,1.2664046,.81248832,.78403538,.67902553,1.1754901,.72549021,.65686274,.56512606
2330893,fc-toulouse,415,1,ac-ajaccio,1147,1,40.888889,0,15.111111,0,12.261438,10.457517,4.5555553,2.8954248,2013,.69112772,.47673407,.63197553,.40949082,.70975274,.53455436,.68889737,.41223156,1.1388888,.93518519,.83333331,.58333331
2330894,stade-reims,1421,4,sc-bastia,595,2,18.888889,14.222222,5.2777777,4.7777777,12.882353,4.4509802,3.4771242,1.4836601,2013,.79600269,.37616834,.9862836,.65948749,.93585455,.47696209,.95687306,.75897866,1.912037,.50925928,.88333333,.62222224
2330895,as-saint-etienne,618,1,olympique-lyon,1041,2,35.444443,40.388889,14.555555,19.777779,16.124184,25.601307,7.0915031,12.300653,2013,.82409692,.64404595,.53617734,.46683988,.82859147,.66873699,.5046314,.41592282,.91851854,.81111109,.55324072,.55648148
2330896,fc-evian-thonon-gaillard,14171,2,fc-toulouse,415,1,13.166667,42.888889,3.8333333,15.888889,9.0653591,13.529411,2.6797385,4.6993465,2013,.69038159,.59760422,.60118061,.41006741,.72521186,.61530006,.59555525,.42344323,.65686274,.55042017,1.0416666,.6574074
2330897,fc-stade-rennes,273,1,olympique-marseille,244,1,2.5555556,16.611111,.83333331,8.3888893,6.6209149,14.568627,2.6078432,6.8039217,2013,.99978024,.73617864,.80561018,.60701895,1.0524827,.814601,.74973035,.64799273,1.3989583,.86979169,.93082011,.70833331
2330898,fc-sochaux-montbeliard,750,0,as-saint-etienne,618,0,0,37.444443,0,15.166667,11.248366,16.843138,3.1895425,7.4771242,2013,.44225341,.45140582,.8333562,.64034224,.47187421,.48165265,.83414704,.66256416,.59019607,.56862748,.94629627,.81111109
2330899,sc-bastia,595,1,fc-stade-rennes,273,0,13.277778,2.5555556,4.3888888,.83333331,3.8496733,4.7712417,1.3267974,1.862745,2013,.72559983,.49887496,.87193936,.57992864,.75174487,.60124058,.90069705,.64982831,.73253965,.54814816,1.1958333,.72395831
2330900,fc-evian-thonon-gaillard,14171,1,fc-girondins-bordeaux,40,1,14.777778,54.882355,4.3333335,21.17647,9.5555553,25.029411,2.7777777,10.316176,2013,.80260146,.67068797,.6070621,.41469225,.8622244,.73213011,.6950801,.58255452,.82291669,.66815478,.82968748,.51413691
2330901,olympique-lyon,1041,0,osc-lille,1082,0,28.222221,0,13.777778,0,12.464052,18.562092,5.9150329,8.973856,2013,.478744,.33741251,.50367814,.39535186,.48193881,.30218375,.46110135,.40103415,.52656251,.31979167,.51931214,.35092592
2330902,hsc-montpellier,969,0,osc-lille,1082,1,.5,0,.11111111,0,23.065359,17.333334,10.562092,8.5163403,2013,.57863384,.2428102,.65854448,.32585293,.58106327,.25315657,.6081031,.31474173,.41464648,.26018518,.74847883,.39537036
2330903,ogc-nizza,417,1,ea-guingamp,855,0,30.888889,0,14.277778,0,10.79085,.55555558,4.5620914,.1633987,2013,.43479839,.35647854,.99860471,.56527811,.46517935,.31796008,1.2300496,.69077879,.51458335,.328125,1.5981481,1.0138888
2330904,fc-sochaux-montbeliard,750,2,fc-valenciennes,1423,0,0,23.111111,0,7.1111112,9.1503267,14.888889,2.6274509,4.3986926,2013,.5127852,.49358383,.66467315,.39801157,.50143015,.49849528,.65763241,.34551281,.56323528,.53921568,1.0388889,.54351854
2330905,osc-lille,1082,2,as-monaco,162,0,0,0,0,0,15.117647,.0065359478,7.2875819,.0065359478,2013,.68249321,.32426563,1.2858292,.82712799,.63746816,.3154031,1.3997525,.86920196,.80403441,.40648147,1.4990741,.93518519
2330906,fc-girondins-bordeaux,40,0,fc-nantes,995,3,52.944443,.055555556,20.388889,0,26.59477,.0065359478,10.568627,0,2013,.61291009,.44838375,.74260783,.51139587,.69671404,.61931926,.77290767,.51596117,.79264706,.49565825,.64351851,.40277779
2330907,fc-valenciennes,1423,1,hsc-montpellier,969,1,0,2.4444444,0,.44444445,14.496732,17.993464,4.0980392,7.8039217,2013,.64946151,.4313449,.73417789,.34397575,.63462454,.34551281,.71676862,.36161616,1.025,.54351854,.49057239,.33425927
2330908,osc-lille,1082,3,ac-ajaccio,1147,0,0,0,0,0,16.320261,8.1045752,7.8758168,2.1111112,2013,.63316852,.42498147,.53645462,.34048924,.58649814,.42973787,.6754902,.31419235,.72764552,.39537036,.89999998,.36666667
2330909,hsc-montpellier,969,5,olympique-lyon,1041,1,2.4444444,29.055555,.44444445,14.277778,23.418301,11.882353,10.738562,5.6928105,2013,.79703575,.37720174,.62101483,.54994994,.7579928,.37319022,.6800558,.58521038,.51094276,.33425927,.6661765,.82745099
2330910,olympique-lyon,1041,1,fc-girondins-bordeaux,40,1,25.944445,52.388889,12.777778,20,12.111111,34.143791,5.7777777,14.20915,2013,.53130478,.43763173,.61426711,.42220077,.54751986,.4245128,.63653505,.48758218,.55572915,.53541666,.79186505,.46164021
2330911,as-saint-etienne,618,3,fc-lorient,1158,2,33,64.176468,13.666667,20.235294,13.555555,17.25,6.2614379,5.6323528,2013,.60185987,.4967989,.55584174,.37166533,.68794894,.55973023,.59089333,.44776785,.66851854,.71388888,.85416669,.61458331
2330912,fc-valenciennes,1423,0,fc-evian-thonon-gaillard,14171,1,0,12.722222,0,3.6666667,14.104575,8.4901962,4.2026143,2.5294118,2013,.75422341,.46004862,.80508745,.65642774,.76279515,.40106839,.81043059,.67902553,1.4138889,.76574075,.67156863,.56512606
2330913,stade-reims,1421,1,as-monaco,162,1,18,0,4.5555553,0,8.679739,0,2.2091503,0,2013,.85993564,.39139611,1.3497015,.87578255,1.0260252,.50969815,1.4644439,.92033148,1.598545,.41851851,1.5872549,.99019605
2330914,fc-girondins-bordeaux,40,4,fc-sochaux-montbeliard,750,1,43.666668,0,16.722221,0,27.490196,11.130719,11.326797,3.3071895,2013,.56959927,.37489986,.49421775,.47121301,.64164871,.49235845,.48406675,.47697395,.78088236,.48389354,.55972224,.50925928
2330915,as-saint-etienne,618,2,fc-paris-saint-germain,583,2,36.666668,0,14.777778,0,14.686275,11.143791,6.013072,7.3006535,2013,.82273525,.62951708,1.2140859,.81787992,.84109145,.67645299,1.2413237,.8730917,.96481484,.84814817,1.2888889,.83055556
2330916,fc-valenciennes,1423,0,osc-lille,1082,1,0,0,0,0,9.6862745,19.437908,2.7124183,9.5620918,2013,.44059905,.31467825,.52905405,.29622331,.38974521,.28995726,.48270628,.28603804,.55588233,.49705881,.54014552,.35092592
2330917,ac-ajaccio,1147,1,fc-valenciennes,1423,3,0,0,0,0,7.2483659,15.235294,1.8758169,4.352941,2013,.66578025,.41248226,.82211107,.55356711,.79138005,.40568784,.8072741,.46773505,.89166665,.67500001,1.3861111,.82129627
2330918,ac-ajaccio,1147,1,hsc-montpellier,969,1,0,2.4444444,0,.44444445,7.7973857,22.17647,2.0718954,10.006536,2013,.36976266,.22372037,.76462835,.3710289,.42326388,.20882936,.72263926,.36624578,.51538461,.33333334,.48872054,.33425927
2330919,ea-guingamp,855,1,fc-nantes,995,0,0,.055555556,0,0,.57516342,.084967323,.16993465,.026143791,2013,.94445693,.59840244,.83658934,.49720618,1.1118592,.72300953,.8900373,.51514548,1.0058824,.89705884,1.1601852,.55555558
2330920,fc-lorient,1158,3,ogc-nizza,417,0,58.611111,11.176471,18.722221,4.8823528,13.666667,5.8235292,4.647059,2.5220587,2013,.60187328,.41309723,.35732993,.29042897,.65557361,.49766314,.34486857,.22414808,.81759262,.6111111,.49888888,.26555556
2330921,olympique-lyon,1041,1,fc-valenciennes,1423,1,34.611111,0,16.777779,0,19.581699,14.764706,9.1699343,4.2156863,2013,.67334169,.62760562,.59522867,.39893749,.68954438,.62835675,.57570201,.3131054,.58970588,.82941175,.97500002,.51111114
2330922,fc-sochaux-montbeliard,750,1,sc-bastia,595,1,0,15.777778,0,5.2222223,12.947712,4.6732025,3.7843137,1.5947713,2013,.46599373,.37379774,.67111266,.50560898,.46726495,.38934496,.70390534,.60818505,.51421571,.37254903,.7462185,.58039218
2330923,sc-bastia,595,2,fc-evian-thonon-gaillard,14171,0,15.277778,14.388889,5.0555553,4.2222223,4.6209149,9.9084969,1.6013072,2.8496733,2013,.6839332,.50813425,.6256541,.49302903,.71007818,.60818505,.63711125,.57036543,.70476192,.54814816,.421875,.43377978
2330924,olympique-marseille,244,2,hsc-montpellier,969,0,18.166666,2.4444444,9,.44444445,15.797385,22.875816,7.1176472,10.581699,2013,.82076174,.61257452,.6164251,.35383314,.76824886,.65493721,.55953771,.34099326,.9546296,.7175926,.41296297,.32499999
2330925,fc-evian-thonon-gaillard,14171,0,fc-lorient,1158,4,15.611111,40.941177,4.6111112,12.823529,11.823529,9.0441179,3.359477,2.8529413,2013,.52942091,.39621529,.59283972,.41562724,.53586692,.43333334,.62988138,.49737102,.40104166,.40104166,.84166664,.625
2330926,fc-nantes,995,0,as-monaco,162,1,.055555556,0,0,0,.084967323,.013071896,.026143791,.0065359478,2013,.7364825,.48357403,1.1052117,.66489398,.78355581,.5143739,1.2066661,.67316467,1.1324074,.5324074,1.30625,.6875
2330927,ogc-nizza,417,0,as-saint-etienne,618,1,19.555555,36.555557,8.9444447,14.611111,10.130719,16.09804,4.3660131,7.0588236,2013,.34711829,.35065442,.76285875,.62076235,.35053307,.29823232,.78329122,.65859586,.37666667,.29333332,.82314813,.79259259
2330928,stade-reims,1421,0,fc-paris-saint-germain,583,3,17.111111,0,4.6666665,0,11.202615,15.653595,2.9346404,10.366014,2013,.87139952,.41625673,1.3764737,.97230512,1.0272897,.52746713,1.4003146,.96901524,1.9596561,.52037036,1.4083333,.98888886
2330929,fc-girondins-bordeaux,40,4,ac-ajaccio,1147,0,54,0,20.388889,0,18.941177,10.542483,7.4575162,2.7908497,2013,.58761555,.42482308,.59316051,.5021295,.67035341,.59185708,.63733542,.52757937,.79027778,.48664021,.79111111,.9222222
2330930,as-monaco,162,2,fc-stade-rennes,273,0,0,0,0,0,.0065359478,7.359477,.0065359478,2.7189543,2013,.79757172,.59317386,.73295909,.55495417,.87309438,.64722222,.74720669,.63319349,.9519608,.74019605,.91444445,.6111111
2330931,fc-paris-saint-germain,583,4,olympique-lyon,1041,0,0,32.666668,0,15.888889,13.738562,16.071896,9.0784311,7.5098038,2013,1.3865747,.96801215,.45569083,.48961627,1.4017035,.98991472,.48459572,.53227639,1.4305556,1.0111111,.54313725,.84215689
2330932,fc-stade-rennes,273,1,fc-girondins-bordeaux,40,1,2.5555556,52.555557,.83333331,20.166666,4.7189541,27.287582,1.8169935,10.764706,2013,.9078685,.61899114,.58503234,.42674151,.92123276,.627101,.67035341,.59185708,1.1489583,.65104169,.79264706,.49565825
2330933,fc-toulouse,415,5,fc-sochaux-montbeliard,750,1,47.333332,0,17.5,0,17.333334,13.856209,6.0522876,4.1241832,2013,.64747691,.41511792,.39226571,.2580817,.63722187,.42185593,.40102801,.28638753,1.0462962,.69444442,.42083332,.2037037
2330934,sc-bastia,595,4,fc-lorient,1158,1,17.277779,52.055557,5.7777777,16.5,5.6601305,11.96732,2.0392158,3.9542484,2013,.88234586,.59609717,.51638335,.37011078,.86980039,.70342314,.55940282,.44768909,.81587303,.58518517,.73039216,.58823532
2330935,fc-girondins-bordeaux,40,2,hsc-montpellier,969,0,56.222221,.5,21.555555,.11111111,29.660131,19.960785,12.313725,9.1437912,2013,.58781016,.44340819,.70760417,.27720174,.67035341,.59185708,.67579263,.27723065,.74861109,.46812171,.48872054,.27870369
2330936,ac-ajaccio,1147,1,olympique-marseille,244,3,0,18.166666,0,9,6.8366013,15.797385,1.7712418,7.1176472,2013,.51538271,.28716734,.82076174,.61257452,.5092352,.29737103,.76824886,.65493721,.58571428,.41666666,.9546296,.7175926
2330937,olympique-lyon,1041,2,ea-guingamp,855,0,33.722221,0,16.555555,0,17.59477,.48366013,8.2810459,.14379086,2013,.57139361,.51193535,.92128992,.58042961,.61880529,.54333001,1.0792559,.70400631,.63480395,.8245098,1.5379629,1.0138888
2330938,hsc-montpellier,969,1,fc-nantes,995,1,2.4444444,.055555556,.44444445,0,16.607843,.0065359478,7.2352943,0,2013,.74638331,.35014862,.83334857,.53758639,.73192012,.36856061,.92707431,.58381832,.51279461,.33425927,1.187963,.56944442
2330939,ogc-nizza,417,1,fc-girondins-bordeaux,40,2,28.833334,53.611111,13.388889,20.722221,12.725491,22.006536,5.5882354,9.4575167,2013,.56237775,.50404799,.37014738,.38885817,.58482224,.48239461,.42255801,.51778299,.76458335,.51979166,.48382354,.45644256
2330940,stade-reims,1421,1,fc-toulouse,415,2,17.111111,45.555557,4.6111112,16.722221,8.2614384,16.189543,2.3071895,5.6732025,2013,.81044275,.29566592,.74668324,.48178458,.94164163,.35881633,.76067865,.53296703,1.7929894,.3351852,1.1574074,.97222221
2330941,osc-lille,1082,1,fc-toulouse,415,0,0,37.944443,0,13.888889,16.660131,12.908497,8.2875814,4.3790851,2013,.57162261,.26746514,.70038694,.47673407,.53402901,.25455657,.71901202,.53455436,.70218253,.37314814,1.1527778,.93518519
2330942,hsc-montpellier,969,1,ea-guingamp,855,1,2.4444444,0,.44444445,0,20.30719,.57516342,9.2156858,.16993465,2013,.6627214,.38716647,.92975104,.5787946,.60583401,.37432659,1.1045063,.69779944,.41296297,.32499999,1.0205883,.89705884
2330943,as-saint-etienne,618,4,stade-reims,1421,0,33.666668,19.555555,13.611111,5.2777777,15.869281,11.359477,7.0718956,3.0522876,2013,.74247211,.60366833,.87139952,.41625673,.70096803,.62861353,1.0272897,.52746713,.89537036,.79259259,1.9596561,.52037036
2330944,ea-guingamp,855,2,ac-ajaccio,1147,1,0,0,0,0,.52941179,4.8562093,.1633987,1.5163399,2013,.95762628,.60209483,.52498245,.30066842,1.1430917,.72826159,.62294149,.28273809,1.6137255,1.0735294,.62619048,.37857142
2330945,stade-reims,1421,1,ogc-nizza,417,0,20,27.944445,5.2222223,13,10.679739,9.5359478,2.9607842,4.4640522,2013,.88683158,.41976404,.60702062,.50404799,1.0434935,.52548301,.64732224,.48239461,1.9596561,.50185186,.76458335,.51979166
2330946,fc-valenciennes,1423,1,ea-guingamp,855,1,0,0,0,0,9.1437912,.57516342,2.6078432,.16993465,2013,.5797525,.39771917,.81618893,.41684136,.55384779,.39166668,.97990733,.55251461,.92058825,.77941179,.83823532,.66176468
2330947,ac-ajaccio,1147,1,fc-lorient,1158,2,0,52.166668,0,16.222221,4.6339869,14.895425,1.248366,4.6078429,2013,.6513744,.39637238,.55802923,.41237974,.6871866,.42142856,.5979237,.50460756,.7702381,.78571427,.87314814,.74074072
2330948,fc-girondins-bordeaux,40,2,fc-valenciennes,1423,1,60.5,0,23.277779,0,31.117647,9.1111107,12.836601,2.6797385,2013,.63633472,.47728822,.49178955,.31531176,.68691015,.57949877,.48538536,.30277777,.80000001,.49509802,.89117646,.66176468
2330949,fc-nantes,995,1,fc-toulouse,415,2,.055555556,43.166668,0,16.055555,0,14.084968,0,5.2418299,2013,.83886945,.46065477,.68050629,.39174542,.77773571,.42548501,.6906994,.44047618,1.1401961,.50490195,1.15625,.75
2330950,ogc-nizza,417,1,fc-sochaux-montbeliard,750,0,30.333334,0,14.055555,0,12.575164,11.830066,5.4313726,3.6601307,2013,.5713135,.47439811,.525231,.33082959,.60924447,.45401844,.53231686,.34630108,.71960783,.48921567,.59264708,.2647059
2330951,olympique-marseille,244,0,fc-nantes,995,1,20.5,.055555556,10.222222,0,13,.0065359478,5.8104577,0,2013,.77499962,.51898986,.87987477,.52119607,.71269333,.52398479,.81596321,.48042327,.93611109,.59537035,1.1046296,.51851851
2330952,as-monaco,162,1,ac-ajaccio,1147,0,0,0,0,0,.0065359478,10.196078,.0065359478,2.7385621,2013,.79757172,.59317386,.53654933,.29158464,.87309438,.64722222,.57487571,.29673722,.9519608,.74019605,.74687499,.39583334
2330953,fc-paris-saint-germain,583,5,fc-sochaux-montbeliard,750,0,0,0,0,0,20.679739,12.006536,13.738562,3.6339869,2013,1.3937716,.97760212,.47003067,.32886881,1.409247,.97344649,.45336121,.32550275,1.4027778,.96666664,.4240196,.2254902
2330954,fc-toulouse,415,1,hsc-montpellier,969,1,42.222221,0,15.444445,0,13.90196,16.581699,4.8169932,7.3006535,2013,.73477846,.47471386,.77184063,.39715037,.75747353,.53968257,.70595533,.37306398,1.1574074,.94444442,.39335015,.24166666
2330955,olympique-lyon,1041,1,fc-toulouse,415,1,37.166668,35.222221,18.277779,13.222222,22.529411,11.156863,10.856209,3.9673202,2013,.59431803,.52521729,.72755426,.45242041,.6296314,.5503245,.73567867,.49504817,.68101853,.86203706,1.1111112,.87962961
2330956,ea-guingamp,855,0,as-monaco,162,2,0,0,0,0,.47058824,.0065359478,.13071896,.0065359478,2013,.86189759,.41554376,.79757172,.59317386,1.0759995,.55417836,.87309438,.64722222,.84411764,.4852941,.9519608,.74019605
2330957,osc-lille,1082,2,sc-bastia,595,1,0,11,0,3.7222223,21.444445,3.8235295,10.45098,1.1895425,2013,.54269928,.41387036,.73926479,.47059861,.49196553,.42240167,.71600002,.52209598,.51236773,.35092592,.63333333,.35370371
2330958,olympique-lyon,1041,2,olympique-marseille,244,2,37.166668,0,18.388889,0,22.51634,9.7908497,10.928104,4.5228758,2013,.56098467,.48509383,.77820027,.50750184,.58796471,.50032455,.71690905,.5224545,.65879631,.84814817,1.040625,.64479166
2330959,hsc-montpellier,969,0,as-saint-etienne,618,1,0,31.722221,0,12.833333,18.065359,14.934641,8.0457516,6.6928105,2013,.62734628,.3516663,.8436805,.59027475,.55688292,.31940237,.85557044,.62518674,.31759259,.19907407,.95392156,.74509805
2330960,ac-ajaccio,1147,1,sc-bastia,595,1,0,13.555555,0,4.5,11.111111,2.8169935,2.9803922,1.0130719,2013,.61647397,.5021295,.65545511,.4953137,.65122432,.52757937,.63621455,.56651837,.83333331,.98809522,.45476189,.52962965
2330961,ea-guingamp,855,0,fc-girondins-bordeaux,40,1,0,58.888889,0,22.666666,.44444445,30.359478,.12418301,12.457517,2013,.82223547,.56769359,.40750661,.42157421,1.0112115,.66142678,.42685694,.51489699,.92291665,.84895831,.47103176,.42314816
2330962,ogc-nizza,417,0,as-monaco,162,3,21.944445,0,9.833333,0,4.6013074,.0065359478,2.137255,.0065359478,2013,.51278543,.40003443,.79757172,.59317386,.54297143,.36380813,.87309438,.64722222,.62380952,.35595238,.9519608,.74019605
2330963,fc-sochaux-montbeliard,750,0,stade-reims,1421,2,0,18.888889,0,5.0555553,10.529411,11.745098,2.8954248,3.0915034,2013,.53827411,.32568076,.67639387,.38891989,.55179965,.33577025,.81300408,.49197331,.55972224,.2037037,1.3670635,.48333332
2330964,fc-lorient,1158,2,fc-stade-rennes,273,0,49.055557,0,15.277778,0,12.248366,2.7189543,3.6535947,1.006536,2013,.55062181,.41237974,.73010194,.54982597,.59175086,.50460756,.7453419,.62652683,.85925925,.74074072,.95888889,.6111111
2330965,fc-evian-thonon-gaillard,14171,1,stade-reims,1421,1,15.944445,17.944445,4.7777777,4.8888888,11.490196,8.2941179,3.3006537,2.3333333,2013,.65804207,.52101475,.76205206,.40852064,.65115458,.57690138,.92102873,.51622373,.49509802,.52591038,1.7003968,.4925926
2330966,osc-lille,1082,1,olympique-marseille,244,0,0,18.166666,0,9,16.477123,15.797385,7.8758168,7.1176472,2013,.5559268,.40857938,.82076174,.61257452,.5065158,.41843343,.76824886,.65493721,.54014552,.35092592,.9546296,.7175926
2330967,fc-nantes,995,2,fc-valenciennes,1423,1,.055555556,0,0,0,.084967323,9.1372547,.026143791,2.4771242,2013,.82570809,.54215127,.57234508,.39771917,.80855578,.52208996,.54530078,.39166668,1.1046296,.51851851,.92058825,.77941179
2330968,fc-stade-rennes,273,3,as-saint-etienne,618,1,2.5555556,34.722221,.83333331,13.722222,4.1830068,17.091503,1.5686275,7.2614379,2013,.87210166,.64109313,.80884635,.64687818,.9083066,.70120817,.81331366,.67645299,1.3364583,.765625,.93703705,.84814817
2330969,fc-girondins-bordeaux,40,1,osc-lille,1082,0,59.722221,0,23,0,29.627451,18.006536,12.535948,8.7058821,2013,.42216709,.42951071,.50367814,.39535186,.43843102,.52283347,.46110135,.40103415,.4779762,.43108466,.51931214,.35092592
2330970,fc-evian-thonon-gaillard,14171,2,fc-paris-saint-germain,583,0,14.277778,0,4.1666665,0,9.4313726,14.915032,2.6862745,10.006536,2013,.61094826,.49302903,1.216078,.8119716,.62240535,.57036543,1.243374,.81636602,.40104166,.43377978,1.2453704,.84444445
2330971,hsc-montpellier,969,0,fc-lorient,1158,2,0,44.833332,0,14,17.575163,6.7908497,8.0522881,2.0261438,2013,.52846211,.31882951,.42727315,.3322829,.47374386,.28867844,.46256685,.41888422,.22685185,.19907407,.50294119,.53921568
2330972,sc-bastia,595,1,olympique-lyon,1041,3,12.888889,32.388889,4.2777777,16.055555,2.5294118,15.562092,.94771242,7.6078429,2013,.52919251,.36568409,.5782975,.45060354,.49732566,.39985168,.60784501,.47828478,.26031747,.27962962,.66813725,.79509807
2330973,fc-stade-rennes,273,1,fc-paris-saint-germain,583,3,0,0,0,0,6.3202615,15.163399,2.4575164,10.019608,2013,.90504688,.63336474,1.3853283,.95908362,.94360381,.71638674,1.4006822,.97800994,1.3208333,.79166669,1.4138889,.96944445
2330974,as-saint-etienne,618,1,fc-evian-thonon-gaillard,14171,0,33.588234,16.833334,13.176471,5,14.125,13.960784,6.1397057,4.1568627,2013,.87919235,.61065042,.81891799,.5479055,.85261995,.60957342,.85780722,.63899285,.97187501,.70833331,.63235295,.43767506
2330975,sc-bastia,595,0,hsc-montpellier,969,0,11.888889,0,3.9444444,0,2.9411764,20.346405,1.0261438,9.5163403,2013,.69385815,.45220247,.60832328,.33778375,.68567103,.50492316,.53540748,.31090069,.65535712,.37708333,.34907407,.23240741
2330976,as-monaco,162,1,fc-valenciennes,1423,2,0,0,0,0,.0065359478,10.470589,.0065359478,3.0588236,2013,1.0821255,.72527611,.38134816,.29743406,1.1960489,.76735008,.33877051,.25312501,1.1101851,.68518519,.44333333,.41666666
2330977,fc-paris-saint-germain,583,2,osc-lille,1082,2,0,0,0,0,15.261438,21.529411,9.9542484,10.490196,2013,1.0131061,.88871324,.52947181,.39535186,1.0154971,.90730286,.49196553,.40851277,1.062037,.91388887,.48458993,.29537037
2330978,fc-girondins-bordeaux,40,0,fc-toulouse,415,1,47.5,39.666668,17.888889,14.722222,20.601307,11.594771,8.0784311,4.2222223,2013,.4750208,.40979299,.73928607,.42697269,.48461199,.52321225,.76708829,.51369047,.4619748,.27997199,1.265625,1.0208334
2330979,ogc-nizza,417,3,fc-evian-thonon-gaillard,14171,1,33.166668,17.333334,15.333333,5.1111112,13.751634,13.686275,6.0392156,3.9215686,2013,.54574674,.46700209,.65068913,.44659835,.56040633,.42383489,.62426382,.43719548,.6240741,.42500001,.33823529,.26120448
2330980,stade-reims,1421,4,ac-ajaccio,1147,1,15.5,0,4.1666665,0,8.346405,8.8431368,2.2026143,2.2352941,2013,.78189331,.40545428,.48314375,.36488643,.93855518,.51622373,.47843987,.3936041,1.7929894,.48333332,.59666669,.72222221
2330981,osc-lille,1082,1,stade-reims,1421,2,0,18.444445,0,5.1666665,17.032681,11.627451,8.1437912,3.1699347,2013,.5559268,.40857938,.66096181,.37657419,.5065158,.41843343,.79448551,.47808442,.54014552,.35092592,1.348545,.46481481
2330982,ea-guingamp,855,0,as-saint-etienne,618,0,0,36.666668,0,14.888889,.065359481,17.294117,.019607844,7.7843137,2013,.86175793,.52535683,.84032786,.64308631,1.0290161,.65130085,.83553594,.66179252,1.4813726,.97058821,.96018517,.81111109
2330983,olympique-lyon,1041,2,fc-sochaux-montbeliard,750,0,37.666668,0,18.5,0,22.712418,5.6993465,10.810457,1.6405228,2013,.67166102,.60774642,.59748495,.32952562,.68464237,.60215354,.62349385,.33317983,.70343137,.91274512,.66611111,.26666668
2330984,ac-ajaccio,1147,1,fc-paris-saint-germain,583,2,0,0,0,0,6.8235292,14.875817,1.8169935,9.7189541,2013,.50254864,.39687127,1.3896018,.96139842,.51167631,.429418,1.4110988,.97999406,.63928574,.77380955,1.4416667,1.0111111
2330985,fc-sochaux-montbeliard,750,2,fc-stade-rennes,273,1,0,0,0,0,8.5424833,6.5816994,2.3790851,2.5947711,2013,.40763474,.26797694,.67052537,.39881575,.44755191,.31318027,.67027873,.45866191,.51428574,.26190478,.99313724,.50980395
2330986,fc-nantes,995,1,fc-lorient,1158,0,.055555556,47.666668,0,15.111111,.0065359478,11.137255,0,3.5620916,2013,.89839327,.5254696,.72806484,.50265044,.83262986,.48659611,.81423479,.61692345,1.1324074,.5324074,1.1696079,.84313726
2330987,hsc-montpellier,969,1,as-monaco,162,1,0,0,0,0,23.830065,.0065359478,11.215686,.0065359478,2013,.59975845,.35542044,1.2858292,.82712799,.52362299,.32776576,1.3997525,.86920196,.33796296,.23240741,1.4990741,.93518519
2330988,fc-lorient,1158,2,olympique-lyon,1041,2,42.666668,37.166668,13.555555,18.388889,8.1307192,22.51634,2.5620916,10.928104,2013,.71966147,.4846766,.56098467,.48509383,.79462695,.57630718,.58796471,.50032455,1.1598039,.872549,.65879631,.84814817
2330989,fc-stade-rennes,273,0,ogc-nizza,417,0,2.5555556,16.722221,.83333331,8.0555553,5.7124181,11.228758,2.1699347,5.1568627,2013,.86917031,.58257985,.57691574,.45444012,.8817485,.5902127,.59337145,.4169654,1.0960784,.61274511,.70490193,.46960783
2330990,olympique-marseille,244,2,fc-girondins-bordeaux,40,2,0,57.111111,0,21.944445,9.2132349,30.869282,4.2058825,12.529411,2013,.77574933,.50890243,.37381953,.42683214,.72083062,.52329487,.40249628,.50872415,.94999999,.57156861,.41944444,.40925926
2330991,as-saint-etienne,618,2,fc-nantes,995,0,34.944443,.055555556,14,0,14.725491,0,6.5947714,0,2013,.8387785,.59873706,.84594017,.48666045,.83204103,.61865079,.8379209,.48659611,.95392156,.74509805,1.1401961,.50490195
2330992,fc-toulouse,415,0,ea-guingamp,855,0,43.111111,0,16.055555,0,14.287581,.065359481,5.2483659,.019607844,2013,.69017893,.37469995,.74270117,.24306928,.6906994,.41369048,.90694565,.31403095,1.1614584,.75,1.2197917,.625
2330993,fc-valenciennes,1423,3,sc-bastia,595,2,0,15.277778,0,5.0555553,10.261438,4.3790851,2.9477124,1.4771242,2013,.65768707,.42695707,.70978636,.47398689,.7011013,.37314814,.68319166,.56252003,1.5284314,.73039216,.43439153,.50648147
2330994,fc-evian-thonon-gaillard,14171,1,olympique-marseille,244,2,18.333334,0,5.3888888,0,16.006536,14.300653,4.6862745,6.346405,2013,.84832972,.58712119,.77848589,.5839408,.87496406,.64634579,.71269333,.62319118,.67156863,.4572829,.87129629,.69537038
2330995,fc-nantes,995,2,ogc-nizza,417,0,.055555556,24.055555,0,11.055555,.0065359478,9.3267975,0,4.2026143,2013,.77998161,.4610109,.48111743,.38896394,.81276453,.45542327,.50840414,.34757587,1.1185185,.48148149,.57254905,.40686274
2330996,fc-paris-saint-germain,583,2,fc-toulouse,415,0,0,36.5,0,13.928572,11.571428,11.428572,7.3809524,4.4395604,2013,1.9814672,.99789214,.89905846,.50954717,2.0503571,.94275975,.93776602,.61721611,2.0233333,.67000002,1.4702381,1.25
2330997,as-monaco,162,2,olympique-marseille,244,0,0,0,0,0,.0065359478,9.8888893,.0065359478,4.7647057,2013,.97548443,.75466418,.74941814,.55616301,1.0468113,.8057099,.69132578,.60930228,1.1212963,.89351851,.90098041,.71274507
2330998,osc-lille,1082,1,fc-stade-rennes,273,1,0,2.5555556,0,.83333331,11.372549,4.2287583,5.3398695,1.6274509,2013,.73108906,.33099964,1.0874555,.65039033,.73267514,.35614386,1.0820286,.6998384,.77625662,.34722221,1.2382352,.72843134
2330999,fc-sochaux-montbeliard,750,1,fc-nantes,995,0,0,.055555556,0,0,5.647059,.084967323,1.6078432,.026143791,2013,.55578643,.4054108,.68344647,.40594178,.5807932,.41432163,.6906417,.4162465,.6328125,.28125,.88725489,.43137255
2331000,olympique-marseille,244,2,fc-toulouse,415,2,0,31.888889,0,12.111111,8.4771242,7.5620914,3.9215686,2.8496733,2013,.74055594,.54507226,.72271824,.41357476,.68898553,.60980731,.74121094,.48264414,.97187501,.78229165,1.1970588,1.0019608
2331001,as-saint-etienne,618,3,fc-valenciennes,1423,0,24.944445,0,10.722222,0,10.470589,13.379085,4.7973857,3.8496733,2013,.80976546,.6253683,.64611298,.41306818,.79514259,.67212671,.68026793,.3523148,.97745097,.8392157,1.4696078,.67156863
2331002,olympique-lyon,1041,3,fc-evian-thonon-gaillard,14171,0,39.5,16.055555,19.333334,4.7777777,24.503267,11.535948,11.640523,3.4117646,2013,.63473356,.56720877,.74719453,.45762774,.60977763,.51935548,.77722114,.49460784,.63489586,.62916666,.61274511,.38725489
2331003,fc-valenciennes,1423,1,fc-lorient,1158,1,0,46.555557,0,14.777778,12.470589,11.738562,3.5947711,3.7058823,2013,.65352041,.42695707,.72806484,.50265044,.69693464,.37314814,.81423479,.61692345,1.4990196,.73039216,1.1696079,.84313726
2331004,hsc-montpellier,969,3,ogc-nizza,417,1,0,14.055555,0,6.6666665,21.581699,8.7581701,10.039216,3.9150326,2013,.64251935,.38875377,.41297299,.30055097,.56823575,.36109909,.43045714,.26073405,.33796296,.23240741,.49895832,.30729166
2331005,fc-girondins-bordeaux,40,2,as-saint-etienne,618,0,47,34.888889,17.666666,14.055555,15.196078,17.052288,6.1372547,7.5490198,2013,.27598959,.29487935,.84773529,.65922391,.30877686,.35631949,.85652357,.69034189,.32968751,.18080357,.97870368,.84814817
2331006,ea-guingamp,855,1,fc-paris-saint-germain,583,1,0,0,0,0,.084967323,13.372549,.019607844,8.8562088,2013,.96554583,.52303612,1.2329973,.75676876,1.289637,.67405993,1.2579905,.78883249,1.8441176,.90196079,1.2805556,.86666667
2331007,fc-nantes,995,0,stade-reims,1421,0,.055555556,18.222221,0,4.7222223,0,9.6993465,0,2.5424836,2013,.85676581,.49837875,.87757236,.41471353,.86396104,.5086835,1.0342342,.52548301,1.2427083,.58333331,1.9596561,.50185186
2331008,fc-evian-thonon-gaillard,14171,1,ac-ajaccio,1147,1,14.333333,0,4.1666665,0,8.9934645,3.6470587,2.6470587,1.0522876,2013,.87998241,.56844705,.61414438,.42045304,.8960892,.61794531,.67524421,.41611722,.64656866,.39061624,.72222221,.83333331
2331009,fc-lorient,1158,2,as-monaco,162,2,46.055557,0,14.5,0,10.777778,.0065359478,3.3202615,0,2013,.6765942,.47323868,1.0756493,.94110686,.75541127,.58331001,1.1561466,1.0028372,1.154902,.81372547,1.2754902,1.1813725
2331010,stade-reims,1421,2,hsc-montpellier,969,4,12.5,0,3.3888888,0,7.1111112,20.895424,1.8758169,9.6862745,2013,.8663891,.40984339,.63920498,.39201379,1.0262315,.51754647,.55888069,.36273235,1.9087301,.51111114,.2990196,.22647059
2331011,ac-ajaccio,1147,1,fc-sochaux-montbeliard,750,1,0,0,0,0,5.8692808,8.2549019,1.6862745,2.2810457,2013,.63098347,.51283991,.55736226,.36554891,.64812708,.5462963,.58718437,.36509272,.71527779,.65277779,.74944443,.33333334
2331012,fc-paris-saint-germain,583,2,fc-girondins-bordeaux,40,0,0,51.611111,0,19.333334,13.183006,24.816994,8.5686274,10.078431,2013,1.4669166,1.0397986,.3979207,.33811378,1.4577219,1.0538036,.4125441,.4359107,1.5861111,1.0333333,.31825396,.16388889
2331013,sc-bastia,595,3,ea-guingamp,855,2,15,0,4.9444447,0,4.7450981,.41830066,1.6470588,.12418301,2013,.7270053,.54435724,.90588146,.53870398,.70171022,.64938873,1.2324855,.67519844,.44550264,.53425926,1.7822917,.70833331
2331014,ogc-nizza,417,1,osc-lille,1082,0,27.777779,0,12.555555,0,11.797385,12.633986,5.2091503,5.9542484,2013,.48765337,.34811425,.60224557,.34191406,.50168145,.29085317,.595788,.34956709,.57254905,.29313725,.60868347,.39117646
2331015,ogc-nizza,417,2,ac-ajaccio,1147,0,15,0,6.6666665,0,9.013072,9.346405,3.9346404,2.5686274,2013,.41297299,.30055097,.60700899,.52131569,.43045714,.26073405,.63146466,.56275129,.49895832,.30729166,.73888886,.9222222
2331016,sc-bastia,595,1,fc-girondins-bordeaux,40,0,13.555555,44.64706,4.5555553,16.82353,2.856209,19.897058,1.0326798,7.5441175,2013,.62547272,.47821969,.46228683,.4209702,.62001085,.57068503,.49386087,.54663652,.42698413,.52037036,.40735295,.26036415
2331017,fc-stade-rennes,273,2,olympique-lyon,1041,0,2.5555556,38.611111,.83333331,18.777779,1.3921568,22.771242,.55555558,10.647058,2013,1.0652783,.74315166,.62068063,.55415165,1.0575626,.7355426,.67898631,.59174633,1.171875,.94062501,.65637255,.82745099
2331018,fc-stade-rennes,273,0,fc-evian-thonon-gaillard,14171,0,2.5555556,16.055555,.83333331,4.7777777,4.2156863,11.418301,1.6535947,3.3725491,2013,.8733598,.56802386,.86793756,.59365714,.90292919,.63197118,.88581842,.63899285,1.2114583,.72395831,.65196079,.43767506
2331019,fc-paris-saint-germain,583,5,fc-nantes,995,0,0,.055555556,0,0,14.013072,0,9.1437912,0,2013,1.4686282,.99246109,.89839327,.49642918,1.4896929,1.0170525,.87892616,.4786596,1.5147059,1.0352942,1.1696079,.4852941
2331020,fc-toulouse,415,1,sc-bastia,595,3,18.722221,13.5,7.3333335,4.4444447,2.8888888,3.7973857,1.2222222,1.3267974,2013,.70846534,.29809791,.69133896,.49181944,.71429527,.34740537,.64985001,.56994098,1.19375,.77291667,.41288516,.42843136
2331021,fc-lorient,1158,2,ea-guingamp,855,0,47.666668,0,15.111111,0,11.973856,.45751634,3.7712419,.13725491,2013,.72806484,.50265044,.83430696,.56027389,.81423479,.61692345,1.0120226,.66453612,1.1696079,.84313726,1.5107843,.97549021
2331022,as-saint-etienne,618,2,osc-lille,1082,0,33.277779,0,13.333333,0,17.084967,13.601307,7.4183006,6.4379086,2013,.84958714,.6393826,.59708738,.33773366,.84109145,.65561968,.57873803,.34688461,.98796296,.81111109,.54014552,.35833332
2331023,fc-toulouse,415,0,as-monaco,162,2,40.055557,0,14.888889,0,12.784314,.0065359478,4.6993465,.0065359478,2013,.73928607,.42697269,1.2858292,.82712799,.76708829,.51369047,1.3997525,.86920196,1.265625,1.0208334,1.4990741,.93518519
2331024,fc-sochaux-montbeliard,750,0,hsc-montpellier,969,2,0,0,0,0,5.6078429,21.908497,1.5816994,10.379085,2013,.61100131,.39125347,.62863046,.36159328,.65700084,.39907089,.557293,.33471021,.74388891,.33333334,.36018518,.23240741
2331025,olympique-marseille,244,2,fc-valenciennes,1423,1,0,0,0,0,8.0718956,12.470589,3.8366013,3.5947711,2013,.70087337,.49877599,.65352041,.42695707,.64930302,.56351101,.69693464,.37314814,.93020833,.71979165,1.4990196,.73039216
2331026,stade-reims,1421,0,olympique-lyon,1041,2,18.277779,37.277779,5.0555553,18.388889,11.398693,21.111111,3.0196078,10.215686,2013,.87139952,.41625673,.55217057,.46683988,1.0272897,.52746713,.52314991,.41592282,1.9596561,.52037036,.57546294,.55648148
2331027,fc-toulouse,415,1,ogc-nizza,417,0,41.666668,32.222221,15.5,14.833333,13.869281,12.647058,4.9084969,5.4444447,2013,.69112772,.46158254,.47224721,.39433277,.70512313,.51074481,.51869822,.39729574,1.1388888,.93518519,.56274509,.36764705
2331028,fc-valenciennes,1423,1,stade-reims,1421,1,20.444445,21.117647,6,5.4705882,11.568627,13.889706,3.3398693,3.6617646,2013,.71652496,.4776412,.75621444,.30449337,.66735464,.45292023,.8995533,.38351795,1.0388889,.82129627,1.2317927,.2764706
2331029,olympique-marseille,244,2,stade-reims,1421,3,18.388889,17.055555,9.333333,4.6666665,19.143791,8.4052286,8.8104572,2.3986928,2013,.92155224,.65672654,.79355818,.28219789,.86961341,.69614089,.9342342,.35264349,1.0419313,.7638889,1.7929894,.3351852
2331030,fc-valenciennes,1423,2,ogc-nizza,417,1,0,28.388889,0,13,11.90196,9.2156858,3.4836602,4.2614379,2013,.68272269,.44917929,.52182704,.42864648,.72613692,.39537036,.52278322,.36193162,1.4990741,.74537039,.54901963,.38725489
2331031,fc-girondins-bordeaux,40,3,fc-lorient,1158,2,42.5,37.166668,16.111111,11.611111,18.156862,7.7712417,7.0522876,2.4379084,2013,.6431101,.40671527,.534657,.36030686,.69724703,.55810785,.54486036,.3998366,.70333332,.24111111,.74803919,.57843137
2331032,fc-nantes,995,1,olympique-lyon,1041,2,.055555556,38.888889,0,19.055555,.11764706,23.549019,.039215688,11.176471,2013,.73892772,.40843731,.66871983,.60480523,.67009807,.38487396,.68011749,.59762865,.9375,.39583334,.69166666,.90098041
2331033,hsc-montpellier,969,1,fc-evian-thonon-gaillard,14171,1,0,14.333333,0,4.1666665,17.535948,8.9934645,8.4444447,2.6470587,2013,.68682128,.40202412,.87998241,.56844705,.5890466,.3668322,.8960892,.61794531,.36078432,.21078432,.64656866,.39061624
2331034,ac-ajaccio,1147,3,fc-stade-rennes,273,1,0,2.5555556,0,.83333331,7.1241832,1.4444444,1.8300654,.55555558,2013,.56171477,.41790015,1.0567555,.72637534,.64605653,.46507937,1.0575626,.70498705,.71666664,.85555553,1.2135416,.95104164
2331035,ea-guingamp,855,1,stade-reims,1421,2,0,16.611111,0,4.1666665,.071895428,7.9215684,.026143791,2.006536,2013,.88688821,.5450778,.86739731,.40769133,1.169539,.67826158,1.0213671,.5123716,1.7362745,.90196079,2.0245099,.53921568
2331036,fc-toulouse,415,0,as-saint-etienne,618,0,31.888889,31.944445,12.111111,13.111111,7.5620914,15.274509,2.8496733,6.9215684,2013,.68256724,.39059839,.85514265,.69714278,.70003253,.4558306,.86423963,.74311972,1.1305555,.94629627,.98703706,.95925927
2331037,as-monaco,162,1,fc-paris-saint-germain,583,1,0,0,0,0,.0065359478,13.653595,.0065359478,8.9150324,2013,1.1713839,.94872022,1.1143525,1.0120208,1.2676388,.97864109,1.0905924,1.0303187,1.4824075,1.1898148,1.2453704,1.0111111
2331038,osc-lille,1082,2,fc-sochaux-montbeliard,750,0,0,0,0,0,11.464052,2.0392158,5.3921571,.60784316,2013,.6941843,.33488464,.62326121,.40797314,.68295723,.33822751,.62215906,.4053705,.79431218,.35555556,.80892855,.34523809
2331039,fc-paris-saint-germain,583,4,fc-lorient,1158,0,0,57,0,18.055555,16.058823,12.555555,10.627451,4.2352943,2013,1.1185424,.84742534,.65962023,.4769735,1.1290001,.81885892,.74233937,.59404761,1.025,.77499998,1.1666666,.99019605
2331040,ea-guingamp,855,0,osc-lille,1082,0,0,0,0,0,.52941179,10.130719,.1633987,4.9673204,2013,.91831374,.59894812,.66632265,.29957992,1.066293,.72483969,.61376119,.29573369,1.4824075,1.0138888,.77485996,.33333334
2331041,fc-lorient,1158,0,stade-reims,1421,0,52.588234,16.222221,16.411764,4.5555553,14.183824,11.24183,4.375,2.9803922,2013,.59121108,.42926812,.79600269,.37616834,.65331888,.543378,.93585455,.47696209,1.0052084,.89583331,1.912037,.50925928
2331042,olympique-marseille,244,2,fc-sochaux-montbeliard,750,1,17.117647,0,8.2941179,0,14.529411,12.457517,6.8014708,3.4640522,2013,.84136015,.61919653,.49410796,.38080898,.79534042,.67875701,.48698482,.3828662,.99901962,.73627448,.48564816,.35185185
2331043,fc-paris-saint-germain,583,3,ogc-nizza,417,1,0,25.722221,0,11.888889,15.588235,7.7450981,10.261438,3.5228758,2013,1.4032803,1.0059751,.5246315,.45431787,1.4155923,.99586707,.56881034,.47566536,1.4305556,1.0111111,.73777777,.44333333
2331044,olympique-marseille,244,3,sc-bastia,595,0,0,16.055555,0,5.2777777,10.117647,4.8496733,4.7320261,1.7647059,2013,.85649794,.59477991,.7270053,.54435724,.80886859,.65795547,.70171022,.64938873,1.0323529,.79509807,.44550264,.53425926
2331045,fc-girondins-bordeaux,40,1,ogc-nizza,417,1,34.777779,30.611111,13.055555,14.055555,7.7189541,10.653595,2.7647059,5.006536,2013,.50163603,.44053736,.62952274,.48953399,.57220042,.62284321,.67394823,.48849133,.45192307,.42380953,.71960783,.43039215
2331046,olympique-marseille,244,0,fc-stade-rennes,273,1,0,0,0,0,18.581699,5.3333335,8.4509802,2.0784314,2013,.88702053,.62968016,.95689195,.70096326,.82331711,.66628879,.97647303,.77192056,.97129631,.73981482,1.1323529,.92941177
2331047,as-saint-etienne,618,3,fc-sochaux-montbeliard,750,1,30.222221,0,12.5,0,14.333333,3.6928105,6.6209149,1.0718955,2013,.74403155,.59885216,.51218641,.35673115,.76322949,.63200855,.52334481,.36894983,.88981479,.86666667,.46055555,.26666668
2331048,olympique-lyon,1041,2,as-monaco,162,3,37.833332,0,18.611111,0,23.810457,0,11.444445,0,2013,.55371159,.45113504,1.0000927,.80518085,.52451169,.41512147,1.0939331,.83767885,.44264707,.40294117,1.3343138,1.0539216
2331049,fc-lorient,1158,0,fc-paris-saint-germain,583,1,51,0,16.277779,0,10.274509,16.065359,3.509804,10.588235,2013,.69329959,.43822467,1.4653625,1.0533508,.77256811,.54502803,1.4632776,1.046793,1.1302084,.82291669,1.5638889,1.0111111
2331050,sc-bastia,595,2,stade-reims,1421,0,10.166667,20.222221,3.5555556,5.2777777,2.4248366,11.620915,.8888889,3.1111112,2013,.68019813,.42931944,.82272905,.3844105,.64004612,.50376451,.92312312,.46992746,.29523811,.30098039,1.5152116,.4462963
2331051,osc-lille,1082,0,fc-nantes,995,0,0,.055555556,0,0,17.058823,.084967323,8.2679739,.026143791,2013,.5740785,.32820985,.80412781,.4873693,.56665689,.33411497,.77958757,.49497354,.57486773,.36944443,.91666669,.46296296
2331052,ea-guingamp,855,0,olympique-lyon,1041,1,0,30.944445,0,15.222222,0,18.235294,0,8.7254906,2013,.75230175,.41294783,.55514228,.4672415,1.0153782,.53196245,.52807677,.41177922,1.1677083,.69270831,.44754902,.44999999
2331053,fc-paris-saint-germain,583,2,as-saint-etienne,618,0,0,32.722221,0,13.222222,16,16.82353,10.529411,7.5228758,2013,1.4653625,1.0533508,.77929127,.66142845,1.4632776,1.046793,.75413859,.71611351,1.5638889,1.0111111,.97314817,.94074076
2331054,fc-stade-rennes,273,2,fc-toulouse,415,3,2.5555556,30,.83333331,11.277778,3.8431373,6.8235292,1.4705882,2.4248366,2013,1.0950949,.65174782,.719953,.47692317,1.0889804,.70049196,.73058999,.52185982,1.2970588,.75784314,1.167647,1.0019608
2331055,fc-evian-thonon-gaillard,14171,0,fc-valenciennes,1423,1,13.944445,0,4,0,11.228758,5.7777777,3.2614379,1.6274509,2013,.69341302,.40888825,.70467019,.43940252,.72049844,.44505349,.75855672,.37450981,.58529413,.34019607,1.6166667,.78921568
2331056,fc-valenciennes,1423,2,ac-ajaccio,1147,3,0,0,0,0,11.189543,4.1916666,3.2156863,1.05,2013,.74119246,.49446324,.4832308,.2971251,.75459743,.41513681,.56452382,.30761904,1.6147059,.76176471,.47222221,.66666669
2331057,as-monaco,162,1,osc-lille,1082,1,0,0,0,0,0,13.888889,0,6.7254901,2013,.98564339,.74009371,.7414034,.46403873,1.1083122,.77624094,.72723889,.4815897,1.2936975,.88921571,.81097883,.42500001
2331058,fc-nantes,995,2,hsc-montpellier,969,1,.055555556,0,0,0,.19607843,19.124184,.065359481,8.7712421,2013,.76639473,.46716729,.53948891,.31866711,.73514313,.46388888,.51849157,.324525,.89705884,.37254903,.33240741,.23240741
2331059,sc-bastia,595,0,fc-paris-saint-germain,583,3,14.722222,0,4.9444447,0,4.5620914,15.464052,1.5947713,10.274509,2013,.91989416,.5518685,1.0628854,.92590976,.8721351,.66436422,1.0216821,.89275265,.6136905,.59895831,1.1564815,.87222224
2331060,fc-sochaux-montbeliard,750,2,fc-lorient,1158,0,0,60.111111,0,19.111111,3.2222223,15.496732,.94771242,5.1699347,2013,.46806875,.28222135,.60277265,.35534713,.49179399,.31600866,.67858148,.45224866,.43833333,.18888889,.99074072,.69444442
2331061,fc-toulouse,415,1,fc-evian-thonon-gaillard,14171,1,29.555555,15.444445,11.166667,4.3888888,7.0915031,11.869281,2.5620916,3.4313726,2013,.59203517,.40969628,.69341302,.40888825,.5810802,.44342846,.72049844,.44505349,.85882354,.8843137,.58529413,.34019607
2331062,fc-valenciennes,1423,2,fc-stade-rennes,273,1,0,2.5555556,0,.83333331,6.3137255,5.5490198,1.8562092,2.1699347,2013,.73669285,.43866003,1.1913875,.8453483,.77919036,.36696428,1.1727849,.8769626,1.665625,.75520831,1.3068627,1.022549
2331063,ac-ajaccio,1147,1,ea-guingamp,855,2,0,0,0,0,4.4926472,0,1.1470588,0,2013,.56202799,.3411881,.92710412,.54721159,.61547619,.34025973,1.2344962,.670775,.65833336,.69999999,1.8245099,.76960784
2331064,fc-lorient,1158,1,as-saint-etienne,618,0,56.722221,34.111111,18.055555,13.666667,13.640523,17.196079,4.4444447,7.6078429,2013,.64154524,.42912105,.81418407,.65948844,.72273153,.53674138,.82636082,.7070086,1.1107843,.75490195,1.0055555,.90370369
2331065,as-monaco,162,2,fc-sochaux-montbeliard,750,1,0,0,0,0,.0065359478,8.2679739,0,2.3790851,2013,.95564312,.76044858,.44155043,.33585757,1.0498257,.79114109,.48642001,.37730655,1.2601852,.99537039,.66888887,.36666667
2331066,hsc-montpellier,969,1,fc-girondins-bordeaux,40,1,0,42.722221,0,16.388889,19.732027,12.823529,9.333333,5.7647057,2013,.64258254,.38875377,.46171454,.37390485,.56486875,.36109909,.49596307,.49724478,.33796296,.23240741,.42357144,.37063491
2331067,stade-reims,1421,1,olympique-marseille,244,1,15.666667,0,4.1111112,0,8.359477,18.79085,2.0718954,8.6143789,2013,.87103641,.41124129,.73688823,.55930978,1.0272897,.51853853,.7171663,.5736962,1.9411376,.48333332,.83055556,.68425924
2331068,fc-toulouse,415,3,stade-reims,1421,2,28.277779,17.666666,10.611111,4.6111112,5.8235292,8.6274509,2.1111112,2.2483661,2013,.60766989,.36799461,.83484113,.38295847,.60264075,.42947608,.99025273,.47224227,.89687502,.93958336,1.885582,.45555556
2331069,ogc-nizza,417,2,sc-bastia,595,0,26.611111,8.6111107,12.111111,2.7222223,6.3137255,2.013072,2.9673202,.68627453,2013,.48301268,.4474141,.68019813,.42931944,.46577752,.36732477,.64004612,.50376451,.42083332,.31666666,.31369048,.31979167
2331070,stade-reims,1421,1,fc-girondins-bordeaux,40,0,15.222222,49.111111,3.9444444,18.388889,6.993464,23.830065,1.7647059,9.4248362,2013,.92762142,.43543196,.60822123,.40389812,1.0961219,.54904085,.65950048,.53263092,2.0553222,.51176471,.60588235,.2127451
2331071,as-saint-etienne,618,2,as-monaco,162,0,35.833332,0,14.444445,0,19.320261,0,8.6470585,0,2013,.80122113,.66698402,.95564312,.76044858,.82636082,.72784191,1.0498257,.79114109,.98240739,.94074076,1.2601852,.99537039
2331072,olympique-lyon,1041,0,hsc-montpellier,969,0,36.611111,0,18,0,20.411764,23.379086,9.8169937,11.137255,2013,.49541324,.39742896,.66688806,.38875377,.50573343,.37984222,.58570212,.36109909,.53088236,.44509804,.33796296,.23240741
2331073,fc-sochaux-montbeliard,750,2,fc-girondins-bordeaux,40,0,0,42.5,0,16.111111,4.653595,18.725491,1.3267974,7.2549019,2013,.51673549,.37751061,.6431101,.40671527,.55173796,.41607234,.69724703,.55810785,.64388889,.36666667,.70333332,.24111111
2331074,fc-paris-saint-germain,583,2,olympique-marseille,244,0,0,0,0,0,12.287581,18.843138,8.2418299,8.5555553,2013,1.4098551,.94905794,.73688823,.55930978,1.3860339,.94361842,.7171663,.5736962,1.5083333,.92777777,.83055556,.68425924
2331075,stade-reims,1421,3,fc-valenciennes,1423,1,15.666667,0,4.1111112,0,7.5032678,7.3725491,1.9019607,2.1241829,2013,.8522774,.38743177,.72088432,.43638593,1.0114168,.49472904,.77829027,.41470587,1.885582,.45555556,1.5578431,.75
2331076,hsc-montpellier,969,2,ac-ajaccio,1147,0,0,0,0,0,23.379086,6.7124181,11.137255,1.7189542,2013,.66688806,.38875377,.5991624,.44576016,.58570212,.36109909,.68912697,.49608466,.33796296,.23240741,.76785713,.91666669
2331077,ogc-nizza,417,0,fc-toulouse,415,2,26.111111,28.277779,11.833333,10.611111,6.1045752,5.8235292,2.8823528,2.1111112,2013,.55667341,.46734163,.63120884,.4081732,.55768931,.38976067,.69787884,.4753094,.59791666,.37395832,1.053125,.87708336
2331078,fc-nantes,995,2,ac-ajaccio,1147,2,.055555556,0,0,0,.084967323,3.993464,.026143791,1.0196079,2013,.84116483,.50897425,.54297012,.32108909,.81893939,.51256615,.60122353,.32380953,.91203701,.46296296,.68939394,.68181819
2331079,fc-lorient,1158,1,sc-bastia,595,1,49.055557,12.555555,15.277778,4.1111112,10.444445,3.3986928,3.1503267,1.1437908,2013,.56340349,.39742169,.80224711,.48569199,.60695189,.49507469,.74608469,.58873397,.89019608,.74509805,.5511905,.50520831
2331080,fc-stade-rennes,273,0,ea-guingamp,855,2,2.5555556,0,.83333331,0,3,.026143791,1.137255,.0065359478,2013,1.0186576,.70531923,1.0175066,.57486665,1.0130001,.69881129,1.2937219,.72973222,1.1617647,.91470587,1.8833333,1
2331081,ac-ajaccio,1147,2,osc-lille,1082,3,0,0,0,0,7.0784316,10.973856,1.8300654,5.1372547,2013,.62980276,.50035262,.73501867,.35458374,.73168498,.55958486,.72313124,.35812324,.74305558,1.0277778,.84103644,.3764706
2331082,ea-guingamp,855,0,fc-evian-thonon-gaillard,14171,1,0,15.277778,0,4.4444447,.026143791,11.09804,.0065359478,3.1633987,2013,.974163,.53680438,.66596204,.4380199,1.2710975,.68695146,.6651063,.43970588,1.7950981,.7647059,.57352942,.34803921
2331083,olympique-lyon,1041,3,ac-ajaccio,1147,1,34.944443,0,17.166666,0,20.137255,6.7124181,9.6993465,1.7189542,2013,.53265023,.40441114,.5991624,.44576016,.55088341,.40697566,.68912697,.49608466,.55364585,.43854168,.76785713,.91666669
2331084,fc-sochaux-montbeliard,750,1,ea-guingamp,855,0,0,0,0,0,2.862745,.47058824,.86274511,.13725491,2013,.5542677,.35779285,.95541513,.56996471,.58136046,.3641617,1.206378,.72646421,.81785715,.34523809,1.7892157,.94117647
2331085,fc-evian-thonon-gaillard,14171,2,osc-lille,1082,2,15.555555,0,4.5555553,0,10.673203,11.385621,3.0849674,5.5686274,2013,.89664906,.60346109,.70731562,.34390649,.89363825,.61995065,.70121676,.35113436,.65441179,.39845937,.81494707,.4138889
2331086,ogc-nizza,417,0,fc-nantes,995,0,27,0,12.111111,0,8.039216,.19607843,3.6274509,.065359481,2013,.61380076,.52528512,.66098654,.39863339,.64124727,.51249182,.46368092,.32556021,.65588236,.46568626,.609375,.41666666
2331087,olympique-marseille,244,1,fc-lorient,1158,0,0,58.722221,0,18.722221,17.954248,15.751634,7.9673204,5.1307192,2013,.91281414,.66407168,.51305568,.41237974,.84448111,.69591844,.56644219,.50460756,1.0083333,.7953704,.83611113,.74074072
2331088,ea-guingamp,855,1,ogc-nizza,417,0,0,23.722221,0,10.666667,.47058824,7.0849671,.13725491,3.1699347,2013,.9570061,.56131417,.65355223,.51595277,1.2377642,.71636319,.6813252,.49690354,1.7362745,.7647059,.72812498,.45729166
2331089,fc-valenciennes,1423,2,fc-sochaux-montbeliard,750,2,0,0,0,0,9.3267975,3.7189543,2.7320261,1.0588236,2013,.71552992,.47560161,.71798652,.47605047,.76149791,.41862744,.73439395,.48012006,1.5872549,.78921568,.79702383,.35714287
2331090,fc-evian-thonon-gaillard,14171,2,fc-nantes,995,0,14.777778,0,4.3333335,0,9.5555553,.11764706,2.7908497,.039215688,2013,.88684517,.5642454,.735946,.45418829,.8960892,.6125977,.63468015,.41051587,.63480395,.37885153,.48823529,.3137255
2331091,fc-lorient,1158,1,fc-toulouse,415,3,59.555557,27.222221,19.111111,10.5,16.51634,6.4967322,5.4836602,2.4379084,2013,.62921733,.49015751,.70030928,.39004534,.72517234,.61571872,.72311139,.46454459,1.1694444,.96296299,1.1823529,.97254902
2331092,fc-girondins-bordeaux,40,2,fc-evian-thonon-gaillard,14171,1,49.666668,14.222222,18.833334,4.2222223,26.764706,8.666667,11.169934,2.4705882,2013,.63349354,.41230148,.89600968,.58207071,.67434639,.53263092,.88579512,.58465654,.63109243,.2127451,.65441179,.39845937
2331093,as-saint-etienne,618,1,olympique-marseille,244,1,27.944445,0,11.333333,0,13.313725,15.771242,5.9673204,7.4444447,2013,.86810565,.68964714,.72068453,.54872781,.86423963,.72228634,.70235151,.55782318,1.0101852,.9222222,.85000002,.68921566
2331094,olympique-marseille,244,0,ogc-nizza,417,1,0,24.055555,0,10.833333,16.444445,5.647059,7.359477,2.6862745,2013,.79522157,.62626886,.6143657,.48817497,.77133298,.67839706,.61324483,.41059402,.86547619,.7814815,.64479166,.39479166
2331095,sc-bastia,595,0,as-monaco,162,2,13.5,0,4.4444447,0,3.7973857,0,1.3267974,0,2013,.7270053,.54435724,1.0369923,.8920911,.70171022,.64938873,1.1157979,.947124,.44550264,.53425926,1.2046297,1.1157408
2331096,fc-stade-rennes,273,2,hsc-montpellier,969,2,2.5555556,0,.83333331,0,2.1111112,19.607843,.86274511,9.2810459,2013,1.03844,.77006137,.68038148,.41162163,1.0560001,.81589973,.59809637,.38234022,1.359375,1.0552083,.35784313,.24607843
2331097,fc-paris-saint-germain,583,3,fc-valenciennes,1423,0,0,0,0,0,15.588235,11.90196,10.385621,3.4836602,2013,1.1143525,1.0120208,.68272269,.44917929,1.0905924,1.0303187,.72613692,.39537036,1.2453704,1.0111111,1.4990741,.74537039
2331098,osc-lille,1082,0,olympique-lyon,1041,0,0,33.166668,0,16.388889,11.196078,18.973856,5.2679739,9.2352943,2013,.69827789,.35254848,.63465118,.55289114,.6880855,.35885042,.6952759,.58973527,.78320104,.4138889,.69754905,.8392157
2331099,as-monaco,162,3,stade-reims,1421,2,0,15.555555,0,4,.0065359478,7.8039217,.0065359478,2.0457516,2013,.94916165,.75427574,.84699857,.4097338,1.0454166,.78419667,1.0073965,.52569818,1.2601852,.99537039,1.9572829,.51176471
2331100,sc-bastia,595,0,as-saint-etienne,618,2,9.5555553,35.833332,3.1111112,14.444445,4.0326796,19.254902,1.3464053,8.6209154,2013,.88508314,.54059398,.80122113,.66698402,.7978192,.6409027,.82636082,.72784191,.55994397,.51666665,.98240739,.94074076
2331101,fc-girondins-bordeaux,40,1,olympique-lyon,1041,2,38.111111,33.611111,14.833333,16.388889,22.287582,20.019608,9.640523,9.3725491,2013,.4440515,.32719433,.55738801,.49245158,.4591575,.42224476,.60507983,.52140492,.42357144,.37063491,.48186275,.67058825
2331102,osc-lille,1082,2,hsc-montpellier,969,0,0,0,0,0,9.0980396,20.032681,4.359477,9.666667,2013,.76496524,.3611654,.66567558,.38286346,.75601208,.36133179,.58650988,.35439903,.88809526,.44999999,.38137254,.24607843
2331103,fc-toulouse,415,2,fc-paris-saint-germain,583,4,30.722221,0,11.611111,0,7.5555553,13.653595,2.8692811,8.9150324,2013,.68256724,.39059839,1.1143525,1.0120208,.70003253,.4558306,1.0905924,1.0303187,1.1305555,.94629627,1.2453704,1.0111111
2331104,fc-nantes,995,0,fc-stade-rennes,273,3,0,2.5555556,0,.83333331,.19607843,3.0784314,.065359481,1.0980393,2013,.72433496,.44275105,1.0512997,.7567898,.57152408,.38438377,1.0106192,.77234071,.671875,.45833334,1.1009804,.93431371
2331105,fc-stade-rennes,273,3,sc-bastia,595,0,2.5555556,13.555555,.83333331,4.5,4.8954248,3.6666667,1.862745,1.2614379,2013,1.099,.73505419,.73317814,.48880172,1.0402057,.70049196,.71096945,.58272207,1.0323529,.81666666,.47170869,.53627449
2331106,fc-nantes,995,0,fc-girondins-bordeaux,40,0,0,47.388889,0,18.111111,.19607843,15.810457,.065359481,6.9607844,2013,.69278359,.44864878,.48515204,.37871256,.53514308,.38749999,.51679641,.50505728,.55882353,.3137255,.47357142,.39285713
2331107,fc-sochaux-montbeliard,750,1,olympique-marseille,244,1,0,0,0,0,2.8888888,18.61438,.71895427,8.4313726,2013,.5671134,.39111438,.92670304,.67597646,.592507,.38428599,.86299962,.71258509,.59722221,.31111112,1.0083333,.7953704
2331108,osc-lille,1082,1,ea-guingamp,855,0,0,0,0,0,13.653595,.026143791,6.4379086,.0065359478,2013,.60119176,.4307054,.94116974,.5729059,.58702725,.44825637,1.111369,.69863975,.57486773,.36944443,1.6480392,1.0735294
2331109,stade-reims,1421,1,fc-lorient,1158,1,17.055555,58.777779,4.3333335,18.5,9.3790846,14.803922,2.4379084,4.6928105,2013,.87757236,.41471353,.54134464,.37921441,1.0342342,.52548301,.56920677,.4541083,1.9596561,.50185186,.82156861,.57843137
2331110,ogc-nizza,417,0,fc-paris-saint-germain,583,1,26.833334,0,12.333333,0,9.3137255,15.712419,4.3398695,10.457517,2013,.60337895,.45685425,1.4653625,1.0533508,.65714151,.4716846,1.4632776,1.046793,.71960783,.43039215,1.5638889,1.0111111
2331111,fc-evian-thonon-gaillard,14171,1,as-monaco,162,0,16.666666,0,4.7777777,0,13.90196,.23529412,3.9542484,.09150327,2013,.58851105,.38928041,1.0376041,.75494814,.63282877,.38868093,1.1624672,.79241741,.59019607,.34509805,1.3133054,.92843139
2331112,stade-reims,1421,2,as-saint-etienne,618,2,16.722221,40.055557,4.2777777,16.166666,8.5424833,19.450981,2.2418301,8.666667,2013,.93709618,.4885841,.81048036,.5729695,1.1046708,.61377668,.81583893,.60511464,1.9041005,.51574075,.95648146,.74074072
2331113,sc-bastia,595,2,ac-ajaccio,1147,1,11.666667,0,3.8888888,0,3.1045752,4.4183006,1.0915033,1.2352941,2013,.68856829,.44157436,.5540812,.32361436,.67010427,.55112892,.65099204,.34325397,.45994398,.46568626,.65909094,.45454547
2331114,fc-paris-saint-germain,583,1,fc-evian-thonon-gaillard,14171,0,0,15.055555,0,4.3888888,15.379085,10.843137,10.313725,3.137255,2013,1.1652596,.93645167,.69733459,.41280982,1.1565133,.904329,.71886444,.45093584,1.1453704,.77499998,.57058823,.34019607
2331115,fc-sochaux-montbeliard,750,2,fc-toulouse,415,0,0,34.611111,0,12.722222,3.359477,8.5490198,.93464053,3.1111112,2013,.60962921,.52547443,.64797837,.50170952,.60730839,.53379577,.65419918,.53762072,.71055555,.60000002,1.0564815,1.0203704
2331116,osc-lille,1082,1,fc-valenciennes,1423,0,0,0,0,0,6.5163398,11.117647,3.0196078,3.3071895,2013,.62255037,.44455642,.72288281,.47560161,.60895324,.46201935,.76885086,.41862744,.60868347,.39117646,1.5872549,.78921568
2331117,fc-girondins-bordeaux,40,5,ea-guingamp,855,1,47.277779,0,17.833334,0,22.281046,.46405229,8.6274509,.14379086,2013,.67880946,.42839146,.94908923,.56929475,.75320333,.59789705,1.2599218,.69079661,.7578125,.42247024,1.8931372,.9852941
2331118,fc-lorient,1158,4,hsc-montpellier,969,4,41.777779,0,13.166667,0,5.653595,12.777778,1.8562092,6.0980392,2013,.64858299,.40951321,.44059515,.31003985,.70639163,.47406629,.39612186,.28822255,1.0568627,.63725489,.23529412,.21078432
2331119,as-saint-etienne,618,0,fc-stade-rennes,273,0,33.444443,2.5555556,13.555555,.83333331,15.20915,3.3660131,6.7189541,1.2614379,2013,.77026612,.65868121,.95026201,.79651427,.79100728,.71137369,1.0061723,.80100977,.83148146,.90370369,1.2708334,1.046875
2331120,ogc-nizza,417,1,fc-lorient,1158,2,27.555555,54.5,12.833333,17.277779,6.7516341,8.1699343,3.1568627,2.5424836,2013,.49848887,.49652126,.68794286,.42937568,.49256325,.43875334,.74672139,.49339402,.45833334,.37916666,1.0323529,.61764705
2331121,hsc-montpellier,969,2,olympique-marseille,244,3,0,0,0,0,24.470589,19.052288,11.522876,8.7124186,2013,.58136863,.34439474,.83411044,.64819866,.52476692,.33100331,.77040708,.6848073,.34117648,.24607843,.82314813,.73981482
2331122,olympique-marseille,244,0,osc-lille,1082,0,0,0,0,0,15.699347,13.843137,7.2875819,6.6339869,2013,.90055925,.64819866,.58402002,.42060438,.8459056,.6986962,.57482684,.45566377,.99722224,.77314812,.54708993,.34722221
2331123,fc-valenciennes,1423,2,fc-nantes,995,6,0,0,0,0,11.320261,.078431375,3.2352941,.026143791,2013,.63557261,.40549022,.77843177,.4303948,.63848257,.35543346,.61384678,.35998678,.99351853,.56666666,.73333335,.3137255
2331124,as-monaco,162,1,ogc-nizza,417,0,0,29.333334,0,13.555555,.23529412,9.3856211,.09150327,4.4313726,2013,1.0047172,.77447778,.61694127,.49710354,1.1009721,.8064189,.61795717,.42621902,1.2787037,1.0324074,.67708331,.43645832
2331125,as-monaco,162,3,fc-nantes,995,1,0,0,0,0,.23529412,.078431375,.09150327,.026143791,2013,1.2269394,.9689222,.6650058,.42087099,1.3231943,1.0008633,.50042087,.35046297,1.5009259,1.2268518,.53921568,.3137255
2331126,fc-toulouse,415,0,olympique-lyon,1041,0,32.222221,31.111111,12.222222,15.055555,7.4967322,17.222221,2.7320261,8.013072,2013,.6772604,.57104081,.60993314,.52010483,.68111789,.5903616,.65892291,.54918504,1.1039215,1.0509804,.52447915,.69999999
2331127,fc-lorient,1158,1,fc-evian-thonon-gaillard,14171,1,57.833332,16.277779,18.222221,4.7222223,10.699347,12.777778,3.2941177,3.7124183,2013,.70845699,.4888995,.71302086,.41280982,.78593713,.60263771,.74500823,.45093584,1.1352941,.79411763,.58529413,.34019607
2331128,fc-toulouse,415,1,osc-lille,1082,2,37.777779,0,14.277778,0,11.267974,10.836601,4.1437907,5.1830068,2013,.56199336,.45274734,.59325522,.42514983,.52904487,.40799108,.57909077,.44031987,.77407408,.63148147,.57486773,.36944443
2331129,fc-evian-thonon-gaillard,14171,2,sc-bastia,595,1,16.277779,13.166667,4.7222223,4.3333335,12.777778,3.6339869,3.7124183,1.2614379,2013,.71302086,.41280982,.83279008,.4732143,.74500823,.45093584,.78366637,.58138102,.58529413,.34019607,.54817927,.47549018
2331130,fc-nantes,995,1,ea-guingamp,855,0,0,0,0,0,.078431375,.065359481,.026143791,.019607844,2013,.74695027,.38536555,1.016036,.59523207,.59532827,.32665345,1.3004446,.741777,.76274508,.37254903,1.9715686,1.1029412
2331131,fc-stade-rennes,273,0,as-monaco,162,1,2.5555556,0,.83333331,0,7.6928105,.22875817,2.9477124,.084967323,2013,1.0509363,.7997734,1.0143325,.86707038,1.0660504,.80248487,1.1053813,.89901149,1.074074,.88240743,1.1120371,.97685188
2331132,ea-guingamp,855,1,hsc-montpellier,969,2,0,0,0,0,.026143791,19.457516,.0065359478,9.0522881,2013,1.0454478,.61016077,.51690286,.32288074,1.3290161,.74962014,.48250669,.32776576,2.0107844,1.1029412,.33333334,.23240741
2331133,fc-girondins-bordeaux,40,2,fc-stade-rennes,273,2,47.611111,2.5555556,17.833334,.83333331,22.843138,5.640523,9.2614384,2.137255,2013,.60807621,.35344625,.93730003,.6608845,.63024694,.4497996,.93112981,.65602022,.67668068,.21428572,.89351851,.75277776
2331134,olympique-lyon,1041,1,as-saint-etienne,618,2,30.611111,36.388889,15,14.833333,14.54902,18.032681,6.9019608,8.1568632,2013,.65014648,.59315187,.69010997,.56869346,.66157919,.58387345,.72535074,.61673081,.55343139,.76176471,.88518518,.84814817
2331135,fc-valenciennes,1423,1,olympique-lyon,1041,2,0,31.722221,0,15.333333,11.196078,16.725491,3.3333333,7.5882354,2013,.77717561,.50687909,.56647897,.50421631,.79678029,.43440172,.61526078,.53158587,1.5851852,.77499998,.48480392,.67352939
2331136,as-saint-etienne,618,1,ogc-nizza,417,1,37.722221,28.055555,15.222222,12.888889,20.875816,10.477124,9.3398695,4.6339869,2013,.73772901,.58578748,.51433933,.39178023,.75228673,.60284191,.54633164,.44247359,.91296297,.84814817,.57708335,.42083332
2331137,fc-paris-saint-germain,583,3,stade-reims,1421,0,0,19.833334,0,5.2222223,11.163399,11.398693,7.4313726,3.0915034,2013,1.1897933,.91392082,.76501822,.46477458,1.1694763,.89623988,.91022629,.58026695,1.1638889,.81203705,1.4041005,.48796296
2331138,sc-bastia,595,2,fc-sochaux-montbeliard,750,2,15.222222,0,5.1111112,0,4.7189541,3.7124183,1.6339869,1.1176471,2013,.8687889,.52120912,.47816753,.38085797,.82368314,.62745512,.47820219,.39605069,.54550266,.5324074,.48055556,.34444445
2331139,ac-ajaccio,1147,2,stade-reims,1421,1,0,13.777778,0,3.8333333,3.5833333,7.9477124,1.0583333,2.1960785,2013,.58090913,.4415423,.89709061,.46035638,.62936509,.41601732,1.0583082,.56252003,.565,.73000002,1.9087301,.47870371
2331140,ac-ajaccio,1147,1,fc-girondins-bordeaux,40,1,0,52.888889,0,19.944445,5.9346404,27.045752,1.9281045,11.176471,2013,.57547623,.38220748,.6659466,.3951129,.65819162,.37755102,.70717001,.52202183,.69102561,.48461539,.74726892,.39075631
2331141,olympique-lyon,1041,1,fc-paris-saint-germain,583,0,30.611111,0,14.888889,0,16.686274,12.457517,7.7189541,8.1895428,2013,.58909976,.52010483,1.2145441,.9258256,.6380896,.54918504,1.1918269,.91121101,.49947917,.69999999,1.2083334,.83055556
2331142,hsc-montpellier,969,0,fc-valenciennes,1423,0,0,0,0,0,20.771242,7.8431373,9.6928101,2.1895425,2013,.54904318,.3096028,.62639058,.42444062,.51499504,.30987856,.62947178,.37143934,.3351852,.19907407,1.0166667,.59509802
2331143,olympique-marseille,244,3,ac-ajaccio,1147,1,0,0,0,0,18.843138,3.9542484,8.5490198,.97385621,2013,.83411044,.64819866,.50564104,.34913719,.77040708,.6848073,.57634312,.33736265,.82314813,.73981482,.58194447,.64999998
2331144,fc-valenciennes,1423,1,as-monaco,162,2,0,0,0,0,8.7254906,.22875817,2.5947711,.084967323,2013,.70714194,.45016614,.99662691,.76089209,.73177934,.37699431,1.0834639,.81908369,1.487963,.64537036,1.1329131,1.0127451
2331145,fc-evian-thonon-gaillard,14171,2,ogc-nizza,417,0,14.833333,19.111111,4.2777777,9.6111107,9.8366013,8.5555553,2.8104575,3.986928,2013,.74326617,.48021179,.45524237,.36247563,.73595846,.50381756,.4638384,.34902596,.46764705,.35140055,.50555557,.38222224
2331146,osc-lille,1082,1,fc-paris-saint-germain,583,3,0,0,0,0,16.810457,12.960784,8.0326796,8.4836597,2013,.57290888,.42448938,1.0577447,.95784819,.55597311,.44522607,1.0587841,.98849577,.53042328,.30000001,1.2064815,.98888886
2331147,fc-stade-rennes,273,1,fc-sochaux-montbeliard,750,2,2.5555556,0,.83333331,0,4.8039217,3.4836602,1.8496732,.89542484,2013,1.1849753,.87633622,.61612272,.52857035,1.2217171,.89091361,.61337745,.53869772,1.3333334,1.0552083,.7272222,.60000002
2331148,ea-guingamp,855,2,fc-toulouse,415,0,0,35.666668,0,13.333333,.065359481,10.281046,.019607844,3.6928105,2013,1.023389,.60503602,.65875459,.53290606,1.3004446,.74737924,.71311927,.54274893,1.9519608,1.1029412,.99629629,.82592595
2331149,ac-ajaccio,1147,2,fc-toulouse,415,2,0,28.888889,0,10.944445,3.5359478,6.4771242,.90849674,2.3660131,2013,.50748253,.32465917,.49267375,.41126385,.558658,.32510823,.46739772,.45030943,.52499998,.64999998,.77708334,.93958336
2331150,olympique-marseille,244,4,olympique-lyon,1041,2,0,34.611111,0,17.055555,17.568628,21.130718,7.9150329,10.065359,2013,.72173673,.55375421,.50632447,.43639165,.6986478,.56675178,.51378405,.4213441,.85420167,.71470588,.52552086,.47604167
2331151,fc-toulouse,415,1,fc-nantes,995,1,24.222221,0,9,0,5.7647057,0,2.0784314,0,2013,.64364696,.4659988,.67742163,.4453499,.63910109,.47271454,.61153197,.42718253,1.0647058,.87450981,.74814814,.4074074
2331152,as-saint-etienne,618,2,hsc-montpellier,969,0,29.611111,0,11.888889,0,11.366014,21.431372,4.9215684,10.006536,2013,.73122406,.54805171,.50936544,.25692672,.74257427,.59887367,.43891975,.22449706,.81759262,.69999999,.31960785,.18725491
2331153,fc-evian-thonon-gaillard,14171,1,as-saint-etienne,618,2,16.277779,33.444443,4.7222223,13.555555,12.542483,15.20915,3.6535947,6.7189541,2013,.85743338,.51849377,.77026612,.65868121,.88768584,.6125977,.79100728,.71137369,.63480395,.37885153,.83148146,.90370369
2331154,fc-lorient,1158,1,ac-ajaccio,1147,0,58.444443,0,18.555555,0,14.941176,3.0392158,4.980392,.96732026,2013,.55888033,.39048892,.73115689,.50970584,.6341843,.49822596,.80702382,.48095238,1.0862745,.75490195,.80370373,.64444447
2331155,fc-valenciennes,1423,0,fc-girondins-bordeaux,40,1,0,30.833334,0,11.444445,14.052288,14.261438,4.1241832,5.6274509,2013,.70653218,.48154241,.45412648,.29738393,.71184438,.39643875,.49772486,.39637566,1.487963,.70092595,.59464288,.23282313
2331156,fc-sochaux-montbeliard,750,2,ogc-nizza,417,0,0,29.666666,0,13.833333,3.7124183,9.9019604,1.1176471,4.7973857,2013,.54679495,.53379911,.6799503,.57710588,.54682964,.54899186,.72247976,.57376635,.64722222,.6111111,.79411763,.52843136
2331157,fc-paris-saint-germain,583,1,fc-stade-rennes,273,2,0,2.5555556,0,.83333331,13.084968,3.5228758,8.7385616,1.385621,2013,1.3997542,.95335084,1.0660629,.72489387,1.3846451,.92271894,1.0812951,.73239088,1.4861112,.90555555,1.1302084,.90937501
2331158,olympique-lyon,1041,0,fc-lorient,1158,1,35.888889,29.111111,17.611111,9.333333,20.084967,4.993464,9.5816994,1.7320261,2013,.57580543,.48762503,.48578292,.31593615,.54645741,.43414086,.56548744,.37857142,.57794118,.52156866,1.0388889,.65555555
2331159,fc-girondins-bordeaux,40,1,olympique-marseille,244,1,42.722221,0,16.111111,0,17.751635,18.895424,6.9281044,8.4379082,2013,.59269834,.38808003,.73688823,.55930978,.62833798,.50360113,.7171663,.5736962,.5703125,.21934524,.87941176,.72450978
2331160,fc-nantes,995,1,as-saint-etienne,618,3,0,28.833334,0,11.611111,.078431375,13.058824,.026143791,5.8039217,2013,.75402099,.45893016,.8174234,.54933631,.62079126,.42718253,.7960254,.55511463,.81176472,.4509804,.94722223,.66666669
2331161,stade-reims,1421,1,fc-evian-thonon-gaillard,14171,0,14.555555,13.277778,3.9444444,3.8333333,8.5882349,7.019608,2.2549019,1.9673202,2013,.94254512,.49368972,.72275603,.46161389,1.1046046,.60881633,.73456579,.53530622,1.9642857,.50648147,.48124999,.37336311
2331162,as-monaco,162,1,ea-guingamp,855,1,0,0,0,0,.22875817,.065359481,.084967323,.019607844,2013,1.0488945,.80941439,.96603602,.54033011,1.1573318,.84552199,1.2592682,.68267339,1.3231093,1.0735294,1.8637255,1
2331163,osc-lille,1082,2,fc-girondins-bordeaux,40,1,0,50.333332,0,19.111111,17.058823,29.666666,8.2679739,12.274509,2013,.5740785,.32820985,.49333438,.33533162,.56665689,.33411497,.55262852,.45861992,.57486773,.36944443,.60903358,.38291317
2331164,fc-stade-rennes,273,1,fc-lorient,1158,1,2.5555556,50.722221,.83333331,16.166666,5.8562093,11.013072,2.2156863,3.7647059,2013,1.1450646,.84405464,.60127908,.3929399,1.165524,.83624446,.65557468,.45515874,1.2941177,1.0323529,1.0127451,.61764705
2331165,hsc-montpellier,969,2,fc-toulouse,415,1,0,24.055555,0,8.7777777,15.379085,5.7647057,7.4575162,2.0784314,2013,.50365591,.26732519,.62905282,.46233222,.42813283,.23180616,.62068951,.46354663,.31111112,.17685185,1.0194445,.85370368
2331166,sc-bastia,595,1,osc-lille,1082,1,15.611111,0,5.1111112,0,4.6013074,19.078432,1.6666666,9.1503267,2013,.89978355,.54184175,.57846445,.40264702,.84739184,.6593222,.56665689,.42726871,.57759106,.50490195,.53783071,.27685186
2331167,olympique-lyon,1041,4,sc-bastia,595,1,34.722221,14.833333,16.944445,5.0555553,21.281046,4.019608,9.986928,1.4640523,2013,.60472476,.53572983,.52337092,.37867647,.6537146,.56481004,.53294551,.47514856,.51510417,.71562499,.41092438,.4509804
2331168,fc-nantes,995,1,olympique-marseille,244,1,0,0,0,0,0,14.111111,0,6.3921571,2013,.63308406,.44072029,.86473721,.57180977,.66893941,.46884921,.7926293,.56575972,.8509804,.47058824,.96203703,.63981479
2331169,hsc-montpellier,969,0,sc-bastia,595,2,0,15.611111,0,5.2777777,19.464052,3.8692811,9.2352943,1.3267974,2013,.41775164,.27059317,.70693845,.48627645,.39650241,.27221021,.7040844,.59888369,.22222222,.19907407,.46216932,.52314812
2331170,ogc-nizza,417,1,stade-reims,1421,0,31.5,17.166666,14.722222,4.5555553,12.503268,8.4705887,5.8431373,2.2745099,2013,.59654039,.49742538,.9874385,.50603539,.61984199,.46318674,1.1546046,.62270522,.71296299,.48055556,1.9966931,.52499998
2331171,ea-guingamp,855,1,fc-valenciennes,1423,0,0,0,0,0,.065359481,10.300653,.019607844,2.986928,2013,.94747221,.58165938,.73893958,.46336058,1.1133298,.70620281,.77048635,.42421654,1.6088235,1.0539216,1.5768518,.79814816
2331172,stade-reims,1421,0,fc-sochaux-montbeliard,750,1,15.833333,0,4.2222223,0,6.6666665,3.4836602,1.8039216,.89542484,2013,1.0357192,.53045458,.61612272,.52857035,1.2127186,.65933496,.61337745,.53869772,2.1141458,.55588233,.7272222,.60000002
2331173,ac-ajaccio,1147,1,as-monaco,162,4,0,0,0,0,3.6732025,.23529412,1.0326798,.09150327,2013,.60408121,.33876586,1.0047172,.77447778,.70307541,.35714287,1.1009721,.8064189,.780303,.5,1.2787037,1.0324074
2331174,fc-sochaux-montbeliard,750,1,fc-paris-saint-germain,583,1,0,0,0,0,3.4836602,15.490196,.89542484,10.313725,2013,.61612272,.52857035,1.2286855,.93971449,.61337745,.53869772,1.2015492,.89771897,.7272222,.60000002,1.1972222,.7972222
2331175,as-saint-etienne,618,3,ac-ajaccio,1147,1,28.833334,0,11.611111,0,13.058824,3.6857142,5.8039217,1.1428572,2013,.8174234,.54933631,.57951051,.40212718,.7960254,.55511463,.62124819,.36623377,.94722223,.66666669,.69833332,.77999997
2331176,as-monaco,162,1,fc-girondins-bordeaux,40,1,0,39,0,14.875,.29411766,15.291667,.11111111,6.3666668,2013,1.1340219,.82085228,.35479131,.39453948,1.2358332,.85245472,.35314408,.50324398,1.4270308,1.0911765,.13589744,.16282052
2331177,fc-toulouse,415,3,fc-valenciennes,1423,1,36.944443,0,13.333333,0,11.424836,11.266666,3.8823528,3.3416667,2013,.58071232,.48846164,.62061584,.42049941,.60675651,.44873181,.61491841,.32590431,.89907408,.57592595,.95520836,.44479167
2331178,fc-sochaux-montbeliard,750,0,fc-evian-thonon-gaillard,14171,3,0,16.277779,0,4.7222223,3.4836602,12.666667,.89542484,3.6862745,2013,.61612272,.52857035,.75966591,.47513828,.61337745,.53869772,.7982465,.56224746,.7272222,.60000002,.58981484,.36891535
2331179,fc-lorient,1158,1,osc-lille,1082,4,42,0,13.333333,0,6,17.058823,1.9346405,8.2679739,2013,.52008945,.32137129,.5740785,.32820985,.59585989,.39453781,.56665689,.33411497,.92156863,.55882353,.57486773,.36944443
2331180,ogc-nizza,417,0,olympique-lyon,1041,1,17.277779,37.5625,8.6111107,18.375,7.6339869,21.691668,3.9019608,10.316667,2013,.58331168,.49132153,.57177138,.46375281,.59958059,.44112507,.58470297,.44202632,.70098037,.46960783,.60500002,.50777775
2331181,fc-paris-saint-germain,583,4,hsc-montpellier,969,0,0,0,0,0,11.90196,20.679739,7.6862745,9.7908497,2013,1.027246,.93083006,.39778069,.26503763,1.0463105,.9331972,.38989791,.26665464,1.0715686,.94411767,.20833333,.19907407
2331182,sc-bastia,595,0,fc-nantes,995,0,15.388889,0,5.2777777,0,4.8692808,0,1.7581699,0,2013,.78063685,.42282948,.7395516,.3780829,.69013613,.46684906,.59313726,.33270308,.33439153,.19166666,.86250001,.39583334
2331183,stade-reims,1421,1,fc-stade-rennes,273,3,17,2.5555556,4.5294118,.83333331,8.7279415,4.0915031,2.3235295,1.6209151,2013,.90583211,.49123892,1.1849753,.87633622,1.0568362,.61101562,1.2217171,.89091361,1.9621849,.49705881,1.3333334,1.0552083
2331184,olympique-marseille,244,1,ea-guingamp,855,0,0,0,0,0,18.69281,.073529415,8.3529415,.022058824,2013,.73688823,.55930978,.93372971,.46241298,.7171663,.5736962,1.2528849,.64671236,.83055556,.68425924,1.8788888,.93333334
2331185,hsc-montpellier,969,1,fc-paris-saint-germain,583,1,0,0,0,0,24.705883,16.202614,11.398693,10.660131,2013,.73949611,.36864796,1.2936826,.85059595,.67325658,.34436026,1.3142747,.83067578,.40260944,.24166666,1.3453704,.83518517
2353754,fc-stade-rennes,273,2,stade-reims,1421,1,0,20.444445,0,5.5555553,17.679739,12.535948,6.980392,3.3790851,2013,.72940403,.56392032,.8278265,.38364699,.74983436,.6502409,.96310627,.47113997,.97395831,.71875,1.8022487,.46481481
2353755,fc-girondins-bordeaux,40,0,as-monaco,162,2,55.444443,0,21,0,28.82353,.0065359478,11.418301,.0065359478,2013,.59431458,.53728598,1.1814537,.77426898,.61457229,.61375058,1.2926036,.82160217,.7037037,.3287037,1.134375,.70833331
2353756,fc-evian-thonon-gaillard,14171,1,fc-sochaux-montbeliard,750,1,17.5,26.888889,5.2222223,8.666667,14.810457,25.810457,4.2941175,7.6928105,2013,.64999568,.4692142,.56926107,.36101347,.68955147,.48165265,.66726494,.44745564,.65625,.4375,.65882355,.39215687
2353757,osc-lille,1082,1,fc-lorient,1158,0,0,65,0,19.888889,17.045752,17.333334,8.5686274,5.2418299,2013,.58358437,.37276652,.42946169,.32451698,.54160476,.37857452,.43264592,.39184302,.67837304,.36203703,.60462964,.57407409
2353758,olympique-lyon,1041,4,ogc-nizza,417,0,22.555555,20.388889,11.222222,9.166667,8.346405,12.339869,3.8758171,5.2222223,2013,.44835135,.51043195,.47458509,.48797238,.4751339,.55592829,.48037231,.47147951,.52916664,.89479166,.48431373,.43529412
2353759,fc-nantes,995,0,sc-bastia,595,0,.055555556,16.111111,0,5.4444447,.0065359478,6.7124181,0,2.2875817,2013,.80771923,.43671003,.82701635,.50142127,.93284315,.49610177,.80890298,.58827162,1.2333333,.52450979,.79365081,.47222221
2353760,fc-valenciennes,1423,3,fc-toulouse,415,0,21.555555,45.166668,6.6111112,16.888889,16.490196,19.40523,4.9673204,7.2810459,2013,.80360818,.57498908,.5768196,.38015285,.77817941,.4918175,.62205881,.41157797,1.3852941,.83529413,.80882353,.60784316
2353761,ac-ajaccio,1147,0,as-saint-etienne,618,1,0,33.833332,0,13.5,10.836601,13.130719,3.0980392,5.5947714,2013,.71117848,.56309557,.64466065,.53679383,.84704864,.57445437,.62195569,.55860788,.89333332,.87555557,.79907405,.63425928
2353762,fc-lorient,1158,2,fc-nantes,995,1,72.294121,.055555556,22.647058,0,20.889706,.084967323,6.4926472,.026143791,2013,.51992023,.36240768,.812298,.47726262,.54878193,.42889822,.89337277,.53972924,.83137256,.57843137,1.2627451,.622549
2353763,fc-paris-saint-germain,583,1,ac-ajaccio,1147,1,0,0,0,0,15.084968,8.7941179,9.960784,2.6985295,2013,1.3055513,.80828393,.68166727,.48183188,1.3216821,.78224277,.80923283,.46142858,1.3305556,.81666666,.90952379,.77142859
2353764,fc-sochaux-montbeliard,750,1,olympique-lyon,1041,3,25.388889,30,8.2777777,14.888889,22.183006,11.764706,6.7189541,5.5947714,2013,.59995157,.43094811,.43879217,.46241537,.70290512,.51384223,.46609125,.50270545,.71764708,.48039216,.51666665,.7953704
2353765,as-monaco,162,4,hsc-montpellier,969,1,0,2.4444444,0,.44444445,.013071896,12.437908,.0065359478,5.7058825,2013,1.249529,.6538986,.75385869,.36573419,1.375416,.69590771,.69476038,.35089126,1.453125,.67708331,.45080215,.27156863
2353766,sc-bastia,595,2,fc-valenciennes,1423,0,16.555555,24.555555,5.3888888,7.5555553,5.6928105,16.117647,1.8300654,4.647059,2013,.80568695,.56481159,.7349112,.52823043,.79997438,.64151233,.70993322,.43671653,.79365081,.49074075,1.3083333,.78888887
2353767,ogc-nizza,417,2,fc-stade-rennes,273,1,26.111111,0,12,0,16.986929,11.849673,7.1895423,4.7254901,2013,.57588869,.48011705,.76850712,.59638679,.59022015,.4449766,.78770208,.68692362,.66568625,.44999999,1.0388889,.76666665
2353768,stade-reims,1421,2,osc-lille,1082,1,15.833333,0,4.2222223,0,7.7254901,17.437908,2.1111112,8.6862745,2013,.75327146,.3393628,.52741826,.38993824,.89187312,.42372134,.51620793,.41468564,1.837963,.46296296,.4700397,.32499999
2353769,as-saint-etienne,618,1,ea-guingamp,855,0,40,0,15.833333,0,16.575163,.48366013,6.980392,.14379086,2013,.61058038,.47543851,.83240104,.51931852,.59333616,.46833012,.99036705,.64289522,.79907405,.5787037,1.3990741,.91666669
2353770,fc-toulouse,415,1,fc-girondins-bordeaux,40,1,62.214287,41.166668,23.285715,14.5,27.802198,11.533334,10.164835,4.1999998,2013,.63998425,.49137607,.26198831,.24795821,.69821429,.53945577,.15555556,.047979798,.86309522,.85714287,.26666668,.074074075
2353771,ea-guingamp,855,1,olympique-marseille,244,3,0,26.055555,0,13.111111,.45751634,25.248365,.13725491,11.379085,2013,.7879566,.52914757,.77982634,.67501724,.95579916,.62761742,.78038025,.71666896,1.4268519,.9212963,.81388891,.72037035
2355375,olympique-marseille,244,2,fc-evian-thonon-gaillard,14171,0,22.777779,16,11.611111,4.7222223,28.732027,11.535948,12.542483,3.3137255,2013,.79856271,.69882673,.72101879,.52502972,.78821504,.72550738,.75613195,.53360069,.81388891,.73148149,.61764705,.38375351
2482105,stade-reims,1421,2,fc-paris-saint-germain,583,2,0,22.333334,0,15.666667,23.163399,19.444445,6.7058825,13.372549,2014,.81074607,.46349823,1.1094251,.6704368,.92697012,.51935226,1.1455874,.70565623,.5462963,.30555555,1.0078043,.81759262
2482106,sc-bastia,595,3,olympique-marseille,244,3,0,0,0,0,4.6993465,14.653595,1.6862745,6.3986926,2014,.66055614,.43286583,.97504365,.56416464,1.162106,.55583566,1.0028433,.5292809,1.253125,.640625,1.2444445,.60277778
2482107,fc-evian-thonon-gaillard,14171,0,sm-caen,1162,3,34.611111,4.9444447,10.055555,1.1111112,18.627451,.43137255,5.3856211,.12418301,2014,.77782226,.48130721,.70463693,.34243131,.8379252,.49799043,.87879187,.34909612,1.0842593,.85185188,1.3928572,.4537037
2482108,ea-guingamp,855,0,as-saint-etienne,618,2,15.333333,55.111111,4.4444447,25.388889,7.3856211,34.202614,2.2026143,16.90196,2014,.82104713,.42657998,.7449249,.54798394,.93240482,.47351292,.67247415,.55063021,.76851851,.50925928,.61574072,.37314814
2482109,osc-lille,1082,0,fc-metz,347,0,30.111111,.5,15.722222,.16666667,31.973856,.20915033,15.875817,.071895428,2014,.62176502,.43854418,.61676157,.30693418,.59586805,.42740655,.74652678,.3449074,.70304233,.55555558,1.2222222,.62962961
2482110,hsc-montpellier,969,0,fc-girondins-bordeaux,40,1,9.2777777,0,2.6666667,0,24.954248,18.215687,8.6078434,6.3137255,2014,.6079694,.39587203,.84210771,.48207086,.62767267,.38829473,.99998903,.51190478,.7647059,.53921568,1.012037,.42222223
2482111,fc-nantes,995,1,rc-lens,826,0,21,.66666669,6.3333335,.3888889,10.339869,0,3.0392158,0,2014,.61698747,.424575,.88684678,.61920887,.61305708,.45359623,.9896698,.6172269,.67916667,.52083331,.83958334,.46875
2482112,ogc-nizza,417,3,fc-toulouse,415,2,48,51.388889,19.166666,18.055555,20.032681,15.941176,7.4183006,5.2222223,2014,.55790347,.32468626,.79558104,.52374583,.57232744,.3351852,.89438665,.63945121,.44325396,.19444445,1.0078431,.52941179
2482113,olympique-lyon,1041,2,fc-stade-rennes,273,0,0,16.444445,0,4.8888888,14.862745,6.7124181,6.7581701,2.0915034,2014,.51927215,.37839535,.91462809,.65405118,.54273534,.4025234,.93314093,.67159694,.60119045,.25277779,.90251321,.63240743
2482114,as-monaco,162,1,fc-lorient,1158,2,0,0,0,0,8.6928101,7.8431373,5.1372547,2.4183006,2014,1.2005688,.71865147,.66113985,.47286955,1.2396525,.77513027,.76897794,.60574228,.94907409,.76296294,1.3343138,1.137255
2482115,fc-girondins-bordeaux,40,4,as-monaco,162,1,0,0,0,0,21.248365,8.1111107,7.8954248,4.5620914,2014,.85877436,.56378382,1.2916508,.80981308,1.0037769,.57208997,1.3516896,.86917788,1.0009259,.42222223,1.0277778,.86018521
2482116,sm-caen,1162,0,osc-lille,1082,1,4.9444447,29.555555,1.1111112,15.388889,.43137255,27.30719,.12418301,13.594771,2014,.70463693,.34243131,.71687788,.56549525,.87879187,.34909612,.69111383,.49592507,1.3928572,.4537037,.96230161,.6388889
2482117,rc-lens,826,0,ea-guingamp,855,1,.66666669,16.5,.3888889,5.0555553,0,8.5359478,0,2.6928105,2014,.88684678,.61920887,.87265295,.48402947,.9896698,.6172269,.98868185,.54088306,.83958334,.46875,.75,.52777779
2482118,fc-lorient,1158,0,ogc-nizza,417,0,0,24.666666,0,9.4444447,11.79085,10.45098,3.8954248,3.6601307,2014,.6626783,.5443936,.4504002,.30940849,.78218162,.67661065,.42996633,.32039443,1.2941177,1.2019608,.35992062,.21296297
2482119,olympique-marseille,244,0,hsc-montpellier,969,2,0,13.944445,0,4.1111112,14.254902,29.568628,6.0784316,10.477124,2014,.92708725,.52668244,.75081575,.45902991,.95918232,.50835741,.66688836,.40300059,1.2055556,.58888888,.77450979,.53921568
2482120,fc-metz,347,1,fc-nantes,995,1,.5,22.055555,.16666667,6.7222223,.20915033,12.986928,.071895428,3.9738562,2014,.65871966,.40794429,.70965338,.41805443,.80208236,.45734128,.66285348,.43753502,1.3888888,1.2407408,.77156866,.51960784
2482121,fc-paris-saint-germain,583,2,sc-bastia,595,0,23.333334,0,16.444445,0,23.986929,1.3333334,16.856209,.43137255,2014,1.3500121,.93634599,.75645077,.48755097,1.4357575,.94131345,1.3311012,.62994707,1.2087301,.88981479,1.3222222,.68333334
2482122,fc-stade-rennes,273,6,fc-evian-thonon-gaillard,14171,2,16.611111,31.944445,4.8888888,9.2222223,7.5294118,16.464052,2.4509804,4.7908497,2014,.97654998,.64963454,.85209125,.47803923,.92291969,.6253708,.92125851,.49243489,.85529101,.46574074,1.2324075,.85185188
2482123,as-saint-etienne,618,3,stade-reims,1421,1,48.888889,0,22.222221,0,25.745098,20.359478,12.908497,6.013072,2014,.91600603,.53324628,.83235103,.37796032,.84747416,.51808256,.95474786,.39851892,.66666669,.4148148,.72222221,.28703704
2482124,fc-toulouse,415,2,olympique-lyon,1041,1,51.722221,0,18.166666,0,17.418301,15.418301,5.647059,7.1830068,2014,.78653127,.45636618,.51404518,.32052496,.9009226,.60163611,.53305525,.32893953,1.022549,.52941179,.58174604,.21111111
2482125,sc-bastia,595,1,fc-toulouse,415,0,0,47.833332,0,16.444445,3.2091503,15.771242,1.1960784,5.0784316,2014,.69767421,.43387827,.79115045,.47852662,1.2548134,.57390875,.87503344,.51505601,1.3392857,.66071427,.87549019,.35294119
2482126,fc-evian-thonon-gaillard,14171,0,fc-paris-saint-germain,583,0,34.611111,20.388889,10.055555,14.444445,18.627451,21.169935,5.3856211,14.542483,2014,.77782226,.48130721,1.0927629,.7779274,.8379252,.49799043,1.0961157,.76443785,1.0842593,.85185188,.93888891,.85092592
2482127,ea-guingamp,855,0,olympique-marseille,244,1,14.666667,0,4.4444447,0,7.8300653,13.627451,2.4444444,6.2156863,2014,.90876406,.48799774,1.0243095,.67747611,1.0331262,.54881954,1.0702934,.68428332,.79166669,.5462963,1.7055556,1.1444445
2482128,osc-lille,1082,2,fc-lorient,1158,0,28.722221,0,14.833333,0,29.294117,4.8431373,14.418301,1.6797385,2014,.60002589,.41208914,.58585221,.34292302,.57205856,.40888801,.63150471,.36148459,.70304233,.55555558,.68235296,.55490196
2482129,olympique-lyon,1041,0,rc-lens,826,1,0,.66666669,0,.3888889,13.862745,0,6.5555553,0,2014,.50852519,.34830275,.88498306,.53859127,.53426927,.37338397,.99795276,.53080356,.5777778,.22222222,.87333333,.5
2482130,hsc-montpellier,969,2,fc-metz,347,0,11.666667,.5,3.5,.16666667,16.431372,.20915033,5.7189541,.071895428,2014,.78211677,.47938597,.63450313,.40509528,.68584156,.41568813,.75710881,.44411376,.77604169,.55208331,1.4166666,1.2685186
2482131,fc-nantes,995,0,as-monaco,162,1,21.944445,0,6.5555553,0,12.235294,10.366014,3.5947711,6.2091503,2014,.75554866,.44746619,1.244586,.70122474,.6796602,.44733894,1.2702279,.74695569,.78627449,.51960784,1.037037,.82314813
2482132,ogc-nizza,417,1,fc-girondins-bordeaux,40,3,24.666666,0,9.4444447,0,10.274509,16.647058,3.6013072,5.980392,2014,.44888315,.29525605,.79788768,.44804308,.44349375,.33083779,.9475199,.48412699,.35756302,.21078432,.94722223,.37037036
2482133,stade-reims,1421,0,sm-caen,1162,2,0,8,0,1.8333334,21.803921,1.1241831,6.4052286,.28758171,2014,.89039946,.39925662,.48426655,.32172424,1.0255812,.42321026,.57455909,.31735009,.77777779,.3425926,.69841272,.39814815
2482134,as-saint-etienne,618,0,fc-stade-rennes,273,0,49.166668,16.333334,22.611111,4.7222223,25.450981,6.980392,12.575164,2.1699347,2014,.96284699,.6111784,.88704383,.50727344,.90395564,.63104552,.85726309,.48956829,.68055558,.45648149,.82751322,.46574074
2482135,fc-girondins-bordeaux,40,1,sc-bastia,595,1,0,0,0,0,14.137255,3.143791,5.1503267,1.1568627,2014,.61844081,.42627022,.70184088,.43387827,.67323345,.45378152,1.2610635,.57390875,.75784314,.37254903,1.3392857,.66071427
2482136,sm-caen,1162,0,fc-stade-rennes,273,1,8,15.166667,1.8333334,4.4444447,1.1241831,7.019608,.28758171,2.2810457,2014,.48426655,.32172424,.96924007,.63508427,.57455909,.31735009,.91829002,.61302507,.69841272,.39814815,.83862436,.44722223
2482137,rc-lens,826,4,stade-reims,1421,2,.66666669,0,.3888889,0,0,24.039215,0,6.9411764,2014,.88684678,.61920887,.95389152,.50265169,.9896698,.6172269,1.0938352,.55098808,.83958334,.46875,.85185188,.41666666
2482138,fc-lorient,1158,4,ea-guingamp,855,0,0,19.888889,0,6.0555553,6.6862745,10.69281,2.1633987,3.3333333,2014,.66456366,.39621612,.90529186,.46369216,.82468653,.51148462,1.0269535,.50560969,.6970588,.55490196,.77314812,.41666666
2482139,olympique-marseille,244,4,ogc-nizza,417,0,0,26.944445,0,9.8888893,14.509804,13.254902,6.5032678,4.7843137,2014,1.0243095,.67747611,.55627543,.31588998,1.0702934,.68428332,.58937991,.3527357,1.7055556,1.1444445,.45410052,.21018519
2482140,fc-metz,347,2,olympique-lyon,1041,1,.5,0,.16666667,0,.20915033,14.281046,.071895428,6.6078429,2014,.716335,.49970463,.34569499,.29089534,.77121812,.54559284,.37143907,.31597656,1.4910053,1.3974868,.32804233,.14444445
2482141,as-monaco,162,1,osc-lille,1082,1,0,25.388889,0,13.166667,10.562092,22.542484,6.3202615,10.954248,2014,.98048335,.74949563,.58225882,.41817379,1.013869,.82978398,.5522173,.40720454,.84722221,.85092592,.64748675,.47222221
2482142,fc-nantes,995,1,hsc-montpellier,969,0,21.722221,11.666667,6.1666665,3.5,11.823529,16.366013,3.1503267,5.6993465,2014,.74217969,.43944481,.78211677,.47938597,.6943661,.46204481,.68584156,.41568813,.79607844,.52941179,.77604169,.55208331
2482143,fc-paris-saint-germain,583,5,as-saint-etienne,618,0,22.888889,38,16,17.555555,25.366013,20.581699,17.48366,10.130719,2014,1.1591234,.7284652,.93124974,.56020194,1.2180734,.78081965,.85909027,.548558,1.0642858,.9064815,.63725489,.41568628
2482144,fc-toulouse,415,1,fc-evian-thonon-gaillard,14171,0,45.222221,34.611111,15.666667,10.055555,14.816994,18.627451,4.6732025,5.3856211,2014,.7533052,.45968753,.77782226,.48130721,.83125055,.49612194,.8379252,.49799043,.81296295,.33333334,1.0842593,.85185188
2482145,sc-bastia,595,1,rc-lens,826,1,0,.66666669,0,.3888889,3.0522876,0,1.1307189,0,2014,.79734969,.48923838,.86935806,.58290946,1.300787,.62250233,1.0046492,.58288693,1.2864584,.68229169,.84222221,.47777778
2482146,fc-evian-thonon-gaillard,14171,1,olympique-marseille,244,3,25.833334,0,7.6111112,0,8.5098038,13.30719,2.509804,5.640523,2014,.78608948,.54284996,.92756826,.52112687,.83798331,.55023909,.9638961,.50756371,1.1401961,.95098037,1.1833333,.5472222
2482147,ea-guingamp,855,2,fc-girondins-bordeaux,40,1,15.333333,0,4.4444447,0,7.6013074,15.091503,2.1699347,5.3790851,2014,.73735356,.39909983,.84012586,.54873753,.73840123,.38268399,.98969162,.5535714,.59166664,.31944445,.9675926,.3888889
2482148,osc-lille,1082,2,fc-nantes,995,0,27.277779,20.611111,14.277778,6.0555553,22.326797,11.313725,11.03268,3.2941177,2014,.64090079,.53815836,.68864501,.40334854,.57047123,.48343909,.63344175,.39971989,.81415343,.6388889,.78137255,.52941179
2482149,olympique-lyon,1041,2,as-monaco,162,1,0,0,0,0,19.026144,7.4444447,8.8169937,4.6013074,2014,.50947654,.37976411,.9739809,.75784355,.53256959,.38898227,1.0149733,.84035945,.66785717,.33055556,.89215684,.88137257
2482150,hsc-montpellier,969,1,fc-lorient,1158,0,14.444445,0,4.1666665,0,30.607843,6.7581701,10.75817,2.2222223,2014,.71809071,.44199386,.4571757,.24790038,.61973798,.36950055,.52268118,.24955648,.70833331,.49074075,.5598039,.31960785
2482155,fc-girondins-bordeaux,40,2,fc-evian-thonon-gaillard,14171,1,0,32.722221,0,9.6111107,13.24183,16.431372,4.8104577,4.973856,2014,.83086663,.54526532,.85851008,.56327885,.97959065,.5535714,.9179216,.61541468,.95648146,.3888889,1.1231482,.77777779
2482156,rc-lens,826,0,as-saint-etienne,618,1,.66666669,43.222221,.3888889,20.111111,0,20.660131,0,10.150327,2014,.88870329,.58648086,.7516678,.48764443,.99795276,.58437502,.71943182,.51480621,.80666667,.41111112,.46388888,.38425925
2482157,osc-lille,1082,0,hsc-montpellier,969,0,28,14.111111,14.555555,4,25.156862,24.437908,12.339869,8.4052286,2014,.64914405,.52828181,.58807319,.3813062,.63405669,.47693172,.58168334,.34711823,.81415343,.64814812,.68137252,.46078432
2482158,fc-lorient,1158,0,stade-reims,1421,1,0,0,0,0,4.5751634,16.313726,1.5163399,4.7124181,2014,.6561603,.40979078,.70579052,.44292945,.82468653,.52455652,.81144166,.50808883,.73137254,.58431375,.71018517,.3611111
2482159,olympique-marseille,244,3,fc-stade-rennes,273,0,0,14.333333,0,4.1111112,16.647058,6.2222223,7.4117646,1.9607843,2014,.93766922,.53779358,.99751168,.54827875,.97399712,.52423042,.95757174,.51568419,1.2055556,.58888888,.93862432,.48690477
2482160,fc-metz,347,3,sc-bastia,595,1,.5,0,.16666667,0,.20915033,4.2287583,.071895428,1.5490196,2014,.81339657,.58790499,.753434,.49637827,.78709114,.6090849,1.2591695,.64057541,1.6206349,1.5456349,1.2739583,.68229169
2482161,as-monaco,162,1,ea-guingamp,855,0,0,14.444445,0,4.2777777,9.4313726,6.9215684,5.8300653,1.9738562,2014,.94764864,.73425967,.67329997,.4643679,.98636365,.81219137,.61269981,.43021286,.8611111,.85092592,.36018518,.34722221
2482162,fc-nantes,995,2,ogc-nizza,417,1,19.764706,33.277779,5.5882354,13.333333,9.4264708,10.96732,2.4191177,3.9803922,2014,.54185778,.34972259,.49192658,.29200652,.43299061,.31845239,.48822251,.33015272,.53125,.4375,.43161374,.2361111
2482163,fc-paris-saint-germain,583,1,olympique-lyon,1041,1,23.944445,0,16.833334,0,23.235294,19.751635,16.392157,9.0522881,2014,1.3500121,.93634599,.58848888,.49133816,1.4357575,.94131345,.60256439,.52288538,1.2087301,.88981479,.67896825,.44166666
2482164,fc-toulouse,415,3,sm-caen,1162,3,34.333332,8,11.833333,1.8333334,10.039216,1.1241831,3.0718954,.28758171,2014,.69842988,.42555776,.69908136,.33687577,.79056358,.50940204,.87085539,.34115961,1.0583333,.421875,1.3650794,.42592594
2482165,sc-bastia,595,0,fc-nantes,995,0,0,21.166666,0,6.1666665,4.4771242,11.686275,1.6405228,3.2679739,2014,.67624241,.40835604,.58327979,.39532715,1.2045302,.54014939,.48735252,.36834735,1.203125,.578125,.62941176,.4852941
2482166,sm-caen,1162,0,fc-paris-saint-germain,583,2,8,21.333334,1.8333334,15.055555,1.1241831,22.647058,.28758171,15.575164,2014,.69908136,.33687577,1.1135963,.80061257,.87085539,.34115961,1.115957,.79221565,1.3650794,.42592594,.93888891,.85092592
2482167,fc-evian-thonon-gaillard,14171,2,rc-lens,826,1,31.833334,.66666669,9.2777777,.3888889,15.601307,0,4.6209149,0,2014,.76360267,.50114441,.88870329,.58648086,.80185014,.55522949,.99795276,.58437502,1.1324074,.7962963,.80666667,.41111112
2482168,ea-guingamp,855,0,fc-metz,347,1,17.944445,.5,5.3333335,.16666667,9.4640522,.20915033,2.8692811,.071895428,2014,.6950171,.47404802,.81339657,.58790499,.62892556,.43418109,.78709114,.6090849,.41574073,.4212963,1.6206349,1.5456349
2482169,olympique-lyon,1041,4,fc-lorient,1158,0,0,0,0,0,20.065359,4.3660131,9.2549019,1.6470588,2014,.52058762,.42420855,.64427704,.41230953,.5411166,.44881132,.81864333,.52735889,.67896825,.44166666,.71388888,.5796296
2482170,hsc-montpellier,969,0,as-monaco,162,1,13.388889,0,3.8333333,0,27.562092,8.0653591,9.6013069,4.7647057,2014,.75498378,.46799353,.97986323,.76568669,.65031081,.39123589,1.0208557,.84820259,.75,.51960784,.872549,.88137257
2482171,ogc-nizza,417,1,osc-lille,1082,0,31.055555,25.722221,12.5,13.611111,8.8039217,20.084967,3.0261438,10.163399,2014,.51353151,.33645096,.56480652,.40476191,.51600027,.37459716,.50760323,.40523395,.45939153,.27314815,.71230161,.58333331
2482172,stade-reims,1421,0,olympique-marseille,244,5,0,0,0,0,17.320261,16.647058,4.9084969,7.4117646,2014,.73570502,.46052203,.93766922,.53779358,.83551574,.49662498,.97399712,.52423042,.77037036,.3425926,1.2055556,.58888888
2482173,fc-stade-rennes,273,0,fc-toulouse,415,3,13.944445,51.388889,4.1111112,18.222221,5.8366013,15.986928,1.8954248,5.3333335,2014,1.0000758,.53545821,.63008583,.40605137,.96173841,.50873971,.71043926,.48057961,.95251322,.48690477,.9546296,.40277779
2482174,as-saint-etienne,618,1,fc-girondins-bordeaux,40,1,43.166668,0,19.777779,0,22.620914,13.986928,11.261438,5.2483659,2014,.7516678,.48764443,.82415479,.50487787,.71943182,.51480621,.96410239,.49338624,.46388888,.38425925,.92500001,.27777779
2482175,fc-girondins-bordeaux,40,2,fc-stade-rennes,273,1,0,14.722222,0,4.3888888,12.104575,6.4705882,4.5098038,2.1111112,2014,.82415479,.50487787,.77822661,.51622909,.96410239,.49338624,.7245751,.46854612,.92500001,.27777779,.76362431,.34338623
2482176,rc-lens,826,0,sm-caen,1162,0,.66666669,8,.3888889,1.8333334,0,1.1241831,0,.28758171,2014,.88684678,.61920887,.67527181,.3313202,.9896698,.6172269,.85418874,.34115961,.83958334,.46875,1.3511904,.42592594
2482177,osc-lille,1082,1,sc-bastia,595,0,26.117647,0,13.588235,0,21.67647,4.5424838,10.875,1.6405228,2014,.62575746,.3920635,.75305247,.46205848,.6203019,.40364277,1.228521,.58791888,.84243697,.64705884,1.2107843,.64215684
2482178,fc-lorient,1158,0,fc-evian-thonon-gaillard,14171,2,0,31.833334,0,9.2777777,6.5032678,14.725491,2.2483661,4.3921571,2014,.65517992,.48002708,.76360267,.50114441,.76630861,.58043885,.80185014,.55522949,1.0696079,1.054902,1.1324074,.7962963
2482179,olympique-marseille,244,2,as-saint-etienne,618,1,0,43.222221,0,20.111111,16.647058,20.660131,7.4117646,10.150327,2014,1.0719285,.72562426,.7516678,.48764443,1.1221453,.73719335,.71943182,.51480621,1.7611111,1.2,.46388888,.38425925
2482180,fc-metz,347,3,stade-reims,1421,0,.5,0,.16666667,0,.20915033,9.7581701,.071895428,2.8954248,2014,.71463114,.55255151,.91333252,.54886383,.66924602,.5743627,1.0497766,.59838563,1.2502645,1.406746,.93958336,.41666666
2482181,as-monaco,162,0,ogc-nizza,417,1,0,34.5,0,13.944445,9.5816994,10.673203,5.8692808,3.8104575,2014,.95085377,.73667508,.52896363,.34385839,.99535054,.81589508,.53451878,.38570827,.84722221,.85092592,.47791004,.27314815
2482182,hsc-montpellier,969,2,ea-guingamp,855,1,13.333333,18.055555,3.8888888,5.0555553,24.522877,8.9542484,8.4967318,2.4509804,2014,.5586704,.36012253,.78894085,.42746681,.54936761,.32783389,.78672576,.41046175,.64351851,.43518519,.65277779,.4074074
2482183,fc-nantes,995,1,olympique-lyon,1041,1,22.5,0,6.6666665,0,13.856209,24.078432,4.0326796,10.993464,2014,.65038693,.38094029,.58806151,.49460614,.59825051,.37751323,.5925929,.52751499,.73796296,.5,.68822753,.44166666
2482184,fc-toulouse,415,1,fc-paris-saint-germain,583,1,39.611111,17.5,13.555555,12.222222,11.026144,21.444445,3.5228758,14.633986,2014,.72730803,.42048138,.99493688,.66604465,.84535986,.49546057,.98103637,.67184526,1.0490741,.47222221,.8277778,.77314812
2482185,sc-bastia,595,0,fc-lorient,1158,2,0,0,0,0,3.6013072,7.1437907,1.3267974,2.4313726,2014,.67970264,.44512072,.51245517,.3632592,.77137518,.44603175,.63169044,.44402558,.72395831,.49479166,.92685187,.80185187
2482186,sm-caen,1162,1,olympique-marseille,244,2,8,0,1.8333334,0,1.1241831,16.647058,.28758171,7.4117646,2014,.66035956,.33687577,1.0719285,.72562426,.83619928,.34909612,1.1221453,.73719335,1.3472222,.4537037,1.7611111,1.2
2482187,fc-evian-thonon-gaillard,14171,3,fc-metz,347,0,30.111111,.5,8.7777777,.16666667,13.352942,.20915033,3.856209,.071895428,2014,.68247396,.53258514,.77873373,.4818444,.74634039,.5940302,.74211758,.48871452,.90555555,.72222221,1.4169313,.87896824
2482188,ea-guingamp,855,0,fc-nantes,995,1,12.388889,19.833334,3.8333333,5.8333335,4.1307192,9.986928,1.3267974,2.7777777,2014,.79361558,.47538349,.58327979,.39532715,.77875721,.45466369,.48735252,.36834735,.6564815,.5324074,.62941176,.4852941
2482189,olympique-lyon,1041,3,osc-lille,1082,0,0,21,0,11.117647,23.418301,24.308823,10.75817,12.191176,2014,.51090103,.41821727,.53906929,.30700281,.52188581,.44418168,.48005629,.29523286,.68822753,.44166666,.71568626,.63725489
2482190,ogc-nizza,417,1,hsc-montpellier,969,1,37.277779,12.666667,14.944445,3.7777777,11.300653,25.496733,4.0588236,9.0849676,2014,.50118583,.34385839,.72819173,.44199386,.51936728,.38570827,.63084906,.36950055,.46679893,.27314815,.73055553,.49074075
2482191,fc-paris-saint-germain,583,1,as-monaco,162,1,19.944445,0,13.888889,0,19.718954,7.1372547,13.477124,4.3071895,2014,1.0474061,.65910023,.84537888,.71505141,1.0335054,.66490084,.90537119,.79852939,.85555553,.75925928,.72745097,.76372552
2482192,stade-reims,1421,1,fc-girondins-bordeaux,40,0,0,0,0,0,22.137255,15.163399,6.346405,5.8562093,2014,.83644342,.49223071,.82574964,.5370416,.93558484,.52422547,.97251993,.54431218,.87675071,.37254903,.94907409,.3888889
2482193,fc-stade-rennes,273,2,rc-lens,826,0,12.888889,.66666669,3.8888888,.3888889,5.1830068,0,1.7385621,0,2014,.9190467,.57178462,.82947707,.54481423,.91551226,.5597142,.94760549,.55312502,.85251325,.4287037,.8107143,.40476191
2482194,as-saint-etienne,618,0,fc-toulouse,415,1,38.777779,26.833334,18,8.9444447,22.235294,8.9019604,11.30719,2.6993463,2014,.77334839,.48656082,.77499282,.44521558,.76896882,.51309681,.90162289,.52460527,.4861111,.37314814,1.1107843,.5
2482195,fc-girondins-bordeaux,40,1,sm-caen,1162,1,0,4.9444447,0,1.1111112,17.424837,.43137255,6.4444447,.12418301,2014,.83029515,.5370416,.70463693,.34243131,.97706538,.54431218,.87879187,.34909612,.95833331,.3888889,1.3928572,.4537037
2482196,rc-lens,826,1,fc-paris-saint-germain,583,3,.66666669,18,.3888889,12.588235,0,21.007353,0,14.360294,2014,.91638184,.6099928,1.0688396,.67233753,1.0233991,.6183036,1.0507351,.67872649,.85666668,.43333334,.90588236,.80392158
2482197,osc-lille,1082,1,ea-guingamp,855,2,28.833334,10.888889,15.166667,3.3333333,31.607843,4.9673204,15.810457,1.5098039,2014,.5600366,.31940836,.75591618,.43121463,.50794923,.30981395,.75021785,.41839826,.75462961,.6388889,.6111111,.3888889
2482198,fc-lorient,1158,0,as-saint-etienne,618,1,0,45.722221,0,20.666666,11.071896,22.464052,3.7058823,11.248366,2014,.4953517,.34037262,.79652482,.48494044,.59168607,.41736695,.73312229,.46556592,.90294117,.78431374,.5462963,.35925925
2482199,olympique-marseille,244,2,fc-toulouse,415,0,0,35.388889,0,12.222222,16.647058,11.20915,7.4117646,3.6143792,2014,1.0719285,.72562426,.77134651,.44179153,1.1221453,.73719335,.89213562,.52614313,1.7611111,1.2,1.0552083,.5
2482200,fc-metz,347,0,fc-stade-rennes,273,0,0,12.555555,0,3.6666667,0,5.0392156,0,1.6470588,2014,.65563881,.39453381,.87334263,.60303301,.58431339,.37800023,.86855662,.60463917,.95396823,.77711642,.93333334,.52394181
2482201,as-monaco,162,2,fc-evian-thonon-gaillard,14171,0,0,29.5,0,8.7222223,6.8823528,13.647058,4.3660131,4.1372547,2014,.94326758,.71717584,.63556039,.48725548,.95037878,.78904319,.68240571,.54927713,.71666664,.73148149,.97870368,.85185188
2482202,olympique-lyon,1041,5,hsc-montpellier,969,1,0,13.944445,0,3.9444444,23.418301,27.013071,10.75817,8.7777777,2014,.51090103,.41821727,.7630831,.4767161,.52188581,.44418168,.6685034,.40422279,.68822753,.44166666,.76759261,.52777779
2482203,fc-nantes,995,1,stade-reims,1421,1,21.611111,0,6.2222223,0,11.941176,20.09804,3.2352941,5.7908497,2014,.62795407,.35677993,.76682621,.45377347,.57461822,.36470589,.84888566,.4765833,.65196079,.45588234,.79100531,.35185185
2482204,ogc-nizza,417,0,sc-bastia,595,1,36.722221,0,14.666667,0,11.398693,4.4248366,4.019608,1.6078432,2014,.52896363,.34385839,.797315,.49377412,.53451878,.38570827,1.2443968,.62038308,.47791004,.27314815,1.2895833,.640625
2482205,sc-bastia,595,1,as-monaco,162,3,0,0,0,0,3.7516339,5.7254901,1.3464053,3.3790851,2014,.82703316,.57524735,.88152814,.65170574,1.2018778,.70093864,.88066202,.68313491,1.1697917,.71354169,.54259259,.45740741
2482206,sm-caen,1162,2,fc-lorient,1158,1,4.9444447,0,1.1111112,0,.43137255,6.7581701,.12418301,2.1960785,2014,.65304959,.32854244,.57556218,.42389694,.80471784,.32826278,.66999465,.50658262,1.281746,.42592594,.93725491,.93725491
2482207,fc-evian-thonon-gaillard,14171,0,fc-nantes,995,2,31.333334,20.555555,9.2777777,5.7777777,15.156863,10.895425,4.5359478,2.8496733,2014,.67630112,.58447772,.53022826,.32603127,.7443105,.64186972,.47264662,.35644257,.91388887,.9074074,.5,.38235295
2482208,ea-guingamp,855,2,ogc-nizza,417,7,17.388889,34.611111,5.2222223,14.055555,7.9542484,10.803922,2.4183006,3.9411764,2014,.7827329,.4363052,.44377846,.28036633,.7946623,.43427128,.41785213,.29928851,.63425928,.4074074,.42235449,.23148148
2482209,olympique-lyon,1041,1,olympique-marseille,244,0,0,0,0,0,23.418301,16.647058,10.75817,7.4117646,2014,.51090103,.41821727,1.0719285,.72562426,.52188581,.44418168,1.1221453,.73719335,.68822753,.44166666,1.7611111,1.2
2482210,fc-paris-saint-germain,583,3,fc-girondins-bordeaux,40,0,20.555555,0,14.444445,0,23.967319,9.6928101,16.30719,3.5751634,2014,.76851714,.73210406,.87761271,.54818225,.77953726,.71961462,1.0456947,.57068455,.67962962,.75370371,1.028125,.40000001
2482211,stade-reims,1421,1,hsc-montpellier,969,0,0,15.388889,0,4.4444447,22.588236,33.084969,6.5294118,11.529411,2014,.77917188,.46071792,.60188031,.39484474,.8617062,.48163381,.59257746,.36255613,.80211639,.35185185,.68055558,.47222221
2482212,fc-stade-rennes,273,2,osc-lille,1082,0,12.722222,27.333334,3.6666667,14.277778,5.1045752,31.673203,1.6732026,15.647058,2014,.96308619,.67374009,.67812222,.46240079,.91906166,.66636759,.62594539,.3843866,.96111113,.54246032,.81944442,.6574074
2482213,as-saint-etienne,618,1,fc-metz,347,0,46.555557,.5,21.333334,.16666667,20.156862,.22222222,10.248366,.071895428,2014,.8194949,.48725525,.64304346,.37948751,.77201116,.47791159,.57875782,.37337062,.5462963,.35925925,.98174602,.76785713
2482214,fc-toulouse,415,0,rc-lens,826,2,28.388889,.66666669,9.5555553,.3888889,7.986928,0,2.3725491,0,2014,.75538498,.41580379,.81901973,.64475363,.88038105,.49519354,.91086888,.6403628,1.0960784,.47058824,.72361112,.5
2482215,fc-girondins-bordeaux,40,2,fc-toulouse,415,1,0,36,0,12.222222,17.758169,9.679739,6.7843137,3.0849674,2014,.83100766,.55258954,.75023794,.47795367,.96502107,.55112046,.88028556,.58928573,.94607842,.39215687,1.0813725,.50980395
2482216,ea-guingamp,855,1,sc-bastia,595,0,16.833334,0,5.0555553,0,6.8169932,4.019608,2.0980392,1.4379085,2014,.79992872,.45297188,.8228665,.57524735,.78990036,.41839826,1.1956278,.70093864,.6564815,.4212963,1.1541667,.71354169
2482217,osc-lille,1082,1,as-saint-etienne,618,1,25.333334,41.833332,13.055555,19.111111,27.143791,20.627451,13.320261,10.346405,2014,.72215992,.54133296,.87406707,.49392411,.66766292,.46730554,.7701593,.49355954,.92526454,.75925928,.58796299,.37129629
2482218,fc-lorient,1158,1,fc-paris-saint-germain,583,2,0,23.777779,0,16.722221,5.6797385,26.450981,1.862745,18.17647,2014,.59315246,.44592622,1.093388,.76101011,.69311929,.53824407,1.0946537,.74483001,.99583334,.99583334,.96666664,.85092592
2482219,olympique-marseille,244,2,rc-lens,826,1,0,.66666669,0,.3888889,9.1830063,0,3.7581699,0,2014,.99541777,.65155017,.94795018,.6255796,1.0499231,.67138648,1.0644829,.62333333,1.7941177,1.2117647,.86428571,.44047618
2482220,fc-metz,347,3,sm-caen,1162,2,.5,4.9444447,.16666667,1.1111112,.20915033,.43137255,.071895428,.12418301,2014,.63912612,.45468393,.72095084,.34114927,.58113879,.45405844,.91212523,.35703263,1.0928571,1.2956349,1.406746,.48148149
2482221,as-monaco,162,1,stade-reims,1421,1,0,0,0,0,7.3202615,19.071896,4.4379086,5.5098038,2014,.92323238,.64461267,.79438353,.47460681,.90572768,.70604575,.88551569,.50941157,.59411764,.65098041,.80211639,.35185185
2482222,hsc-montpellier,969,2,fc-evian-thonon-gaillard,14171,0,12.611111,27.777779,3.7777777,8.0555553,23.398693,11.54902,8.3725491,3.3856208,2014,.76438701,.4679198,.8528986,.53954309,.69381207,.41811168,.89892608,.55023909,.7361111,.51851851,1.1731482,.89814812
2482223,fc-nantes,995,1,fc-stade-rennes,273,1,22.055555,15,6.2777777,4.2777777,12.79085,6.4967322,3.4313726,1.9869281,2014,.58251584,.39220774,.85911793,.63670301,.53147018,.42507002,.78803712,.61698484,.60000002,.45588234,.80462962,.49801588
2482224,ogc-nizza,417,1,olympique-lyon,1041,3,34.388889,0,13.888889,0,13.496732,15.078431,4.986928,7.013072,2014,.51975107,.26793689,.44061673,.34535092,.528216,.28801674,.4565962,.37712836,.45700279,.20588236,.58055556,.35277778
2482225,sc-bastia,595,2,hsc-montpellier,969,0,0,13.722222,0,4.0555553,6.5441175,29.431372,2.3602941,10.627451,2014,.73898166,.47033662,.76438701,.4679198,.77981341,.45371643,.69381207,.41811168,.77555555,.48333332,.7361111,.51851851
2482226,sm-caen,1162,1,fc-nantes,995,2,6.0555553,23.111111,1.5,6.5555553,.46405229,13.934641,.13725491,3.6535947,2014,.77563447,.34639958,.66950673,.40577194,.9278897,.35958993,.65975845,.45886242,1.3981482,.4537037,.73796296,.5
2482227,fc-evian-thonon-gaillard,14171,1,ogc-nizza,417,0,33.777779,24.277779,9.7777777,9.2777777,17.039215,11.150327,5,4.1699347,2014,.8343699,.56169993,.53623462,.2914663,.83993137,.55007076,.55150032,.31941473,1.0657407,.7962963,.47240895,.2254902
2482228,rc-lens,826,1,fc-girondins-bordeaux,40,2,.66666669,0,.3888889,0,0,15.601307,0,5.8431373,2014,.87842637,.58843672,.84508026,.51961273,1.0345887,.5884127,1.0002261,.53711486,.93333334,.51282054,.97941178,.3764706
2482229,olympique-lyon,1041,3,ea-guingamp,855,1,0,16.666666,0,4.8888888,19.568628,5.9084969,9.1568632,1.7385621,2014,.44267979,.35018185,.64000225,.4516364,.46276903,.38506487,.57385099,.42688593,.58981484,.35277778,.39722222,.5138889
2482230,fc-paris-saint-germain,583,2,olympique-marseille,244,0,21.277779,0,14.944445,0,23.078432,9.0784311,16.019608,3.7320261,2014,1.3266056,.90216279,.87473732,.60718286,1.4177681,.92103124,.93154699,.62698412,1.2253969,.96203703,1.65625,1.1625
2482231,stade-reims,1421,2,osc-lille,1082,0,0,26.388889,0,13.777778,17.392157,27.575163,4.9281044,13.725491,2014,.73732644,.44255552,.62908423,.3564454,.82687372,.4657608,.60011446,.32749072,.77037036,.3425926,.81944442,.69444442
2482232,fc-stade-rennes,273,1,fc-lorient,1158,0,12.722222,0,3.6666667,0,5.1045752,5.6143789,1.6732026,1.9542483,2014,.96308619,.67374009,.58816725,.43294671,.91906166,.66636759,.68617111,.51965451,.96111113,.54246032,.96666664,.96666664
2482233,as-saint-etienne,618,1,as-monaco,162,1,39.058823,0,17.647058,0,20.470589,7.4117646,10.044118,4.6143789,2014,.87242621,.51913863,.84217978,.61100543,.77722752,.53546321,.8584398,.69089508,.55000001,.42450979,.65370369,.6703704
2482234,fc-toulouse,415,3,fc-metz,347,0,51.333332,.5,17.777779,.16666667,16.575163,.20915033,5.1895423,.071895428,2014,.76616931,.49143407,.55579275,.43321928,.88820982,.60443723,.4725529,.4332251,1.0372549,.52941179,.70396823,1.156746
2482235,sc-bastia,595,0,olympique-lyon,1041,0,0,0,0,0,5,25.477123,1.8169935,11.908497,2014,.65859532,.40835604,.46608695,.31962627,1.1868832,.54014939,.48617616,.35450932,1.190625,.578125,.6298942,.33333334
2482236,ea-guingamp,855,0,fc-stade-rennes,273,1,13.222222,15.611111,4.0555553,4.5,4.9673204,7,1.5816994,2.1764705,2014,.62832743,.42806956,.90544814,.46891364,.55659258,.41103047,.86550826,.43631908,.37156862,.49509802,.74880952,.39431217
2482237,osc-lille,1082,1,fc-evian-thonon-gaillard,14171,0,23,24.833334,12.166667,7.1111112,26.137255,9.7908497,13.215686,2.9411764,2014,.54621416,.31676286,.81182367,.55343199,.4885242,.30554044,.82591021,.58340412,.69444442,.62037039,1.1592592,.93518519
2482238,fc-lorient,1158,1,rc-lens,826,0,0,.66666669,0,.3888889,6.6666665,0,2.3725491,0,2014,.66190261,.51803613,.8964414,.62665945,.78983802,.6614846,1.016802,.62455356,1.0990196,1.0843138,.86222219,.46666667
2482239,olympique-marseille,244,3,fc-girondins-bordeaux,40,1,0,0,0,0,6.8627453,15.418301,2.5424836,5.6274509,2014,.90888834,.64421993,.65667611,.49573615,.9625234,.66402113,.70542186,.49789914,1.5240741,1.0888889,.75392157,.39215687
2482240,fc-metz,347,2,fc-paris-saint-germain,583,3,.5,22.388889,.16666667,15.777778,.20915033,23.686274,.071895428,16.437908,2014,.83761311,.59075403,1.3057811,.76765829,.83206469,.62231243,1.3654209,.75812536,1.5928571,1.5178572,1.2050265,.75
2482241,as-monaco,162,2,sm-caen,1162,2,0,6.0555553,0,1.5,6.0588236,.46405229,3.7058823,.13725491,2014,.98198444,.66183114,.83622575,.35067308,.93642801,.71444005,1.0038157,.36752644,.68425924,.70740741,1.457672,.48148149
2482242,hsc-montpellier,969,2,fc-toulouse,415,0,12.666667,53.833332,3.6666667,19.055555,25.869282,18.261438,9.1633987,5.9411764,2014,.70188004,.44446409,.6681301,.4268173,.67399102,.4132947,.79144549,.4825885,.72941178,.50980395,.87549019,.42156863
2482243,fc-nantes,995,0,as-saint-etienne,618,0,23.333334,45.666668,6.8888888,20.722221,14.111111,23.601307,4.026144,11.771242,2014,.73066181,.44746619,.8657912,.56827378,.68386191,.46694678,.81500059,.57976347,.80098039,.54901963,.5324074,.40092593
2482244,ogc-nizza,417,0,stade-reims,1421,0,19,0,7.2222223,0,7.2614379,16.117647,2.6993463,4.7385621,2014,.4209303,.2021188,.51659495,.30245674,.46718657,.23230837,.61344784,.37830889,.36316526,.13921569,.46878308,.22222222
2482245,fc-girondins-bordeaux,40,1,osc-lille,1082,0,0,28.555555,0,14.888889,17.581699,30.549019,5.993464,14.986928,2014,.61484808,.52595139,.6697365,.47704726,.78175002,.55248916,.62489647,.41382629,.66441798,.40000001,.76851851,.6388889
2482246,sm-caen,1162,1,hsc-montpellier,969,1,6.0555553,12.055555,1.5,3.6111112,.46405229,23.20915,.13725491,8.320261,2014,.76215166,.35067308,.5365423,.35777679,.85798228,.36752644,.59948123,.36917707,1.1798942,.48148149,.6607843,.4509804
2482247,fc-evian-thonon-gaillard,14171,2,ea-guingamp,855,0,27.944445,16.111111,8.0555553,4.8333335,12.686275,6.6862745,3.7385621,2.0849674,2014,.91995859,.56001091,.66970825,.37972453,.99199563,.60985911,.72095698,.3776435,1.2527778,.77777779,.64722222,.43055555
2482248,rc-lens,826,2,fc-metz,347,0,0,.5,0,.16666667,0,.013071896,0,0,2014,.85493499,.58290946,.82431775,.59075403,.98589915,.58288693,.81724989,.62231243,.90238094,.51190478,1.5743387,1.5178572
2482249,olympique-marseille,244,2,fc-nantes,995,0,0,22.388889,0,6.3888888,14.274509,13.248366,5.7254901,3.5294118,2014,.90610361,.62685883,.56705362,.40577194,.95682544,.63997114,.5198012,.43386245,1.5018518,1.0333333,.59907407,.47685185
2482250,fc-paris-saint-germain,583,1,ogc-nizza,417,0,25.222221,25.666666,17.833334,9.3888893,24.941177,11.738562,17.601307,4.1633987,2014,1.2621615,.8384167,.53819537,.2822226,1.3381792,.85489368,.58679444,.33444741,1.1439153,.84074074,.44299719,.19117647
2482251,stade-reims,1421,2,sc-bastia,595,1,0,0,0,0,12.980392,4.6013074,3.6339869,1.5882353,2014,.72979915,.44983828,.62143362,.42965072,.80773795,.47777578,.98799795,.50927198,.74656087,.2962963,1.0088888,.53888887
2482252,fc-stade-rennes,273,2,as-monaco,162,0,14.333333,0,4.1111112,0,6.2222223,6.993464,1.9607843,4.1830068,2014,1.0323633,.65646589,.92564934,.69538307,.98091441,.61489052,.93979502,.7594136,.97195768,.57949734,.69722223,.74537039
2482253,as-saint-etienne,618,3,olympique-lyon,1041,0,45.555557,0,20.833334,0,21.549019,24.274509,10.973856,11.313725,2014,.75884676,.47452378,.45977381,.35018185,.73563552,.4964301,.47986305,.38506487,.45833334,.34537038,.62156087,.35277778
2482254,fc-toulouse,415,2,fc-lorient,1158,3,49.555557,0,17.277779,0,14.882353,4.6928105,4.7189541,1.503268,2014,.6680488,.42625338,.52123201,.33533642,.81096834,.49546057,.6028161,.40745151,1.0490741,.50925928,.65833336,.53333336
2482255,sc-bastia,595,1,fc-evian-thonon-gaillard,14171,2,0,30.055555,0,8.5555553,3.8169935,12.875817,1.2810458,3.8235295,2014,.49823511,.4031356,.74252009,.4030804,.98621225,.54613096,.73600721,.43995172,.97000003,.58333331,1.0259259,.57407409
2482256,ea-guingamp,855,5,sm-caen,1162,1,17,6.0555553,5.3333335,1.3333334,8.8366013,.627451,2.9542484,.14379086,2014,.64383864,.43783769,.77191597,.3744826,.60367304,.4401435,.86415511,.37369931,.39722222,.5324074,1.1798942,.48148149
2482257,osc-lille,1082,1,fc-paris-saint-germain,583,1,29.388889,25.166666,15.333333,17.666666,33.169933,24.921568,16.222221,17.424837,2014,.67952514,.50482506,1.0283653,.70271039,.62417495,.43066132,1.0376095,.69036376,.81018519,.62962961,.85555553,.68148148
2482258,fc-lorient,1158,1,olympique-marseille,244,1,0,0,0,0,6.5620914,10.941176,2.2875817,4.7908497,2014,.57155883,.38113669,.77224118,.55278474,.64780998,.4426367,.79139334,.55895263,.73240739,.60740739,1.522549,1.0352942
2482259,olympique-lyon,1041,2,stade-reims,1421,1,0,0,0,0,21.130718,15.960784,9.7320261,4.4771242,2014,.47114393,.3487657,.72979915,.44983828,.5007773,.38228711,.80773795,.47777578,.63452381,.375,.74656087,.2962963
2482260,fc-metz,347,0,fc-girondins-bordeaux,40,0,.5,0,.16666667,0,.20915033,14.300653,.071895428,5.1437907,2014,.79102004,.54160869,.61160386,.5558061,.77088743,.56278861,.76996762,.56092435,1.6113757,1.406746,.67156863,.35294119
2482261,as-monaco,162,2,rc-lens,826,0,0,0,0,0,4.2679739,0,2.5490196,0,2014,1.0329148,.74881208,.80178571,.54028863,1.0126065,.80703264,.90617126,.54767197,.71481484,.74074072,.76025641,.5
2482262,hsc-montpellier,969,0,as-saint-etienne,618,2,12.055555,35.555557,3.6111112,16.5,23.20915,11.326797,8.320261,5.6274509,2014,.66615468,.41977164,.83847827,.52555931,.63654709,.39033389,.82064551,.55153942,.68888891,.48148149,.50312501,.37604168
2482263,fc-nantes,995,1,fc-toulouse,415,2,22.388889,35.944443,6.3888888,12.555555,13.248366,8,3.5294118,2.4836602,2014,.56705362,.40577194,.67516595,.43891004,.5198012,.43386245,.83595049,.51051813,.59907407,.47685185,1.14375,.53125
2482264,ogc-nizza,417,1,fc-stade-rennes,273,2,24.777779,14.333333,9.333333,4.1111112,11.490196,6.2222223,4.1045752,1.9607843,2014,.53819537,.2822226,1.0639397,.68614298,.58679444,.33444741,1.0225811,.65424234,.44299719,.19117647,1.0275133,.63505292
2482265,fc-girondins-bordeaux,40,3,fc-lorient,1158,2,0,0,0,0,21,6.7777777,7.3267975,2.2418301,2014,.63429254,.56103909,.54036784,.34863177,.80311757,.58026695,.62951159,.41882715,.69775134,.40000001,.6722222,.56111109
2482266,sm-caen,1162,2,ogc-nizza,417,3,6.9444447,36.666668,1.5555556,14.222222,1.1241831,13.124183,.28758171,4.6601305,2014,.75315696,.36892703,.54828346,.33321023,.84748846,.37369931,.58775955,.37510222,1.1660053,.48148149,.45939153,.2361111
2482267,fc-evian-thonon-gaillard,14171,2,olympique-lyon,1041,3,29.277779,0,8.333333,0,12.568627,25.470589,3.6797385,11.934641,2014,.75331628,.45122856,.3091425,.27055222,.75961834,.49473566,.33179584,.29005063,.90092593,.68518519,.3734127,.20833333
2482268,rc-lens,826,1,osc-lille,1082,1,0,29.444445,0,15.277778,0,27.444445,0,13.529411,2014,.64625853,.40085033,.67013168,.47837001,.71919709,.38837868,.61271113,.41214278,.52499998,.4861111,.81018519,.62962961
2482269,olympique-marseille,244,3,fc-metz,347,1,0,.52941179,0,.17647059,15.117647,.23529412,6.1176472,.080882356,2014,.87697899,.57747608,.71375185,.53102154,.89880073,.58210075,.74620575,.56312072,1.6268518,1.0333333,1.7296919,1.5042017
2482270,fc-paris-saint-germain,583,2,fc-nantes,995,1,24.666666,22.666666,17.444445,6.2777777,26.424837,13.464052,18.424837,3.3660131,2014,1.2352365,.83616406,.57793158,.39819619,1.3079798,.86238927,.5297218,.42923281,1.1328043,.91296297,.59444445,.45833334
2482271,stade-reims,1421,2,ea-guingamp,855,3,0,16.944445,0,5.2777777,15.960784,8.3267975,4.4771242,2.7647059,2014,.72979915,.44983828,.64383864,.43783769,.80773795,.47777578,.60367304,.4401435,.74656087,.2962963,.39722222,.5324074
2482272,fc-stade-rennes,273,0,hsc-montpellier,969,4,13.444445,11,3.7777777,3.2777777,5.5098038,21.549019,1.6928104,7.9477124,2014,.90887254,.61796117,.68573242,.41701311,.87873191,.60662329,.64784724,.37407902,.97037035,.59801584,.67058825,.4509804
2482273,as-saint-etienne,618,1,sc-bastia,595,0,46.764706,0,21.529411,0,19.404411,4.1307192,9.7941179,1.4052287,2014,.85979915,.56059659,.48774514,.30808866,.84823883,.59571612,.95665264,.40111196,.51666665,.41444445,1.0083333,.43229166
2482274,fc-toulouse,415,0,as-monaco,162,2,41.055557,0,14.166667,0,12.751634,5.3660131,3.9346404,3.2875817,2014,.69263989,.42191535,1.0435985,.75144714,.84396648,.49519354,1.0267677,.81126541,1.0960784,.50980395,.73333335,.75925928
2482275,sc-bastia,595,2,fc-stade-rennes,273,0,0,13.444445,0,3.8888888,7.3137255,4.9019608,2.6209149,1.503268,2014,.58239001,.36713499,1.0501831,.66904896,.55523056,.30938017,1.0291948,.65424234,.64895833,.34895834,1.0358466,.63505292
2482276,ea-guingamp,855,1,fc-paris-saint-germain,583,0,15.333333,24.555555,4.5,17.277779,7.0784316,25.104576,2.1111112,17.588236,2014,.5646956,.34882256,1.2536889,.83765554,.53240478,.36483687,1.3320539,.85845494,.38796297,.4861111,1.2272487,.96574074
2482277,osc-lille,1082,3,fc-toulouse,415,0,28.611111,35.388889,14.888889,12.222222,32.150326,9.5359478,15.843137,3.0588236,2014,.6616239,.36940837,.73568946,.42665043,.63572699,.35148063,.90341085,.55739313,.83796299,.69444442,1.1645833,.57291669
2482278,fc-lorient,1158,3,fc-metz,347,1,0,.5,0,.16666667,8.1045752,.20915033,2.5751634,.071895428,2014,.53567332,.33676094,.7242533,.54935986,.61941063,.40791446,.76724988,.59202141,.73703706,.61666667,1.6613756,1.5595238
2482279,olympique-lyon,1041,3,sm-caen,1162,0,0,3.8888888,0,.83333331,25.941177,.43137255,12.124183,.12418301,2014,.47997585,.36129296,.85104054,.3744826,.50006503,.39617598,1.0099884,.37369931,.64378309,.375,1.457672,.48148149
2482280,as-monaco,162,1,olympique-marseille,244,0,0,0,0,0,4.4901962,15.117647,2.8366013,6.1176472,2014,.94435322,.73415256,.7668013,.45178142,.94745988,.80016339,.77520078,.43006748,.61176473,.68627453,1.1343137,.50588238
2482281,hsc-montpellier,969,3,rc-lens,826,3,11,0,3.2777777,0,21.071896,0,7.7777777,0,2014,.68573242,.41701311,.84375,.56697589,.64784724,.37407902,.9530406,.5867914,.67058825,.4509804,.80277777,.54166669
2482282,fc-nantes,995,2,fc-girondins-bordeaux,40,1,21.5,0,6.0555553,0,12.411765,11.477124,3.2287581,3.9803922,2014,.52805787,.37452194,.66572154,.59404141,.43867245,.36904761,.84447742,.61440033,.4462963,.36574075,.73879552,.42352942
2482283,ogc-nizza,417,0,as-saint-etienne,618,0,38.055557,41.444443,14.888889,18.777779,13.882353,19.300653,4.8496733,9.4575167,2014,.49586177,.28268114,.86846215,.56400025,.50812989,.30484408,.81676424,.57359064,.44616401,.19444445,.54907405,.38981482
2482284,stade-reims,1421,3,fc-evian-thonon-gaillard,14171,2,0,29.5,0,8.3888893,13.156863,14.026144,3.6797385,4.1568627,2014,.79413909,.46789384,.78702211,.45852944,.8974427,.50976229,.80168182,.45522949,.78637564,.33333334,1.1416667,.69444442
2482285,fc-girondins-bordeaux,40,0,olympique-lyon,1041,5,0,0,0,0,17.124184,19.196079,6.2222223,9.026144,2014,.88573045,.57635933,.50081462,.39738393,1.0635951,.60039473,.50420904,.40572852,.97212887,.40000001,.63822752,.41944444
2482286,sm-caen,1162,1,sc-bastia,595,1,6.9444447,0,1.5555556,0,1.0915033,4.9477124,.26797387,1.7647059,2014,.7973699,.30226037,.42537734,.29119918,.94834828,.2731702,.50060868,.31886089,1.3882275,.28703704,.54479164,.34895834
2482287,rc-lens,826,2,ogc-nizza,417,0,0,38.666668,0,15.5,0,16.09804,0,6.019608,2014,.85493499,.58290946,.52354467,.25744092,.98589915,.58288693,.5164513,.26769587,.90238094,.51190478,.45140055,.15882353
2482288,fc-lorient,1158,1,fc-nantes,995,2,0,22.777779,0,6.5,6.9150329,13.75817,2.2614379,3.6862745,2014,.54787183,.36235109,.53706127,.42099038,.64251667,.43985891,.50606912,.43650794,.77870369,.64444447,.53137255,.44607842
2482289,olympique-marseille,244,2,osc-lille,1082,1,0,28.611111,0,14.888889,14.176471,32.150326,5.8039217,15.843137,2014,.62748241,.30317461,.6616239,.36940837,.66175538,.28300866,.63572699,.35148063,1.0166667,.41764706,.83796299,.69444442
2482290,fc-metz,347,0,as-monaco,162,1,.5,0,.16666667,0,.22222222,4.2156863,.071895428,2.6797385,2014,.685673,.53917468,.94435322,.73415256,.70613879,.56067222,.94745988,.80016339,1.5873016,1.4206349,.61176473,.68627453
2482291,fc-paris-saint-germain,583,0,hsc-montpellier,969,0,22.555555,11,16,3.2777777,21.59477,21.071896,15.156863,7.7777777,2014,1.1621859,.71087492,.67541397,.41606796,1.2471333,.74734384,.64518905,.38107464,1.1309524,.7814815,.68888891,.48148149
2482292,fc-stade-rennes,273,1,stade-reims,1421,3,14.333333,0,4.1111112,0,6.2222223,14,1.9607843,3.8888888,2014,.87085283,.59698951,.74938601,.47607285,.79771334,.54537594,.85912681,.51304913,.87751323,.51005292,.83915347,.35185185
2482293,as-saint-etienne,618,3,fc-evian-thonon-gaillard,14171,0,46.277779,27.944445,21.555555,8,20.797386,11.267974,10.705882,3.4117646,2014,.82216585,.48992619,.80370063,.48934364,.76583833,.47173876,.81574875,.48146406,.53518516,.34814814,1.2970588,.79411763
2482294,fc-toulouse,415,1,ea-guingamp,855,1,40.277779,15.333333,13.777778,4.8888888,10.895425,7.2483659,3.3660131,2.490196,2014,.67793399,.37569684,.5759815,.3934654,.82505894,.41536161,.52836436,.40046096,1.0813725,.48039216,.32777777,.4861111
2482295,as-monaco,162,0,fc-girondins-bordeaux,40,0,0,0,0,0,5.7843137,9.4183006,3.6274509,3.7908497,2014,.92232251,.62028015,.51748657,.36636406,.93990773,.68088233,.52711612,.32961309,.8509804,.79901963,.65833336,.31666666
2482296,osc-lille,1082,1,sm-caen,1162,0,26.888889,3,14.166667,.77777779,27.032681,.10457516,13.69281,.039215688,2014,.59780151,.35379991,.60107362,.32996601,.54566705,.35492316,.69085264,.34371692,.75,.6388889,.77711642,.4537037
2482297,ea-guingamp,855,2,rc-lens,826,0,15.222222,0,4.4444447,0,6.346405,0,1.9084967,0,2014,.74608368,.38835245,.75727874,.54645109,.81635541,.44717813,.85048252,.53427577,.7953704,.52314812,.69404763,.4642857
2482298,ogc-nizza,417,3,fc-lorient,1158,1,30.722221,0,12.5,0,8.6013069,5.2810459,3.2483661,1.6928104,2014,.51970434,.33645096,.56135583,.37935424,.51600027,.37459716,.63253552,.44275793,.45939153,.27314815,.76145834,.64583331
2482299,hsc-montpellier,969,2,olympique-marseille,244,1,11.277778,0,3.2222223,0,19.104576,9.6209154,6.5751634,4.2875819,2014,.6822722,.41701311,.65590239,.42563763,.64784724,.37407902,.6614753,.40555769,.67058825,.4509804,.93431371,.44705883
2482300,fc-nantes,995,0,fc-metz,347,0,22.888889,0,6.6666665,0,12.90196,0,3.4509804,0,2014,.61398435,.44924873,.69137186,.45412174,.52983618,.46183473,.68854618,.4809103,.60490197,.50490195,1.2910053,1.4428571
2482301,sc-bastia,595,4,fc-paris-saint-germain,583,2,0,18.5,0,13.166667,6.4967322,18.718954,2.2679739,13.058824,2014,.57642388,.38443702,.91128296,.70984894,.89706957,.45268619,.987764,.70961243,.90092593,.44907406,.79355741,.57843137
2482302,fc-evian-thonon-gaillard,14171,1,fc-stade-rennes,273,1,22.333334,12.666667,6.5555553,3.7222223,8.1960783,5.1830068,2.4771242,1.7124183,2014,.92085254,.64687431,.85653913,.59122372,.97600192,.68144745,.78613931,.54923397,1.2029412,.97058821,.87936509,.54708993
2482303,stade-reims,1421,1,as-saint-etienne,618,2,0,33.111111,0,15.222222,12.921569,16.601307,3.7712419,8.1307192,2014,.52315146,.27272189,.82966661,.53208888,.5622353,.28308883,.78845739,.55079859,.37619048,.19907407,.58137256,.3735294
2482304,olympique-lyon,1041,3,fc-toulouse,415,0,0,49.222221,0,17.388889,22.411764,14.346405,10.457517,4.647059,2014,.42566031,.41080984,.6573993,.49306971,.43189943,.42738095,.76641601,.61439395,.39563492,.2638889,.72666669,.38333333
2482305,fc-toulouse,415,1,sc-bastia,595,1,48.277779,0,17.166666,0,13.03268,5.0718956,4.3398695,1.6732026,2014,.74999732,.49822843,.60965037,.43494207,.86405909,.59407645,.96631563,.54527879,.94,.43333334,1.0078431,.57352942
2482306,fc-paris-saint-germain,583,4,fc-evian-thonon-gaillard,14171,2,27.888889,24.666666,19.777779,7.1111112,33.104576,8.4705887,23.313726,2.496732,2014,1.3329287,.89814937,.97524959,.6786136,1.3950168,.86415297,1.0547161,.72970039,1.1216931,.75555557,1.1,.95833331
2482307,olympique-marseille,244,2,ea-guingamp,855,1,0,14.277778,0,4.0555553,11.163399,6.0457516,4.4117646,1.6928104,2014,.8284514,.54328465,.48649302,.31541994,.86408967,.53055769,.53477782,.35898691,1.0372549,.56470591,.51862746,.36764705
2482308,fc-lorient,1158,1,osc-lille,1082,0,0,21.111111,0,11.166667,2.8169935,10.437908,1.006536,5.1241832,2014,.58635581,.34071788,.57164371,.41578814,.63610697,.35525793,.51495534,.40343022,.94895834,.64583331,.66106445,.57843137
2482309,rc-lens,826,0,olympique-lyon,1041,2,0,0,0,0,0,16.169935,0,7.5751634,2014,.84998405,.60112667,.43305209,.43151492,.97837162,.59026253,.44825551,.44761905,.80757576,.4848485,.40910363,.27941176
2482310,fc-metz,347,2,hsc-montpellier,969,3,0,13.0625,0,3.75,0,29.666666,0,10.9,2014,.73026079,.54935986,.7176863,.44150376,.7579906,.59202141,.645338,.36562291,1.7261904,1.5595238,.72666669,.47777778
2482311,as-monaco,162,1,fc-nantes,995,0,0,24.055555,0,7.0555553,4.8823528,14.281046,2.993464,3.9673202,2014,.96287978,.74446315,.59098524,.42429048,1.0107633,.81813723,.51151192,.43617725,.8656863,.85784316,.58981484,.47685185
2482312,fc-girondins-bordeaux,40,1,ogc-nizza,417,2,0,19.722221,0,7.6666665,13.052288,7.5228758,5.1764708,2.8431373,2014,.55367076,.41844741,.51246011,.32683045,.56357443,.37127978,.52061796,.37562388,.69583333,.35416666,.44719887,.26960784
2482313,sm-caen,1162,4,stade-reims,1421,1,3.8888888,0,.83333331,0,.43137255,15.986928,.12418301,4.8366013,2014,.72329587,.34114927,.43175292,.18023451,.81415516,.34592152,.49069649,.22058882,1.1104498,.42592594,.34841269,.19907407
2482314,fc-stade-rennes,273,0,as-saint-etienne,618,0,10.388889,36.944443,3.0555556,16.888889,3.7581699,17.339869,1.254902,8.3790846,2014,.93941456,.6057018,.7598545,.45937338,.91029751,.5778535,.69422519,.48483935,.92010581,.60912699,.50294119,.3735294
2482315,sc-bastia,595,0,fc-girondins-bordeaux,40,0,0,0,0,0,5.6666665,10.562092,1.8366013,4.2483659,2014,.44770142,.31195292,.36773324,.42510468,.36160311,.27763414,.3754735,.3861607,.36770833,.27604166,.59583336,.47916666
2482316,fc-stade-rennes,273,1,sm-caen,1162,4,10.388889,3.8888888,3.0555556,.83333331,3.7581699,.43137255,1.254902,.12418301,2014,.93941456,.6057018,.74773544,.35503817,.91029751,.5778535,.9048959,.35981041,.92010581,.60912699,1.3287038,.42592594
2482317,stade-reims,1421,0,rc-lens,826,0,0,0,0,0,13.732026,0,4.1045752,0,2014,.43917632,.18348359,.77617568,.45753968,.49758297,.22821705,.88694596,.44095805,.35714287,.21078432,.69615382,.44871795
2482318,ea-guingamp,855,3,fc-lorient,1158,2,14.833333,0,4.5555553,0,5.8954248,5.4640522,1.9281045,1.7124183,2014,.60002655,.39140034,.55357999,.34096223,.61915094,.45457515,.61098838,.39465454,.50882351,.49509802,.92745095,.63725489
2482319,ogc-nizza,417,2,olympique-marseille,244,1,19.722221,0,7.6666665,0,7.5228758,5.5947714,2.8431373,2.3398693,2014,.51246011,.32683045,.63400275,.39622587,.52061796,.37562388,.63509381,.37110388,.44719887,.26960784,.9107843,.40294117
2482320,olympique-lyon,1041,2,fc-metz,347,0,0,.5,0,.16666667,22.372549,.20915033,10.535948,.071895428,2014,.38405535,.36585748,.76021445,.47908148,.3959862,.37605041,.8042869,.52876985,.44243696,.30294117,1.675926,1.4666667
2482321,osc-lille,1082,0,as-monaco,162,1,23.055555,0,12.111111,0,15.045752,5.0392156,7.6209149,2.9542484,2014,.50002837,.36153978,.93634284,.72271329,.45753241,.34998399,.97546923,.78937906,.52380955,.4509804,.73823529,.78921568
2482322,hsc-montpellier,969,4,fc-nantes,995,0,11.222222,24.055555,3.1666667,7.0555553,17.38562,13.542483,6.0915031,3.6732025,2014,.66266435,.41309154,.59098524,.42429048,.60470998,.3520202,.51151192,.43617725,.69999999,.48039216,.58981484,.47685185
2482323,as-saint-etienne,618,0,fc-paris-saint-germain,583,1,28.5,26.111111,13.111111,18.388889,14.111111,29.052288,6.8366013,20.379086,2014,.68266523,.40705439,1.3433454,.88942432,.58768928,.41294393,1.4214718,.86415297,.43854168,.30104166,1.1587301,.77407408
2482324,fc-evian-thonon-gaillard,14171,1,fc-toulouse,415,0,24.611111,46.722221,7.1111112,16.666666,8.4313726,11.836601,2.496732,3.9411764,2014,.97524959,.6786136,.79721349,.5443604,1.0547161,.72970039,.92206705,.6531772,1.1,.95833331,.98571426,.4642857
2482325,rc-lens,826,1,sc-bastia,595,1,0,0,0,0,0,4.1372547,0,1.3137255,2014,.79998523,.48815194,.49268413,.36293331,.91075552,.46774375,.42042664,.30284423,.72179484,.5,.45104167,.31770834
2482326,olympique-marseille,244,1,fc-evian-thonon-gaillard,14171,0,0,23.444445,0,6.9444447,9.7254906,7.0326796,3.8431373,2.1176472,2014,.8284514,.54328465,.81532401,.60088497,.86408967,.53055769,.91087592,.63946885,1.0372549,.56470591,.8990196,.91666669
2482327,fc-girondins-bordeaux,40,1,ea-guingamp,855,1,0,8.833333,0,2.7777777,5.6274509,3.7254901,2.137255,1.2091503,2014,.44942585,.46426767,.65527761,.44403806,.46657196,.43429834,.62310648,.45619854,.70267856,.58541667,.48921567,.4362745
2482328,fc-nantes,995,1,osc-lille,1082,1,19.388889,21.055555,5.6666665,11,8.4967318,11.875817,2.2026143,5.7581701,2014,.37725064,.31542608,.60355449,.43016723,.3329806,.31536597,.56973523,.41192695,.33039215,.32843137,.63165265,.48039216
2482329,as-monaco,162,0,olympique-lyon,1041,0,0,0,0,0,7.6993465,18.738562,4.6013074,8.7385616,2014,.93570226,.70637208,.27928385,.26383272,.97683203,.77885801,.2675055,.25686812,.83611113,.8287037,.21415344,.19722222
2482330,fc-lorient,1158,0,hsc-montpellier,969,0,0,11.222222,0,3.1666667,7.2549019,18.960785,2.359477,6.5032678,2014,.57341409,.32756385,.67214596,.41606796,.62263846,.39521477,.64518905,.38107464,.90294117,.59803921,.68888891,.48148149
2482331,fc-metz,347,0,ogc-nizza,417,0,.5,20.333334,.16666667,7.7222223,.20915033,7.9477124,.071895428,2.6732025,2014,.74756205,.47085965,.47851661,.28944483,.85322869,.52588385,.49412879,.34128788,1.6335979,1.4058201,.40223214,.23229167
2482332,fc-toulouse,415,1,stade-reims,1421,0,35.5,0,12.444445,0,6.4117646,11.359477,2.1307189,3.3202615,2014,.82937926,.50921845,.45625889,.27592057,.99720615,.69770408,.55983788,.37315592,1.2714286,.60714287,.60224092,.26960784
2482333,fc-paris-saint-germain,583,1,fc-stade-rennes,273,0,24.666666,12.666667,17.388889,3.7222223,27.150328,5.1830068,18.90196,1.7124183,2014,1.3063083,.85419101,.85653913,.59122372,1.3813009,.8284387,.78613931,.54923397,1.0920635,.70740741,.87936509,.54708993
2482334,sm-caen,1162,1,as-saint-etienne,618,0,4.9444447,32,1.1111112,14.833333,.43137255,12.254902,.12418301,5.986928,2014,.75874561,.34980726,.58412814,.37594765,.81739587,.33897707,.50983649,.3810606,.91600531,.42592594,.32333332,.25444445
2482335,fc-evian-thonon-gaillard,14171,0,fc-girondins-bordeaux,40,1,25,0,7.2777777,0,8.2091503,10.993464,2.503268,4.006536,2014,.93339121,.48374149,.54251575,.5071274,1.0474138,.47448286,.61224008,.56701469,1.477451,.70098037,.81134456,.70784312
2482336,as-saint-etienne,618,3,rc-lens,826,3,28.5,0,13.111111,0,14.111111,0,6.8366013,0,2014,.68266523,.40705439,.88415289,.49449736,.58768928,.41294393,1.0278163,.48841271,.43854168,.30104166,.90238094,.51190478
2482337,hsc-montpellier,969,1,osc-lille,1082,2,8.9444447,24.833334,2.7222223,12.944445,14.601307,23.418301,5.6732025,11.529411,2014,.63538891,.33890978,.6827805,.43669233,.56561041,.31620896,.68144917,.43005204,.60312498,.32291666,.68915343,.55555558
2482338,stade-reims,1421,1,fc-lorient,1158,3,0,0,0,0,12.274509,6.5228758,3.3267975,1.9477124,2014,.72623789,.46496174,.61960787,.39402312,.8244046,.49453062,.67518884,.47315592,.80211639,.35185185,.93235296,.63725489
2482339,fc-stade-rennes,273,1,olympique-marseille,244,1,12.611111,0,3.6666667,0,5.0588236,8.3986931,1.6339869,3.3267975,2014,.8171944,.53987306,.84882498,.54501355,.76287782,.50556111,.88428265,.53835976,.89603174,.52857143,1.0425926,.57037038
2482340,sc-bastia,595,2,fc-metz,347,0,0,.5,0,.16666667,5.3398695,.013071896,1.9411764,0,2014,.59715742,.48077974,.778781,.4606804,.57518667,.47619048,.79575515,.4867304,.46372548,.37184873,1.6021163,1.3085979
2482341,ea-guingamp,855,1,as-monaco,162,0,13.444445,0,3.9444444,0,5.6274509,6.6993465,1.6993464,4.1307192,2014,.66728848,.4761979,.95687228,.74532694,.58927232,.44464391,1.0948876,.92303795,.40098038,.52450979,.75462961,.76759261
2482342,ogc-nizza,417,0,fc-nantes,995,0,22.166666,19.944445,8.2777777,5.5,8.1764708,9.7450981,2.8823528,2.3790851,2014,.45363656,.29741868,.40432051,.30322069,.46179441,.34621212,.38690478,.32429454,.38837534,.23039216,.36470589,.30882353
2482343,olympique-lyon,1041,1,fc-paris-saint-germain,583,1,0,26.111111,0,18.388889,17.954248,27.69281,8.2352943,19.549019,2014,.29164946,.30732402,1.260012,.80840582,.28770751,.31533554,1.3376094,.79364014,.23822752,.31944445,1.1309524,.72962964
2482344,sm-caen,1162,2,fc-toulouse,415,0,4.9444447,43.333332,1.1111112,14.944445,.43137255,10.777778,.12418301,3.4052289,2014,.8679074,.4470295,.835904,.56625664,.9422636,.43156967,.97291797,.6857993,.9675926,.48148149,1.2035714,.63095236
2482345,fc-nantes,995,0,sc-bastia,595,2,20.722221,0,5.8888888,0,10.751634,5.3398695,2.8235295,1.9411764,2014,.58112288,.36477372,.59715742,.48077974,.61394316,.42006174,.57518667,.47619048,.62685186,.41666666,.46372548,.37184873
2482346,fc-paris-saint-germain,583,2,sm-caen,1162,2,23.666666,3.8888888,16.666666,.83333331,21.82353,.24836601,15.339869,.078431375,2014,1.2391787,.81497145,.81146008,.4252041,1.3376094,.8319999,.9388448,.42779982,1.1753968,.79259259,1.0456349,.49074075
2482347,rc-lens,826,0,fc-evian-thonon-gaillard,14171,2,0,29.777779,0,8.666667,0,12.183006,0,3.6470587,2014,.80136353,.51148087,.95047808,.47739777,.93232775,.51145834,1.076172,.52738583,.80714285,.41666666,1.482353,.53431374
2482348,fc-metz,347,0,ea-guingamp,855,2,.5,15.555555,.16666667,4.6666665,.20915033,5.5947714,.071895428,1.751634,2014,.66678578,.49278718,.80512351,.49919301,.68423724,.5240981,.8083868,.49434623,1.3011905,1.3558201,.74444443,.5138889
2482349,fc-lorient,1158,1,olympique-lyon,1041,1,0,0,0,0,3.7124183,17.549019,1.0849674,8.039216,2014,.62403363,.40245587,.42191041,.33324996,.68670976,.47903827,.41796845,.34126148,.95686275,.64313728,.47526455,.35277778
2482350,as-monaco,162,0,hsc-montpellier,969,0,0,12,0,3.5555556,6.1111112,23.084967,3.7777777,8.2418299,2014,.96974903,.747962,.66615468,.41977164,1.1229377,.92727071,.63654709,.39033389,.77314812,.78611112,.68888891,.48148149
2482351,osc-lille,1082,0,ogc-nizza,417,0,24.833334,20.777779,12.944445,8,23.418301,8.5490198,11.529411,3.0849674,2014,.65897095,.43669233,.48304832,.27977163,.65763962,.43005204,.49120617,.32856506,.66137564,.55555558,.4177871,.23039216
2482352,olympique-marseille,244,2,stade-reims,1421,2,0,0,0,0,10.568627,14.522876,4.5947714,3.9019608,2014,.99223274,.61715865,.71389222,.45801729,1.025386,.6035955,.81158412,.48948011,1.2574074,.68148148,.79100531,.35185185
2482353,fc-toulouse,415,2,fc-stade-rennes,273,1,54.5,14.333333,19.222221,4.1111112,18.718954,6.2222223,6.1111112,1.9607843,2014,.79558104,.50456429,.85621333,.50239301,.92224932,.60889357,.77416718,.46808314,1.1431372,.55882353,.86825395,.45449737
2482354,fc-girondins-bordeaux,40,1,as-saint-etienne,618,0,0,38.055557,0,17.666666,14.202615,16.908497,5.0457516,8.1830063,2014,.56367159,.57738882,.8515749,.49501124,.63674986,.59479249,.73519862,.49019253,.77212888,.58039218,.622549,.40490195
2482355,fc-stade-rennes,273,1,fc-girondins-bordeaux,40,1,15.166667,0,4.4444447,0,6.973856,15.921569,2.2679739,5.7320261,2014,.89871097,.59347206,.58565301,.61006856,.7842682,.54138559,.65047532,.64054412,.82195765,.36190477,.83095241,.72745097
2482356,sm-caen,1162,4,rc-lens,826,1,5.9444447,.66666669,1.4444444,.3888889,1.1241831,0,.28758171,0,2014,.72150373,.41497821,.88128352,.51700819,.81106704,.40696648,1.025594,.52055556,.90277779,.4537037,.86923075,.3974359
2482357,sc-bastia,595,2,osc-lille,1082,1,0,22.388889,0,11.722222,4.8823528,18.052288,1.6535947,8.9673204,2014,.58931428,.48077974,.60445076,.41756219,.56342196,.47619048,.58126289,.39811236,.47708333,.3950893,.6512605,.52941179
2482358,fc-evian-thonon-gaillard,14171,1,fc-lorient,1158,0,26.611111,0,7.7222223,0,10.751634,2.6274509,3.1503267,.83006537,2014,.762079,.31857425,.65697551,.45588717,.83681631,.34694701,.7448796,.53066576,1.2137254,.37254903,1.0101852,.7185185
2482359,as-saint-etienne,618,2,olympique-marseille,244,2,50.444443,0,22.722221,0,26.509804,13.993464,12.679739,5.986928,2014,.85714197,.52842176,.99223274,.61715865,.76498252,.54741001,1.025386,.6035955,.62314814,.47314814,1.2574074,.68148148
2482360,stade-reims,1421,0,fc-metz,347,0,0,.5,0,.16666667,13.980392,0,3.9411764,0,2014,.63626385,.38358548,.73150682,.47895339,.7574293,.45054916,.73979276,.51219338,.81137568,.35185185,1.2734127,1.3595238
2482361,ogc-nizza,417,0,as-monaco,162,1,17.333334,0,6.6111112,0,6.5163398,4.7189541,2.3202615,2.9607842,2014,.40321639,.22388928,.99738133,.78661215,.42257872,.26385918,1.1497772,.97341269,.38837534,.2254902,.79901963,.81274509
2482362,ea-guingamp,855,0,hsc-montpellier,969,2,13.222222,11.588235,3.8888888,3.5294118,4.8431373,22.632353,1.4379085,8.3602943,2014,.76398593,.46149459,.54924285,.38013783,.76641154,.45466369,.61422151,.39225063,.6564815,.5324074,.68645835,.47916666
2482363,olympique-lyon,1041,1,fc-nantes,995,0,0,20.888889,0,6.1111112,21.111111,10.79085,10.058824,2.7385621,2014,.46273741,.33558422,.41743779,.29974848,.49151343,.37936687,.4085097,.33355379,.65674603,.40833333,.3888889,.33333334
2482364,fc-paris-saint-germain,583,3,fc-toulouse,415,1,23.055555,51.833332,16.388889,18.333334,23.450981,15.993464,16.287582,5.2156863,2014,1.1658741,.62086761,.66625577,.43073887,1.2431988,.62364566,.78988576,.48847085,1.0309523,.51851851,.93431371,.49019608
2482365,fc-lorient,1158,2,sc-bastia,595,0,0,0,0,0,2.2026143,3.7712419,.68627453,1.2941177,2014,.64071912,.45102987,.63539273,.43204024,.72452492,.52070493,.67616707,.45331466,1.0254902,.73137254,.65490198,.4012605
2482366,olympique-marseille,244,2,sm-caen,1162,3,0,8,0,1.8333334,10.830066,1.0588236,4.2418299,.30065361,2014,.99223274,.61715865,.86285686,.4470295,1.025386,.6035955,.9422636,.43156967,1.2574074,.68148148,.9675926,.48148149
2482367,fc-metz,347,1,fc-evian-thonon-gaillard,14171,2,.5,23.277779,.16666667,6.8333335,.013071896,8.4444447,0,2.4836602,2014,.63673556,.48044148,.80492651,.37402382,.65090388,.5240981,.92290223,.42489439,1.2641535,1.3558201,1.2851852,.44907406
2482368,fc-nantes,995,1,ea-guingamp,855,0,20.444445,16.111111,5.6111112,5,10.620915,7.1241832,2.6013072,2.3856208,2014,.41743779,.29974848,.7411291,.42905387,.4085097,.33355379,.74548215,.45321918,.41176471,.35294119,.58235294,.5147059
2482369,osc-lille,1082,2,olympique-lyon,1041,1,22.5,0,11.777778,0,19,19.986929,9.4575167,9.5424833,2014,.54791003,.35670996,.48447654,.37791225,.56933254,.35740247,.50540233,.39788538,.55026454,.42592594,.65674603,.40833333
2482370,hsc-montpellier,969,2,ogc-nizza,417,1,11.588235,22.111111,3.5294118,8.6111107,22.632353,7.9607844,8.3602943,2.9019608,2014,.68573242,.44446409,.48304832,.27977163,.65260065,.4132947,.49120617,.32856506,.71470588,.50980395,.4177871,.23039216
2482371,as-monaco,162,0,fc-paris-saint-germain,583,0,0,22.277779,0,15.611111,4.3725491,24.20915,2.7450981,16.725491,2014,.85469651,.69062769,.93149912,.48628053,.90439081,.77145189,.92984587,.45094579,.74019605,.78333336,.70555556,.34074074
2482372,fc-girondins-bordeaux,40,1,stade-reims,1421,1,0,0,0,0,15.718954,13.856209,5.3006535,4,2014,.52700567,.57515246,.72654653,.46789384,.57089055,.58223104,.82899028,.50976229,.75462961,.62037039,.80026454,.34722221
2482373,rc-lens,826,0,fc-stade-rennes,273,1,.66666669,12.333333,.3888889,3.6111112,0,4.0784316,0,1.3006536,2014,.90350574,.54557961,.90683061,.60682678,1.0478163,.54555553,.83435237,.57863307,.83095241,.41666666,.88214284,.45449737
2482374,fc-toulouse,415,1,as-saint-etienne,618,1,31.722221,44.555557,10.777778,20.388889,7.0588236,22.418301,2.2156863,10.875817,2014,.72630483,.45134303,.92762339,.56488895,.85246533,.52514005,.83976209,.57969868,1.1843138,.59803921,.70098037,.51274508
2482375,sm-caen,1162,1,fc-girondins-bordeaux,40,2,6.9444447,0,1.5555556,0,1.0588236,14.444445,.30065361,4.9281044,2014,.53688884,.42321998,.52700567,.57515246,.53948581,.40776014,.57089055,.58223104,.35648149,.42592594,.75462961,.62037039
2482376,fc-paris-saint-germain,583,4,rc-lens,826,1,24.333334,.66666669,17.111111,.3888889,27.627451,0,19.326797,0,2014,1.1559899,.68307108,.81935805,.529338,1.2766995,.71890706,.93173248,.51257443,1.0445378,.61960787,.86904764,.44047618
2482377,ea-guingamp,855,0,osc-lille,1082,1,13.5,22.388889,4,11.777778,6.1960783,18.267973,1.8366013,9.1503267,2014,.76819468,.47033298,.67123365,.40205416,.78228456,.47847322,.66052747,.3804372,.6564815,.5324074,.6512605,.52941179
2482378,as-saint-etienne,618,2,fc-lorient,1158,0,38.666668,0,17.5,0,15.699347,2.6797385,7.5555553,.81699347,2014,.91291702,.52156067,.66094375,.45588717,.83486122,.54962748,.75182402,.53066576,.703125,.53229165,1.0101852,.7185185
2482379,fc-toulouse,415,1,olympique-marseille,244,6,32.666668,0,11.055555,0,7.013072,10.48366,2.1764705,4.2745099,2014,.72630483,.45134303,.95387292,.57826972,.85246533,.52514005,.98279345,.56688911,1.1843138,.59803921,1.3196079,.72156864
2482380,fc-stade-rennes,273,1,fc-metz,347,0,14.277778,.5,4.2222223,.16666667,5.653595,.013071896,1.8104575,0,2014,.87795413,.67802924,.66974211,.48801726,.79392546,.62948084,.63052148,.51318544,.81917989,.45449737,1.1993387,1.5039682
2482381,fc-evian-thonon-gaillard,14171,1,as-monaco,162,3,28.888889,0,8.5,0,13.48366,5.1568627,4.026144,3.1176472,2014,.79346448,.41587818,.88606912,.70420235,.90791136,.45091525,.92399865,.78615779,1.3705882,.58823532,.74019605,.78333336
2482382,hsc-montpellier,969,1,olympique-lyon,1041,5,10.944445,0,3.3333333,0,20.117647,16.09804,7.4313726,7.6666665,2014,.70824224,.49693215,.4776665,.37559745,.66078949,.46725696,.4963114,.39461741,.71203703,.62962961,.63452381,.39722222
2482383,stade-reims,1421,3,fc-nantes,995,1,0,21.111111,0,5.8333335,12.562092,10.921569,3.6601307,2.8366013,2014,.72654653,.46789384,.44851986,.3503437,.82899028,.50976229,.45665786,.39219576,.80026454,.34722221,.50196081,.40686274
2482384,sc-bastia,595,2,ogc-nizza,417,1,0,19.722221,0,7.6666665,3.7320261,7.4248366,1.2810458,2.8039215,2014,.68245155,.48498142,.51323885,.29725733,.7055788,.48272642,.52190655,.34910038,.65490198,.4012605,.4438988,.24479167
2482385,as-monaco,162,3,sc-bastia,595,0,0,0,0,0,4.019608,3.2026143,2.6013072,1.0980393,2014,.9086135,.6444754,.5901832,.39234221,1.0515403,.83355653,.62994856,.38646975,.73229164,.72395831,.56372547,.31302521
2482386,fc-lorient,1158,2,sm-caen,1162,1,0,4.8888888,0,1.1666666,7.4901962,.81699347,2.2549019,.20915033,2014,.69589746,.53933245,.84568518,.43909299,.82547724,.6852293,.92004138,.42363316,1.3018519,1.1166667,.93981481,.46296296
2482387,fc-nantes,995,2,fc-evian-thonon-gaillard,14171,1,16.411764,25.055555,4.5882354,7.3888888,5.9338236,8.1111107,1.3382353,2.4575164,2014,.4735257,.3156746,.97965729,.43262026,.46624339,.35185185,1.1239477,.50217575,.54404759,.31547618,1.6794118,.57352942
2482388,ogc-nizza,417,1,ea-guingamp,855,2,32,16.166666,13.333333,4.7777777,7.7450981,7.5947714,3.0392158,2.2287581,2014,.51755053,.34212914,.68128312,.46861172,.5180003,.38657331,.60956526,.44275895,.4639881,.27604166,.41574073,.5138889
2482389,olympique-marseille,244,0,olympique-lyon,1041,0,0,0,0,0,12.078431,17.241831,5.1503267,8.1830063,2014,.99223274,.61715865,.43520117,.30061758,1.025386,.6035955,.46523136,.32950932,1.2574074,.68148148,.59007937,.31944445
2482390,fc-girondins-bordeaux,40,3,fc-paris-saint-germain,583,2,0,24.277779,0,17.222221,13.784314,27.38562,4.7908497,19.032681,2014,.52057284,.59294218,1.2364484,.77846581,.54564881,.59126985,1.3082409,.75535667,.74019605,.63725489,1.0476191,.61574072
2482391,hsc-montpellier,969,3,stade-reims,1421,1,11.588235,0,3.5294118,0,21.919117,13.065359,8.125,3.7712419,2014,.68573242,.44446409,.72654653,.46789384,.65260065,.4132947,.82899028,.50976229,.71470588,.50980395,.80026454,.34722221
2482392,osc-lille,1082,3,fc-stade-rennes,273,0,22.294117,14.277778,11.647058,4.2222223,18.132353,5.653595,9.0661764,1.8104575,2014,.614268,.31021824,.87423801,.62112415,.60405397,.2914086,.81026536,.59277451,.59375,.48958334,.8376984,.45449737
2482393,fc-metz,347,2,as-saint-etienne,618,3,.5,36.611111,.16666667,16.5,.013071896,13.300653,0,6.2614379,2014,.6975199,.50190616,.92067897,.55794454,.65829927,.52707434,.83976209,.57969868,1.1993387,1.5039682,.70098037,.51274508
2482394,rc-lens,826,1,fc-toulouse,415,0,.66666669,38.222221,.3888889,13,0,10.320261,0,3.2352941,2014,.90060806,.58290946,.74613971,.44849062,1.0358992,.58288693,.86683458,.52374339,.86444443,.47777778,1.1324074,.56481481
2482395,fc-toulouse,415,2,fc-girondins-bordeaux,40,1,0,0,0,0,8.986928,15.150327,3.0653596,5.4248366,2014,.79229182,.45166734,.5639953,.63117748,.9229911,.58921129,.60946339,.64474577,1.1489583,.63541669,.79761904,.70784312
2482396,sc-bastia,595,0,ea-guingamp,855,0,0,21.294117,0,6.4117646,2.1830065,10.757353,.70588237,3.3161764,2014,.59523731,.39582887,.71645498,.47904995,1.000335,.53992087,.65216172,.48131314,.99479169,.515625,.36764705,.51960784
2482397,as-saint-etienne,618,2,osc-lille,1082,0,37.388889,23.111111,16.944445,12.111111,13.379085,17.156862,6.4117646,8.6601305,2014,.90747088,.48814395,.61164033,.3958917,.81760603,.47784683,.58980989,.3845377,.71568626,.46862745,.63165265,.49019608
2482398,fc-paris-saint-germain,583,3,fc-lorient,1158,1,21.055555,0,14.777778,0,26.575163,5.8627453,18.411764,1.9150326,2014,1.2605988,.69798636,.74774927,.54940569,1.3307071,.69079286,.8860833,.70427692,1.1033614,.60490197,1.3620371,1.1629629
2482399,rc-lens,826,0,olympique-marseille,244,4,.66666669,0,.3888889,0,0,10.287581,0,4.4575162,2014,.94423234,.55393732,.98053682,.60789937,1.0988507,.55773807,1.0179787,.59565896,.86923075,.3974359,1.2574074,.68148148
2482400,sm-caen,1162,0,fc-metz,347,0,4.9444447,.5,1.1111112,.16666667,.43137255,0,.12418301,0,2014,.91444415,.4609184,.70303184,.4497605,1.0163376,.45240301,.65459555,.45919311,1.0787038,.50925928,1.1305555,1.4481481
2482401,stade-reims,1421,1,as-monaco,162,3,0,0,0,0,9.8529415,5.0653596,2.7573528,3.0915034,2014,.75600046,.48271647,.86270636,.7276724,.84931231,.50728077,1.0269399,.91851074,.82969189,.33823529,.6343137,.69509804
2482402,fc-evian-thonon-gaillard,14171,1,hsc-montpellier,969,0,21.5,7.8888888,6.3333335,2.3888888,6.8627453,10.771242,1.993464,3.8888888,2014,1.0374538,.47809538,.77577209,.53702486,1.1363913,.48723647,.73549682,.5152474,1.8313725,.74509805,.78020835,.70833331
2482403,fc-stade-rennes,273,0,fc-nantes,995,0,14.277778,20.5,4.2222223,5.8333335,5.653595,9.6339865,1.8104575,2.509804,2014,.90449482,.72534305,.47352242,.32984108,.82633287,.685808,.46723986,.35074955,.88214284,.54708993,.56078434,.42647058
2482404,olympique-lyon,1041,1,ogc-nizza,417,2,0,34.944443,0,14.444445,14.477124,10.222222,6.7450981,3.993464,2014,.4131141,.29806477,.38290468,.23738134,.41173625,.29069167,.35419637,.25795135,.46415344,.24166666,.32198879,.19117647
2482405,hsc-montpellier,969,3,sc-bastia,595,1,12,0,3.5555556,0,21.078432,5.0849671,7.4379086,1.7777778,2014,.66615468,.41977164,.68494022,.52222359,.63654709,.39033389,1.0802287,.65266109,.68888891,.48148149,.93431371,.54831934
2482406,fc-nantes,995,1,sm-caen,1162,2,21.611111,4.9444447,6.3888888,1.1111112,11.006536,.39869282,3.2483661,.10457516,2014,.45087534,.33741683,.8917169,.39980727,.40573192,.3170194,.97930062,.35981041,.53137255,.42647058,1.050926,.3425926
2482407,ogc-nizza,417,2,fc-evian-thonon-gaillard,14171,2,21.277779,23.5,8.333333,6.6666665,8.0653591,8.5816994,3.2222223,2.6078432,2014,.45049602,.30745956,.88960838,.50517094,.45037878,.34583333,.89680874,.49699369,.35312501,.22395833,1.3260417,.86458331
2482408,fc-girondins-bordeaux,40,2,rc-lens,826,1,0,.66666669,0,.3888889,10.418301,0,3.9281046,0,2014,.42675894,.43735904,.82314861,.58288121,.44868466,.42207792,.92718136,.56989419,.73639458,.58571428,.69404763,.4642857
2482409,ea-guingamp,855,1,olympique-lyon,1041,3,20.777779,0,6.3333335,0,11.705882,18.745098,3.6862745,8.653595,2014,.80607998,.47736761,.43950698,.310866,.83383173,.49867526,.47145632,.36509132,.6564815,.56944442,.62526453,.375
2482410,olympique-marseille,244,2,fc-paris-saint-germain,583,3,0,24.166666,0,17,14.653595,28.045752,6.0392156,19.660131,2014,.97880173,.60789937,1.2557385,.78276479,1.0156637,.5897066,1.3348316,.76230109,1.2657408,.66759259,1.1031746,.62962961
2482411,osc-lille,1082,3,stade-reims,1421,1,24.888889,0,12.888889,0,20.529411,15.261438,10.039216,4.5098038,2014,.53501916,.29907477,.66125304,.42321792,.51331776,.29372457,.76859468,.47742504,.55882353,.46078432,.74933863,.29166666
2482412,fc-lorient,1158,0,fc-stade-rennes,273,3,0,14.277778,0,4.2222223,7.4901962,5.653595,2.2549019,1.8104575,2014,.69589746,.53933245,.90449482,.72534305,.82547724,.6852293,.82633287,.685808,1.3018519,1.1166667,.88214284,.54708993
2482413,as-monaco,162,1,as-saint-etienne,618,1,0,32.222221,0,15.388889,6.2156863,13.496732,3.7843137,6.7254901,2014,.8646208,.67013055,.7518838,.42290407,.90970242,.75041884,.73894978,.46020386,.7175926,.75833333,.52450979,.35588235
2482414,fc-metz,347,3,fc-toulouse,415,2,.5,0,.16666667,0,.013071896,8.5032682,0,2.7973857,2014,.6206063,.45124859,.75156879,.42509869,.58422518,.47109789,.87710083,.55455184,1.1398149,1.4444444,1.0960784,.59803921
2482415,olympique-lyon,1041,2,sc-bastia,595,0,0,0,0,0,26.542484,3.4771242,12.568627,1.1241831,2014,.46303469,.32927719,.73652393,.51531625,.51248664,.39432415,1.0963478,.58991599,.69193119,.40833333,.94607842,.50910366
2482416,fc-stade-rennes,273,1,ea-guingamp,855,0,14.277778,17.277779,4.2222223,5.1666665,5.653595,7.8888888,1.8104575,2.4117646,2014,.87423801,.62112415,.61359227,.40037978,.81026536,.59277451,.58166724,.41344798,.8376984,.45449737,.39722222,.49537036
2482417,fc-evian-thonon-gaillard,14171,0,osc-lille,1082,1,26.166666,26.833334,7.5,14,10.058824,25.915033,2.9411764,12.823529,2014,.85480553,.48037386,.62105209,.34224787,.85254157,.47493848,.61972076,.33560759,1.2480392,.81372547,.60185188,.49074075
2482418,rc-lens,826,0,fc-lorient,1158,0,.66666669,0,.3888889,0,0,4.5228758,0,1.3071896,2014,.8995375,.49449736,.68002445,.51094413,1.0478163,.48841271,.80325502,.65304232,.90238094,.51190478,1.2925926,1.1074075
2482419,fc-girondins-bordeaux,40,1,olympique-marseille,244,0,0,0,0,0,15.078431,14.973856,5.1241832,5.8366013,2014,.58425987,.61454052,.86633086,.55543023,.6593743,.62420422,.90316379,.5434103,.807423,.58039218,1.0574074,.57037038
2482420,fc-paris-saint-germain,583,3,fc-metz,347,1,24.277779,0,17.111111,0,24.633987,0,17.359478,0,2014,1.0573003,.63954395,.80670607,.54077482,1.0344756,.58851194,.77397388,.55773807,.79074073,.53333336,1.2833333,1.4666667
2482421,sm-caen,1162,0,as-monaco,162,3,4.9444447,0,1.1111112,0,.39869282,6.2352943,.10457516,3.6732025,2014,.8917169,.39980727,.70965004,.58988363,.97930062,.35981041,.72220242,.66014111,1.050926,.3425926,.625,.72129631
2482422,fc-toulouse,415,1,hsc-montpellier,969,0,0,12.235294,0,3.5882354,10.359477,22.32353,3.4183006,7.8014708,2014,.78628218,.47330195,.70188004,.44446409,.9073661,.55796129,.67399102,.4132947,1.1333333,.60416669,.72941178,.50980395
2482423,as-saint-etienne,618,1,fc-nantes,995,0,39.666668,20.888889,18.388889,6.5,19.954248,11.267974,9.9019604,3.3529413,2014,.84682274,.47541249,.47439626,.36477372,.78123033,.49636537,.44223985,.37654322,.58796299,.4287037,.47254902,.38725489
2482424,stade-reims,1421,0,ogc-nizza,417,1,0,33.666668,0,13.5,15.163399,11.320261,4.4640522,4.1241832,2014,.76922339,.4898243,.46084657,.30801961,.86667728,.525626,.44933361,.33419311,.82282913,.35784313,.38796297,.22870371
2482425,osc-lille,1082,2,fc-girondins-bordeaux,40,0,22.777779,0,11.888889,0,17.82353,13.287581,8.6862745,4.4248366,2014,.59903526,.38226807,.51222348,.57857066,.57714021,.35651994,.57558519,.58161974,.62184876,.50980395,.57038689,.46041667
2482426,hsc-montpellier,969,1,sm-caen,1162,0,9.833333,4.9444447,2.9444444,1.1111112,20,.43137255,7.5947714,.12418301,2014,.71068788,.46930072,.91602248,.4609184,.65569037,.42611521,1.0163376,.45240301,.6901961,.56862748,1.0787038,.50925928
2482427,ea-guingamp,855,1,fc-evian-thonon-gaillard,14171,1,17.222221,21.111111,5.1111112,6.0555553,6.8235292,6.2091503,2.0718954,1.8169935,2014,.68849307,.45521384,.80614406,.43568224,.64339566,.45962402,.77957159,.40570411,.49907407,.4675926,1.3,.69791669
2482428,fc-metz,347,3,rc-lens,826,1,.5,.66666669,.16666667,.3888889,.013071896,0,0,0,2014,.79842615,.54077482,.95715863,.61852592,.75915903,.55773807,1.0954657,.60201466,1.2462963,1.4666667,.9861111,.45833334
2482429,fc-nantes,995,1,olympique-marseille,244,0,20.444445,0,6,0,11.104575,15.535948,3.1895425,6.2483659,2014,.50217402,.36477372,.85848927,.46014109,.47001764,.37654322,.91925329,.44803992,.50196081,.38725489,1.2137254,.5892157
2482430,ogc-nizza,417,1,fc-paris-saint-germain,583,3,33.833332,20.444445,13.611111,14.444445,12.065359,19.38562,4.3921571,13.424836,2014,.38067982,.19663616,1.1232971,.80106449,.39562991,.23065777,1.1384642,.78139359,.37076721,.19444445,.89999998,.69803923
2482431,sc-bastia,595,1,stade-reims,1421,2,0,0,0,0,3.6470587,16.633987,1.2418301,4.8562093,2014,.78735352,.57146603,.78195614,.49840245,1.1778605,.6879552,.88602275,.5361973,1.0519608,.60714287,.84378308,.39351851
2482432,as-monaco,162,1,fc-stade-rennes,273,1,0,12.833333,0,3.7777777,5.0522876,4.0784316,3.0849674,1.3006536,2014,.92673427,.62121385,.85571951,.60029083,1.0649077,.7880252,.80016434,.56752199,.75784314,.73039216,.8376984,.45449737
2482433,olympique-lyon,1041,2,as-saint-etienne,618,2,0,42.777779,0,19.277779,18.908497,18.980392,8.8039217,8.9934645,2014,.46575671,.33765459,.95029497,.55527359,.5136441,.38506487,.85338044,.5594967,.65489417,.39722222,.66759259,.46203703
2482434,fc-lorient,1158,0,fc-toulouse,415,1,0,0,0,0,4.5228758,10.359477,1.3071896,3.4183006,2014,.68002445,.51094413,.65092325,.45207766,.80325502,.65304232,.76970899,.55547619,1.2925926,1.1074075,.86555558,.49444443
2482435,fc-evian-thonon-gaillard,14171,1,sc-bastia,595,2,24.944445,0,7.1666665,0,8.986928,1.254902,2.6797385,.34640524,2014,.79512149,.3849625,.50123203,.41177467,.86093134,.38316497,.53073984,.43585435,1.6156863,.56862748,.390625,.38020834
2482436,sm-caen,1162,0,ea-guingamp,855,2,4.9444447,13.222222,1.1111112,3.7222223,.43137255,5.6862745,.12418301,1.5098039,2014,.91602248,.4609184,.71238977,.4643679,1.0163376,.45240301,.68099385,.45510462,1.0787038,.50925928,.5453704,.38425925
2482437,fc-paris-saint-germain,583,6,osc-lille,1082,1,24.111111,24.833334,17,12.944445,26.202614,23.418301,18.38562,11.529411,2014,1.0782528,.78047961,.59818643,.427086,1.0733644,.74591935,.57867724,.41333243,.87962961,.70740741,.62184876,.52941179
2482438,olympique-marseille,244,3,fc-lorient,1158,5,0,0,0,0,15.562092,6.4901962,6.4901962,1.8823529,2014,1.0483075,.63581502,.61139697,.50720483,1.0867723,.62145406,.7217254,.65006614,1.4145833,.71979165,1.2092593,1.1074075
2482439,stade-reims,1421,2,olympique-lyon,1041,4,0,0,0,0,15.45098,23.751635,4.6143789,11.222222,2014,.76486212,.49840245,.48662567,.36234596,.86380053,.5361973,.52822739,.40358341,.84378308,.39351851,.69193119,.40833333
2482440,fc-girondins-bordeaux,40,1,fc-metz,347,1,0,0,0,0,15.163399,0,5.1699347,0,2014,.4885942,.57859284,.80670607,.54077482,.5554527,.60132843,.77397388,.55773807,.57212883,.55098039,1.2833333,1.4666667
2482441,rc-lens,826,0,as-monaco,162,3,.66666669,0,.3888889,0,0,6.6143789,0,3.8954248,2014,.98164731,.63556999,.86169684,.66686255,1.1362658,.63937074,.8874802,.74424601,.97179484,.5,.69907409,.73981482
2482442,as-saint-etienne,618,1,hsc-montpellier,969,0,43.444443,11.733334,19.833334,3.4666667,20.69281,26.161905,10,10.047619,2014,.90827215,.54843599,.74989069,.500763,.81788659,.5545584,.6542269,.42459726,.61388886,.45092592,.74888891,.6111111
2482443,fc-toulouse,415,1,fc-nantes,995,1,0,20.722221,0,6,11.869281,12.248366,3.9215686,3.4183006,2014,.70316684,.40915945,.54882598,.42099038,.80760163,.54119051,.51783383,.43650794,.90222222,.51666665,.55098039,.44607842
2482444,fc-stade-rennes,273,2,ogc-nizza,417,1,13.111111,36.333332,3.7777777,14.833333,5.0718956,12.986928,1.6274509,5.0980392,2014,.72809654,.63192719,.51231647,.31114417,.64346254,.5980655,.51694149,.35599059,.73055553,.41746032,.45140055,.25
2482445,fc-lorient,1158,0,fc-girondins-bordeaux,40,0,0,0,0,0,5.5032678,9.3137255,1.745098,3.5882354,2014,.60134405,.45677748,.56260723,.52659696,.67338085,.53463405,.643767,.59203643,.91203701,.7185185,.86205357,.73541665
2482446,ogc-nizza,417,1,sm-caen,1162,1,42.833332,8,17.055555,1.8333334,16.20915,1.0915033,5.9607844,.26797387,2014,.48385441,.29385838,.72128266,.32592592,.48822251,.33621332,.74325567,.33335537,.42632276,.2361111,.79100531,.48148149
2482447,olympique-lyon,1041,2,fc-evian-thonon-gaillard,14171,0,0,25.888889,0,7.3888888,18.908497,9.9411764,8.8039217,2.9542484,2014,.46575671,.33765459,.93538076,.26895624,.5136441,.38506487,.99914122,.23865546,.65489417,.39722222,1.8520833,.35416666
2482448,osc-lille,1082,3,rc-lens,826,1,22.352942,.70588237,11.705882,.41176471,14,0,7.0073528,0,2014,.6709615,.36855158,.94507074,.57731712,.65304667,.34462827,1.1115829,.58141023,.59821427,.38541666,.87916666,.40277779
2482449,fc-metz,347,0,olympique-marseille,244,2,0,0,0,0,0,13.69281,0,5.7320261,2014,.79876953,.54077482,.84958446,.53012162,.77397388,.55773807,.87785518,.51927006,1.2833333,1.4666667,1.1960784,.63333333
2482450,fc-nantes,995,0,fc-paris-saint-germain,583,2,20.722221,27,6,19.222221,12.248366,29.424837,3.4183006,20.777779,2014,.54882598,.42099038,1.3184611,.88095361,.51783383,.43650794,1.3700505,.84454513,.55098039,.44607842,1.1216931,.75555557
2482451,ea-guingamp,855,2,stade-reims,1421,0,11.777778,0,3.4444444,0,4.1699347,15.326797,1.2156863,4.3725491,2014,.68849307,.45521384,.77413183,.50376159,.64339566,.45962402,.89251626,.5578022,.49907407,.4675926,.81600529,.3888889
2482452,hsc-montpellier,969,0,fc-stade-rennes,273,0,11.470589,14.277778,3.4117646,4.2222223,22.058823,5.653595,8.1029415,1.8104575,2014,.72385585,.49863198,.87423801,.62112415,.64111549,.43972659,.81026536,.59277451,.76458335,.63541669,.8376984,.45449737
2482453,sc-bastia,595,1,as-saint-etienne,618,0,0,39.777779,0,18.388889,1.751634,19.052288,.54901963,9.2091503,2014,.78494024,.56879222,.87970716,.49233577,1.1829025,.6879552,.80549341,.50629801,1.0372549,.60714287,.57685184,.43981481
2482454,as-monaco,162,4,fc-toulouse,415,1,0,0,0,0,6.1437907,18.588236,3.7254901,6.1895423,2014,.7238763,.60878175,.78537345,.49377999,.76942462,.68869048,.88182408,.58256304,.55740738,.62870371,1.0107843,.52941179
2482455,fc-stade-rennes,273,0,sc-bastia,595,1,14.277778,0,4.2222223,0,5.653595,2.2483661,1.8104575,.751634,2014,.80718488,.67375576,.71077144,.47882682,.74454278,.65351933,1.1198772,.59169853,.76547617,.50740743,.99019605,.51890755
2482456,fc-paris-saint-germain,583,6,ea-guingamp,855,0,25.277779,18.666666,17.777779,5.3888888,26.529411,8.1307192,18.535948,2.3202615,2014,1.26985,.8574267,.68729061,.43160275,1.3502092,.8551271,.65753704,.45863196,1.1661376,.81851852,.5138889,.47222221
2482457,fc-toulouse,415,3,osc-lille,1082,2,0,25.6875,0,13.3125,16.849672,21.15,5.9607844,10.175,2014,.72082615,.52305168,.59746534,.38403079,.84119558,.62850142,.57509351,.34807304,1.0960784,.65686274,.58253968,.48888889
2482458,fc-metz,347,0,fc-lorient,1158,4,0,0,0,0,0,8.1699343,0,2.5816994,2014,.79876953,.54077482,.61893666,.54352963,.77397388,.55773807,.73314518,.6901896,1.2833333,1.4666667,1.2037038,1.1351852
2482459,sm-caen,1162,3,olympique-lyon,1041,0,8,0,1.8333334,0,1.1241831,25.17647,.28758171,11.679739,2014,.87589902,.45664489,.48012871,.34162286,.96633768,.4444665,.53546947,.4174723,1.050926,.48148149,.67711639,.43055555
2482460,olympique-marseille,244,2,as-monaco,162,1,0,0,0,0,16.673203,6.5751634,6.8431373,4.019608,2014,1.0071137,.66080946,.81242782,.55284655,1.0573305,.67932302,.82889432,.62078923,1.7941177,1.2117647,.7037037,.7027778
2482461,rc-lens,826,0,hsc-montpellier,969,1,.75,7.7777777,.4375,2.3333333,0,8.3660135,0,2.9673202,2014,1.0337849,.61193758,.81192404,.56544137,1.1939919,.60757577,.7571044,.53040534,1.025,.41666666,.80555558,.75555557
2482462,fc-girondins-bordeaux,40,2,fc-nantes,995,1,0,20.705883,0,6.1764708,10.928104,9.375,4.3986926,2.5955882,2014,.59471947,.63503999,.42504957,.34005794,.66044825,.67016143,.36765873,.33841765,.85163689,.77291667,.36979166,.36458334
2482463,as-saint-etienne,618,5,ogc-nizza,417,0,54.5,41.611111,24.833334,16.555555,30.039215,16.960785,14.771242,6.3660131,2014,.77895194,.53135383,.48385441,.29385838,.71683443,.55175257,.48822251,.33621332,.68240738,.45833334,.42632276,.2361111
2482464,fc-evian-thonon-gaillard,14171,2,stade-reims,1421,3,27.055555,0,7.7777777,0,10.464052,17.666666,3,5.0326796,2014,.84042275,.31963006,.80311692,.51383138,.89725047,.3317976,.91616374,.55398732,1.5029411,.3137255,.86694676,.40196079
2482465,olympique-lyon,1041,1,fc-girondins-bordeaux,40,1,0,0,0,0,29.241831,13.732026,13.594771,5.0784316,2014,.52718258,.37742531,.62225634,.64819783,.57766223,.44710192,.69113004,.68057811,.73637569,.46388888,.88288689,.77291667
2482466,sc-bastia,595,1,sm-caen,1162,1,0,8,0,1.8333334,4.4248366,1.1241831,1.5294118,.28758171,2014,.89842057,.61126673,.87589902,.45664489,1.200519,.70956451,.96633768,.4444665,1.0814815,.62896824,1.050926,.48148149
2482467,ogc-nizza,417,2,rc-lens,826,1,35.444443,0,13.833333,0,11.823529,0,4.1045752,0,2014,.403364,.2591621,1.1309876,.68985963,.40095487,.28101778,1.3182343,.70984846,.40461311,.21875,1.105,.51666665
2482468,fc-nantes,995,1,fc-lorient,1158,1,19.666666,0,6.0555553,0,9.3790846,6.9477124,2.5816994,2.2156863,2014,.41670647,.31069624,.59867519,.52643561,.37077498,.30065361,.71238202,.66935629,.40196079,.35294119,1.1537037,1.0796297
2482469,osc-lille,1082,0,olympique-marseille,244,4,24.777779,0,12.888889,0,20.522877,17.045752,10.111111,7.006536,2014,.60591078,.42428488,1.0001693,.61715865,.58722425,.40880755,1.0364971,.6035955,.60224092,.50980395,1.3549019,.72156864
2482470,as-monaco,162,2,fc-metz,347,0,0,0,0,0,8.1764708,0,4.8823528,0,2014,.84668708,.65731001,.89201742,.68416524,.89118391,.73653001,.84964728,.71060604,.73148149,.75833333,1.4447089,1.5539683
2482471,hsc-montpellier,969,1,fc-paris-saint-germain,583,2,10.888889,23.833334,3.2777777,16.722221,21.581699,24.300653,7.9477124,16.90196,2014,.68972373,.46915436,1.1326972,.7381174,.64395452,.4394792,1.1400311,.71020508,.70740741,.5925926,.92407405,.64074075
2482472,stade-reims,1421,1,fc-stade-rennes,273,0,0,14.277778,0,4.2222223,14.052288,5.653595,4.1111112,1.8104575,2014,.78849757,.52604169,.87423801,.62112415,.90791315,.58526653,.81026536,.59277451,.85224092,.41176471,.8376984,.45449737
2482473,fc-evian-thonon-gaillard,14171,1,as-saint-etienne,618,2,22.666666,33.277779,6.4444447,15.277778,7.0915031,17.339869,2.0261438,8.7450981,2014,.97622705,.38091481,.70492959,.36783031,1.0515699,.3515839,.67157924,.39728963,1.7666667,.59722221,.43823528,.36568627
2482474,ea-guingamp,855,2,fc-toulouse,415,1,15,0,4.3333335,0,5.4705882,11.666667,1.5359477,3.9542484,2014,.6344071,.38360178,.71440721,.52047455,.64131373,.43251634,.81026787,.61153275,.50882351,.4362745,.91458333,.57291669
2482475,olympique-marseille,244,3,sc-bastia,595,0,0,0,0,0,9.2941179,3.006536,3.9738562,.96078432,2014,1.1282262,.74086893,.74901062,.53006673,1.1802423,.75780421,.64398843,.52823257,1.9078431,1.2656863,.51354164,.43675596
2482476,sm-caen,1162,3,fc-evian-thonon-gaillard,14171,2,7.8125,20.555555,1.75,5.7777777,1.0416666,6.2483659,.26666668,1.7973856,2014,.81455302,.39542192,.90729582,.50683504,.89248705,.38692957,.88459873,.48525593,1.0572916,.45833334,1.1843138,.65196079
2482477,as-saint-etienne,618,2,ea-guingamp,855,1,39.823528,14.333333,18.529411,4.3333335,14.897058,5.7647057,7.4338236,1.8235294,2014,.73857105,.38734749,.64991778,.39711931,.71355295,.42212024,.60719103,.40195867,.46562499,.38854167,.39117646,.47549018
2482478,fc-metz,347,1,osc-lille,1082,4,0,30.428572,0,16,0,36.362637,0,18.153847,2014,.90531278,.67181957,.48067763,.31384251,.88298059,.71060604,.43521923,.30904651,1.4817461,1.5539683,.51190478,.48809522
2482479,fc-stade-rennes,273,0,olympique-lyon,1041,1,15.166667,0,4.4444447,0,7.019608,22.150328,2.2810457,10.261438,2014,.88843554,.61661327,.39424607,.26794821,.80563575,.56962639,.40239769,.30251503,.83306879,.41746032,.46785715,.29722223
2482480,fc-lorient,1158,0,as-monaco,162,1,0,0,0,0,6.0718956,6.2222223,1.9019607,3.8235295,2014,.59867519,.52643561,.83279818,.65225953,.71238202,.66935629,.86803573,.72859347,1.1537037,1.0796297,.71296299,.73981482
2482481,fc-girondins-bordeaux,40,2,hsc-montpellier,969,1,0,8.833333,0,2.7222223,16.862745,13.888889,6.3790851,5.4117646,2014,.59494096,.61006856,.68273741,.39446533,.65582293,.64054412,.59667104,.37149742,.83095241,.72745097,.63958335,.44791666
2482482,rc-lens,826,1,fc-nantes,995,0,.66666669,20.722221,.3888889,5.9444447,0,11,0,2.9150326,2014,.89850479,.63958818,.41670647,.31069624,1.0185425,.62872404,.37077498,.30065361,.78194445,.4861111,.40196079,.35294119
2482483,fc-toulouse,415,2,ogc-nizza,417,3,0,30.222221,0,12.388889,11.20915,7.4117646,3.7385621,2.8300653,2014,.63417882,.50708175,.46358827,.32977292,.66127795,.52931547,.46101853,.35308561,.76458335,.43229166,.46492064,.27777779
2482484,fc-paris-saint-germain,583,3,stade-reims,1421,2,26.055555,0,18.388889,0,24.895424,11.660131,17.38562,3.5228758,2014,1.0884585,.77007025,.71428943,.4982639,1.0782664,.72740084,.80455184,.54791826,.8740741,.68518519,.76890755,.36764705
2500952,fc-stade-rennes,273,1,fc-paris-saint-germain,583,1,14.333333,24.333334,4.1111112,17.166666,6.2222223,31.045752,1.9607843,21.640522,2014,.99751168,.54827875,1.3340825,.90557003,.95757174,.51568419,1.3848654,.89084142,.93862432,.48690477,1.1531746,.89907408
2500953,ogc-nizza,417,1,fc-metz,347,0,35.777779,.5,14.166667,.16666667,12.862745,.20915033,4.6209149,.071895428,2014,.54400992,.29432136,.68658692,.48338762,.57850027,.33570826,.72359908,.52178329,.45542327,.19907407,1.5465609,1.4530423
2500954,stade-reims,1421,2,fc-toulouse,415,0,0,45.277779,0,15.722222,13.836601,13.24183,3.8431373,4.3333335,2014,.73969942,.46386963,.66639555,.46790466,.83536142,.53322113,.73752391,.51725233,.70489419,.37037036,.98137254,.39705881
2500955,as-saint-etienne,618,1,sm-caen,1162,0,40.277779,8,19,1.8333334,22.431372,1.1241831,11.30719,.28758171,2014,.64450276,.49438709,.65146232,.29983872,.62941855,.52285248,.82323635,.30412257,.50462961,.30462962,1.3095238,.35185185
2586765,osc-lille,1082,0,fc-paris-saint-germain,583,1,1.3333334,43.666668,.3888889,29.222221,13.882353,33.156864,6.0980392,22.549019,2015,.68347824,.44387522,.99675292,.67240012,.60721594,.38752791,.92254227,.67929357,.65714288,.44999999,.86825395,.63055557
2586766,sc-bastia,595,2,fc-stade-rennes,273,1,11.444445,34.944443,3.8888888,11.444445,11.679739,17.254902,3.9738562,5.6274509,2015,.67227888,.47868699,.64865434,.4944835,.68311149,.47184873,.47452635,.34863716,.46176469,.36078432,.39629629,.21481481
2586767,fc-toulouse,415,2,as-saint-etienne,618,1,5.5555553,63.388889,2.4444444,30.277779,25.352942,30.379086,8.320261,15.261438,2015,.71270835,.52324808,.5231809,.41422766,.84916025,.59409171,.49017093,.39032635,.7175926,.52777779,.34607843,.30000001
2586768,es-troyes-ac,1095,0,gfc-ajaccio,3558,0,15.944445,0,3.3888888,0,3.4640522,1.2745098,.59477127,.33986929,2015,.95193547,.62921429,1.0801269,.47476524,.92608023,.56252033,1.1115079,.57656085,1.4558823,.88235295,1.5333333,.86666667
2586769,fc-nantes,995,1,ea-guingamp,855,0,19.833334,31.666666,5.7222223,11,7.6928105,12.836601,2.0261438,4.6993465,2015,.65484297,.31947753,.81962878,.42240199,.6947192,.32938841,.66463619,.37361112,.44999999,.32352942,.55145502,.18888889
2586770,fc-girondins-bordeaux,40,1,stade-reims,1421,2,18.388889,4.1111112,8.166667,1.8333334,20.973856,22.535948,8.4836597,6.8366013,2015,.6999312,.47778702,.58597314,.34134668,.72396129,.46011904,.65965438,.34320387,.83664024,.5462963,.89351851,.5138889
2586771,ogc-nizza,417,1,as-monaco,162,2,27.611111,17.666666,10.944445,9.2777777,4.9477124,11.431373,1.6993464,6.4705882,2015,.55691701,.38445851,.84887326,.53477544,.5439921,.34095442,.88806117,.60601252,.38921568,.4852941,.70515871,.45833334
2586772,hsc-montpellier,969,0,sco-angers,1420,2,29.166666,0,11.444445,0,19.620914,0,7.5294118,0,2015,.56248474,.42482364,.85040081,.35846937,.56709015,.45829123,.94976366,.45244709,.5925926,.52777779,1.2222222,.4537037
2586773,olympique-marseille,244,0,sm-caen,1162,1,19.833334,12.944445,10.833333,4.1666665,9.3529415,7.9346404,4.8235292,2.6928105,2015,.73721188,.54589117,.61987782,.41523889,.82317322,.66993344,.77668738,.45294011,.57361114,.48518518,.58879554,.48039216
2586774,olympique-lyon,1041,0,fc-lorient,1158,0,23.888889,17.777779,14.111111,5.4444447,32.274509,10.424836,16.862745,3.2156863,2015,.5978778,.43232876,.81824815,.55304581,.63477457,.46949577,.92369932,.62537479,.91805553,.5138889,.89351851,.5925926
2586775,stade-reims,1421,1,olympique-marseille,244,0,3.6111112,0,1.5,0,22.398693,9.7450981,6.640523,5.1503267,2015,.57406837,.33737844,.63277465,.42238688,.65965438,.34320387,.70478696,.48342553,.89351851,.5138889,.56323528,.43529412
2586776,sco-angers,1420,0,fc-nantes,995,0,0,23.055555,0,6.5555553,0,8.5882349,0,2.3398693,2015,.8107183,.37698787,.43075785,.23246117,.92198586,.47466931,.40942508,.23380019,1.1481482,.48148149,.37941176,.25980392
2586777,fc-lorient,1158,1,sc-bastia,595,1,14.833333,10.111111,4.5,3.3333333,7.7516341,8.4183006,2.3660131,2.6601307,2015,.83977419,.54281652,.57845074,.39908111,1.021142,.6460979,.63219333,.41502976,.91944444,.58796299,.52187502,.35208333
2586778,fc-paris-saint-germain,583,2,gfc-ajaccio,3558,0,40.666668,0,27.111111,0,27.156862,1.2745098,18.424837,.33986929,2015,.93908095,.64675909,1.0896261,.46535012,.86487037,.65365255,1.089986,.54081571,.79417992,.61666667,1.5098039,.7647059
2586779,as-saint-etienne,618,1,fc-girondins-bordeaux,40,1,55.388889,15.111111,26.611111,6.7222223,25.777779,11.346405,13.117647,4.6013074,2015,.49967441,.37700787,.8621887,.52319318,.47085539,.35345119,.89934582,.49894959,.33039215,.33235294,.96848738,.57843137
2586780,ea-guingamp,855,0,olympique-lyon,1041,1,23.444445,23.444445,8.333333,13.944445,7.8496733,31.562092,2.993464,16.542484,2015,.93944103,.54193836,.65409476,.5871942,.75803113,.48382354,.6827684,.63158369,.67212886,.43529412,1.0143518,.86944443
2586781,as-monaco,162,0,osc-lille,1082,0,16.722221,2.2777777,8.7222223,.83333331,10.947712,11.20915,6.1503267,4.8692808,2015,.85118812,.57181245,.68451345,.41649425,.89037597,.64304954,.63393551,.34369397,.72367728,.5324074,.63333333,.42222223
2586782,sm-caen,1162,1,fc-toulouse,415,0,12.944445,4.2222223,4.1666665,2,7.9346404,21.09804,2.6928105,6.7581701,2015,.61987782,.41523889,.67395175,.5325073,.77668738,.45294011,.75687629,.58985889,.58879554,.48039216,.62037039,.41666666
2586783,es-troyes-ac,1095,3,ogc-nizza,417,3,16.333334,18.222221,3.5555556,6.6666665,3.3856208,4.3660131,.68627453,1.3986928,2015,.81646538,.60143656,.54828244,.37638319,.8691358,.56748068,.55078155,.35196078,1.1342592,.80555558,.37187499,.49479166
2586784,fc-stade-rennes,273,1,hsc-montpellier,969,0,31.055555,32,10.166667,12.611111,11.594771,25.032681,3.856209,9.8823528,2015,.45557269,.38336658,.58364874,.42791006,.36093834,.26056397,.59486794,.45829123,.34074074,.14537036,.63425928,.52777779
2586785,gfc-ajaccio,3558,0,sco-angers,1420,2,0,0,0,0,1.2745098,0,.33986929,0,2015,1.0896261,.46535012,.89024371,.37323236,1.089986,.54081571,.98587477,.47713846,1.5098039,.7647059,1.1666666,.4537037
2586786,fc-toulouse,415,1,as-monaco,162,1,4.7777777,15.222222,2.2777777,7.9444447,19.738562,6.4640522,6.4967322,3.5163398,2015,.69154429,.55472952,.73545754,.42937419,.77848125,.61763668,.71101123,.42590588,.62037039,.41666666,.58756614,.37962964
2586787,sc-bastia,595,3,ea-guingamp,855,0,10.333333,29.388889,3.4444444,10,8.9542484,12.392157,3.0784314,4.4117646,2015,.59344381,.42952731,.83350289,.41171196,.62021559,.43263304,.68367708,.35200617,.55000001,.39019608,.67923278,.38611111
2586788,fc-lorient,1158,0,as-saint-etienne,618,1,15.5,55.944443,4.7222223,26.888889,9.4509802,26.228758,2.9477124,13.313725,2015,.8156026,.54070014,.54221255,.39304623,.92469138,.60950178,.5121659,.37323233,.90277779,.60185188,.33796296,.36203703
2586789,fc-nantes,995,1,stade-reims,1421,0,22.722221,4,6.6111112,1.7777778,8.4117651,20.013071,2.3137255,6.0457516,2015,.53419441,.2960349,.58946651,.34373665,.50081164,.2950747,.66903234,.34649071,.41862744,.27941176,.88611114,.5138889
2586790,ogc-nizza,417,2,sm-caen,1162,1,19.611111,9.833333,7.5,2.9444444,2.2483661,4.5294118,.7647059,1.4901961,2015,.55912447,.31744954,.61568362,.39422706,.56831551,.34145659,.78984469,.4292005,.4480392,.48921567,.58952379,.51111114
2586791,hsc-montpellier,969,0,fc-paris-saint-germain,583,1,19.333334,41,7.4444447,27.777779,22.261438,26.562092,8.6209154,18.235294,2015,.58364874,.42791006,.9695015,.60425198,.59486794,.45829123,.89952642,.61804003,.63425928,.52777779,.82936507,.4861111
2586792,olympique-marseille,244,6,es-troyes-ac,1095,0,0,16.333334,0,3.5555556,4.9477124,3.3856208,2.8888888,.68627453,2015,.70978206,.51720208,.90295774,.60308766,.80008519,.65618086,.96701938,.59315407,.48970589,.35686275,1.1268518,.58333331
2586793,olympique-lyon,1041,1,fc-stade-rennes,273,2,22.666666,33.888889,13.388889,11.111111,27.352942,14.568627,14.267974,4.8692808,2015,.65033531,.58948177,.45333639,.37971094,.68246311,.63555193,.34540528,.23912656,1.0282408,.88333333,.3019608,.10980392
2586794,osc-lille,1082,0,fc-girondins-bordeaux,40,0,1.3333334,13.222222,.3888889,5.6111112,15.588235,8.8954248,7.1699347,3.3137255,2015,.68572116,.42819017,.6174401,.48747888,.61409426,.36221248,.63853925,.5147059,.64259261,.42222223,.52380955,.45833334
2586795,stade-reims,1421,4,fc-lorient,1158,1,3.5,16.666666,1.4444444,5,21.287582,10.196078,6.6339869,3.1307189,2015,.51786286,.27523917,.73412114,.48911282,.57341272,.27425045,.87530863,.57863754,.68518519,.3888889,.95588237,.63725489
2586796,sco-angers,1420,1,ogc-nizza,417,1,0,22.388889,0,8.4444447,0,3.3856208,0,1.1307189,2015,.9944104,.36952868,.5434382,.31744954,1.0914303,.47713846,.54870766,.34145659,1.375,.4537037,.42843136,.48921567
2586797,as-saint-etienne,618,2,sc-bastia,595,1,49.777779,10.333333,23.111111,3.4444444,16.372549,8.0522881,8.1045752,2.6928105,2015,.50532204,.37817746,.59776908,.44227242,.52636343,.37289563,.5790391,.42478991,.38137254,.43039215,.46176469,.36078432
2586798,fc-girondins-bordeaux,40,2,fc-nantes,995,0,16.333334,19.722221,6.9444447,5.8333335,15.921569,7.8431373,6.2810459,2.1764705,2015,.68383235,.50801575,.70915669,.28890476,.70375925,.53373015,.73022342,.29213351,.8067227,.54901963,.48921567,.32352942
2586799,ea-guingamp,855,2,olympique-marseille,244,0,29,0,10.166667,0,10.941176,6.5882354,3.9803922,3.6143792,2015,.8138566,.41020268,.69589317,.50347662,.70899969,.39444444,.78064072,.63799906,.70423281,.38611111,.48970589,.3764706
2586800,as-monaco,162,0,fc-paris-saint-germain,583,3,15.222222,46.611111,7.8888888,31.166666,6.9150329,32.64706,3.7385621,22.169935,2015,.80144191,.39979818,1.2431959,.99974221,.82283783,.42251083,1.2213727,.96224213,.69312167,.43518519,1.0507936,.71944445
2586801,sm-caen,1162,0,olympique-lyon,1041,4,9.833333,19.055555,2.9444444,11.166667,5.5163398,20.640522,1.862745,10.627451,2015,.60299635,.42986077,.52927852,.4782806,.76691264,.46277693,.51451445,.50087553,.58392859,.51041669,.82407409,.8277778
2586802,es-troyes-ac,1095,0,hsc-montpellier,969,0,19.333334,29.111111,4.1111112,11.5,5.3856211,19.294117,1.0653595,7.993464,2015,.9087804,.61108428,.48887753,.31679896,.9662478,.58422548,.51709014,.35829124,1.3107843,.61764705,.4675926,.37962964
2586803,osc-lille,1082,1,gfc-ajaccio,3558,0,2.2777777,0,.83333331,0,16.274509,1.2745098,7.3071895,.33986929,2015,.65774363,.46271399,.98818511,.48023808,.61978209,.40789828,1.0127646,.58219898,.62936509,.46851853,1.3981482,.75
2586804,fc-stade-rennes,273,3,fc-toulouse,415,1,36.611111,4.7222223,12.111111,2.1111112,19,21.006536,6.4444447,6.9346404,2015,.61950904,.46417144,.70635915,.51306283,.55217451,.34621212,.79977751,.55837744,.45185184,.26111111,.67592591,.49074075
2586805,gfc-ajaccio,3558,0,as-monaco,162,1,0,11.611111,0,6,1.2745098,3.6797385,.33986929,1.8692811,2015,1.0626535,.49340442,.75182962,.37753907,1.0584267,.57631993,.77218711,.39086962,1.3333334,.7352941,.60978836,.37962964
2586806,fc-toulouse,415,2,stade-reims,1421,2,4.5555553,2.5,1.8888888,1,19.862745,17.267973,6.4509802,5.0980392,2015,.74356151,.50578773,.53715295,.31343362,.87308002,.60698855,.59745115,.31402317,.71296299,.50925928,.71018517,.45833334
2586807,fc-lorient,1158,3,sco-angers,1420,1,18.444445,0,5.5555553,0,13.189543,0,4.026144,0,2015,.83891439,.54142767,.74911016,.34023574,1.0664462,.68551588,.79756308,.4363977,.79907405,.44907406,1.1111112,.41666666
2586808,fc-nantes,995,0,fc-stade-rennes,273,2,21.444445,28.666666,6.1111112,9.5,5.9019608,12.222222,1.503268,4.0784316,2015,.73222899,.34685671,.64292699,.47701138,.76583803,.3577877,.59573513,.39444444,.50729167,.34375,.57685184,.33981481
2586809,fc-paris-saint-germain,583,2,fc-girondins-bordeaux,40,2,40.777779,13.777778,27.222221,6.3333335,27.509804,14.607843,18.555555,5.9150329,2015,.98546225,.85075229,.67157882,.48142847,.9461534,.82037705,.7051838,.51243389,.81269842,.63055557,.93067229,.64705884
2586810,ogc-nizza,417,0,ea-guingamp,855,1,27.111111,29,11.166667,10.166667,2.3333333,10.535948,.92156863,3.7647059,2015,.63198107,.35353222,.8138566,.41020268,.68600923,.36395174,.70899969,.39444444,.94999999,.55000001,.70423281,.38611111
2586811,hsc-montpellier,969,1,as-saint-etienne,618,2,24.222221,43.611111,9.6111107,20.222221,12.411765,20.320261,5.0588236,9.8366013,2015,.55725479,.33179012,.71317297,.47114673,.63275969,.37930697,.78182095,.46381462,.43055555,.23518519,.86372548,.50098038
2586812,olympique-marseille,244,4,sc-bastia,595,1,0,8.7777777,0,3,4.6143789,7.6143789,2.5882354,2.6470587,2015,.742935,.53835315,.65463185,.4382458,.82966673,.66670275,.65222913,.43508404,.54950982,.43039215,.42254901,.37058824
2586813,olympique-lyon,1041,0,osc-lille,1082,0,19.722221,2.2777777,11.444445,.83333331,22.758169,6.1830068,11.633986,2.8823528,2015,.56156987,.49908322,.56117904,.33533302,.58241564,.53865021,.57070798,.29800817,.87268519,.75,.55370373,.32962963
2586814,es-troyes-ac,1095,1,sm-caen,1162,3,14.111111,14.166667,3.0555556,4.4444447,1.7581699,3.986928,.28758171,1.3725491,2015,.83083504,.57236594,.65616083,.44358626,.82603616,.52314305,.81593227,.49154228,1.2794118,.84313726,.54821426,.45833334
2586839,fc-stade-rennes,273,1,osc-lille,1082,1,30.333334,2.2777777,10.111111,.83333331,13.130719,3.2745099,4.4444447,1.4640523,2015,.60242778,.48454937,.63863939,.37862307,.57158649,.41534793,.64610481,.33372244,.56296295,.38611111,.67870373,.39166668
2586840,sm-caen,1162,2,hsc-montpellier,969,1,18.277779,25.777779,5.3888888,10,5.0980392,14.555555,1.6732026,5.7777777,2015,.61653239,.40997282,.52501076,.3134751,.77294582,.45134619,.58137077,.34844276,.51428574,.45833334,.43055555,.31851852
2586841,olympique-marseille,244,1,olympique-lyon,1041,1,0,20.222221,0,11.888889,2.6862745,26.196079,1.6862745,13.45098,2015,.66793501,.49652308,.62273669,.52880049,.75281483,.6010462,.63086903,.55614662,.4735294,.34803921,.91898149,.7361111
2586842,as-monaco,162,2,fc-lorient,1158,3,12.666667,16.333334,6.4444447,5.0555553,5.3921571,12.751634,2.8300653,4,2015,.74087876,.49162638,.7648403,.50040203,.77797413,.57040304,1.0034833,.66931218,.66534394,.5324074,.79907405,.44907406
2586843,ea-guingamp,855,2,gfc-ajaccio,3558,1,29.333334,0,10.333333,0,12.274509,1.2745098,4.4117646,.33986929,2015,.86317998,.49658853,1.0920653,.52085543,.71068323,.44999999,1.095028,.6120342,.6208995,.39722222,1.4509804,.7647059
2586844,fc-girondins-bordeaux,40,1,fc-toulouse,415,1,14.666667,5.7777777,6.3888888,2.6666667,14.48366,19.450981,5.986928,6.4836602,2015,.68531281,.55422264,.75397819,.51769251,.6870926,.53249562,.88233924,.60698855,.93417364,.627451,.71296299,.50925928
2586845,as-saint-etienne,618,2,fc-nantes,995,0,40.888889,28.611111,19.111111,8.2222223,18.013071,10.346405,8.8496733,2.7647059,2015,.71166253,.45970646,.60676014,.26669168,.79050285,.46178451,.64804345,.2700747,.85092592,.55925924,.38627452,.27941176
2586846,sco-angers,1420,1,es-troyes-ac,1095,0,0,12.055555,0,2.6666667,0,1.9607843,0,.35947713,2015,.85794073,.34818324,.90690339,.62455446,.9575038,.45945379,.9226411,.59258753,1.2156863,.44117647,1.3564814,.93518519
2586847,sc-bastia,595,1,ogc-nizza,417,3,9.5,29.722221,3.3333333,12.111111,10.464052,3.2679739,3.6470587,1.2745098,2015,.61933774,.41618699,.72187102,.35241005,.61693501,.4130252,.7728976,.36225072,.40294117,.33137256,.9527778,.51944447
2586848,stade-reims,1421,1,fc-paris-saint-germain,583,1,3.2777777,35.166668,1.3333334,23.555555,23.169935,31.313726,7.006536,21.228758,2015,.61651802,.40734896,1.3116329,1.0877087,.65238941,.37729478,1.2576822,1.0683839,.79351854,.58796299,1.0156084,.84722221
2586873,fc-toulouse,415,1,olympique-marseille,244,1,5.2777777,0,2.4444444,0,18.882353,3.5294118,6.1699347,1.8758169,2015,.5887996,.39917397,.62094426,.4542506,.74221581,.46214727,.68703848,.53178209,.625,.4537037,.4612745,.31274509
2586874,gfc-ajaccio,3558,1,fc-stade-rennes,273,1,0,31.777779,0,10.444445,1.4338236,13.973856,.38235295,4.6339869,2015,1.1450064,.51595342,.5017333,.44982713,1.1566527,.60699219,.42035192,.33818743,1.5980393,.7647059,.39629629,.25648147
2586875,sco-angers,1420,0,stade-reims,1421,0,0,3.5,0,1.5555556,0,13.294118,0,4.352941,2015,.56857651,.27321208,.60641104,.54042703,.62977266,.37710086,.58480263,.48288557,.95098037,.41176471,.85490197,.68137252
2586876,fc-lorient,1158,2,sm-caen,1162,0,16.444445,10.833333,5.1111112,3.3888888,12.150327,4.4901962,3.6601307,1.503268,2015,.80187732,.59087819,.63319904,.41907644,.95365959,.7176367,.79492384,.46465153,.75277776,.44907406,.54404759,.47916666
2586877,fc-paris-saint-germain,583,3,ea-guingamp,855,0,42.722221,20.777779,28.611111,7.4444447,33.947712,7.0718956,23.071896,2.6078432,2015,1.313369,1.0563604,.75637382,.39738217,1.2506115,1.0140167,.64048117,.3888889,1.0507936,.83888888,.62801123,.40882352
2586878,ogc-nizza,417,6,fc-girondins-bordeaux,40,1,27.111111,15.222222,11.111111,6.5,2.0392158,17.921568,.78431374,6.9607844,2015,.78884387,.38502359,.64189094,.54095227,.82014471,.34826547,.63389397,.50286597,1.009375,.39687499,.84663868,.59803921
2586879,hsc-montpellier,969,2,as-monaco,162,3,28.277779,12.888889,10.888889,6.9444447,18.202614,4.9673204,7.0653596,2.8235295,2015,.61857802,.36594424,.80232042,.47653145,.66933376,.38884681,.81426227,.46725851,.4861111,.37407407,.62645501,.39351851
2586880,olympique-lyon,1041,2,sc-bastia,595,0,21.722221,10.166667,12.666667,3.6666667,24.549019,10.666667,12.575164,3.6928105,2015,.56199455,.33230925,.70081532,.49741948,.57721281,.34674492,.68092984,.49621847,.80787039,.40277779,.54019606,.43921569
2586881,es-troyes-ac,1095,0,as-saint-etienne,618,1,12.055555,59.166668,2.6666667,28.222221,1.9607843,24.496733,.35947713,12.503268,2015,.81376618,.58538067,.74133533,.47421166,.87032628,.57427943,.79533088,.46026936,1.0898148,.82407409,.81296295,.45925927
2586882,osc-lille,1082,0,fc-nantes,995,1,2.2777777,24.444445,.83333331,7.1666665,6.2156863,7.9019608,2.7058823,2.1830065,2015,.61423463,.48655957,.50782382,.27460274,.60642231,.34165895,.48864132,.30149913,.63240743,.41018519,.4138889,.30092594
2586899,fc-stade-rennes,273,1,es-troyes-ac,1095,1,28.944445,15.888889,9.6111107,3.5,11.202615,2.6339869,3.6797385,.50980395,2015,.61262399,.50478917,.85450691,.56139082,.57965326,.42530864,.91635805,.56964982,.56296295,.38611111,1.1343137,.63725489
2586900,sm-caen,1162,2,gfc-ajaccio,3558,0,14.388889,0,4.4444447,0,5.986928,1.2745098,1.9673202,.33986929,2015,.60966963,.36025292,1.0962098,.49006715,.77139443,.405828,1.1109127,.57803231,.51279759,.44791666,1.5092592,.72222221
2586901,olympique-marseille,244,1,sco-angers,1420,2,0,0,0,0,4.0392156,0,2.1503267,0,2015,.59312475,.42946428,.66861069,.33956099,.64833903,.49412778,.71052605,.43695888,.41029412,.27352941,.9537037,.41666666
2586902,hsc-montpellier,969,2,fc-lorient,1158,1,24,15.722222,9,4.8333335,14.777778,9.6732025,5.5686274,2.8235295,2015,.61430454,.36594424,.66384822,.4906798,.66316092,.38884681,.84872133,.63915342,.4861111,.37407407,.62314814,.35648149
2586903,ea-guingamp,855,3,as-monaco,162,3,21.388889,12.222222,7.7222223,6.6111112,8.8366013,4.8627453,3.1633987,2.7777777,2015,.77913439,.45527798,.88821954,.57854146,.6236462,.42592594,.82713944,.55822313,.53977591,.38137254,.56256616,.4074074
2586904,fc-girondins-bordeaux,40,3,olympique-lyon,1041,1,17.666666,21.833334,7.8333335,12.555555,18.732027,23.411764,7.5620914,11.960784,2015,.72893816,.58261895,.49942842,.40611878,.74079633,.55564374,.47165728,.41976079,.92436975,.61764705,.7037037,.64722222
2586905,as-saint-etienne,618,1,ogc-nizza,417,4,49.666668,25.888889,22.944445,10.722222,16.836601,1.9673202,8.2222223,.79084969,2015,.73998851,.48563239,.61300862,.34696674,.80253989,.48400673,.59309965,.30510786,.83981484,.55925924,.44019607,.34411764
2586906,fc-nantes,995,1,fc-paris-saint-germain,583,4,23.444445,41.388889,6.6666665,27.944445,6.6339869,31.104576,1.8366013,21.267973,2015,.41569144,.26401788,1.3278234,1.0779651,.42049912,.28982261,1.2783172,1.0712329,.33529413,.27450982,1.0600529,.8277778
2586907,sc-bastia,595,3,fc-toulouse,415,0,9.7222223,5.125,3.1666667,2.125,9.7254906,20.016666,3.2614379,6.4166665,2015,.58292317,.38187325,.65068084,.43567786,.57644612,.38886556,.82457614,.5199157,.31666666,.29215688,.703125,.51041669
2586908,stade-reims,1421,1,osc-lille,1082,0,3.5,2.2777777,1.5,.83333331,17.287582,6.3202615,5.1307192,2.9281046,2015,.59703445,.48485866,.6410203,.37862307,.64151913,.43842191,.6553641,.33372244,.70555556,.58796299,.67870373,.39166668
2586909,osc-lille,1082,2,hsc-montpellier,969,0,2.2777777,24.944445,.83333331,9.3888893,5.4379086,16.620914,2.3725491,6.2418299,2015,.62096339,.46375257,.36711606,.25112942,.60774505,.31202933,.34625682,.24872334,.66944444,.39166668,.36574075,.2962963
2586910,es-troyes-ac,1095,0,ea-guingamp,855,1,14.333333,25.055555,3.1111112,8.8888893,1.8300654,9.8039217,.30718955,3.6797385,2015,.92211986,.56012815,.70170856,.39010704,.92330247,.55080056,.53599185,.35802469,1.2813725,.60784316,.48095238,.36666667
2586911,sm-caen,1162,1,as-saint-etienne,618,0,16.055555,48.222221,5,23,5.4117646,21.40523,1.8496732,10.725491,2015,.73385262,.4631941,.7633397,.51442331,.86943364,.48818094,.83699757,.50067341,.55446428,.51041669,.8843137,.53333336
2586912,olympique-lyon,1041,1,stade-reims,1421,0,20.555555,3.5,12,1.5555556,26.48366,16.333334,13.660131,5.2156863,2015,.62244433,.49342036,.64264756,.510324,.63215113,.51896715,.71030128,.46607885,.91898149,.7361111,.79607844,.622549
2586913,as-monaco,162,1,fc-stade-rennes,273,1,13.111111,32.277779,6.8888888,10.555555,6.9084969,14.862745,3.862745,4.9542484,2015,.81485814,.54713333,.65922689,.55918133,.83551651,.6048848,.60973597,.46592593,.6681217,.49074075,.47,.43333334
2586914,ogc-nizza,417,1,fc-nantes,995,2,30.333334,20.5,12.166667,5.8333335,3.6078432,5.3267975,1.3594772,1.4705882,2015,.71747482,.41389796,.59941763,.25436574,.66043973,.37733006,.64707679,.29472455,.48854166,.40729168,.43529412,.34313726
2586915,fc-paris-saint-germain,583,2,olympique-marseille,244,1,43.555557,0,29.333334,0,32.326797,4.0588236,22.039215,2.0915034,2015,1.3441098,1.0865206,.76509112,.54912239,1.2918092,1.0783136,.81847787,.62904841,1.09709,.84166664,.51029414,.39117646
2586916,fc-lorient,1158,3,fc-girondins-bordeaux,40,2,16.111111,16.111111,5.0555553,7.1666665,10.287581,17.320261,3.013072,6.9019608,2015,.68375564,.49767765,.75029916,.59168059,.87649912,.65720898,.76137108,.55401492,.51203704,.24537037,.95758927,.65625
2586917,sco-angers,1420,1,sc-bastia,595,0,0,8.2777777,0,2.8888888,0,8.026144,0,2.7320261,2015,.8102774,.32883972,.64762902,.41373599,.90430909,.43392858,.67743921,.43508404,1.1481482,.41666666,.38333333,.33137256
2586918,gfc-ajaccio,3558,2,fc-toulouse,415,2,0,5.6666665,0,2.6666667,1.3529412,24.267973,.375,8.1176472,2015,1.1293201,.49788621,.63912117,.43170458,1.1566527,.58997536,.79657078,.48933241,1.5980393,.7647059,.67647058,.48039216
2586935,as-monaco,162,1,olympique-lyon,1041,1,11.333333,22.888889,5.7777777,13.166667,3.6470587,23.660131,1.8954248,12.287581,2015,1.0252998,.63494545,.62721318,.49302408,1.0219284,.7241748,.64643621,.52798593,.77976191,.59895831,.91898149,.72222221
2586936,as-saint-etienne,618,2,gfc-ajaccio,3558,0,48.611111,0,22.555555,0,15.366014,.019607844,7.5555553,0,2015,.7405293,.50082386,1.0024905,.40416971,.81270331,.47754011,1.026455,.49886563,.90208334,.51666665,1.3888888,.66666669
2586937,ea-guingamp,855,1,osc-lille,1082,1,14.666667,.94444442,5.6111112,.44444445,5.5620914,2.8496733,2.2810457,1.2026144,2015,.79973513,.46652359,.47386318,.35483906,.65984106,.43218955,.44931245,.21068017,.5891369,.42083332,.45980391,.34019607
2586938,fc-girondins-bordeaux,40,0,hsc-montpellier,969,0,15.888889,23.055555,7.0555553,8.833333,21.339869,10.117647,8.1764708,3.7973857,2015,.8364417,.61580127,.30683449,.2318394,.8370809,.53933454,.29866588,.26174986,.80208331,.66666669,.2990196,.2254902
2586939,fc-nantes,995,3,es-troyes-ac,1095,0,13.166667,10.666667,3.7222223,2.3888888,3.1960785,.77124184,.86274511,.11764706,2015,.58471173,.24701279,.87005973,.62236595,.63237089,.28737161,.85447532,.55092084,.4107843,.34313726,1.2453704,.7962963
2586940,olympique-marseille,244,1,fc-lorient,1158,1,0,15.777778,0,4.8888888,5.9346404,9.3921566,3.0588236,2.9084966,2015,.64663875,.42799228,.67166007,.50684357,.69524556,.48460397,.80275571,.63439155,.44068629,.35196078,.65277779,.33333334
2586941,sc-bastia,595,0,fc-paris-saint-germain,583,2,7.6111112,40.666668,2.7777777,27.555555,8.2091503,29.228758,2.9607842,19.954248,2015,.54146653,.39903012,1.218688,.76516503,.47041097,.37626052,1.16046,.75674188,.36372548,.3509804,.96283066,.53888887
2586942,stade-reims,1421,0,sm-caen,1162,1,4.6666665,16.111111,2.0555556,4.7777777,25.287582,4.9542484,8.0065355,1.5816994,2015,.69286144,.51531053,.72895068,.45829213,.72616673,.46390492,.86103028,.47977757,.82407409,.62962961,.55446428,.51041669
2586943,fc-stade-rennes,273,1,ogc-nizza,417,4,22.388889,24.722221,7.3333335,10.111111,7.0588236,1.4183006,2.2810457,.5163399,2015,.55102992,.51981974,.64906794,.36737654,.44368961,.40938801,.62798786,.32305539,.39607844,.33039215,.46770832,.36562499
2586944,fc-toulouse,415,1,sco-angers,1420,2,6.1111112,0,2.8888888,0,17.947712,0,6.3267975,0,2015,.68493056,.49547026,.76265836,.28651169,.81520963,.5593695,.81643033,.32943121,.66203701,.44444445,1.0694444,.32407406
2586961,stade-reims,1421,0,as-monaco,162,1,3.6666667,13.722222,1.5,7.1111112,21.300653,7.7450981,6.2026143,4.2026143,2015,.6750598,.52636349,1.0158366,.64682847,.67056876,.4582231,.98939931,.70312452,.6574074,.64351851,.72222221,.4861111
2586962,sm-caen,1162,0,fc-nantes,995,2,16.055555,23.111111,4.7777777,6.6111112,4.1176472,6.6732025,1.3398693,1.8562092,2015,.64341146,.50240982,.50033474,.22082973,.70913953,.51171035,.55732322,.25983244,.46071428,.47916666,.32777777,.2824074
2586963,fc-paris-saint-germain,583,4,as-saint-etienne,618,1,41.277779,54.666668,27.888889,25.833334,27.732027,20.019608,18.620914,10.039216,2015,1.2389345,1.0004904,.77974498,.55468774,1.2227616,.9667356,.86499089,.54973263,1.0044974,.70555556,.93958336,.56666666
2586964,olympique-lyon,1041,3,fc-toulouse,415,0,19.611111,5.6666665,11.388889,2.7222223,21.59477,18.921568,11.294118,6.5620914,2015,.60601437,.51297212,.75397819,.51769251,.63982308,.56999946,.88233924,.60698855,.94675928,.75,.71296299,.50925928
2586965,hsc-montpellier,969,2,sc-bastia,595,0,20.055555,8.666667,7.3888888,3.0555556,11.398693,9.1568632,4.1764708,3.2287581,2015,.50481021,.30210084,.51289511,.39202732,.52929455,.30306002,.42210633,.37121847,.39705881,.31764707,.38333333,.37058824
2586966,osc-lille,1082,1,olympique-marseille,244,2,1.3333334,0,.3888889,0,8.1895428,4.7777777,3.7647059,2.6209149,2015,.50918615,.36732444,.76147789,.56773585,.48535874,.26502451,.82047105,.66670275,.59117645,.36372548,.502451,.43039215
2586967,gfc-ajaccio,3558,3,ogc-nizza,417,1,0,29.388889,0,11.888889,1.2745098,3.5163398,.33986929,1.2679739,2015,1.021294,.41414121,.64977211,.36765665,1.0170856,.48596883,.59946734,.32893774,1.3703704,.72222221,.45520833,.38645834
2586968,fc-lorient,1158,1,fc-stade-rennes,273,1,18.611111,27.777779,5.6666665,9.0555553,12.888889,10.856209,3.986928,3.640523,2015,.80743289,.56364989,.45465538,.43862605,.99501765,.71593916,.3418797,.32491583,.67870373,.31018519,.33240741,.23796296
2586969,fc-girondins-bordeaux,40,1,es-troyes-ac,1095,0,15,9.2222223,6.7222223,2.1111112,17.437908,.93464053,6.6013074,.21568628,2015,.67256021,.56850541,.81451076,.61517864,.67258239,.54073507,.87526119,.59412068,.92038691,.625,1.112963,.82407409
2586970,sco-angers,1420,0,ea-guingamp,855,0,0,22.722221,0,8.3888893,0,9.8366013,0,3.6993463,2015,.77421033,.27328417,.6591903,.39103296,.82507229,.30800265,.49471101,.34953704,1.1342592,.32407406,.36960784,.33725491
2586980,as-monaco,162,1,sco-angers,1420,0,8.166667,0,4,0,4.9542484,0,2.6601307,0,2015,.80921704,.51465708,.79989576,.33609632,.80251658,.59587139,.88587475,.42158288,.62962961,.5324074,1.0648148,.42592594
2586981,as-saint-etienne,618,3,stade-reims,1421,0,32.111111,3.6111112,15.444445,1.5,9.7843142,22.764706,4.8888888,6.7581701,2015,.7218377,.43910512,.65521854,.51247466,.7871629,.42836699,.64587742,.4502866,.86372548,.38627452,.64351851,.64351851
2586982,ea-guingamp,855,2,fc-lorient,1158,2,21.611111,20.111111,7.8333335,6.1111112,7.352941,13.222222,2.7189543,3.9346404,2015,.68586099,.36960438,.84632176,.57793558,.56594414,.37731481,1.0796738,.74371696,.52507001,.38431373,.79907405,.44907406
2586983,es-troyes-ac,1095,0,olympique-lyon,1041,1,10.611111,20.722221,2.3333333,11.833333,1.4640523,19.627451,.30718955,9.973856,2015,.91884279,.59823841,.61619955,.51168388,.93379289,.56865776,.62246197,.5413059,1.3027778,.6574074,.89305556,.69722223
2586984,fc-nantes,995,0,olympique-marseille,244,1,20.777779,0,5.9444447,0,6.1372547,4.8431373,1.6666666,2.6732025,2015,.61456901,.26460078,.742935,.53835315,.634166,.28761023,.82966673,.66670275,.41111112,.32407406,.54950982,.43039215
2586985,gfc-ajaccio,3558,2,fc-girondins-bordeaux,40,0,0,15.388889,0,6.7222223,1.2026144,19.522877,.33333334,7.2614379,2015,.97572541,.45278817,.6437428,.5369218,1.0102475,.5513199,.644476,.51069427,1.362745,.7352941,.86624652,.58823532
2586986,ogc-nizza,417,0,osc-lille,1082,0,12.944445,2.2777777,5.0555553,.83333331,2.2745099,4.6601305,.79738563,1.993464,2015,.67467648,.34787542,.62814027,.48385108,.63663018,.33174604,.60259837,.32469556,.38137254,.24607843,.62647057,.40294117
2586987,sc-bastia,595,1,sm-caen,1162,0,8.7777777,14.611111,3.0555556,4.3333335,9.0784311,3.6339869,3.1568627,1.1895425,2015,.47760102,.3699685,.68545216,.45881039,.38681221,.34915966,.85998356,.50837481,.36372548,.33137256,.58476192,.46666667
2586988,fc-stade-rennes,273,0,fc-paris-saint-germain,583,1,31.944445,33.833332,10.333333,22.777779,13.019608,21.359478,4.1830068,14.562092,2015,.53546345,.51640385,.95904028,.94436508,.42521301,.39281705,.98547393,.9204393,.37407407,.31203705,.78439152,.69444442
2586989,fc-toulouse,415,1,hsc-montpellier,969,1,4.7222223,20.055555,2,7.3888888,19.542484,11.398693,6.2026143,4.1764708,2015,.72279429,.52338034,.50481021,.30210084,.82446891,.58615518,.52929455,.30306002,.67592591,.49074075,.39705881,.31764707
2586990,sco-angers,1420,0,fc-stade-rennes,273,2,0,26.166666,0,8.5,0,9.4901962,0,3.0849674,2015,.82444686,.36740142,.55102992,.51981974,.8989259,.37899029,.44368961,.40938801,1.2037038,.37037036,.39607844,.33039215
2586991,fc-girondins-bordeaux,40,3,as-monaco,162,1,17.5,13.222222,7.7777777,6.7222223,22.973856,6.7843137,8.7843142,3.6143792,2015,.76986122,.55403656,.81145066,.52160156,.77335542,.47756982,.84958446,.60976028,.72916669,.58333331,.74867725,.5462963
2586992,fc-lorient,1158,4,es-troyes-ac,1095,1,19.277779,9.0555553,5.8888888,2.1111112,12.215686,.34640524,3.7189543,.065359481,2015,.79576135,.54969484,.83663124,.60203534,.98112875,.69609791,.86893398,.59048313,.8287037,.46296296,.96944445,.60185188
2586993,osc-lille,1082,1,sc-bastia,595,1,2.2777777,8.8888893,.83333331,3.0555556,8.5620918,8.7908497,3.7581699,3.0980392,2015,.5998742,.46878397,.58245111,.43178201,.5933547,.33580667,.51588309,.42098215,.61666667,.40294117,.38645834,.35208333
2586994,hsc-montpellier,969,2,fc-nantes,995,1,21.444445,20.5,8.0555553,5.8333335,12.339869,5.3267975,4.6797385,1.4705882,2015,.50481021,.30210084,.59941763,.25436574,.52929455,.30306002,.64707679,.29472455,.39705881,.31764707,.43529412,.34313726
2586995,olympique-marseille,244,0,ogc-nizza,417,1,0,12.555555,0,5.0555553,2.6601307,2.1568627,1.503268,.77777779,2015,.56236982,.4985882,.69319499,.38491246,.60370517,.55414861,.65514868,.36878306,.4122549,.27352941,.44019607,.36372548
2586996,olympique-lyon,1041,3,as-saint-etienne,618,0,17.777779,40.555557,10.222222,19.444445,20.725491,18.228758,10.784314,9.1176472,2015,.60601437,.51297212,.78218263,.51179171,.63982308,.56999946,.83296317,.4797138,.94675928,.75,.87941176,.50098038
2586997,fc-paris-saint-germain,583,5,fc-toulouse,415,0,36.444443,5.2222223,24.555555,2.2777777,21.934641,20.653595,14.869281,6.8169932,2015,1.2387631,.97358316,.72858137,.53528506,1.2262007,.93606693,.8275553,.58615518,1.0044974,.60833335,.67592591,.49074075
2586998,sm-caen,1162,2,ea-guingamp,855,1,12.555555,23.055555,3.7777777,8.2222223,3.0653596,7.7516341,1.006536,2.8366013,2015,.66637325,.5269196,.72865671,.47828829,.73014796,.5386011,.57552731,.43218955,.48571429,.47916666,.4641369,.42083332
2586999,stade-reims,1421,1,gfc-ajaccio,3558,2,3.9444444,0,1.7222222,0,24.222221,.065359481,7.5228758,.0065359478,2015,.62212831,.51095647,1.001862,.45575735,.60205704,.45782226,1.0171164,.4721573,.84907407,.64351851,1.6333333,.66666669
2587000,fc-stade-rennes,273,2,fc-girondins-bordeaux,40,2,30.111111,15.722222,9.8888893,6.6666665,12.712419,16.581699,4.352941,6.4836602,2015,.58801746,.50119233,.6050685,.57826626,.52212095,.42572787,.59537649,.52953058,.52843136,.38921568,.62351191,.60416669
2587001,sm-caen,1162,0,sco-angers,1420,0,14.333333,0,4.3888888,0,4.3725491,0,1.4640523,0,2015,.7215203,.5244686,.83053434,.33100036,.83554012,.55250484,.91626561,.431676,.57946426,.53125,.98039216,.39215687
2587002,sc-bastia,595,1,gfc-ajaccio,3558,2,9.1111107,0,3.1666667,0,9.5490198,.065359481,3.3660131,.0065359478,2015,.50901967,.37871364,.93787646,.43173382,.48027989,.38392857,.94794971,.48715928,.36203703,.34999999,1.4537038,.6111111
2587003,ogc-nizza,417,3,olympique-lyon,1041,0,14.444445,15.944445,5.5,9.0555553,1.8300654,17.032681,.64705884,8.5490198,2015,.54614866,.31131253,.61712545,.53149062,.52375221,.33557424,.63426751,.56749642,.35104167,.33229166,.91898149,.70833331
2587004,hsc-montpellier,969,3,stade-reims,1421,1,24.5,3.7222223,9.3888893,1.6666666,14.30719,20.869282,5.3856211,6.3202615,2015,.5876385,.3546398,.47636712,.42004621,.6461246,.39292929,.47785074,.38204524,.54411763,.4254902,.61960787,.50490195
2587005,fc-lorient,1158,1,fc-paris-saint-germain,583,2,17.555555,36,5.3888888,24.222221,12.300653,20.895424,3.7254901,13.895425,2015,.64715028,.45480016,1.0469035,.56388909,.84197533,.61058199,1.0447192,.59099096,.79166669,.49074075,.84060848,.35555556
2587006,es-troyes-ac,1095,1,osc-lille,1082,1,12.888889,0,2.8333333,0,2.6470587,10.986928,.5163399,4.8692808,2015,.82191819,.55984271,.46513098,.39735541,.87962621,.54355091,.4524456,.29079482,1.1098039,.55882353,.53725493,.32941177
2587007,ea-guingamp,855,2,fc-toulouse,415,0,23.166666,5.2777777,8.2222223,2.1111112,7.8235292,13.026144,2.9477124,4.1176472,2015,.84332818,.44601077,.72576642,.48553994,.68851751,.39558825,.82818097,.58060223,.64270836,.40000001,.63725489,.40196079
2587008,as-saint-etienne,618,0,olympique-marseille,244,2,39.444443,0,18.777779,0,16.718954,3.4705882,8.1699343,1.7908497,2015,.60729158,.45699871,.62134111,.45662478,.57202041,.418266,.67621601,.52746111,.35588235,.37156862,.42598039,.31274509
2587009,as-monaco,162,1,fc-nantes,995,0,11.388889,12.444445,5.7222223,3.2222223,4.973856,2.006536,2.6013072,.49019608,2015,.90918058,.57951218,.61240757,.23902145,.89342028,.65292269,.64116496,.2735863,.72645503,.56018519,.38437501,.21875
2587010,fc-toulouse,415,2,ogc-nizza,417,0,4.6111112,24.611111,1.8888888,10.333333,12.385621,2,4.013072,.7647059,2015,.76727724,.47179487,.67673409,.35216957,.88172346,.55339783,.64192122,.35510784,.72395831,.53125,.45277777,.36203703
2587011,stade-reims,1421,2,fc-stade-rennes,273,2,3.7777777,30.555555,1.5555556,10,24.882353,12.045752,7.5555553,4.019608,2015,.58009309,.44609302,.48516861,.44381422,.64707071,.40843955,.40267652,.32278669,.75185186,.58796299,.38137254,.2127451
2587012,fc-paris-saint-germain,583,4,es-troyes-ac,1095,1,35.555557,17.722221,23.944445,3.8333333,22.699347,4.6666665,15.300653,.8888889,2015,1.1720964,.81358653,.79782659,.53577995,1.1487597,.78914899,.85555214,.52118438,.93134922,.5138889,1.112745,.55882353
2587013,olympique-lyon,1041,2,hsc-montpellier,969,4,18.722221,25.277779,10.888889,9.5555553,21.117647,16.026144,10.869281,5.8431373,2015,.63548803,.53086704,.62507164,.38405156,.70076585,.62213618,.6608305,.40763518,.93564814,.73055553,.54411763,.4254902
2587014,olympique-marseille,244,3,as-monaco,162,3,0,12.944445,0,6.6666665,5.4444447,5.9411764,2.8039215,3.0980392,2015,.75543505,.53972065,.86233342,.51334155,.80282933,.61555636,.85459453,.58517379,.47009805,.37156862,.70701057,.5324074
2587015,gfc-ajaccio,3558,1,fc-lorient,1158,1,0,10.222222,0,3.2777777,.065359481,10.235294,.0065359478,3.1764705,2015,1.008732,.46007109,.84992379,.59305924,1.0233194,.52085775,1.050607,.7546919,1.5392157,.64705884,.91666669,.54901963
2587016,fc-nantes,995,0,sc-bastia,595,0,19.333334,9.333333,5.3333335,3.1111112,4.5032678,7.8888888,1.1764706,2.7189543,2015,.61952084,.25332269,.52538735,.4009909,.63393062,.27791783,.49043211,.40651262,.40392157,.20588236,.36862746,.37058824
2587017,fc-girondins-bordeaux,40,1,sm-caen,1162,4,16.388889,11.277778,7.1666665,3.2222223,23.379086,4.4379086,8.7058821,1.4836601,2015,.80597615,.57257783,.58320034,.44266456,.80166739,.49367625,.73359472,.49060783,.87351191,.54166669,.52920634,.5
2587018,as-saint-etienne,618,3,ea-guingamp,855,0,46.111111,24.277779,21.611111,8.833333,21.529411,8.3921566,10.607843,3.2483661,2015,.56808937,.4539775,.9401952,.5283637,.56631291,.43404636,.77160579,.48382354,.41770834,.45729166,.67212886,.43529412
2587019,sco-angers,1420,2,osc-lille,1082,0,0,5.7777777,0,2,0,6.5359478,0,3.006536,2015,.79989576,.33609632,.50867581,.37548897,.88587475,.42158288,.51394993,.2733168,1.0648148,.42592594,.52592593,.32962963
2600604,fc-stade-rennes,273,0,olympique-marseille,244,1,30.555555,0,10,0,12.045752,5.4444447,4.019608,2.8039215,2015,.4074375,.41481382,.75543505,.53972065,.33882204,.30612004,.80282933,.61555636,.32254902,.2009804,.47009805,.37156862
2600605,sc-bastia,595,1,fc-girondins-bordeaux,40,0,8.8888893,13.882353,2.9444444,5.8235292,6.4183006,13.316176,2.2091503,5.272059,2015,.52086246,.38741624,.52437854,.44414824,.48307917,.38445377,.51915973,.39853671,.3392157,.28235295,.64625853,.40476191
2600606,hsc-montpellier,969,0,gfc-ajaccio,3558,2,26.888889,0,10.277778,0,14.183006,0,5.4901962,0,2015,.55448341,.34785247,1.0381238,.43594092,.57504618,.34881166,1.0482143,.51434886,.49509802,.39607844,1.5104166,.5625
2600607,osc-lille,1082,1,as-saint-etienne,618,0,5.7777777,38.166668,2,17.666666,6.019608,10.90196,2.7385621,5.2418299,2015,.47285396,.35836086,.5588659,.42825663,.48535874,.26325047,.50762945,.37067735,.49803922,.30980393,.328125,.34479168
2600608,fc-nantes,995,0,olympique-lyon,1041,0,18.333334,18.444445,5.2777777,10.611111,3.640523,19.248365,.96732026,9.7450981,2015,.63311774,.21752092,.58856702,.38014609,.65615314,.24830689,.62379849,.41671565,.43555555,.18888889,.84068626,.34705883
2600609,fc-lorient,1158,0,ogc-nizza,417,0,15.555555,21.055555,4.6666665,8.5,7.7124181,2.0392158,2.4117646,.71241832,2015,.84646356,.58959907,.66752237,.32190502,1.043254,.74733895,.62739366,.32452595,.89705884,.52941179,.49375001,.40729168
2600610,es-troyes-ac,1095,0,fc-toulouse,415,3,10.833333,4.8333335,2.3888888,1.9444444,1.4444444,13.339869,.30065361,4.2875819,2015,.90682131,.58522367,.78470147,.55308861,.94675589,.56613249,.89714557,.6516121,1.3194444,.6574074,.70833331,.53125
2600611,ea-guingamp,855,1,stade-reims,1421,2,26.111111,3.2222223,9.5555553,1.3333334,10.666667,24.549019,4.0326796,7.3333335,2015,.8597309,.45958543,.54393786,.40773323,.69439989,.39558825,.64069498,.39567301,.60490197,.3764706,.7962963,.5138889
2600612,as-monaco,162,1,sm-caen,1162,1,13.611111,11.277778,7,3.2222223,6.019608,4.4379086,3.1633987,1.4836601,2015,.72490656,.45084155,.58320034,.44266456,.76200193,.5296182,.73359472,.49060783,.67923278,.50462961,.52920634,.5
2600613,sco-angers,1420,0,fc-paris-saint-germain,583,0,0,37.722221,0,25.444445,0,23.359478,0,15.895425,2015,.79989576,.33609632,1.2491333,.94674557,.88587475,.42158288,1.2410156,.92182189,1.0648148,.42592594,1.0119047,.57499999
2600614,fc-toulouse,415,2,fc-lorient,1158,3,4.3888888,17.5,1.7777778,5.3333335,11.300653,11.24183,3.6535947,3.4052289,2015,.82885808,.49188417,.80270582,.56011152,.98068184,.59506446,.99223983,.71276456,.81770831,.57291669,.86574072,.51851851
2600615,stade-reims,1421,1,es-troyes-ac,1095,1,4.2777777,0,1.8888888,0,26.993464,2.1699347,8.4640522,.35947713,2015,.62976235,.47833508,.74633819,.46374771,.70578277,.43544573,.75952041,.45258629,.87685186,.57407409,.94803923,.43137255
2600616,sm-caen,1162,1,osc-lille,1082,2,16.055555,0,5,0,5.5294118,5.5751634,1.8954248,2.490196,2015,.60223931,.42642939,.58080465,.48395458,.74590427,.47855526,.5627715,.33980709,.53779763,.46875,.60462964,.43611112
2600617,sc-bastia,595,1,as-monaco,162,2,9.6111107,12.222222,3.3333333,6.5,9.2222223,4.6601305,3.3006537,2.5163398,2015,.46445224,.36457634,.73312837,.5658977,.40445927,.35945377,.6352132,.52391636,.38333333,.37058824,.50886244,.41203704
2600618,olympique-lyon,1041,0,sco-angers,1420,2,19.666666,0,11.444445,0,25.117647,0,12.601307,0,2015,.49474728,.492717,.81448615,.3259953,.51871115,.54505587,.89222395,.40570986,.60046297,.61666667,1.0648148,.39814815
2600619,olympique-marseille,244,2,hsc-montpellier,969,2,0,26.277779,0,10.111111,5.1045752,18.359478,2.7385621,6.993464,2015,.62134111,.46517178,.59156007,.3546398,.67242813,.53619128,.6461246,.39292929,.40231481,.29537037,.54411763,.4254902
2600620,ogc-nizza,417,0,fc-paris-saint-germain,583,3,22,37.722221,8.666667,25.444445,2.1960785,22.627451,.751634,15.431373,2015,.6252721,.31623963,1.2491333,.94674557,.59022367,.31595442,1.2410156,.92182189,.42843136,.28921568,1.0119047,.57499999
2600621,gfc-ajaccio,3558,1,fc-nantes,995,1,0,14.444445,0,4.1111112,0,2.4379084,0,.64705884,2015,1.008732,.46007109,.73115754,.3212387,1.0233194,.52085775,.75390846,.35034722,1.5392157,.64705884,.44999999,.32291666
2600622,fc-girondins-bordeaux,40,1,ea-guingamp,855,0,17.444445,19.722221,7.8333335,6.9444447,17.359478,5.7450981,7.019608,1.9411764,2015,.99697351,.59281176,.86084801,.45594221,1.0250372,.50254434,.66667122,.37333333,1.0973389,.71568626,.65544218,.20119047
2600623,as-saint-etienne,618,1,fc-stade-rennes,273,1,43.388889,28.333334,20.722221,9,18.444445,10.568627,9.4248362,3.3725491,2015,.61827248,.4542926,.45574069,.39794779,.58650452,.41952863,.3765654,.30303031,.39411765,.42745098,.34270832,.22604166
2600624,fc-stade-rennes,273,1,sm-caen,1162,1,31.777779,16.055555,10.222222,5,12.084968,5.5882354,3.8366013,1.9477124,2015,.5585472,.52780259,.60223931,.42642939,.45862034,.41493055,.74590427,.47855526,.40000001,.35104167,.53779763,.46875
2600625,stade-reims,1421,1,ogc-nizza,417,1,3.3333333,24.666666,1.4444444,10.166667,12.437908,1.9411764,3.9281046,.7647059,2015,.63353002,.52343076,.57773912,.25965011,.70892495,.46445483,.54717976,.25834951,.93958336,.66145831,.41354167,.24895833
2600626,fc-paris-saint-germain,583,5,olympique-lyon,1041,1,40.555557,16.944445,27.222221,9.6111107,27.718954,18.699347,18.771242,9.1764708,2015,1.2528929,.98378259,.46440059,.32049072,1.2449838,.96455693,.50297379,.37610444,1.0396825,.68611109,.62037039,.30833334
2600627,olympique-marseille,244,1,gfc-ajaccio,3558,1,0,0,0,0,5.2091503,.065359481,2.6928105,.0065359478,2015,.62050569,.46944529,1.008732,.46007109,.67590034,.54412776,1.0233194,.52085775,.41421568,.31274509,1.5392157,.64705884
2600628,hsc-montpellier,969,2,ea-guingamp,855,1,26.055555,20.555555,9.833333,7.3888888,17.464052,6.8104577,6.5228758,2.6209149,2015,.57409126,.34785247,.85584801,.46619862,.59465402,.34881166,.71852303,.3937037,.5147059,.39607844,.61174601,.18777777
2600629,osc-lille,1082,3,fc-lorient,1158,0,5.7777777,19.444445,2,5.9444447,8.1764708,12.424836,3.5490196,3.6928105,2015,.55302685,.45127484,.80270582,.56011152,.52858347,.29940307,.99223983,.71276456,.57685184,.4138889,.86574072,.51851851
2600630,fc-nantes,995,1,fc-toulouse,415,1,22.833334,4.3888888,6.5,1.7777778,6.1633987,14.934641,1.7058823,4.9215684,2015,.58590293,.25251055,.71562761,.49144709,.65357143,.28226686,.83246756,.5891121,.38229167,.234375,.69270831,.53125
2600631,es-troyes-ac,1095,1,sc-bastia,595,1,0,8.1111107,0,2.7222223,1.006536,7.0980392,.1503268,2.4444444,2015,.78886974,.5516265,.48472545,.32135198,.8011871,.49888259,.49316671,.33035713,1.0481482,.68518519,.36354166,.25
2600632,as-monaco,162,1,as-saint-etienne,618,0,12.888889,58.5,6.8333335,27.611111,5.5294118,25.065359,2.9542484,12.588235,2015,.77486438,.59714055,.56413633,.40746599,.70932776,.63963246,.53167599,.40597147,.59219575,.55092591,.36960784,.34411764
2600633,sco-angers,1420,1,fc-girondins-bordeaux,40,1,0,16.777779,0,7.3888888,0,13.699347,0,5.4509802,2015,.79989576,.33609632,.80417562,.4643288,.88587475,.42158288,.79125816,.35352474,1.0648148,.42592594,.91145831,.55208331
2600634,as-saint-etienne,618,1,sco-angers,1420,0,52.111111,0,24.277779,0,19.470589,0,9.6209154,0,2015,.50950515,.37145898,.90560567,.32776299,.515894,.36988637,.97647309,.40769401,.36979166,.45416668,1.1481482,.37037036
2600635,ea-guingamp,855,0,fc-stade-rennes,273,2,27.055555,31.555555,9.2777777,10,10.843137,13.431373,3.8366013,4.2614379,2015,.77619761,.4975442,.52496344,.46493348,.6031884,.41764706,.45055866,.37138048,.46918768,.36960784,.42666668,.37444445
2600636,es-troyes-ac,1095,0,as-monaco,162,0,0,14.444445,0,7.6111112,2.3529413,7.013072,.48366013,3.7320261,2015,.64593887,.49567527,.68597549,.55511773,.63690138,.43737465,.62599444,.599509,.66862744,.60784316,.53664023,.55092591
2600637,fc-girondins-bordeaux,40,1,olympique-marseille,244,1,17.555555,0,7.8888888,0,19.529411,3.8104575,7.3986926,2.1045752,2015,.90079081,.4815782,.56677759,.38758394,.90782487,.37088519,.65370518,.49844876,.90104169,.45833334,.42205882,.27352941
2600638,fc-lorient,1158,0,fc-nantes,995,0,16.555555,23.111111,5,6.5,9.8692808,6.1895423,2.993464,1.6274509,2015,.99027604,.62694937,.62790865,.28629953,1.1781967,.74594355,.68758595,.31713352,.89166665,.5138889,.44999999,.27941176
2600639,gfc-ajaccio,3558,2,olympique-lyon,1041,1,0,18.833334,0,10.5,.065359481,20.267973,.0065359478,9.9084969,2015,.95882112,.40712991,.49094427,.32627121,.96057421,.45909303,.52840126,.38218546,1.5098039,.67647058,.627451,.29705882
2600640,ogc-nizza,417,1,hsc-montpellier,969,0,26.888889,26.055555,10.888889,9.833333,2.8954248,17.522877,1.0718955,6.5359478,2015,.64749432,.34522513,.57409126,.34785247,.61105698,.34770045,.59465402,.34881166,.44166666,.35092592,.5147059,.39607844
2600641,sc-bastia,595,2,stade-reims,1421,0,7.7222223,3.2222223,2.7777777,1.4444444,8.1699343,15.071896,2.9542484,4.7647057,2015,.53504044,.4009909,.65499711,.51030976,.50318408,.40651262,.70340091,.46197465,.38333333,.37058824,.72083336,.640625
2600642,sm-caen,1162,0,fc-paris-saint-germain,583,3,15,40.611111,4.4444447,27.166666,4.4379086,27.758169,1.4836601,18.895424,2015,.6730774,.51956666,.99331611,.95719391,.7884813,.54410148,1.0169554,.93179339,.53779763,.53125,.8399471,.70833331
2600643,fc-toulouse,415,1,osc-lille,1082,1,4.6666665,5.7777777,1.9444444,2,10.444445,10.143791,3.3725491,4.5098038,2015,.80790222,.49863783,.58080465,.48395458,.96410984,.61589783,.5627715,.33980709,.77083331,.57291669,.60462964,.43611112
2609660,sco-angers,1420,2,sm-caen,1162,0,0,12.555555,0,3.7777777,0,3.0653596,0,1.006536,2015,.89992571,.38072842,.64552158,.53641456,.98444742,.46582633,.69244885,.54953641,1.0343137,.46078432,.48476189,.5
2609661,as-monaco,162,2,gfc-ajaccio,3558,2,14.055555,0,7.4444447,0,8.2745094,1.2745098,4.6797385,.33986929,2015,.77440977,.61079073,.9923085,.40731862,.78416967,.6588971,1.0056217,.50328481,.65886241,.5787037,1.425926,.77777779
2609662,fc-nantes,995,2,as-saint-etienne,618,1,22.111111,48.222221,6.3888888,23.055555,6.6078429,18.928104,1.8104575,9.6209154,2015,.56827354,.32923815,.72019774,.49489808,.51048875,.32883596,.68696749,.49607182,.40925926,.30092594,.59722221,.49166667
2609663,osc-lille,1082,1,ogc-nizza,417,1,5.7777777,17.666666,2,6.7222223,10.235294,2.6013072,4.5424838,.94117647,2015,.59122133,.49189109,.63985354,.3029792,.57318813,.3477436,.61525548,.3277311,.54907405,.35277778,.38437501,.26145834
2609664,hsc-montpellier,969,0,fc-girondins-bordeaux,40,1,0,15.888889,0,6.7777777,14.594771,15.313725,5.8366013,6.1960783,2015,.58275372,.33543417,.77316111,.57684052,.64400047,.36024955,.76931757,.46207836,.47549018,.3764706,.94285715,.6111111
2609665,olympique-marseille,244,0,ea-guingamp,855,0,0,25.944445,0,9,2.4052289,10.928104,1.4117647,3.9477124,2015,.49677971,.32337454,.72626722,.43155435,.53799349,.37081531,.61441195,.37777779,.39722222,.24333334,.48958334,.34270832
2609666,olympique-lyon,1041,4,es-troyes-ac,1095,1,0,0,0,0,29.862745,1.8954248,15.385621,.3137255,2015,.58399051,.39338005,.72340661,.52680618,.64845103,.4648768,.75392079,.49437323,.86064816,.47222221,1.0196079,.72549021
2609667,fc-paris-saint-germain,583,2,sc-bastia,595,0,43.111111,9.5,29,3.2777777,33.457516,9.8954248,22.660131,3.490196,2015,1.3441098,1.0865206,.54605675,.40186179,1.2918092,1.0783136,.50553244,.40476191,1.09709,.84166664,.37314814,.37777779
2609668,stade-reims,1421,1,fc-toulouse,415,3,3.4444444,4.1111112,1.3888888,1.6666666,25,12.261438,7.6666665,3.9607842,2015,.5959661,.45402953,.76727724,.47179487,.65324354,.41461238,.88172346,.55339783,.75185186,.58796299,.72395831,.53125
2609669,fc-stade-rennes,273,2,fc-lorient,1158,2,25.555555,14.777778,8.0555553,4.5,8.8496733,8.3529415,2.8169935,2.640523,2015,.50979775,.4563913,.84724772,.5931803,.445043,.40981242,.98992503,.69733244,.47499999,.40119049,.66018516,.47685185
2609670,as-saint-etienne,618,1,olympique-lyon,1041,0,48.111111,0,23.388889,0,18.183006,24.261438,9.4967318,12.235294,2015,.60911816,.40290248,.50664788,.46453589,.57856786,.4218657,.52357566,.50415236,.49313724,.31176472,.63472223,.71666664
2609671,ea-guingamp,855,2,fc-nantes,995,2,26.611111,22.111111,9.2777777,6.3888888,10.620915,6.6078429,3.7647059,1.8104575,2015,.79666775,.47969821,.56827354,.32923815,.68284523,.42745098,.51048875,.32883596,.51960784,.33725491,.40925926,.30092594
2609672,es-troyes-ac,1095,2,fc-stade-rennes,273,4,0,28.277779,0,9.2222223,1.8954248,11,.3137255,3.7124183,2015,.72340661,.52680618,.61674666,.48422524,.75392079,.49437323,.56947482,.41587302,1.0196079,.72549021,.59880954,.40119049
2609673,fc-girondins-bordeaux,40,1,osc-lille,1082,0,14.444445,0,6.5,0,15.581699,7.2549019,6.2222223,3.1176472,2015,.80553502,.5649597,.62899911,.54311764,.78614658,.48286435,.60890245,.39139441,.99234694,.59523809,.62777776,.43333334
2609674,fc-lorient,1158,0,as-monaco,162,2,19.388889,13.277778,5.9444447,7.1111112,13.777778,6.2091503,4.3267975,3.5490196,2015,.75177985,.60386151,.73181719,.57992649,.89603174,.73736775,.75083637,.62803292,.75462961,.60185188,.6866402,.55092591
2609675,gfc-ajaccio,3558,2,stade-reims,1421,2,0,3.8333333,0,1.5555556,.21568628,24.542484,.052287582,7.5424838,2015,1.0506796,.43127853,.71307749,.53182286,1.0647759,.53288984,.75385278,.48560005,1.5098039,.82352942,.90925926,.7361111
2609676,ogc-nizza,417,2,sco-angers,1420,1,18.277779,0,6.7777777,0,2.9150326,0,.97385621,0,2015,.54278296,.28910288,.86977112,.30687028,.5148201,.31488097,.93670034,.36911374,.28555554,.2211111,1.0138888,.37037036
2609677,sc-bastia,595,1,hsc-montpellier,969,0,11.611111,0,4,0,10.54902,16.797386,3.7973857,6.7385621,2015,.55901968,.4377414,.58275372,.33543417,.54277992,.43948412,.64400047,.36024955,.41759259,.37777779,.47549018,.3764706
2609678,sm-caen,1162,1,olympique-marseille,244,3,12.388889,0,3.9444444,0,3.1111112,2.4379084,1.1045752,1.385621,2015,.77633756,.50032824,.54495221,.40106919,.9183169,.52940655,.61325306,.47695607,.57920635,.52222222,.41354167,.30729166
2609679,fc-toulouse,415,0,fc-paris-saint-germain,583,1,4.6111112,46.722221,2.0555556,31.333334,12.764706,35.366013,4.1699347,24.130718,2015,.81962097,.51203066,1.2247447,.83965605,.97452652,.61589783,1.1869591,.85356605,.77083331,.57291669,1.0433862,.70833331
2609680,as-monaco,162,4,fc-toulouse,415,0,9.333333,4.1666665,4.8333335,1.9444444,4.7320261,9.9019604,2.6078432,3.1503267,2015,.80402797,.53764707,.81962097,.51203066,.7967118,.60214907,.97452652,.61589783,.6866402,.56481481,.77083331,.57291669
2609681,ea-guingamp,855,1,sc-bastia,595,0,24.166666,11.5,8.7777777,4,8.2941179,11.352942,2.993464,4.019608,2015,.77709317,.46235281,.57617497,.44052172,.68235505,.40866014,.52818406,.42668068,.53431374,.35196078,.40686274,.40000001
2609682,fc-nantes,995,2,fc-girondins-bordeaux,40,2,19.5,16.444445,5.4444447,7.1111112,5.5686274,15.30719,1.4771242,5.9019608,2015,.73351568,.35869941,.59125006,.43077934,.72259194,.37050265,.58669108,.33606377,.43888888,.3611111,.59841269,.40000001
2609683,osc-lille,1082,1,es-troyes-ac,1095,3,5.7777777,0,2,0,8.9084969,3.0588236,4.0784316,.61437911,2015,.63561517,.5288167,.81271708,.57160938,.63025886,.43179846,.89700854,.57527471,.65555555,.44999999,1.1041666,.61458331
2609684,hsc-montpellier,969,1,sm-caen,1162,2,0,12.388889,0,3.8333333,16.980392,3.1699347,6.7908497,1.0784314,2015,.58275372,.33543417,.68302161,.49735206,.64400047,.36024955,.75078219,.50976366,.47549018,.3764706,.46253967,.45555556
2609685,ogc-nizza,417,2,fc-lorient,1158,1,26.722221,16.611111,10.777778,5.1111112,2.8169935,12.424836,1.0718955,3.8823528,2015,.63021684,.33212826,.80316877,.57350439,.58922482,.33491302,.95643741,.6991843,.33020833,.22812501,.75462961,.43518519
2609686,olympique-lyon,1041,1,olympique-marseille,244,1,0,0,0,0,18.40523,3.143791,9.5686274,1.6797385,2015,.48349974,.43844894,.4259046,.27519077,.51956332,.50451308,.4644435,.27457511,.63749999,.71666664,.3509804,.21078432
2609687,fc-paris-saint-germain,583,5,sco-angers,1420,1,30.444445,0,20.222221,0,17.568628,0,11.771242,0,2015,1.2140716,.97080541,.87818861,.32875583,1.2015094,.93606693,.95521885,.40615079,.98597884,.60833335,1.0694444,.48148149
2609688,stade-reims,1421,1,as-saint-etienne,618,1,3.7777777,53.470589,1.5555556,26.117647,23.803921,28.92647,7.2287583,15.014706,2015,.66942668,.50801337,.60938221,.42957491,.6982972,.45782226,.5534547,.4218657,.83518517,.69907409,.46568626,.2872549
2609689,fc-stade-rennes,273,1,gfc-ajaccio,3558,0,0,0,0,0,13.09804,.065359481,4.6143789,.0065359478,2015,.60935819,.51749277,.90555328,.38451159,.54607296,.42803031,.90720898,.43358785,.56145835,.41354167,1.425926,.6388889
2609690,sco-angers,1420,3,as-monaco,162,0,0,11.666667,0,6.2222223,.37254903,5.9019608,.13725491,3.2875817,2015,.89317983,.37683272,.95086402,.68569875,.97852135,.4626984,1.0249497,.75570685,1.0925926,.51851851,1.1387955,.72058821
2609691,as-saint-etienne,618,0,fc-paris-saint-germain,583,2,44.111111,34.117645,21.611111,22.705883,16.660131,19.705883,8.7450981,13.117647,2015,.79451478,.55551124,1.21585,.91812658,.76195389,.54835749,1.2020884,.9329161,.68743384,.52222222,1.0061011,.72187501
2609692,es-troyes-ac,1095,0,fc-nantes,995,1,0,16.944445,0,4.7222223,2.5816994,3.9411764,.49019608,1.0196079,2015,.80514133,.61171633,.7386083,.36880043,.88197947,.59488255,.73925859,.38637567,1.1927084,.92708331,.49444443,.37962964
2609693,fc-girondins-bordeaux,40,4,fc-stade-rennes,273,0,11.666667,0,4.7222223,0,6.4836602,14.019608,2.5294118,5.026144,2015,.56150007,.34147742,.59704298,.48705202,.55245727,.25121692,.54924518,.40285206,.83150184,.3974359,.58725488,.38921568
2609694,fc-lorient,1158,2,stade-reims,1421,0,17.722221,4.2777777,5.4444447,1.8888888,9.9934645,24.261438,3,7.5947714,2015,.82317364,.57986462,.68826586,.47494456,1.0501102,.74451059,.75090665,.45473585,.80833334,.47685185,.93240738,.69907409
2609695,gfc-ajaccio,3558,0,hsc-montpellier,969,4,0,1.4444444,0,.44444445,.078431375,17.745098,.0065359478,6.973856,2015,.83989668,.32895604,.63765568,.37163326,.85165346,.35951379,.71017689,.41907308,1.3148148,.58333331,.50490195,.40588236
2609696,olympique-marseille,244,1,osc-lille,1082,1,0,5.7777777,0,2,1.5620915,6.5098038,.86928105,2.7843137,2015,.55090457,.40296856,.54992014,.54510993,.61523718,.46901956,.52562922,.44860756,.45104167,.30729166,.6703704,.50185186
2609697,sc-bastia,595,1,olympique-lyon,1041,0,.055555556,0,.055555556,0,5.7189541,20.117647,1.8431373,10.48366,2015,.67196155,.4328745,.47545877,.4793846,.66725618,.4408482,.51766396,.54724813,.38229167,.35208333,.63749999,.71666664
2609698,sm-caen,1162,2,ogc-nizza,417,0,11.888889,18.111111,3.1666667,7.2777777,2.006536,1.2614379,.56209153,.44444445,2015,.62741923,.51818538,.5860427,.31574255,.69341612,.51690656,.57654911,.31717303,.42476189,.48888889,.30294117,.20686275
2609699,fc-toulouse,415,1,ea-guingamp,855,2,4.3888888,25,2,9.1111107,11.869281,9.333333,3.7581699,3.6601307,2015,.8537119,.60293978,.76018775,.44711903,1.0013123,.7141121,.63397205,.42009804,.77083331,.57291669,.44607842,.33235294
2609700,as-monaco,162,2,sc-bastia,595,0,11.666667,.055555556,6.2222223,.055555556,5.9019608,7.019608,3.2875817,2.2418301,2015,.925816,.64760441,.70469964,.45493332,.99578583,.71372318,.69329786,.45334822,1.1033069,.68055558,.41354167,.35208333
2609701,ea-guingamp,855,4,es-troyes-ac,1095,0,24.166666,0,8.7777777,0,9.4313726,1.1830065,3.5228758,.24183007,2015,.71154559,.42193899,.74706584,.54587406,.58926994,.36996529,.81367522,.54586297,.47395834,.33750001,1.0416666,.61458331
2609702,fc-nantes,995,3,gfc-ajaccio,3558,1,19.944445,0,5.7222223,0,6.0849671,.078431375,1.6928104,.0065359478,2015,.65220833,.35923171,.77137816,.3567338,.68291742,.37233892,.78683865,.37340268,.42058823,.35784313,1.137037,.49074075
2609703,osc-lille,1082,1,sm-caen,1162,0,0,7.1666665,0,2.2777777,7.8954248,1.4640523,3.4640522,.46405229,2015,.66105378,.5738681,.63262755,.52339375,.67833579,.46799374,.70234472,.5258351,.84074074,.50555557,.42476189,.48888889
2609704,hsc-montpellier,969,0,olympique-marseille,244,1,1.4444444,0,.44444445,0,17.601307,3.2679739,6.9215684,1.8169935,2015,.63765568,.37163326,.55212712,.41595399,.71017689,.41907308,.57257843,.42894021,.50490195,.40588236,.43020833,.47916666
2609705,ogc-nizza,417,1,fc-toulouse,415,0,12.166667,4.8333335,4.6111112,2.1111112,1.5490196,15.69281,.54248369,5.1437907,2015,.64979011,.30543017,.80349356,.5674727,.62739366,.32969189,.94241148,.67210549,.36960784,.23431373,.72549021,.53921568
2609706,olympique-lyon,1041,3,fc-girondins-bordeaux,40,0,0,11.555555,0,4.7222223,20.189543,5.7189541,10.48366,2.2941177,2015,.46619952,.46972278,.5704841,.36232695,.49914545,.52704608,.54025012,.26392496,.62361109,.71666664,.71726191,.35416666
2609707,fc-paris-saint-germain,583,3,fc-lorient,1158,1,34,18.333334,22.944445,5.5555553,20.803921,10.215686,14.03268,3.0784314,2015,1.2729429,.93463731,.87595141,.59645408,1.2648251,.90971363,1.092791,.75562167,1.0007937,.57222223,.78981483,.4212963
2609708,stade-reims,1421,2,sco-angers,1420,1,3.3888888,0,1.5,0,23.156862,.37254903,7.2549019,.13725491,2015,.65901142,.48504558,.78658813,.34349939,.69012791,.44905403,.83963245,.38968253,.7490741,.64351851,.9074074,.47222221
2609709,fc-stade-rennes,273,0,as-saint-etienne,618,1,0,49.444443,0,24.222221,12.058824,21.111111,4.2483659,11.052288,2015,.51725417,.42028481,.69146067,.51903033,.48110792,.33912656,.64727736,.51694727,.51372552,.27156863,.57685184,.43425927
2609710,sco-angers,1420,0,olympique-lyon,1041,3,0,0,0,0,.065359481,25.215687,.019607844,12.973856,2015,.7777397,.35566872,.48471805,.47213823,.8872515,.42936507,.51303434,.53101438,.96296299,.49074075,.63472223,.71666664
2609711,as-monaco,162,1,ogc-nizza,417,0,11.5,20.944445,6.2222223,8.2777777,5.6339869,1.9281045,3.1241829,.66013074,2015,.95086402,.68569875,.62410498,.31994423,1.0249497,.75570685,.58724427,.32305539,1.1387955,.72058821,.32254902,.22647059
2609712,fc-girondins-bordeaux,40,1,as-saint-etienne,618,4,10.666667,47.666668,4.3333335,23.222221,5.6797385,18.947712,2.2745099,9.9019604,2015,.65909815,.39531225,.71213967,.5055694,.63101971,.30232152,.65027297,.47924978,.77310926,.37254903,.62261903,.44537038
2609713,fc-lorient,1158,1,hsc-montpellier,969,1,17.5,1.625,5.2777777,.5,11.013072,18.025,3.3725491,7.0583334,2015,.75789589,.50617635,.64363009,.38015872,.9757275,.666336,.70690423,.40828282,.66481483,.33796296,.51666665,.42666668
2609714,gfc-ajaccio,3558,0,ea-guingamp,855,0,0,23.611111,0,8.4444447,.078431375,9.4705887,.0065359478,3.6535947,2015,.9759236,.43857142,.72570157,.39693898,.96646827,.46831009,.60012627,.37777779,1.4703704,.68518519,.42708334,.34270832
2609715,osc-lille,1082,1,fc-stade-rennes,273,1,5.7777777,0,2,0,7.4379086,12.48366,3.4117646,4.2352943,2015,.66105378,.5738681,.53392082,.42420638,.67833579,.46799374,.48699027,.3456625,.84074074,.50555557,.49411765,.27156863
2609716,olympique-marseille,244,1,fc-paris-saint-germain,583,2,0,34.5,0,23.111111,3.0261438,19.326797,1.6732026,13.065359,2015,.83094209,.56277978,1.2319376,.88378263,.87059432,.63348162,1.2256716,.89689308,.59607846,.43137255,.98690474,.55833334
2609717,sc-bastia,595,2,es-troyes-ac,1095,0,.055555556,0,.055555556,0,9.2418299,1.9738562,3.3790851,.40522876,2015,.70113045,.5166772,.80169863,.60684532,.63847816,.50651258,.86168432,.59213656,.50098038,.45882353,1.1098039,.872549
2609718,sm-caen,1162,0,stade-reims,1421,2,11.555555,3.5555556,3.6111112,1.5,3.2745099,25.294117,1.0849674,7.6143789,2015,.64200258,.46320027,.72699898,.60777283,.73695439,.48004237,.7503131,.54296941,.50412697,.48888889,.75833333,.75462961
2609719,fc-toulouse,415,0,fc-nantes,995,0,3.8888888,17,1.6111112,4.7222223,12.313725,4.3921571,4.0784316,1.1895425,2015,.68139046,.4865936,.63449305,.34354791,.79506224,.57869542,.65886647,.35859787,.64583331,.53125,.39722222,.33796296
2609720,as-saint-etienne,618,1,as-monaco,162,1,46.111111,11.444445,22.277779,5.8888888,18.013071,4.7450981,9.2679739,2.4836602,2015,.65641463,.49887416,.66214621,.46246064,.61899459,.48685268,.74959153,.55898666,.59845936,.49019608,.88293654,.6574074
2609721,ea-guingamp,855,2,fc-girondins-bordeaux,40,4,20.444445,8.2222223,7.3888888,3.3888888,6.7320261,3.496732,2.5620916,1.2875817,2015,.69908172,.38955542,.6601094,.40227792,.61791247,.37333333,.63772035,.32074314,.45555556,.36555555,.89115644,.44047618
2609722,gfc-ajaccio,3558,2,es-troyes-ac,1095,3,0,0,0,0,.078431375,.97385621,.0065359478,.16993465,2015,.85308415,.41228938,.80308825,.6153928,.86832011,.45938152,.86199456,.59488255,1.4148148,.6574074,1.1822916,.92708331
2609723,fc-nantes,995,2,fc-lorient,1158,1,16.944445,13.555555,4.7222223,4.1111112,3.9411764,6.2614379,1.0196079,1.9215686,2015,.7386083,.36880043,.75756693,.49969485,.73925859,.38637567,.86183864,.5746693,.49444443,.37962964,.89351851,.57407409
2609724,hsc-montpellier,969,2,fc-toulouse,415,0,1.4444444,4.2222223,.44444445,1.7777778,20.849672,14.405229,8.3856211,4.6601305,2015,.59204161,.33543417,.77142024,.54148144,.64988279,.36024955,.87631226,.6203621,.47549018,.3764706,.70833331,.53125
2609725,ogc-nizza,417,1,olympique-marseille,244,1,22.611111,0,8.9444447,0,2.3202615,4.2614379,.79084969,2.3267975,2015,.60939914,.32243979,.91066331,.58485955,.57238984,.3304083,.97420985,.66813773,.38958332,.42812499,.62941176,.52450979
2609726,olympique-lyon,1041,4,sm-caen,1162,1,0,10.611111,0,3.2222223,21.908497,2.9477124,11.379085,.96078432,2015,.44027361,.42892835,.720083,.53016454,.43727678,.45323658,.80963635,.54775071,.60694444,.66111112,.59142858,.52222222
2609727,fc-paris-saint-germain,583,0,osc-lille,1082,0,32.611111,5.7777777,21.666666,2,17.20915,8.2222223,11.339869,3.6732025,2015,.94491822,.78731722,.58279341,.53146225,.86747342,.79453254,.58328915,.38197482,.73584658,.6722222,.61388886,.38055557
2609728,stade-reims,1421,0,sc-bastia,595,1,3.5555556,0,1.5,0,25.294117,7.352941,7.6143789,2.6274509,2015,.75669175,.6398477,.62677145,.49094188,.7763496,.56956118,.57425565,.47710085,.7911765,.79901963,.42745098,.40000001
2609729,fc-stade-rennes,273,1,sco-angers,1420,0,0,0,0,0,11.457517,.065359481,3.8496733,.019607844,2015,.60413635,.549963,.97300953,.37206551,.54112506,.45719698,1.0732663,.42929506,.42500001,.34583333,1.1568627,.48039216
2609730,sco-angers,1420,2,hsc-montpellier,969,3,0,1.4444444,0,.44444445,0,9.4117651,0,3.8235295,2015,.75672907,.35393462,.61689442,.35482654,.79404551,.41556957,.69841218,.39292929,.86274511,.44117647,.47549018,.28823531
2609731,as-monaco,162,3,es-troyes-ac,1095,1,7.2777777,0,3.6111112,0,2.5228758,.64705884,1.2745098,.11111111,2015,.75320441,.43074769,.78426588,.54945827,.77105618,.45646143,.84188372,.53008753,.81904763,.56018519,1.0098039,.81372547
2609732,fc-girondins-bordeaux,40,0,ogc-nizza,417,0,6.8888888,22.611111,2.8333333,8.9444447,3.5163398,2.3071895,1.4183006,.79084969,2015,.72763479,.36902338,.64748657,.34259227,.72017437,.3845847,.60816425,.35105884,.97893775,.47435898,.38958332,.42812499
2609733,fc-lorient,1158,4,ea-guingamp,855,3,15.611111,8,4.6666665,3.5,6.346405,3.6666667,1.8888888,1.6078432,2015,.81296122,.47050095,.81504452,.45775628,.96600527,.56216931,.69056427,.44791666,.78981483,.40277779,.52222222,.38222224
2609734,osc-lille,1082,1,olympique-lyon,1041,0,5.7777777,0,2,0,11.222222,21.130718,4.986928,10.751634,2015,.61872333,.51458669,.44543234,.47173566,.61900347,.47192189,.47823495,.54027361,.72037035,.50555557,.57546294,.6722222
2609735,olympique-marseille,244,1,as-saint-etienne,618,1,0,41.666668,0,19.944445,2.5490196,14.797385,1.5424837,7.4444447,2015,.89885771,.57460314,.69931185,.5577324,.95905828,.65579206,.67414165,.55717355,.62941176,.52450979,.65982145,.64895833
2609736,fc-paris-saint-germain,583,4,stade-reims,1421,1,38.388889,3.4444444,25.722221,1.4444444,25.542484,22.431372,17.124184,6.6928105,2015,1.1758558,.85062355,.74560398,.59835613,1.152728,.83188403,.78056031,.5316081,.95912701,.625,.78823531,.72549021
2609737,sc-bastia,595,0,fc-nantes,995,0,.055555556,19.055555,.055555556,5.4444447,9.5947714,4.9542484,3.3529413,1.3333334,2015,.65660912,.48922619,.62656641,.2670919,.62617874,.49474791,.63257873,.27711639,.50098038,.45882353,.43888888,.3611111
2609738,sm-caen,1162,1,fc-stade-rennes,273,0,12.388889,0,3.8333333,0,3.9607842,7.7385621,1.3464053,2.7124183,2015,.84117675,.55099791,.64956903,.5912509,1.0049489,.58525068,.60154176,.50025254,.7247619,.58888888,.53437501,.39270833
2609739,fc-toulouse,415,1,gfc-ajaccio,3558,1,4.5,0,1.9444444,0,11.895425,.078431375,3.8235295,.0065359478,2015,.76171941,.46258348,1.044186,.47255951,.90249556,.55025679,1.0351934,.4964917,.75490195,.53921568,1.5604167,.67708331
2609740,as-saint-etienne,618,1,sm-caen,1162,2,39.444443,10.944445,19.277779,3.1111112,13.398693,2.4052289,7.0588236,.71895427,2015,.76166093,.55301559,.82424968,.53328955,.72316128,.50646055,.98907584,.56243324,.70252979,.55833334,.68031746,.52222222
2609741,ea-guingamp,855,2,sco-angers,1420,2,17.277779,0,6.2777777,0,6.0326796,.37254903,2.3725491,.13725491,2015,.68470263,.41344538,.89991385,.36971024,.56703436,.36215279,.97389168,.45035273,.45833334,.32187501,.9537037,.4074074
2609742,es-troyes-ac,1095,0,fc-lorient,1158,1,0,12.764706,0,4.0588236,1.1111112,5.4044118,.25490198,1.6985294,2015,.62239641,.48796421,.80342954,.52788103,.61992604,.42546991,.89047617,.59514475,.78627449,.60784316,.62058824,.45588234
2609743,fc-nantes,995,0,as-monaco,162,0,18.944445,10.277778,5.2222223,5.1666665,4.6274509,5.5882354,1.2222222,2.9411764,2015,.68027496,.31324488,.70153385,.48213658,.67100465,.32156086,.7361235,.57329643,.45740741,.25,.85515875,.68518519
2609744,gfc-ajaccio,3558,1,olympique-marseille,244,1,0,0,0,0,.065359481,3.8431373,.0065359478,2.1503267,2015,1.0242811,.45456582,.814367,.49981683,1.0167834,.48278585,.86355966,.53356981,1.5568627,.72549021,.60000002,.47685185
2609745,hsc-montpellier,969,3,osc-lille,1082,0,1.4444444,0,.44444445,0,9.0915031,5.3660131,3.5163398,2.3856208,2015,.53858447,.31607771,.71783739,.55763429,.61703968,.37629235,.70016116,.44947523,.44607842,.34705883,.89629632,.4611111
2609746,ogc-nizza,417,0,sc-bastia,595,2,30.555555,.055555556,12.055555,.055555556,3.9477124,7.8627453,1.3986928,2.5163398,2015,.53586972,.36819142,.59132653,.4370203,.47925261,.33432987,.56714511,.43508404,.32708332,.42812499,.38333333,.34117648
2609747,olympique-lyon,1041,2,fc-paris-saint-germain,583,1,0,38.555557,0,26.055555,16.803921,25.699347,8.4509802,17.411764,2015,.41417083,.3389833,1.200703,.69668216,.43164998,.35087597,1.1519343,.71519518,.44861111,.27500001,.99801588,.55833334
2609748,stade-reims,1421,4,fc-girondins-bordeaux,40,1,3.5,10.277778,1.5555556,4.3333335,14.372549,4.8954248,4.5098038,1.8431373,2015,.67218983,.60838288,.52066779,.34040615,.65432131,.54392666,.527466,.38789907,.83235294,.74019605,.92687076,.59523809
2609749,fc-toulouse,415,1,fc-stade-rennes,273,2,3.6111112,0,1.5,0,13.261438,10.20915,4.3006535,3.5947711,2015,.77142024,.54148144,.62107873,.58218277,.87631226,.6203621,.56386673,.48026937,.70833331,.53125,.45333335,.36888888
2609750,sco-angers,1420,0,as-saint-etienne,618,0,0,40.777779,0,19.666666,.065359481,17.718954,.019607844,9.1241827,2015,.63055354,.36369771,.6267277,.49729854,.67494988,.409612,.57660705,.4604575,.75,.46296296,.51979166,.44270834
2609751,fc-girondins-bordeaux,40,1,gfc-ajaccio,3558,1,9.3888893,0,4.2777777,0,6.0784316,.078431375,2.2549019,.0065359478,2015,.83917743,.39978117,.9862721,.46436974,.88210618,.44414908,.99810922,.49585775,1.1641157,.59523809,1.517647,.72549021
2609752,osc-lille,1082,2,stade-reims,1421,0,0,3.2777777,0,1.4444444,5.4379086,17.039215,2.3790851,5.2679739,2015,.63558608,.4545154,.57425815,.52816898,.66365325,.3766357,.54608315,.47278458,.77592593,.36851853,.61470586,.68137252
2609753,ogc-nizza,417,2,es-troyes-ac,1095,1,34.555557,0,13.944445,0,5.1764708,2.9411764,1.8366013,.503268,2015,.74124134,.43292153,.79515094,.4283537,.68256575,.40510786,.8740266,.46049044,.4480392,.44215685,1.3284314,.872549
2609754,olympique-marseille,244,1,fc-toulouse,415,1,0,0,0,0,2.8300653,14.111111,1.6732026,4.5882354,2015,.89764017,.58248538,.84537858,.58755517,.96651381,.67245871,.98142588,.6828621,.63529414,.52450979,.78645831,.57291669
2609755,olympique-lyon,1041,5,ea-guingamp,855,1,0,22.555555,0,7.8333335,22.549019,8.026144,11.542483,2.9738562,2015,.38820595,.31467044,.71585053,.43155435,.44428435,.37952325,.59998888,.37777779,.47824073,.29444444,.48958334,.34270832
2609756,fc-paris-saint-germain,583,0,hsc-montpellier,969,0,34.222221,1.4444444,23.111111,.44444445,18.660131,11.287581,12.771242,4.3986926,2015,1.2464381,.93986243,.53858447,.31607771,1.1689095,.92071187,.61703968,.37629235,.96560848,.66944444,.44607842,.34705883
2609757,sc-bastia,595,0,fc-lorient,1158,0,.055555556,17.388889,.055555556,5.2777777,10.026144,9.8496733,3.4836602,3.0522876,2015,.64034611,.49094188,.69585884,.44946337,.59235519,.47710085,.8156305,.5381614,.44215685,.40000001,.62314814,.44907406
2609758,sm-caen,1162,2,as-monaco,162,2,16.111111,14.333333,4.7777777,7.5,4.3267975,7.5947714,1.3986928,4.0588236,2015,.63501358,.38332963,.80647212,.55158103,.76536554,.39547795,.84106177,.64274091,.6469841,.36666667,.96626985,.72685188
2609759,fc-stade-rennes,273,4,fc-nantes,995,1,0,18.777779,0,5.1666665,6.9084969,4.9346404,2.3529413,1.248366,2015,.56519401,.57480353,.70999718,.36295247,.45961466,.45233586,.72239351,.37711641,.38437501,.30937499,.49444443,.37962964
2609760,as-monaco,162,2,stade-reims,1421,2,13.166667,3.1666667,6.7222223,1.4444444,7.0849671,12.071896,3.7647059,3.862745,2015,.9231388,.62411189,.56489843,.46639153,.95772845,.71527177,.55636698,.43141499,1.0218254,.7962963,.78823531,.622549
2609761,ea-guingamp,855,2,as-saint-etienne,618,0,27.944445,31.722221,9.5,15.277778,11.464052,9.5490198,4.0718956,4.9281044,2015,.75037944,.38620684,.71652704,.48538291,.60768187,.31633988,.66801423,.43783307,.59019607,.34705883,.60461307,.45833334
2609762,es-troyes-ac,1095,0,fc-paris-saint-germain,583,9,0,33.777779,0,22.777779,4.8169932,18.48366,.83006537,12.653595,2015,.65072906,.49061087,1.2333518,.91365469,.76009363,.48048434,1.1636864,.88652384,1.0735294,.81372547,.98412699,.66944444
2609763,fc-lorient,1158,1,olympique-marseille,244,1,16.722221,0,5.1666665,0,9.3267975,5.3660131,2.8300653,2.856209,2015,.76669216,.56867635,.83867252,.55731922,.94340831,.71593916,.90172106,.64359868,.58611113,.39351851,.58749998,.46203703
2609764,fc-nantes,995,2,sco-angers,1420,0,21.666666,0,6.0555553,0,7.0326796,.37254903,1.8496732,.13725491,2015,.70258975,.35867897,.91001481,.38486174,.71961576,.37017196,.97389168,.45035273,.49444443,.37962964,.9537037,.4074074
2609765,gfc-ajaccio,3558,1,sm-caen,1162,0,0,18.444445,0,5.3333335,.065359481,5.0522876,.0065359478,1.6013072,2015,1.0242811,.45456582,.7263363,.43770391,1.0167834,.48278585,.92622638,.48986161,1.5568627,.72549021,.66904759,.5
2609766,hsc-montpellier,969,0,ogc-nizza,417,2,1.4444444,13.611111,.44444445,5.2777777,17.039215,1.6732026,6.6732025,.49673203,2015,.64811319,.3811858,.73089343,.40763971,.70935994,.40600118,.69579327,.39656085,.59313726,.45490196,.44019607,.42254901
2609767,sc-bastia,595,1,osc-lille,1082,2,.055555556,5.7777777,.055555556,2,10.993464,9.7843142,3.6078432,4.6274509,2015,.7233054,.499084,.66226149,.55288428,.75805765,.52281743,.67986202,.44610822,.52870369,.45185184,.82222223,.48333332
2609768,fc-stade-rennes,273,2,olympique-lyon,1041,2,0,0,0,0,9.2352943,23.424837,3.1176472,12.03268,2015,.55397201,.5222168,.41725773,.32068896,.49880052,.44261363,.47202906,.38058147,.53437501,.31770834,.52361113,.36944443
2609769,fc-toulouse,415,4,fc-girondins-bordeaux,40,0,0,8.333333,0,3.6666667,13.686275,4.7712417,4.4117646,1.6405228,2015,.8638047,.62326944,.67099959,.3410472,.9979189,.6906746,.69650012,.33841991,.83854169,.59375,1.070635,.64444447
2609770,sco-angers,1420,5,fc-lorient,1158,1,0,15.166667,0,4.6111112,0,7.5947714,0,2.2222223,2015,.89017355,.37097284,.71014452,.52006525,.94920033,.44241622,.88785273,.66832012,.93981481,.4074074,.45648149,.30092594
2609771,as-saint-etienne,618,3,hsc-montpellier,969,0,36.111111,1.4444444,17.333334,.44444445,11.052288,18.457516,5.653595,7.1437907,2015,.71850467,.5345732,.64811319,.3811858,.71010202,.5187279,.70935994,.40600118,.72394955,.63137257,.59313726,.45490196
2609772,fc-girondins-bordeaux,40,1,sc-bastia,595,1,0,.055555556,0,.055555556,4.4852943,12.48366,1.7794118,4.3071895,2015,.56485063,.33671552,.67934936,.45848572,.5794192,.39103174,.70349419,.46230158,.95238096,.58333331,.48240742,.34999999
2609773,osc-lille,1082,1,fc-toulouse,415,0,5.7777777,0,2,0,9.7843142,15.830066,4.6274509,5.5424838,2015,.66226149,.55288428,.83776301,.59201944,.67986202,.44610822,.9666689,.6516121,.82222223,.48333332,.77604169,.5
2609774,ogc-nizza,417,3,gfc-ajaccio,3558,0,9.4444447,0,3.0555556,0,1.6928104,1.2745098,.49673203,.33986929,2015,.67533785,.34591132,1.112747,.50025231,.6587562,.37433863,1.1420414,.56290883,.41574073,.39907408,1.6,.82407409
2609775,olympique-marseille,244,2,fc-stade-rennes,273,5,0,0,0,0,4.0588236,9.0915031,2.013072,3.1764705,2015,.76246232,.5145573,.546444,.53291756,.81560093,.54167467,.4369584,.41344696,.52303922,.43039215,.34687501,.246875
2609776,olympique-lyon,1041,2,fc-nantes,995,0,0,19.833334,0,5.6111112,21.509804,6.1568627,11.150327,1.6601307,2015,.39990184,.26987675,.73120087,.33176339,.42721623,.29975116,.72814751,.34193122,.54675925,.33888888,.49444443,.37962964
2609777,fc-paris-saint-germain,583,0,as-monaco,162,2,35.166668,8.666667,23.833334,4.5,20.026144,3.490196,13.607843,1.8169935,2015,1.1789074,.82287943,.80484581,.4875378,1.1505454,.80535269,.82269758,.51325154,.97579366,.53611112,.8611111,.6574074
2609778,sm-caen,1162,2,es-troyes-ac,1095,1,15.444445,0,4.7777777,0,4.8235292,5.7385621,1.5555556,1.0980393,2015,.72095108,.42179117,.87249446,.50900763,.93411553,.48141545,.98842204,.56151885,.66031748,.53333336,1.340625,.84375
2609779,stade-reims,1421,0,ea-guingamp,855,1,2.6111112,27.611111,1.2222222,9.6111107,12.823529,11.111111,3.8692811,4.1176472,2015,.43477508,.33736172,.62133282,.36803707,.4290897,.32817674,.53220046,.31527779,.50882351,.42647058,.48124999,.33750001
2609780,as-monaco,162,1,fc-girondins-bordeaux,40,2,9.5555553,0,4.8333335,0,4.1111112,4.7973857,2.143791,1.7581699,2015,.7508952,.46875089,.61879504,.46105769,.75968713,.48666087,.63222063,.45374504,.8611111,.60185188,.9325397,.60000002
2609781,ea-guingamp,855,2,hsc-montpellier,969,2,29.111111,1.4444444,9.7222223,.44444445,11.071896,15.045752,3.7450981,5.8692808,2015,.84647477,.42457002,.54326349,.31859773,.74885833,.37516341,.59633994,.35089788,.69607842,.3617647,.5138889,.40185186
2609782,es-troyes-ac,1095,0,sco-angers,1420,1,0,0,0,0,3.8104575,.41911766,.65359479,.15441176,2015,1.0675871,.64276648,.74914545,.39742169,1.1112213,.61410767,.78684837,.45684522,1.6421568,.97058821,.96875,.55208331
2609783,fc-lorient,1158,1,olympique-lyon,1041,3,14.388889,0,4.3888888,0,6.8562093,22.620914,2.0392158,11.477124,2015,.84585881,.59105289,.49265456,.49580973,1.0695547,.74867725,.50624424,.53895086,.78981483,.40277779,.61620373,.69444442
2609784,fc-nantes,995,0,osc-lille,1082,3,16.722221,5.7777777,4.7222223,2,3.6601307,6.1503267,.99346405,2.6862745,2015,.62739974,.26831022,.63091433,.42862999,.62536973,.28915343,.64778024,.33915776,.38333333,.30555555,.74351853,.32499999
2609785,gfc-ajaccio,3558,0,as-saint-etienne,618,2,0,30.388889,0,14.611111,1.2026144,10.856209,.33333334,5.4901962,2015,1.0195371,.4637444,.67552817,.50052804,1.0584435,.54207551,.65864486,.51304221,1.5537037,.82407409,.61979169,.51458335
2609786,fc-paris-saint-germain,583,4,ogc-nizza,417,1,36.888889,15.888889,24.555555,5.3333335,23.568628,3.1699347,15.75817,.98039216,2015,1.1041951,.58809632,.50430614,.28914803,1.0932041,.5921793,.48911336,.31481481,.93134922,.40277779,.34215686,.34019607
2609787,sc-bastia,595,2,olympique-marseille,244,1,.055555556,0,.055555556,0,12.287581,2.6666667,4.2418299,1.4313725,2015,.58812022,.41459325,.8135463,.49041513,.62358797,.43253967,.86398053,.53718537,.37314814,.34074074,.60588235,.50490195
2609788,fc-stade-rennes,273,3,stade-reims,1421,1,0,2.8888888,0,1.2777778,8.333333,10.895425,2.9281046,3.143791,2015,.48522016,.46485567,.62752467,.46888706,.36442229,.34286195,.60530174,.42954758,.34222221,.17444444,.83235294,.622549
2609789,fc-toulouse,415,2,sm-caen,1162,0,0,15.444445,0,4.7777777,11.215686,5,3.856209,1.6535947,2015,.66886419,.54826945,.64116532,.4001312,.75173837,.59179068,.82392621,.46209869,.63541669,.375,.60386902,.48958334
2609790,sco-angers,1420,0,gfc-ajaccio,3558,0,0,0,0,0,.37254903,.0065359478,.13725491,0,2015,.78206873,.38188323,1.1258149,.45694748,.85153717,.44682539,1.1366843,.5262025,.8425926,.49074075,1.5259259,.68518519
2609791,as-saint-etienne,618,1,es-troyes-ac,1095,0,37.111111,0,17.888889,0,14.954248,3.7712419,7.7124181,.6405229,2015,.58012193,.40817067,.92196429,.57290119,.60300326,.42459208,.99743927,.55756003,.51218486,.47941175,1.362745,.85294116
2609792,ea-guingamp,855,0,fc-paris-saint-germain,583,2,29,23.444445,9.5555553,15.722222,11.137255,5.1960783,3.5882354,3.4640522,2015,.80676889,.3974207,.57270342,.50778913,.68938118,.33104575,.59134519,.53267175,.69607842,.3617647,.64270836,.60312498
2609793,osc-lille,1082,4,as-monaco,162,1,5.7777777,13.388889,2,7,8.8169937,6.3725491,3.9738562,3.3921568,2015,.61529511,.41016716,.66848296,.49548081,.63418895,.321962,.71143216,.50322068,.73425925,.35277778,.86904764,.58796299
2609794,hsc-montpellier,969,0,olympique-lyon,1041,2,.33333334,0,.055555556,0,24.843138,27.313726,9.5163403,14.339869,2015,.57671523,.3546398,.61053026,.60099626,.62586319,.39292929,.64336544,.65706652,.52450979,.4254902,.82916665,.91111112
2609795,ogc-nizza,417,3,fc-stade-rennes,273,0,10.388889,0,3.5,0,1.6797385,9.7450981,.49673203,3.3856208,2015,.68985355,.35645512,.54580301,.5233022,.67229652,.38655463,.4353959,.39782196,.46770832,.44895834,.36770833,.246875
2609796,olympique-marseille,244,0,fc-girondins-bordeaux,40,0,0,0,0,0,6.4379086,7.4052286,3.2026143,2.5816994,2015,.73589474,.45090896,.56191128,.44074956,.76607889,.46149993,.5342769,.40715414,.51805556,.38796297,.87222224,.5777778
2609797,sm-caen,1162,1,fc-lorient,1158,2,16.055555,14.055555,5,4.2222223,5.3921571,6.013072,1.862745,1.7973856,2015,.71422428,.5147227,.79308105,.46759608,.84007937,.55169415,.95072752,.56216931,.55523807,.56666666,.78981483,.40277779
2609798,stade-reims,1421,2,fc-nantes,995,1,3,14.888889,1.3333334,4.1666665,14.444445,2.862745,4.3790851,.71895427,2015,.66013545,.43361843,.70891345,.32821083,.74180967,.42978099,.70676398,.35028011,.89117646,.60294116,.46470588,.38235295
2609799,fc-toulouse,415,4,sc-bastia,595,0,0,.05882353,0,.05882353,15.385621,10.286765,5.3006535,3.5808823,2015,.63240588,.51701945,.57832855,.4634909,.77048838,.58085316,.55660856,.46533614,.69791669,.46875,.42745098,.40000001
2609800,as-monaco,162,2,olympique-marseille,244,1,12.222222,0,6.4444447,0,7.0588236,6.4379086,3.9477124,3.2026143,2015,.96668518,.72310424,.72547811,.42868674,.99285913,.79166067,.76607889,.46149993,1.0384921,.81018519,.51805556,.38796297
2609801,es-troyes-ac,1095,2,stade-reims,1421,1,0,3,0,1.3333334,3.9738562,14.444445,.73202616,4.3790851,2015,.77265871,.5763734,.66013545,.43361843,.84466153,.55756003,.74180967,.42978099,1.1568627,.85294116,.89117646,.60294116
2609802,fc-girondins-bordeaux,40,1,sco-angers,1420,3,0,0,0,0,5.1176472,.37254903,2.006536,.13725491,2015,.6329301,.47364664,.90833133,.39664626,.62584352,.45379212,.97653717,.47151676,.91592264,.59375,.98148149,.49074075
2609803,fc-lorient,1158,1,fc-toulouse,415,1,17,0,5.1666665,0,9.0065355,19.61438,2.6993463,6.8104577,2015,.86391437,.59028125,.67083579,.53366536,1.0816799,.74867725,.79706097,.5971055,.78981483,.40277779,.67156863,.44117647
2609804,fc-nantes,995,0,hsc-montpellier,969,2,16.611111,.33333334,4.7222223,.055555556,3.1895425,21.555555,.83006537,8.4248362,2015,.65861392,.33389696,.56566751,.37699962,.67556036,.33388889,.60982043,.42364824,.32111111,.27222222,.42156863,.34705883
2609805,gfc-ajaccio,3558,2,osc-lille,1082,4,0,5.7777777,0,2,.0065359478,7.1699347,0,3.2026143,2015,1.1272769,.45324379,.59019035,.4407993,1.1311288,.52818662,.60889137,.35811719,1.5259259,.71296299,.71111113,.35740742
2609806,olympique-lyon,1041,1,ogc-nizza,417,1,0,10.555555,0,3.5,22.137255,1.7647059,11.751634,.49673203,2015,.57422423,.58355129,.67533785,.34591132,.61642939,.65141481,.6587562,.37433863,.80416667,.88333333,.41574073,.39907408
2609807,fc-paris-saint-germain,583,6,sm-caen,1162,0,29.388889,10.111111,19.5,3.2777777,13.071896,3.1176472,8.6862745,1.0784314,2015,1.0974309,.82857686,.68037009,.48928201,1.0970949,.82450736,.73680556,.47062677,.87485117,.55937499,.55301589,.3888889
2609808,sc-bastia,595,0,as-saint-etienne,618,1,.055555556,40.777779,.055555556,19.666666,10.48366,17.738562,3.6209149,9.1241827,2015,.69662201,.48913193,.59902668,.43323505,.74382579,.50210083,.5767687,.39066952,.47156861,.33137256,.48081231,.42745098
2609809,fc-stade-rennes,273,0,ea-guingamp,855,3,0,29.277779,0,9.7222223,8.5098038,10.915032,3.006536,3.5424836,2015,.53684926,.4966675,.7618292,.44447953,.45243144,.38912657,.67156446,.39967319,.40490195,.23235294,.62605041,.39117646
2609810,as-saint-etienne,618,2,fc-lorient,1158,0,45.555557,15.777778,21.666666,4.8888888,22.169935,11.45098,11.150327,3.5947711,2015,.65820545,.5244115,.8559193,.66204637,.62488377,.46390185,1.0108025,.790851,.49061623,.53039217,.875,.5925926
2609811,ea-guingamp,855,1,sm-caen,1162,1,28.444445,10.111111,9.5,3.2777777,10.418301,3.3529413,3.3921568,1.137255,2015,.73338705,.44055796,.75726008,.48280194,.60188121,.39967319,.88939166,.50666833,.5280112,.38137254,.55863094,.48958334
2609812,fc-girondins-bordeaux,40,1,fc-paris-saint-germain,583,1,0,25.055555,0,16.833334,7.0522876,10.51634,2.7124183,7.1699347,2015,.7721172,.47715068,.86144704,.78758377,.75726402,.39934164,.88137341,.79860252,1.0089285,.58333331,.67142856,.48055556
2609813,gfc-ajaccio,3558,3,sc-bastia,595,2,0,.055555556,0,.055555556,1.2875817,14.071896,.33986929,4.8823528,2015,1.1027755,.50523806,.63697577,.45228642,1.1204365,.56831008,.68700761,.4737395,1.5444444,.82407409,.46568626,.41960785
2609814,osc-lille,1082,0,sco-angers,1420,0,5.7777777,0,2,0,14.75817,.065359481,6.973856,.019607844,2015,.62209982,.45541918,.85088181,.43046713,.64460564,.3766357,.9237594,.50238097,.72037035,.35740742,.90277779,.51851851
2609815,hsc-montpellier,969,4,es-troyes-ac,1095,1,.33333334,0,.055555556,0,22.856209,2.8300653,8.8496733,.5163399,2015,.53278136,.39047372,.83725351,.50509071,.52574551,.40600118,.84052581,.43082646,.53921568,.43137255,1.1611111,.66666669
2609816,ogc-nizza,417,2,stade-reims,1421,0,13.722222,3.1111112,5.2222223,1.3888888,1.4575163,14.712419,.49673203,4.5163398,2015,.58271068,.3466512,.5199281,.31080943,.56515366,.37675071,.55828238,.29855275,.38137254,.42254901,.58529413,.42647058
2609817,olympique-marseille,244,1,fc-nantes,995,1,0,13.333333,0,3.7222223,6.5686274,2.1830065,3.5816994,.56862748,2015,.93615931,.63130784,.69036722,.36471108,1.002358,.74827242,.70104617,.36770833,.61990738,.52222222,.36354166,.31770834
2609818,fc-stade-rennes,273,1,as-monaco,162,1,0,12.222222,0,6.4444447,13.346405,7.0588236,4.5686274,3.9477124,2015,.5142554,.44889742,.96668518,.72310424,.40518758,.30407196,.99285913,.79166067,.36770833,.16354166,1.0384921,.81018519
2609819,fc-toulouse,415,2,olympique-lyon,1041,3,0,0,0,0,17.477123,21.346405,5.8692808,11.320261,2015,.70326543,.56255513,.56727976,.58355129,.83819669,.63442463,.60948497,.65141481,.68229169,.46875,.80416667,.88333333
2609820,sco-angers,1420,0,olympique-marseille,244,1,0,0,0,0,.065359481,6.7320261,.019607844,3.7385621,2015,.82071978,.4004254,.86165535,.55856609,.89574528,.47310925,.96320444,.69981164,.877451,.51960784,.59509802,.4852941
2609821,as-monaco,162,3,ea-guingamp,855,2,14.555555,20,7.6666665,7.1666665,7.2941175,5.7189541,3.9019608,2.1764705,2015,.97147042,.72194684,.75335938,.38755214,.99434459,.78661013,.70306957,.38398692,1.0496032,.81018519,.70448178,.38921568
2609822,as-saint-etienne,618,0,fc-toulouse,415,0,43.777779,0,20.666666,0,20.51634,16.849672,10.228758,5.3137255,2015,.71275491,.60638106,.64896095,.51716822,.65270823,.55070144,.74965501,.57192463,.60294116,.65784311,.65104169,.42708334
2609823,es-troyes-ac,1095,2,fc-girondins-bordeaux,40,4,0,0,0,0,2.8954248,6.2418299,.54901963,2.2875817,2015,1.086969,.65918589,.79121846,.47920102,1.1471756,.6418283,.76903349,.43793064,1.7135416,1.03125,.84841269,.41111112
2609824,fc-lorient,1158,0,osc-lille,1082,1,16.111111,0,5.1111112,0,12.555555,8.9084969,4.019608,4.1372547,2015,.80958414,.60420322,.52496314,.46197724,.97608024,.73668432,.55055803,.3766357,.7638889,.44444445,.71111113,.41296297
2609825,fc-nantes,995,1,ogc-nizza,417,0,19.833334,18.555555,5.6666665,6.9444447,5.352941,2.7712419,1.4183006,.94771242,2015,.64975739,.34325749,.44782934,.27263162,.65980816,.34607843,.43265215,.29831934,.34215686,.2990196,.35104167,.41562501
2609826,olympique-lyon,1041,2,gfc-ajaccio,3558,1,0,0,0,0,21.235294,1.2156863,11.196078,.33333334,2015,.50544113,.42799571,1.0620347,.48724866,.56087387,.48474813,1.0638227,.55025452,.69305557,.55000001,1.4703704,.82407409
2609827,fc-paris-saint-germain,583,4,fc-stade-rennes,273,0,36.166668,0,23.888889,0,22.052288,8.0065355,14.686275,2.6078432,2015,1.2233016,.99480212,.46957999,.41692492,1.1586082,1.0035272,.4341175,.34400252,.92301589,.77777779,.43020833,.246875
2609828,sm-caen,1162,0,sc-bastia,595,0,12.722222,.0625,3.7777777,.0625,2.5947711,8.6833334,.85620916,2.9583333,2015,.76976007,.52986079,.51395857,.36179763,.90638512,.55241996,.54464257,.37047619,.56904763,.47916666,.35888889,.31999999
2609829,stade-reims,1421,2,hsc-montpellier,969,3,0,.33333334,0,.055555556,12.607843,21.562092,3.9803922,8.2679739,2015,.71997476,.51653266,.66909271,.44602928,.78413594,.48445591,.70900339,.48247176,.93823528,.74019605,.54411763,.45490196
2609830,fc-girondins-bordeaux,40,3,fc-lorient,1158,0,0,15.555555,0,4.8333335,5.8692808,9.0980396,2.2679739,2.7581699,2015,.78938693,.47439331,.63875079,.45672917,.76903349,.4327223,.82175928,.59887564,.84285712,.3888889,.72685188,.3888889
2609831,fc-nantes,995,1,sm-caen,1162,2,14,11.277778,3.6666667,3.2777777,2.5620916,2.8300653,.58823532,.92156863,2015,.62861389,.33768484,.62327796,.52201766,.65843916,.34460318,.69044209,.53019774,.33000001,.29444444,.44404763,.47916666
2609832,gfc-ajaccio,3558,0,fc-paris-saint-germain,583,4,0,30.333334,0,20.277779,.078431375,13.535948,.0065359478,8.986928,2015,.92036808,.44042328,1.1789074,.84869486,.90456349,.47108787,1.1562272,.84988457,1.3592592,.68518519,.91746032,.50277776
2609833,osc-lille,1082,0,ea-guingamp,855,0,5.7777777,29.777779,2,10.166667,14.254902,12.594771,6.6601305,4.1895423,2015,.64199048,.43531337,.66184682,.35362986,.66127229,.34912926,.52222437,.27957517,.73055553,.32499999,.46372548,.32549021
2609834,hsc-montpellier,969,2,fc-stade-rennes,273,0,1.4444444,0,.44444445,0,23.104576,3.8039215,8.960784,1.4379085,2015,.65816838,.4434149,.60477072,.47335383,.69639838,.47266784,.53164452,.36397305,.52941179,.45490196,.58888888,.24111111
2609835,ogc-nizza,417,2,as-saint-etienne,618,0,26.166666,42.277779,10.777778,20.5,2.3398693,16.248365,.90849674,8.2745094,2015,.59406215,.35144004,.59572434,.52033532,.5512526,.31621897,.54222327,.44616756,.3617647,.38333333,.37395832,.53229165
2609836,olympique-marseille,244,1,stade-reims,1421,0,0,0,0,0,5.3137255,16.196079,2.9084966,5.006536,2015,.88248867,.59189939,.71945912,.47265372,.96320444,.69981164,.74461257,.43030092,.59509802,.4852941,.78823531,.60784316
2609837,olympique-lyon,1041,6,as-monaco,162,1,0,10.777778,0,5.5555553,19.09804,4.4640522,10.09804,2.359477,2015,.57144642,.6020698,.92510176,.62773389,.61365163,.66993332,.92321664,.62852937,.78194445,.90555555,.95793653,.68518519
2609838,sc-bastia,595,1,sco-angers,1420,0,.055555556,0,.055555556,0,11.026144,.37254903,3.8823528,.13725491,2015,.59190321,.4634909,.8788749,.43450019,.57470816,.46533614,.9545688,.50252104,.44215685,.40000001,.91176468,.49019608
2609839,fc-toulouse,415,1,es-troyes-ac,1095,0,0,0,0,0,15.562092,1.9673202,5.3071895,.3267974,2015,.65547132,.53056109,1.0851533,.62272114,.75312728,.57192463,1.0756069,.57307351,.65104169,.42708334,1.5854167,.875
2609840,sco-angers,1420,2,fc-toulouse,415,3,0,0,0,0,.37254903,15.562092,.13725491,5.3071895,2015,.81538284,.41370726,.65547132,.53056109,.89002633,.47065827,.75312728,.57192463,.872549,.50980395,.65104169,.42708334
2609841,as-monaco,162,2,hsc-montpellier,969,0,13.555555,1.4444444,7,.44444445,7.3790851,23.758169,4.026144,9.4705887,2015,.76069564,.60273385,.6926952,.41738489,.82038277,.67591989,.7618109,.46482471,.93849206,.75462961,.60294116,.48431373
2609842,as-saint-etienne,618,0,osc-lille,1082,1,44.444443,5.7777777,21.166666,2,15.411765,14.254902,7.7516341,6.6601305,2015,.78675598,.55184156,.5897029,.38716522,.84737074,.54616755,.63096929,.34295642,.91354167,.51145834,.71203703,.32499999
2609843,ea-guingamp,855,2,ogc-nizza,417,3,31.055555,30.222221,10.611111,12.166667,12.261438,3.9607842,4.2156863,1.3464053,2015,.66838276,.37977365,.66258067,.41440302,.53202826,.31879085,.60849166,.38288563,.47549018,.33725491,.3617647,.40294117
2609844,es-troyes-ac,1095,1,olympique-marseille,244,1,0,0,0,0,1.4640523,1.6666666,.24836601,.94771242,2015,.90139556,.53563178,.84139079,.59575856,.92490304,.49744323,.85855728,.66420555,1.2677083,.8125,.56822914,.52499998
2609845,fc-lorient,1158,1,gfc-ajaccio,3558,0,12.777778,0,3.8888888,0,5.993464,1.2745098,1.8431373,.33986929,2015,.80085564,.60233134,1.0831174,.49783069,1.0014881,.75699407,1.0761684,.55874217,.96354169,.60416669,1.4703704,.82407409
2609846,fc-paris-saint-germain,583,4,fc-nantes,995,0,42.888889,14.944445,28.777779,4.1111112,32.084969,2.6666667,21.398693,.65359479,2015,1.2408265,.95866477,.65703386,.32919973,1.1923383,.97361267,.67978668,.33869049,.96468252,.68055558,.36666667,.27604166
2609847,sm-caen,1162,1,fc-girondins-bordeaux,40,0,11.277778,0,3.2777777,0,2.8366013,7.7973857,.95424837,2.8104575,2015,.64973283,.55017942,.68844271,.40598881,.71917164,.55812675,.68971753,.3250488,.46412697,.51111114,.95098037,.56862748
2609848,stade-reims,1421,4,olympique-lyon,1041,1,0,0,0,0,11.366014,21.856209,3.5882354,11.281046,2015,.75982988,.55756676,.57440943,.58516157,.81801713,.50797898,.62326699,.66108108,1.0970588,.74019605,.78194445,.87222224
2609849,fc-stade-rennes,273,1,sc-bastia,595,2,0,.055555556,0,.055555556,7.6102943,10.908497,2.6544118,3.7189543,2015,.63831496,.54141355,.67033458,.48194534,.57331121,.43767676,.72666889,.51239496,.60888886,.30222222,.47156861,.41960785
2698549,as-nancy-lorraine,1159,0,olympique-lyon,1041,3,0,12.833333,0,8,.33986929,26.601307,.10457516,13.862745,2016,.80095005,.52769214,.77295291,.70636612,.9774828,.72408962,.83559471,.66907567,1.75,1.4705882,1.1009259,.59814817
2698550,fc-girondins-bordeaux,40,3,as-saint-etienne,618,2,0,54,0,24.722221,14.503268,17.562092,5.5098038,8.0784311,2016,.75701648,.46688691,.81332666,.48686677,.80007279,.38251424,.78406656,.48492557,.55648148,.23796296,.69537038,.38981482
2698551,hsc-montpellier,969,1,sco-angers,1420,0,7.9375,13.166667,4.125,4.6666665,26.833334,6.3071895,10.783334,2.2026143,2016,.87369144,.54923534,1.3382214,.41977513,.91265786,.59320438,1.3545947,.39799252,1.1041666,.9375,1.4635416,.5
2698552,ogc-nizza,417,1,fc-stade-rennes,273,0,0,0,0,0,6.1633987,17.411764,2.7908497,5.993464,2016,.57493687,.42759618,.50366092,.44616687,.61993372,.45755875,.4909412,.35577103,1.0708333,.77083331,.5854342,.35294119
2698553,olympique-marseille,244,0,fc-toulouse,415,0,1.8333334,3.7777777,.77777779,1.7777778,2.7189543,10.745098,.83006537,3.1241829,2016,.55749363,.36638957,.7535063,.42832065,.55897623,.40431884,.67014217,.36173114,.37916666,.25925925,.79479164,.25208333
2698554,sc-bastia,595,0,fc-paris-saint-germain,583,1,7.6111112,0,3.6111112,0,12.607843,17.673203,4.6339869,12.718954,2016,.43976259,.32671013,.89622527,.95081973,.40022972,.26644111,.82130939,.95078504,.51521164,.3037037,1.011508,.98981482
2698555,fco-dijon,2969,0,fc-nantes,995,1,0,0,0,0,.73202616,10.019608,.22875817,3.0718954,2016,.80256653,.47459432,.70036572,.32515916,.7797178,.50795853,.64096338,.37385622,1.2037038,.91666669,.748366,.61274511
2698556,as-monaco,162,2,ea-guingamp,855,2,22.944445,0,11,0,9.5424833,9.3986931,4.7320261,3.0784314,2016,.77940029,.50361526,.53568131,.4162437,.81195396,.48698461,.48901588,.39915967,.73392856,.39351851,.51764709,.47058824
2698557,sm-caen,1162,3,fc-lorient,1158,2,24.777779,31.333334,8.5555553,9.333333,9.9346409,13.575164,3.8954248,3.9150326,2016,.85510892,.39407933,.94615847,.51720947,.85233343,.32654011,.98838186,.51016313,.74159664,.31862745,.99537039,.41574073
2698558,fc-metz,347,3,osc-lille,1082,2,0,12.333333,0,6.7777777,.66013074,14.993464,.1633987,6.640523,2016,.92789775,.49226388,.68917167,.49664494,.92072648,.42038602,.61597151,.43284431,1.5743589,.58974361,.5121693,.41018519
2701600,as-saint-etienne,618,3,hsc-montpellier,969,1,51.055557,7.8823528,24.222221,3.9411764,16.620914,30.889706,8.333333,12.676471,2016,.63202995,.36119419,.83332723,.51692736,.66972095,.42188039,.87367797,.55830997,.51960784,.31764707,1.0686275,.88235295
2701601,fc-lorient,1158,0,sc-bastia,595,3,28.777779,7.2777777,8.4444447,3.5,10.248366,11.013072,2.9084966,4.019608,2016,.96662575,.53858382,.38142928,.25572249,1.0131886,.5303688,.37245193,.23225309,1.0147059,.44019607,.4318783,.22962964
2701602,osc-lille,1082,1,fco-dijon,2969,0,11.444445,0,6.3333335,0,14.163399,.73202616,6.0784316,.22875817,2016,.68532217,.45775604,.73819268,.45292154,.60941291,.44706389,.69360667,.46166226,.5714286,.48888889,1,.83333331
2701603,olympique-lyon,1041,2,sm-caen,1162,0,11.833333,15.944445,7.3888888,5.6111112,23.045752,8.2026148,12.052288,3.2091503,2016,.76537716,.69842964,.76185495,.39015776,.83054423,.66402519,.74359906,.3177166,1.1009259,.59814817,.74649858,.31862745
2701604,fc-paris-saint-germain,583,3,fc-metz,347,0,0,0,0,0,23.679739,.66013074,17.039215,.1633987,2016,1.0434691,.90637529,.82511824,.44430545,.9722048,.93866378,.82415342,.40719169,1.0832672,.92685187,1.3644445,.51111114
2701605,fc-toulouse,415,4,fc-girondins-bordeaux,40,1,4.1111112,0,2.2777777,0,11.274509,14.045752,3.5359478,5.3725491,2016,.74829793,.42832065,.65171891,.4906705,.66319776,.36173114,.69398808,.42973647,.79479164,.25208333,.47314814,.22685185
2701606,sco-angers,1420,0,ogc-nizza,417,1,12.888889,0,4.5,0,5.973856,6.4052286,2.0326798,2.9738562,2016,1.2354605,.39966932,.60261542,.44644541,1.2966371,.46582893,.61102545,.48800749,1.412037,.6388889,1.0953869,.80208331
2701607,fc-stade-rennes,273,2,as-nancy-lorraine,1159,0,0,0,0,0,13.156863,.20915033,4.3660131,.071895428,2016,.59710872,.48889902,.85934275,.5516119,.59456038,.39033613,1.0543969,.74509805,.622549,.36764705,1.7598039,1.5
2701608,fc-nantes,995,0,as-monaco,162,1,0,21.111111,0,10.055555,9.4444447,6.6732025,2.9477124,3.4379084,2016,.53519017,.34910873,.66132045,.45592648,.50195336,.33882946,.58635175,.39188403,.64836603,.53431374,.61263227,.34074074
2701609,ea-guingamp,855,2,olympique-marseille,244,1,0,.27777779,0,.11111111,9.5032682,3.143791,3.2026143,.83660132,2016,.63568133,.4302493,.56903207,.32991615,.59685904,.41631654,.57749474,.35802254,.60588235,.5,.39027777,.25925925
2701610,as-nancy-lorraine,1159,0,ea-guingamp,855,2,2.6111112,0,.8888889,0,.25490198,9.7058821,.084967323,3.2205882,2016,.8638401,.58459127,.48530725,.34255654,1.1508021,.7787115,.42677635,.28608632,1.8480393,1.5882353,.45625001,.38541666
2701611,as-saint-etienne,618,0,fc-toulouse,415,0,37.055557,3.9444444,17.388889,2.2222223,11.614379,8.1111107,5.5424838,2.5751634,2016,.66540629,.42710671,.69682735,.41269565,.67624396,.4835057,.63915926,.39853671,.47376543,.28611112,.765625,.33541667
2701612,fc-girondins-bordeaux,40,1,fc-nantes,995,0,0,0,0,0,13.366014,6.7647057,5.0326796,2.0326798,2016,.67387503,.45042834,.64401364,.37011713,.71085322,.38498339,.59131992,.35395551,.53611112,.21944444,.71699345,.53431374
2701613,hsc-montpellier,969,1,fc-stade-rennes,273,1,7.7058825,0,4.0588236,0,30.227942,11.156863,12.036765,3.7450981,2016,.83332723,.51692736,.54496878,.3959623,.87367797,.55830997,.56379116,.37786755,1.0686275,.88235295,.49509802,.30882353
2701614,ogc-nizza,417,1,osc-lille,1082,1,0,11.166667,0,5.9444447,6.8104577,9.1764708,2.986928,3.9019608,2016,.56822532,.43328148,.71761382,.47347841,.60049367,.47871262,.6354568,.46266657,1.0089285,.6875,.60504204,.51764709
2701615,olympique-marseille,244,2,fc-lorient,1158,0,1.5,21.055555,.66666669,6.8333335,2.8692811,5.5751634,.84967321,1.7843137,2016,.56532842,.32991615,.83435601,.51229143,.57749474,.35802254,.85489982,.47738096,.39027777,.25925925,.85588235,.42843136
2701616,fco-dijon,2969,4,olympique-lyon,1041,2,0,12.777778,0,8,.73202616,24.555555,.22875817,13.013072,2016,.77677292,.49382508,.78052866,.73125792,.80749559,.55425483,.84244901,.69973946,1.2407408,.94444442,1.1231482,.66481483
2701617,as-monaco,162,3,fc-paris-saint-germain,583,1,27.666666,0,13.666667,0,11.274509,21.712418,5.9477124,15.640523,2016,.73546201,.46449187,1.0033157,.78004253,.71345615,.43086898,.96942699,.82027757,.83253968,.4462963,1.0741402,.81018519
2701618,sm-caen,1162,2,sc-bastia,595,0,17.111111,7.1666665,6.3333335,3.2777777,8.6601305,12.699347,3.3986928,4.6274509,2016,.8607536,.38730571,.43976259,.32671013,.84743148,.31281462,.40022972,.26644111,.69747901,.25980392,.51521164,.3037037
2701619,fc-metz,347,2,sco-angers,1420,0,0,16.166666,0,5.7777777,.62091506,7.2156863,.1503268,2.6143792,2016,.7394039,.29661316,1.2086748,.35937628,.7174868,.23385836,1.2887005,.45127866,1.3200001,.40000001,1.5245098,.58823532
2701620,fc-lorient,1158,0,as-nancy-lorraine,1159,2,23.055555,2.6111112,7.3333335,.8888889,7.3856211,.23529412,2.4183006,.071895428,2016,.75436777,.49128851,.90440446,.58395994,.74574715,.42184743,1.1261103,.73941797,.68333334,.34907407,1.8842592,1.4722222
2701621,osc-lille,1082,1,as-monaco,162,4,11.222222,24,6.1666665,11.833333,13.849673,8.0980396,6.1633987,4.2679739,2016,.71430767,.46945196,.92013937,.49527964,.62456441,.46373057,.76133883,.4440003,.5714286,.48888889,.79642856,.43240741
2701622,ogc-nizza,417,3,olympique-marseille,244,2,0,1.3333334,0,.55555558,5.1045752,2,2.4052289,.64705884,2016,.68735158,.49271497,.5184623,.34033713,.62016159,.5329951,.50648701,.36381119,.99761903,.63921571,.30972221,.2037037
2701623,olympique-lyon,1041,1,fc-girondins-bordeaux,40,3,10.666667,0,6.7777777,0,20.522877,13.019608,10.849673,5.1764708,2016,.51504779,.31361109,.7434181,.48562589,.57942188,.31307119,.77992624,.41951057,.68796295,.40925926,.5777778,.24907407
2701624,fc-paris-saint-germain,583,1,as-saint-etienne,618,1,0,42.277779,0,19.944445,17.228758,16.947712,12.522876,8.1960783,2016,1.1253972,.8621763,.73560792,.51350051,1.0243653,.87617904,.74287677,.55354583,1.1352513,.92870373,.6182099,.33703703
2701625,sc-bastia,595,2,fc-toulouse,415,1,6.5,3.8333333,3.0555556,2.1666667,11.359477,10,4.2352943,3.2614379,2016,.45210829,.37917927,.80712146,.47073135,.41689637,.32199669,.7545439,.46728671,.51521164,.3037037,.93020833,.37708333
2701626,sco-angers,1420,3,fco-dijon,2969,1,16,0,5.7777777,0,6.5359478,1.1699346,2.4640522,.41176471,2016,1.3436162,.44317257,.70239633,.50902975,1.3839132,.48109242,.7611993,.57045853,1.4705882,.56862748,1.2203704,.91666669
2701627,fc-stade-rennes,273,2,sm-caen,1162,0,0,23.277779,0,8.666667,12.45098,12.261438,4.4248366,4.7908497,2016,.65325755,.46230462,.84376878,.36965865,.68716776,.45531854,.83085394,.32163817,.53921568,.38235295,.68767506,.25980392
2701628,fc-nantes,995,0,fc-metz,347,3,0,0,0,0,8.960784,1.0457517,2.9084966,.30065361,2016,.92150295,.54649436,.74867189,.41759983,.90795684,.56643325,.73503733,.35928679,1.2022876,.77941179,1.2137254,.4509804
2701629,ea-guingamp,855,1,hsc-montpellier,969,1,0,6.4444447,0,3.4444444,10.797385,17.091503,3.503268,6.7581701,2016,.54744601,.42044538,.83700371,.53359401,.50862372,.40651262,.87582546,.58352005,.54705882,.5,1.0098039,.82352942
2701630,as-nancy-lorraine,1159,1,fc-nantes,995,1,2.6111112,0,.8888889,0,.23529412,6.6078429,.071895428,2.3267975,2016,.90440446,.58395994,.92150295,.54649436,1.1261103,.73941797,.90795684,.56643325,1.8842592,1.4722222,1.2022876,.77941179
2701631,as-saint-etienne,618,1,sc-bastia,595,0,36.722221,5.6111112,16.944445,2.6666667,14.111111,8.9215689,6.6339869,3.3464053,2016,.97236913,.619663,.32397395,.24648862,.98956102,.65794146,.34207329,.26797387,.93082011,.46666667,.39355743,.22352941
2701632,fc-lorient,1158,1,osc-lille,1082,0,23.277779,11,7.0555553,6,7.1503267,13.712419,2.1307189,6.1372547,2016,.74567515,.45264301,.74352324,.52841884,.75235838,.37943947,.65091246,.49944484,.70104164,.30937499,.55714285,.50277776
2701633,fc-girondins-bordeaux,40,0,sco-angers,1420,1,0,12.277778,0,4.3888888,11.816994,3.6993463,4.4444447,1.3725491,2016,.75738126,.46724352,1.5138777,.52253765,.80426484,.39146826,1.5229505,.52275908,.54920638,.24907407,1.6764706,.60784316
2701634,hsc-montpellier,969,1,ogc-nizza,417,1,7,0,3.6111112,0,22.509804,4.6666665,9.1045752,2.0980392,2016,.83700371,.51692736,.65996373,.4596118,.87956029,.55830997,.62402374,.48773253,1.0686275,.88235295,1.0054622,.66862744
2701635,olympique-marseille,244,0,olympique-lyon,1041,0,1.5555556,9.2222223,.66666669,5.8333335,2.3986928,13.052288,.77124184,6.7843137,2016,.597166,.37737414,.43819836,.35555956,.59865874,.40270007,.48813647,.35010824,.37638888,.24537037,.69722223,.45925927
2701636,fco-dijon,2969,0,fc-metz,347,0,0,0,0,0,.73202616,1.006536,.22875817,.28758171,2016,.84436762,.51307571,.6818282,.26661316,.84731042,.55656964,.65970898,.19385837,1.2111111,.8611111,1.2644445,.33333334
2701637,fc-toulouse,415,2,ea-guingamp,855,1,3.2777777,0,1.8888888,0,7.5294118,11.261438,2.4248366,3.5228758,2016,.73011255,.37457749,.54744601,.42044538,.69677871,.41173115,.50862372,.40651262,.85208333,.29374999,.54705882,.5
2701638,as-monaco,162,3,fc-stade-rennes,273,0,27.444445,0,13,0,10.745098,12.359477,5.3202615,4.2352943,2016,.91896254,.44094133,.6618731,.43231618,.79126304,.42233121,.69305015,.4210048,.84444445,.35833332,.68627453,.55882353
2701639,sm-caen,1162,0,fc-paris-saint-germain,583,6,21.944445,0,8.3888893,0,11.398693,28.836601,4.4248366,20.732027,2016,.86181688,.38035384,1.0818546,.85668689,.861157,.34124601,.93087786,.86515611,.75630254,.31862745,.8880291,.86574072
2701640,osc-lille,1082,1,fc-toulouse,415,2,6.6666665,3.2222223,3.6111112,1.8888888,8.8431368,4.7843137,3.7777777,1.5816994,2016,.7995466,.5595023,.594473,.29954934,.72128695,.5582357,.58425629,.35251322,.65882355,.67941177,.72222221,.26888889
2701641,ogc-nizza,417,4,as-monaco,162,0,0,28,0,13.333333,5.0980392,11.45098,2.2418301,5.6862745,2016,.76964509,.54296637,.93287951,.45523635,.7064361,.58144909,.81191403,.4414109,1.1084033,.79607844,.91031748,.4138889
2701642,olympique-lyon,1041,5,hsc-montpellier,969,1,9.333333,8.2222223,5.7222223,4.4444447,16.130718,24.48366,8.2679739,10.183006,2016,1.158657,.74306768,.83700371,.51692736,1.1980131,.7183181,.87956029,.55830997,1.4944445,.72314817,1.0686275,.88235295
2701643,fc-paris-saint-germain,583,3,fco-dijon,2969,0,0,0,0,0,25.352942,0,18.300653,0,2016,1.1109551,.86594611,.6416617,.3878713,.95749825,.86515611,.60723102,.39664903,.92136246,.89907408,.76666665,.58333331
2701644,sc-bastia,595,0,as-nancy-lorraine,1159,0,6.9444447,15.388889,3.3888888,5.5555553,11.771242,1.8496732,4.4379086,.6405229,2016,.45210829,.37917927,.80404967,.53024995,.41689637,.32199669,1.0836686,.71344537,.51521164,.3037037,1.8088236,1.5294118
2701645,sco-angers,1420,2,sm-caen,1162,1,14.111111,17.888889,5.0555553,6.7222223,5.013072,8.7516336,1.8562092,3.3398693,2016,1.4138777,.45772284,.73420465,.35192248,1.4561057,.50070029,.71765447,.29680157,1.5588236,.59803921,.75630254,.31862745
2701646,fc-stade-rennes,273,3,olympique-marseille,244,2,0,1.5555556,0,.66666669,16.130718,3.1241829,5.7189541,1.0457517,2016,.72421443,.54975235,.59915012,.39660493,.74343622,.47168973,.60328835,.42542735,.85185188,.58333331,.36712962,.24537037
2701647,fc-nantes,995,0,as-saint-etienne,618,0,0,35.777779,0,16.333334,5.7843137,12.869281,1.8169935,5.8888888,2016,.92150295,.54649436,.96681356,.61132962,.90795684,.56643325,.98528749,.65366793,1.2022876,.77941179,.91693121,.45277777
2701648,ea-guingamp,855,1,fc-lorient,1158,0,0,22.722221,0,6.7777777,11.274509,6.7973857,3.7058823,1.9346405,2016,.54744601,.42044538,.73165095,.479303,.50862372,.40651262,.80312276,.46034226,.54705882,.5,.73750001,.38333333
2701649,fc-metz,347,0,fc-girondins-bordeaux,40,3,0,0,0,0,.37908497,10.777778,.084967323,4.1895423,2016,.69664741,.27916345,.58376008,.35203668,.66159296,.19341968,.59361672,.36230159,1.2952381,.35714287,.42235449,.17685185
2701650,as-nancy-lorraine,1159,0,ogc-nizza,417,1,15.388889,0,5.5555553,0,1.7124183,4.4967322,.61437911,2.006536,2016,.87265843,.49924958,.67172843,.48902357,1.1074781,.5907563,.63431782,.50734037,1.9362745,1.0588236,1.0201681,.66862744
2701651,as-saint-etienne,618,3,osc-lille,1082,1,32.166668,8,14.5,4.4444447,9.1503267,10.921569,4.0522876,4.9346404,2016,.76724893,.51274109,.7868734,.56730771,.81452042,.56978542,.72667003,.55500042,.72574407,.40208334,.64444447,.64166665
2701652,fc-lorient,1158,1,olympique-lyon,1041,0,21.444445,9.3888893,6.7777777,5.8333335,6.2287583,14.620915,1.9281045,7.5490198,2016,.69200796,.42227364,.53546852,.576401,.70810205,.36561623,.56980789,.55165142,.7088235,.33039215,.88333333,.55648148
2701653,fc-girondins-bordeaux,40,0,sm-caen,1162,0,0,28.222221,0,9.7222223,10.699347,11.431373,4.1699347,4.2222223,2016,.7575174,.50134224,.84313524,.37594208,.77556115,.42480159,.83973664,.33476034,.53531748,.20462963,.69747901,.2990196
2701654,hsc-montpellier,969,0,fc-metz,347,1,7,0,3.6111112,0,24.457516,1.0326798,9.666667,.26143792,2016,.81828123,.51135731,.67071706,.26055256,.87037838,.55903882,.63748676,.18052503,1.0092592,.83333331,1.2311112,.33333334
2701655,olympique-marseille,244,2,fc-nantes,995,1,1.5555556,0,.66666669,0,2.496732,7.9281044,.875817,2.7320261,2016,.60136825,.41209319,.94111079,.54649436,.59495503,.43788525,.92756468,.56643325,.36527777,.22685185,1.2218955,.77941179
2701656,sc-bastia,595,1,ea-guingamp,855,0,7.8888888,0,3.8888888,0,12.90196,8.0326796,4.9607844,2.6470587,2016,.45210829,.37917927,.50938374,.40234584,.41689637,.32199669,.47653818,.38036883,.51521164,.3037037,.52745098,.46078432
2701657,fco-dijon,2969,3,fc-stade-rennes,273,0,0,0,0,0,.73202616,14,.22875817,4.986928,2016,.70357662,.41379723,.64153576,.46286178,.67954147,.42164904,.65392077,.38002306,.96111113,.66666669,.69907409,.4861111
2701658,fc-toulouse,415,2,fc-paris-saint-germain,583,0,2.3888888,0,1.0555556,0,6.5620914,26.921568,2.1764705,19.588236,2016,.64325595,.37698135,1.0943849,.86667502,.61592209,.38603669,.9578442,.86515611,.75520831,.33541667,.89477515,.86759257
2701659,as-monaco,162,2,sco-angers,1420,1,24.277779,12.888889,11.444445,4.6111112,9.5294113,4.0653596,4.7254901,1.496732,2016,.80027682,.43793136,1.4519496,.51261699,.85183996,.44888243,1.4478168,.49334735,.89999998,.39074075,1.5147059,.54901963
2701660,osc-lille,1082,1,as-nancy-lorraine,1159,0,8.666667,10.777778,4.8333335,4,9.6078434,.7647059,4.2222223,.28104576,2016,.70220733,.47353736,.74362081,.52572507,.70092767,.4261162,.85282987,.6420635,.60112047,.38529411,1.4768518,1.3611112
2701661,ogc-nizza,417,2,fc-lorient,1158,1,0,21.444445,0,6.7777777,5.4509802,6.2287583,2.4509804,1.9281045,2016,.66964507,.50244349,.69200796,.42227364,.60839689,.54174322,.70810205,.36561623,.96134454,.73725492,.7088235,.33039215
2701662,olympique-lyon,1041,2,as-saint-etienne,618,0,7.1666665,28.333334,4.3888888,12.555555,12.496732,7.6732025,6.5032678,3.5294118,2016,1.0988926,.71180266,.95106471,.61030442,1.125875,.68981081,.98330164,.65823621,1.3425926,.65833336,.98467261,.49375001
2701663,fc-paris-saint-germain,583,2,fc-girondins-bordeaux,40,0,0,0,0,0,21.333334,9.0457516,15.581699,3.6209149,2016,1.009551,.74201638,.82085472,.53037894,.97915828,.79707855,.86392093,.47506613,1.0908068,.81018519,.58888888,.24907407
2701664,fco-dijon,2969,3,hsc-montpellier,969,3,0,9.0555553,0,4.0555553,.19607843,14.137255,.052287582,5.9281044,2016,.71512067,.39596096,.86572796,.56775463,.69929451,.39695767,.86601329,.56955469,.99814814,.66666669,1.1064814,.98148149
2701665,sco-angers,1420,1,olympique-marseille,244,1,12.666667,1.6111112,4.6111112,.66666669,5.5751634,2.6993463,2.0980392,.81699347,2016,1.2871835,.38993183,.58149648,.36080495,1.2906274,.38223624,.57828838,.38081455,1.5104166,.47916666,.39490741,.24537037
2701666,fc-stade-rennes,273,1,ea-guingamp,855,0,0,0,0,0,14.575164,11.222222,5.1764708,3.7450981,2016,.61642903,.46705008,.52443975,.45330423,.62834424,.36610284,.46978486,.39285713,.78431374,.55882353,.48888889,.44444445
2701667,fc-nantes,995,1,sc-bastia,595,0,0,6.3888888,0,3.1666667,7.3333335,6.7124181,2.4640522,2.7189543,2016,.94699311,.53178847,.45099196,.388565,.93344706,.55172735,.39514479,.32057959,1.2022876,.72058821,.484375,.27083334
2701668,sm-caen,1162,1,fc-toulouse,415,0,19.5,2.3888888,6.8333335,1.0555556,11,7.2287583,4.1437907,2.3660131,2016,.86719942,.40241268,.81605005,.47073135,.86395812,.34260347,.76496053,.46728671,.69747901,.2990196,.93020833,.37708333
2701669,fc-metz,347,0,as-monaco,162,7,0,26.611111,0,12.611111,1.0326798,9.2875814,.26143792,4.5490198,2016,.67071706,.26055256,.83119714,.43915448,.63748676,.18052503,.88486469,.44776011,1.2311112,.33333334,1.0138888,.43240741
2701670,as-nancy-lorraine,1159,1,fc-paris-saint-germain,583,2,10.777778,0,4,0,.88235295,12.718954,.30718955,9.1372547,2016,.65805405,.43313247,.98608327,.55266452,.73830169,.46931216,.8599183,.53267258,1.3472222,.8888889,.96858466,.61851853
2701671,as-saint-etienne,618,1,fco-dijon,2969,1,28.944445,0,13.333333,0,8.6274509,.73202616,4.1111112,.22875817,2016,.76076967,.42196983,.82615161,.47524872,.72036463,.42302534,.81644619,.51860672,.79014939,.30392158,1.1277778,.80555558
2701672,fc-lorient,1158,1,fc-nantes,995,2,22.888889,0,7.1666665,0,7.2679739,5.2549019,2.3071895,1.5686275,2016,.6362887,.46527413,.94855922,.53276885,.55173612,.38687995,.92795974,.54309058,.49479166,.28020832,1.2611111,.77941179
2701673,hsc-montpellier,969,3,sm-caen,1162,2,5.0555553,20.222221,2.7222223,7.2222223,10.588235,12.346405,4.0915031,4.6928105,2016,.87427497,.58349538,.86719942,.40241268,.86480081,.59468693,.86395812,.34260347,1.050926,.92592591,.69747901,.2990196
2701674,ogc-nizza,417,2,olympique-lyon,1041,0,0,10.666667,0,6.6666665,5.6732025,22.071896,2.5620916,11.732026,2016,.66964507,.50244349,.60241717,.47171995,.60839689,.54174322,.67633545,.45041686,.96134454,.73725492,.94074076,.46481481
2701675,olympique-marseille,244,1,fc-metz,347,0,1.3888888,0,.55555558,0,2.986928,.94117647,.98039216,.11764706,2016,.53698081,.35763034,.7346487,.36852702,.53056109,.38973713,.78415346,.43984127,.32361111,.19907407,1.4533334,.53333336
2701676,sc-bastia,595,1,sco-angers,1420,2,6.3888888,14.888889,3.2222223,5.3333335,8.8300657,6,3.3986928,2.2352941,2016,.45308188,.38720888,1.2455169,.33437628,.4215551,.31972936,1.3022592,.3795194,.56111109,.31111112,1.4537038,.4537037
2701677,fc-toulouse,415,3,as-monaco,162,1,4.1111112,27.111111,2.2222223,12.944445,9.0784311,10.183006,2.7058823,5.0326796,2016,.77810222,.51666963,.81823415,.43139303,.76091963,.5138889,.87653136,.4471288,.96785712,.41666666,1.0019841,.41851851
2701678,fc-stade-rennes,273,1,fc-girondins-bordeaux,40,1,0,0,0,0,14.941176,10.437908,5.1176472,4.1764708,2016,.7718513,.59403765,.82085472,.53037894,.80219132,.51190478,.86392093,.47506613,.872549,.61764705,.58888888,.24907407
2701679,ea-guingamp,855,1,osc-lille,1082,0,0,11.333333,0,6.2777777,8.3398695,11.078431,2.862745,4.9084969,2016,.56541008,.4166742,.65451056,.41850641,.5236569,.35288802,.663086,.43823105,.53518516,.39814815,.65896356,.60588235
2702717,fc-girondins-bordeaux,40,1,as-nancy-lorraine,1159,1,0,10.777778,0,4,12.130719,.59477127,4.7320261,.22875817,2016,.72208929,.46402094,.73685598,.43269154,.76634258,.40989521,.82469136,.47460318,.50555557,.23796296,1.1898148,.55555558
2702718,osc-lille,1082,2,sc-bastia,595,1,10.944445,6.7222223,6.2222223,3.2222223,10.496732,11.542483,4.9215684,4.2745099,2016,.54603666,.31549639,.41675475,.34831509,.57605666,.32239133,.38154283,.29113248,.55431545,.37291667,.4675926,.25925925
2702719,olympique-lyon,1041,1,ea-guingamp,855,3,10.055555,0,6.2222223,0,19.379086,9.8235292,9.9477119,3.2222223,2016,.59532243,.53357071,.61193979,.46653175,.66850716,.49834055,.56237745,.40906084,.8740741,.53425926,.55833334,.47222221
2702720,fc-paris-saint-germain,583,0,olympique-marseille,244,0,0,1.7777778,0,.6111111,24.882353,3.2418301,18.091503,1.0522876,2016,1.1248354,.89528143,.49925187,.32445803,1.0365657,.91723526,.49802142,.35953769,1.1364418,.96203703,.28657407,.14351852
2702721,fco-dijon,2969,1,fc-lorient,1158,0,0,22.833334,0,7.1666665,0,7.2287583,0,2.3071895,2016,.85222554,.48519024,.6362887,.46527413,.83302468,.51613754,.55173612,.38687995,1.1092592,.83333331,.49479166,.28020832
2702722,sco-angers,1420,0,fc-toulouse,415,0,13.222222,4,4.7777777,2.2222223,4.8104577,11.24183,1.7973856,3.5490196,2016,1.3612576,.39919108,.83212149,.49863315,1.3715097,.39449114,.75069773,.47197419,1.5392157,.48039216,.87812501,.37708333
2702723,as-monaco,162,6,hsc-montpellier,969,2,24.777779,8.2352943,11.833333,3.8235295,8.2352943,18.919117,4.0326796,7.6617646,2016,.88491923,.3602134,.64293432,.46337673,.76592636,.35250798,.64253473,.46545139,.86865079,.37222221,.68229169,.82291669
2702724,fc-nantes,995,1,fc-stade-rennes,273,2,0,0,0,0,9.8039217,17.967319,3.006536,6.2941175,2016,.95136034,.53669041,.66335458,.54641855,.93550122,.54962653,.69173378,.45308122,1.2415032,.77941179,.81372547,.55882353
2702725,sm-caen,1162,0,as-saint-etienne,618,2,18.777779,27.833334,7.1666665,12.944445,12.300653,8.2941179,4.6209149,3.993464,2016,.85650426,.39171749,.93199581,.53441554,.84435028,.32299563,.93034434,.56703234,.63865548,.24019608,.86662257,.41111112
2702726,fc-metz,347,2,ogc-nizza,417,4,0,0,0,0,.55555558,5.0588236,.13071896,2.3464053,2016,.79969919,.53782529,.70815587,.5217182,.81526452,.58020759,.67628276,.55102831,.77555555,.37777779,1.1308036,.81458336
2702731,as-nancy-lorraine,1159,2,sm-caen,1162,0,10.777778,22.5,4,7.8888888,.78431374,11.274509,.29411766,4.2875819,2016,.80238301,.53330082,.7110371,.25230834,.95294964,.69243699,.73683584,.21863167,1.5833334,1.4705882,.52910054,.078703701
2702732,as-saint-etienne,618,1,as-monaco,162,1,27.833334,24.777779,12.944445,11.833333,8.2941179,8.2352943,3.993464,4.0326796,2016,.93199581,.53441554,.88491923,.3602134,.93034434,.56703234,.76592636,.35250798,.86662257,.41111112,.86865079,.37222221
2702733,fc-lorient,1158,2,hsc-montpellier,969,2,0,5.0666666,0,2.2666667,6.5882354,14.952381,2.0718954,5.8190475,2016,.71559137,.50192744,.65635586,.39669871,.61726642,.39035219,.65999281,.38018927,.48854166,.234375,.76282054,.55128205
2702734,osc-lille,1082,0,fc-paris-saint-germain,583,1,9.7777777,0,5.5555553,0,9.026144,22.986929,4.2810459,16.764706,2016,.54765654,.32951194,1.1401553,.85312748,.57524478,.33436027,1.0439731,.87485629,.534127,.39777777,1.1463624,.93981481
2702735,ogc-nizza,417,4,fc-nantes,995,1,0,0,0,0,3.0457516,9.8039217,1.3986928,3.006536,2016,.80073404,.55346423,.95136034,.53669041,.74225503,.59435219,.93550122,.54962653,1.1933036,.84583336,1.2415032,.77941179
2702736,olympique-marseille,244,0,fc-girondins-bordeaux,40,0,1.7777778,0,.6111111,0,4.6078429,7.653595,1.6013072,3.0915034,2016,.68682307,.44600153,.71310318,.38618845,.64208108,.47376329,.74751294,.41232494,.41435185,.23148148,.51568627,.24019608
2702737,sc-bastia,595,0,fco-dijon,2969,0,7.3888888,0,3.7222223,0,12.379085,0,4.7320261,0,2016,.41792026,.35897726,.86457121,.50370878,.37800747,.29730532,.84691358,.53697091,.4781746,.28518519,1.137037,.8888889
2702738,fc-toulouse,415,1,olympique-lyon,1041,2,4.1111112,11.666667,2.2777777,7.3333335,11.274509,23.797386,3.5359478,12.562092,2016,.83212149,.49863315,.64589542,.48182097,.75069773,.47197419,.7259081,.46276253,.87812501,.37708333,1.074074,.4925926
2702739,fc-stade-rennes,273,1,fc-metz,347,0,0,0,0,0,9.1830063,.68627453,3.2483661,.18954249,2016,.62992889,.47177696,.76610786,.39171121,.63007522,.37628385,.77681053,.41715887,.65625,.44791666,1.39375,.5
2702740,ea-guingamp,855,1,sco-angers,1420,0,0,14.888889,0,5.3333335,8.6862745,6,2.986928,2.2352941,2016,.58293653,.44943774,1.0110084,.37229514,.54133368,.38436949,1.0792433,.42317018,.55370373,.43518519,1.0462962,.50925928
2702748,fc-girondins-bordeaux,40,2,fc-lorient,1158,1,0,0,0,0,9.1830063,7.9477124,3.5947711,2.5359478,2016,.70449668,.46997333,.83017468,.58715469,.74835318,.41584757,.73090279,.47160217,.48055556,.21018519,.55104166,.25520834
2702749,hsc-montpellier,969,3,olympique-marseille,244,1,7.6111112,1.7777778,3.3888888,.6111111,18.980392,4.7973857,7.5098038,1.7124183,2016,.74482054,.50801474,.51851857,.43878722,.75259954,.52042484,.48046121,.46980706,.98039216,.92156863,.35046297,.23148148
2702750,olympique-lyon,1041,2,sc-bastia,595,1,11.944445,6.6111112,7.5,3.1666667,25.816994,10.751634,13.555555,3.8366013,2016,.6020726,.40730599,.38230324,.30729714,.66025156,.41966489,.34492669,.30147198,.8611111,.4138889,.42261904,.26203704
2702751,fc-paris-saint-germain,583,4,fc-stade-rennes,273,0,0,0,0,0,28.607843,12.849673,20.535948,4.5555553,2016,1.1711099,.97423768,.5977599,.50325584,1.0345815,.97543627,.62015241,.41386554,1.1281085,.9990741,.78431374,.55882353
2702752,fco-dijon,2969,3,ea-guingamp,855,3,0,0,0,0,.19607843,8.7712421,.052287582,3,2016,.84919953,.47088048,.58293653,.44943774,.86243385,.51474869,.54133368,.38436949,1.2203704,.8611111,.55370373,.43518519
2702753,sco-angers,1420,1,osc-lille,1082,0,13.833333,9.8888893,5,5.7222223,4.9150329,10.130719,1.8366013,4.9477124,2016,1.2864525,.41030219,.51982182,.2911543,1.3407207,.472112,.56810212,.32725245,1.6274509,.59803921,.55431545,.37291667
2702754,as-monaco,162,6,as-nancy-lorraine,1159,0,25.388889,15.388889,12.166667,5.5555553,8.5555553,1.6993464,4.1633987,.61437911,2016,.95532101,.36947265,.71154732,.47750434,.87135565,.37830165,.88315511,.57899159,.99920636,.39074075,1.5637255,1.4117647
2702755,fc-nantes,995,1,fc-toulouse,415,1,0,4,0,2.2222223,8.346405,10.385621,2.509804,3.4313726,2016,.83273286,.51708257,.8615889,.52451605,.83983219,.54290384,.77204055,.49510583,1.153268,.75980395,.93666667,.40222222
2702756,sm-caen,1162,1,ogc-nizza,417,0,19.166666,0,6.6666665,0,8.6732025,3.4705882,3.3398693,1.6405228,2016,.63101405,.24754216,.66670394,.50244349,.64782619,.20208059,.61362565,.54174322,.56022412,.083333336,.97605044,.73725492
2702757,fc-metz,347,0,as-saint-etienne,618,0,0,17.388889,0,7.7777777,1.1111112,4.973856,.33986929,2.3398693,2016,.77226317,.50212789,.75349516,.45676416,.78246528,.535016,.73507047,.47204494,.75833333,.35416666,.80975723,.35294119
2702758,as-nancy-lorraine,1159,1,fco-dijon,2969,0,9.8888893,0,3.3888888,0,.81045753,.19607843,.28104576,.052287582,2016,.70608675,.44866168,.7972635,.46111247,.87465835,.4907563,.78712523,.44596562,1.5147059,1,1.0444444,.66666669
2702759,as-saint-etienne,618,0,ogc-nizza,417,1,24.166666,0,11.055555,0,6.8300653,3.5620916,3.2549019,1.6993464,2016,.69455254,.42839044,.59704477,.49515572,.63539732,.41774631,.56517166,.5244658,.72152191,.3137255,.97455359,.75208336
2702760,fc-lorient,1158,0,as-monaco,162,3,0,24.777779,0,11.833333,4.6339869,8.2352943,1.4705882,4.0326796,2016,.8869375,.50572383,.88491923,.3602134,.88494396,.38734826,.76592636,.35250798,.76960784,.18529412,.86865079,.37222221
2702761,osc-lille,1082,0,olympique-lyon,1041,1,10.111111,11.5,5.6111112,7.1111112,10.816994,18.313726,5.0653596,9.4183006,2016,.63154876,.43040869,.56863189,.51346487,.59149367,.42298657,.63497746,.46803752,.53824407,.41979167,.79259259,.44537038
2702762,olympique-marseille,244,1,sm-caen,1162,0,1.7777778,19.166666,.6111111,6.6666665,3.7516339,8.6732025,1.3202615,3.3398693,2016,.64237863,.4093934,.63101405,.24754216,.58517224,.41238022,.64782619,.20208059,.44212964,.24537037,.56022412,.083333336
2702763,fc-paris-saint-germain,583,2,fc-nantes,995,0,0,0,0,0,21.620914,9.7254906,15.555555,3.2222223,2016,1.1611773,.9572624,.73160881,.47446689,1.0124683,.96327716,.73955345,.47901234,1.1122354,.98796296,1.0243827,.64351851
2702764,sc-bastia,595,1,hsc-montpellier,969,1,4.5555553,8.0588236,2.2777777,3.6470587,4.6862745,23.80147,1.7124183,9.2647057,2016,.33337384,.23550415,.75013101,.52272058,.3171306,.25359479,.76142305,.52777779,.31512606,.19901961,.99019605,.92156863
2702765,fc-toulouse,415,1,fc-metz,347,2,2.4444444,0,1.0555556,0,9.9673204,1.0588236,3.143791,.15686275,2016,.70137113,.37579265,.75007701,.47798416,.62823248,.34991497,.796875,.53988093,.7297619,.19285715,1.4583334,.60416669
2702766,fc-stade-rennes,273,1,sco-angers,1420,1,0,13.5,0,4.8888888,14.398693,4.6209149,4.9150329,1.751634,2016,.58327681,.52108115,1.1676075,.4964124,.59020591,.430859,1.1576818,.56851071,.79901963,.55882353,1.625,.83333331
2702767,ea-guingamp,855,1,fc-girondins-bordeaux,40,1,0,0,0,0,8.6862745,8.5032682,2.986928,3.2875817,2016,.58293653,.44943774,.70211577,.46081582,.54133368,.38436949,.75390875,.41143841,.55370373,.43518519,.47592592,.19166666
2702771,fc-girondins-bordeaux,40,3,fco-dijon,2969,2,0,0,0,0,7.2875819,.19607843,2.7908497,.052287582,2016,.72927105,.48291293,.80216789,.47991958,.76212186,.41579941,.80564374,.5193783,.56764704,.25196078,1.1277778,.83333331
2702772,hsc-montpellier,969,0,as-nancy-lorraine,1159,0,9.1111107,7.8888888,3.8333333,2.7222223,13.267974,.54901963,4.986928,.18300654,2016,.67859316,.47818476,.70377189,.44866168,.715262,.484375,.87220734,.4907563,.92708331,.85416669,1.5147059,1
2702773,ogc-nizza,417,1,sc-bastia,595,1,0,7.5,0,3.7222223,3.5620916,10.738562,1.6993464,4.1241832,2016,.59704477,.49515572,.38224667,.33657277,.56517166,.5244658,.32866362,.27693495,.97455359,.75208336,.38095239,.19259259
2702774,olympique-lyon,1041,1,fc-paris-saint-germain,583,2,11.944445,0,7.4444447,0,27.718954,21.267973,14.379085,15.183006,2016,.69386339,.68793178,1.0042164,.61102217,.75349599,.65546739,.88410127,.60601407,.97962964,.60370368,.91977513,.61851853
2702775,sco-angers,1420,1,as-saint-etienne,618,2,9.7777777,32.888889,3.5555556,14.666667,2.490196,7.5032678,.94771242,3.3856208,2016,1.1801491,.47291243,.53642821,.35794848,1.2586701,.53791887,.5505181,.39417598,1.6862745,.75490195,.61215276,.30208334
2702776,fc-stade-rennes,273,1,fc-toulouse,415,0,0,2.4444444,0,1.0555556,11.986928,9.9673204,4.2222223,3.143791,2016,.66354138,.48012996,.78402483,.43407315,.69473082,.47590676,.71968365,.45251322,.72549021,.53921568,.83666664,.31333333
2702777,as-monaco,162,4,olympique-marseille,244,0,29.166666,1.7777778,14.222222,.6111111,13.274509,3.6470587,6.647059,1.2352941,2016,.98843503,.55091536,.64061898,.41590542,.83716655,.50201696,.59426314,.41574723,.9325397,.5138889,.40879631,.24537037
2702778,fc-nantes,995,0,osc-lille,1082,0,0,.22222222,0,0,9.8235292,8.0588236,2.9673202,3.7647059,2016,.82636034,.50097615,.69705075,.49383286,.83100867,.51979458,.6815412,.48461398,1.1140523,.72058821,.58586311,.61770833
2702779,sm-caen,1162,1,ea-guingamp,855,1,28.555555,0,9.8888893,0,13.542483,13.379085,5.1633987,4.2222223,2016,.85357267,.39514884,.61623871,.40634656,.83575594,.32163817,.58036685,.39318782,.67296916,.25980392,.57222223,.47222221
2702780,fc-metz,347,3,fc-lorient,1158,3,0,0,0,0,1.4705882,3.4248366,.30065361,1.2352941,2016,.70083457,.47732627,.80473536,.42390567,.71562499,.50897437,.8094092,.33972922,.77083331,.35416666,.67941177,.17352942
2702781,as-nancy-lorraine,1159,4,fc-metz,347,0,7.8888888,0,2.7222223,0,.3267974,1.0457517,.11111111,.23529412,2016,.6886605,.47195011,.70083457,.47732627,.8936826,.58403361,.71562499,.50897437,1.5245098,1.3823529,.77083331,.35416666
2702782,as-saint-etienne,618,0,olympique-marseille,244,0,28.444445,1.7777778,12.555555,.6111111,8.8039217,3.1307189,3.8954248,1.1764706,2016,.75101155,.51667762,.72279239,.44399583,.70828539,.50486213,.66902912,.43325564,.77286708,.359375,.43194443,.28703704
2702783,fc-lorient,1158,2,fc-stade-rennes,273,1,0,0,0,0,4.7124181,12.424836,1.5686275,4.346405,2016,.84346271,.49903262,.68043393,.50921011,.83311486,.42502204,.68432355,.41647992,.67870373,.27500001,.82352942,.59803921
2702784,osc-lille,1082,4,sm-caen,1162,2,.22222222,24.277779,0,8.333333,9.0196075,8.5490198,3.9738562,3.2483661,2016,.75685555,.51674032,.82839006,.39416847,.7051971,.53200257,.82431799,.31911716,.66891533,.69722223,.67296916,.25980392
2702785,fc-paris-saint-germain,583,2,sco-angers,1420,0,0,12.5,0,4.4444447,13.444445,4.1176472,9.7843142,1.503268,2016,1.0520792,.77372062,1.2378415,.37723342,.94371831,.76750994,1.3010381,.45359346,1.0669974,.82685184,1.5648148,.64814812
2702786,sc-bastia,595,1,fc-girondins-bordeaux,40,1,7.7777777,0,3.7222223,0,11.267974,7.3071895,4.1307192,2.8169935,2016,.34689313,.30570856,.75476122,.46484572,.29331008,.24607076,.80161768,.40753609,.33333334,.14814815,.51176471,.17843138
2702787,fco-dijon,2969,1,as-monaco,162,1,0,28.444445,0,13.5,0,11.575164,0,5.6274509,2016,.79500651,.49787104,.93815446,.46140918,.74523807,.50742948,.81718898,.44758373,1.0092592,.83333331,.89920634,.4138889
2702788,fc-toulouse,415,1,hsc-montpellier,969,0,1.9444444,9.166667,.77777779,4.2222223,7.2091503,19.313726,2.3202615,7.1699347,2016,.73051834,.36740649,.58935463,.35409665,.6152392,.34084657,.66797388,.40546218,.60333335,.28,.877451,.7647059
2702789,fc-nantes,995,0,olympique-lyon,1041,6,0,11.944445,0,7.3888888,8.359477,25.039215,2.3137255,13.156863,2016,.76753682,.44019184,.68734163,.64556366,.76294142,.44836602,.75677234,.607207,1.0699346,.622549,1.0851852,.58981484
2702790,ea-guingamp,855,0,ogc-nizza,417,1,0,0,0,0,10.215686,3.5620916,3.4052289,1.6993464,2016,.52629161,.44801322,.59704477,.49515572,.49227163,.39671516,.56517166,.5244658,.47222221,.4537037,.97455359,.75208336
2702791,fc-girondins-bordeaux,40,0,osc-lille,1082,1,0,.22222222,0,0,6.986928,9.2745094,2.6993463,3.7647059,2016,.72927105,.48291293,.68172431,.42749947,.76212186,.41579941,.67656642,.42868176,.56764704,.25196078,.63837534,.57352942
2702792,hsc-montpellier,969,3,fc-paris-saint-germain,583,0,8.2222223,0,3.6111112,0,22.026144,15.895425,8.2679739,11.529411,2016,.68316269,.40911394,1.1378417,.8675037,.7267974,.44794583,1.0429246,.88311845,.93627453,.82352942,1.158664,.97314817
2702793,ogc-nizza,417,3,fc-toulouse,415,0,0,2.3333333,0,1.3333334,3.5620916,6.1568627,1.6993464,2.006536,2016,.59704477,.49515572,.71987015,.35823983,.56517166,.5244658,.60412806,.34084657,.97455359,.75208336,.58666664,.28
2702794,olympique-marseille,244,3,as-nancy-lorraine,1159,0,1.7777778,9.8888893,.6111111,3.3888888,1.9411764,.47058824,.59477127,.1633987,2016,.53142524,.32191607,.74909818,.47382402,.51852405,.3360334,.96673667,.61428571,.32824075,.2037037,1.1274509,.85294116
2702795,sco-angers,1420,2,fc-lorient,1158,2,12.888889,0,4.4444447,0,4.9411764,4.7908497,1.6732026,1.5686275,2016,1.1636584,.36863554,.76511514,.47866225,1.2136644,.43507496,.77671754,.44971341,1.4398148,.62037039,.69722223,.33055556
2702796,fc-stade-rennes,273,2,as-saint-etienne,618,0,0,28.611111,0,12.777778,14.535948,8.5032682,5.3006535,3.8366013,2016,.61809731,.51486385,.82728255,.54677945,.63002491,.4210048,.79818082,.54215783,.82352942,.53921568,.88916898,.39705881
2702797,as-monaco,162,5,sc-bastia,595,0,29.166666,7.4444447,14.222222,3.6666667,13.810457,10.287581,6.980392,3.8104575,2016,.98843503,.55091536,.3917374,.3427456,.83716655,.50201696,.33607101,.28310779,.9325397,.5138889,.40410054,.20648149
2702798,sm-caen,1162,3,fco-dijon,2969,3,25.388889,0,8.666667,0,8.4640522,.19607843,3.1633987,.052287582,2016,.84915131,.39171749,.7225281,.41659033,.83365506,.32299563,.77151674,.47334656,.62885153,.24019608,1.137037,.75
2702799,ea-guingamp,855,2,fc-nantes,995,0,0,0,0,0,10.052288,10.75817,3.3529413,3.4052289,2016,.53422815,.4321402,.83655852,.3696036,.50100178,.38084215,.8138141,.4044351,.4537037,.41666666,.95915031,.41666666
2702801,as-nancy-lorraine,1159,2,sco-angers,1420,0,9.8888893,11,3.3888888,4.0555553,.43137255,4.6078429,.15686275,1.7385621,2016,.83553439,.56571871,1.2154243,.39390007,1.0839254,.74369746,1.28341,.4559083,1.8186275,1.5588236,1.4537038,.62037039
2702802,as-saint-etienne,618,1,ea-guingamp,855,0,28.944445,0,12.888889,0,9.2745094,10.143791,4.1568627,3.4509804,2016,.87905467,.52609706,.54216462,.44801322,.86261171,.53757107,.50893831,.39671516,.78421515,.35092592,.47222221,.4537037
2702803,fc-girondins-bordeaux,40,0,as-monaco,162,4,0,29.388889,0,14.166667,4.5882354,11.993464,1.7712418,6,2016,.74414033,.48263037,.96436095,.54315394,.75297511,.40007004,.81772208,.50138563,.52058822,.20490196,.90476191,.5
2702804,osc-lille,1082,2,hsc-montpellier,969,1,.27777779,7.9444447,0,3.5,9.4771242,17.627451,4.0392156,6.6732025,2016,.67089236,.39282456,.65742737,.40127081,.65992945,.40956414,.68692809,.43954247,.6187675,.49509802,.877451,.7647059
2702805,olympique-lyon,1041,1,fc-stade-rennes,273,0,12,0,7.5,0,26.40523,11.470589,13.823529,4.3202615,2016,.69941896,.64556366,.6114192,.45786276,.77386636,.607207,.61419648,.37786257,1.0851852,.58981484,.71018517,.50925928
2702806,fc-paris-saint-germain,583,2,ogc-nizza,417,2,0,0,0,0,21.09804,2.9346404,15.254902,1.4705882,2016,1.13763,.8813926,.64587289,.47729856,1.0422302,.90904433,.59394151,.51310217,1.1364418,.95092595,.96562499,.72083336
2702807,sc-bastia,595,2,fc-metz,347,0,7.7222223,0,3.6111112,0,10.509804,1.3398693,3.7581699,.24836601,2016,.33116361,.26775488,.60528535,.25639823,.2835578,.25332382,.59538692,.19320054,.26521164,.17407407,1.2395834,.375
2702808,fco-dijon,2969,1,olympique-marseille,244,2,0,1.7777778,0,.6111111,.19607843,1.9411764,.052287582,.59477127,2016,.81842756,.51695663,.53142524,.32191607,.80687833,.55271167,.51852405,.3360334,1.1740741,.91666669,.32824075,.2037037
2702809,fc-toulouse,415,3,fc-lorient,1158,2,2.1666667,0,1.2222222,0,5.359477,4.3398695,1.6601307,1.4705882,2016,.71987015,.35823983,.71208268,.43034825,.60412806,.34084657,.715455,.39119983,.58666664,.28,.63039213,.29117647
2702810,fc-nantes,995,1,sm-caen,1162,0,0,25.666666,0,8.7222223,7.6274509,10.03268,2.1176472,3.6732025,2016,.86498994,.39411339,.84016436,.38779593,.84574687,.43594772,.82964438,.31711328,1.0179739,.47549018,.62394959,.24019608
2702811,fc-lorient,1158,2,as-saint-etienne,618,1,0,25.388889,0,11.111111,7.3986926,5.7908497,2.2026143,2.4836602,2016,.73445004,.42843467,.66023058,.48453042,.81839615,.42775443,.69978738,.53369409,.72450978,.28627452,.53692812,.30784315
2702812,hsc-montpellier,969,4,fc-girondins-bordeaux,40,0,7.5,0,3.5555556,0,22.431372,5.2745099,9.0326796,1.8692811,2016,.69152182,.37602571,.71939754,.47089145,.70326799,.34598505,.76168197,.40403828,.90196079,.50980395,.53837538,.20784314
2702813,ogc-nizza,417,2,fco-dijon,2969,1,0,0,0,0,2.359477,.19607843,1.1241831,.052287582,2016,.7832036,.53004438,.85000736,.47806776,.74930483,.56538594,.8596561,.51243389,1.2022222,.83555555,1.1925926,.80555558
2702814,olympique-marseille,244,2,osc-lille,1082,0,1.7777778,.16666667,.6111111,0,3.0457516,6.640523,.96078432,3.1307189,2016,.5513683,.37345526,.63908321,.41564393,.5593425,.40000647,.64994025,.40414381,.39027777,.24074075,.60269839,.41444445
2702815,fc-toulouse,415,1,as-nancy-lorraine,1159,1,3.5,7.8888888,1.8888888,2.7222223,10.647058,.12418301,3.4509804,.039215688,2016,.79061139,.44742879,.74547589,.50609112,.75550985,.5030579,.9195106,.60714287,.80686277,.35490197,1.2731482,1.0277778
2702816,sco-angers,1420,0,fc-nantes,995,2,10.833333,0,3.8888888,0,4.2156863,6.1633987,1.5228758,1.8562092,2016,1.1889693,.35615081,.8135193,.32352516,1.2268623,.37555113,.78048074,.34771243,1.3921568,.53921568,.99346405,.37745097
2702817,fc-stade-rennes,273,1,sc-bastia,595,2,0,7.8823528,0,3.6470587,11.30719,14.014706,4.0326796,5,2016,.63857317,.51818037,.41642919,.30568072,.65911347,.43347338,.34564978,.25204876,.77941179,.53921568,.40336135,.20392157
2702818,as-monaco,162,1,olympique-lyon,1041,3,29.388889,11.823529,14.166667,7.352941,11.993464,23.205883,6,12.308824,2016,.96436095,.54315394,.72353232,.70849341,.81772208,.50138563,.80351275,.67289704,.90476191,.5,1.172549,.69509804
2702819,sm-caen,1162,3,fc-metz,347,0,25.388889,0,8.666667,0,8.5882349,1.248366,3.2091503,.20915033,2016,.84915131,.39171749,.62507701,.25118992,.83365506,.32299563,.60520834,.18427198,.62885153,.24019608,1.2604166,.375
2702820,ea-guingamp,855,2,fc-paris-saint-germain,583,1,0,0,0,0,9.9542484,23.529411,3.5686274,17.052288,2016,.54604548,.43967614,.92096913,.73192167,.51231611,.38671803,.88482279,.8004024,.49509802,.44117647,.83644181,.74351853
2702821,as-saint-etienne,618,0,as-nancy-lorraine,1159,0,20.833334,7.8888888,9.2777777,2.7222223,4.3790851,.13725491,1.8758169,.045751635,2016,.67095679,.48323941,.77516162,.56980366,.60344094,.4512791,.98596483,.6825397,.668836,.26666668,1.5,1.4444444
2702822,fc-girondins-bordeaux,40,0,ogc-nizza,417,0,0,0,0,0,4.1633987,2.8496733,1.4117647,1.3071896,2016,.60904974,.34784487,.82136786,.53163171,.6457454,.38154763,.80848485,.57871926,.48869047,.2,1.2244444,.86888891
2702823,osc-lille,1082,1,fc-stade-rennes,273,1,.22222222,0,0,0,5.7581701,10.941176,2.7058823,3.9215686,2016,.60430062,.40160885,.56612509,.41989607,.63175839,.38414383,.60481483,.41446885,.64574832,.44404763,.622549,.48039216
2702824,olympique-lyon,1041,2,sco-angers,1420,0,11.5,13.111111,7.1666665,4.7222223,22.019608,4.5555553,11.849673,1.7189542,2016,1.2519584,.79347134,1.2455169,.33437628,1.3206676,.76276255,1.3022592,.3795194,1.6444445,.71944445,1.4537038,.4537037
2702825,fc-paris-saint-germain,583,5,fc-lorient,1158,0,0,0,0,0,22.202614,5.0457516,16.045752,1.4901961,2016,.80498469,.45414388,.77166033,.40405592,.75182617,.49737206,.80703253,.39876285,.65588623,.42407408,.77745098,.31078431
2702826,sc-bastia,595,1,olympique-marseille,244,2,7.2352943,1.7777778,3.4117646,.6111111,10.455882,4.993464,3.6102941,1.6535947,2016,.37288031,.21937901,.6989978,.46638852,.32436869,.1953125,.6458385,.4823598,.265625,.098958336,.41911766,.2254902
2702827,fco-dijon,2969,2,fc-toulouse,415,0,0,2.2777777,0,.8888889,0,12.849673,0,3.9673202,2016,.80219442,.4424552,.72390944,.4097681,.76203704,.40767196,.68293756,.42894346,1.0074074,.55555558,.72708333,.27291667
2702828,as-monaco,162,2,sm-caen,1162,1,28.055555,25.388889,13.722222,8.666667,11.437908,8.5882349,5.8954248,3.2091503,2016,.97434682,.54049867,.84915131,.39171749,.83095056,.48812807,.83365506,.32299563,.92883599,.49166667,.62885153,.24019608
2702829,fc-nantes,995,1,hsc-montpellier,969,0,0,8.2777777,0,4,6.7581701,24.189543,1.8496732,9.7058821,2016,.84474266,.39117223,.67296976,.38832515,.80457038,.36241829,.69346404,.3655929,1.020915,.37745097,.96078432,.56862748
2702830,fc-metz,347,2,ea-guingamp,855,2,0,0,0,0,.93464053,7.0653596,.10457516,2.3398693,2016,.69813997,.28350276,.64058328,.48169294,.67420638,.21059655,.59397954,.42219889,1.4047619,.42857143,.57156861,.46078432
2716694,as-nancy-lorraine,1159,1,sc-bastia,595,0,9.8888893,7.1111112,3.3888888,3.2777777,.48366013,9.8104572,.16993465,3.4248366,2016,.95517606,.58769089,.40300056,.34022787,1.17115,.72089946,.37207922,.33881348,1.787037,1.4166666,.42787114,.28235295
2716695,fc-lorient,1158,3,ea-guingamp,855,1,0,0,0,0,4.8300653,11.535948,1.5555556,3.9019608,2016,.54087055,.39414915,.61888421,.45493224,.45158944,.34918299,.57380122,.39874339,.3509804,.25196078,.56759262,.43518519
2716696,osc-lille,1082,1,as-saint-etienne,618,1,.16666667,36.5,0,16.5,6.7254901,8.5751638,3.1176472,3.862745,2016,.66232657,.48914537,.52445346,.42951491,.63829625,.46916261,.50945711,.45264527,.6526984,.47,.52187502,.27604166
2716697,hsc-montpellier,969,1,fco-dijon,2969,1,8.6875,0,4.1875,0,25.208334,1.1699346,10.291667,.41176471,2016,.65841824,.39245608,.82135981,.52194512,.65456349,.37250566,.79162258,.51298499,1.0119047,.65476191,1.0925926,.83333331
2716698,ogc-nizza,417,0,fc-metz,347,0,0,0,0,0,1.1176471,.85620916,.45751634,.09150327,2016,.63062853,.40560955,.72747475,.35805246,.66841751,.45511177,.75653237,.38385835,1.1897436,.79487181,1.5577778,.53333336
2716699,olympique-marseille,244,1,as-monaco,162,4,1.7777778,27.055555,.6111111,13.055555,3.2156863,11.620915,.92810458,5.7189541,2016,.55376506,.3566277,.94803101,.45523635,.54790109,.36801043,.82706553,.4414109,.40343139,.23039216,.94365078,.4138889
2716700,fc-toulouse,415,0,fc-nantes,995,1,4.5,0,2.3888888,0,10.130719,7.352941,3.0522876,2.2875817,2016,.77650625,.473692,.83949971,.45466703,.71748251,.42903829,.87612826,.53986931,.81176472,.31568629,1.0866013,.59313726
2716701,sco-angers,1420,1,fc-girondins-bordeaux,40,1,10.611111,0,3.8888888,0,3.0588236,6.7777777,1.1241831,2.4575164,2016,.86493719,.4975495,.62270069,.34249318,.86277503,.52215606,.64160717,.36591372,.90145504,.53703701,.50370371,.23796296
2716702,fc-stade-rennes,273,0,fc-paris-saint-germain,583,1,0,0,0,0,11.529411,22.169935,4.2222223,16.052288,2016,.44839653,.39809826,1.03466,.86272788,.46424818,.31512246,.98371673,.90271825,.68124998,.35416666,1.1287699,.93240738
2716703,sm-caen,1162,3,olympique-lyon,1041,2,25.666666,12.388889,8.7222223,7.7222223,10.03268,24.352942,3.6732025,12.90196,2016,.84016436,.38779593,1.2754098,.81172526,.82964438,.31711328,1.3334919,.76918387,.62394959,.24019608,1.6259259,.73425925
2716704,as-saint-etienne,618,2,sco-angers,1420,1,35.166668,10.611111,15.777778,3.8888888,7.640523,2.9803922,3.3660131,1.1241831,2016,.52445346,.42951491,.98438168,.57162356,.50945711,.45264527,.90764415,.55287117,.52187502,.27604166,.94607842,.56862748
2716705,fc-girondins-bordeaux,40,1,fc-toulouse,415,0,0,3.3888888,0,1.8888888,9.4248362,6.1372547,3.5163398,1.9346405,2016,.72840244,.46402094,.82616907,.50724691,.75589287,.40063593,.78224277,.51676589,.55925924,.23796296,.97708333,.43958333
2716706,olympique-lyon,1041,3,olympique-marseille,244,1,11.444445,1.7777778,7.1111112,.6111111,21.895424,3.7450981,11.633986,1.248366,2016,1.3645192,.83518207,.70081371,.47175983,1.4598036,.80745548,.64708376,.48218077,1.6523148,.72156084,.51157409,.29166666
2716707,sc-bastia,595,1,ogc-nizza,417,1,6.3888888,0,3,0,8.1437912,.73202616,2.8496733,.24836601,2016,.48836169,.34335974,.73486388,.45322862,.43900913,.34790394,.77037114,.51582992,.3611111,.17777778,1.2666667,.83333331
2716708,fco-dijon,2969,0,osc-lille,1082,0,0,.27777779,0,0,1.1699346,7.5620914,.41176471,3.2875817,2016,.76858205,.51681691,.55890393,.43322429,.79717815,.54631835,.553069,.41234443,1.1851852,.91666669,.60126984,.41666666
2716709,as-monaco,162,4,fc-lorient,1158,0,26.666666,0,12.666667,0,10.503268,4.8300653,5.1830068,1.5555556,2016,.90880543,.4474749,.54087055,.39414915,.79246956,.4407796,.45158944,.34918299,.88253969,.40000001,.3509804,.25196078
2716710,fc-nantes,995,0,fc-paris-saint-germain,583,2,0,0,0,0,7.0326796,21.82353,1.9215686,15.640523,2016,.83949971,.45466703,1.0357492,.92569083,.87612826,.53986931,.97710294,.95827383,1.0866013,.59313726,1.1982143,1.1638889
2716711,sm-caen,1162,1,as-nancy-lorraine,1159,0,23,7.8888888,8.166667,2.7222223,10.54902,.3267974,4.2810459,.11111111,2016,.58988762,.38681552,.79097855,.53445011,.56614804,.31323481,.93107063,.6137566,.50140059,.24019608,1.5462962,1.3333334
2716712,ea-guingamp,855,1,fc-stade-rennes,273,1,0,0,0,0,12.882353,7.0326796,4.1372547,2.6013072,2016,.61723077,.43376821,.3697432,.33826956,.57062662,.37757936,.36764634,.24988171,.55370373,.43518519,.64015871,.33333334
2716713,fc-metz,347,2,hsc-montpellier,969,0,0,8.1875,0,3.9375,.90849674,22.408333,.1503268,9.5,2016,.78264576,.50528437,.597857,.34053475,.75919521,.50438482,.59240741,.31433862,1.3235294,.56862748,.95555556,.63333333
2717373,as-nancy-lorraine,1159,0,fc-girondins-bordeaux,40,2,9.8888893,0,3.3888888,0,.72549021,5.3202615,.22222222,1.8692811,2016,.77195412,.35340828,.60458487,.39397046,1.0249534,.44733894,.60882497,.31267297,1.4068627,.55882353,.47129631,.16111112
2717374,fc-lorient,1158,2,fco-dijon,2969,3,0,0,0,0,5.1830068,1.1699346,1.6470588,.41176471,2016,.68176234,.46484458,.75054449,.52461416,.58390856,.3853395,.80643737,.57641095,.4148148,.23796296,1.2296296,.91666669
2717375,ogc-nizza,417,3,ea-guingamp,855,1,0,2,0,.83333331,2.7647059,10.117647,1.2679739,3.2745099,2016,.59104872,.44610259,.60653561,.43611863,.59083921,.4981637,.57118773,.37140653,1.0628572,.80000001,.55370373,.41666666
2717376,olympique-marseille,244,5,hsc-montpellier,969,1,1.7777778,9.4444447,.6111111,4.0555553,3.0588236,12.601307,.86274511,5.2875819,2016,.59852946,.4193908,.66266161,.44247577,.5937205,.44015798,.64673954,.43308532,.45046297,.25925925,.81994045,.84375
2717377,olympique-lyon,1041,1,osc-lille,1082,2,12.888889,.22222222,8,0,26.313726,6.4640522,13.928104,2.7843137,2016,.76040596,.63394749,.4882277,.33766147,.84313697,.63181019,.46456146,.35411978,.94490743,.60489416,.57278913,.42857143
2717378,fc-paris-saint-germain,583,1,as-monaco,162,1,0,26.222221,0,12.555555,18.673203,11.183006,13.607843,5.4444447,2016,1.0926956,.92013526,.94213873,.46830824,1.0436704,.95695108,.82580292,.46161291,1.1843253,1.0064815,.92420638,.42777777
2717379,sc-bastia,595,1,sm-caen,1162,1,5.5,24.444445,2.4444444,8.666667,6.8235292,9.9084969,2.2549019,3.7777777,2016,.41698003,.28234524,.73908013,.33084404,.37518838,.2780152,.76060843,.26696473,.3888889,.25925925,.59313726,.28431374
2717380,fc-toulouse,415,0,as-saint-etienne,618,3,4.5,32.333332,2.3888888,14.444445,8.8954248,7.5228758,2.6993463,3.4248366,2016,.9519704,.51683939,.53784633,.42951491,.93680435,.52271825,.52334601,.45264527,.94583333,.33541667,.53750002,.27604166
2717381,sco-angers,1420,2,fc-metz,347,1,10.611111,0,3.8888888,0,2.9803922,1.2679739,1.1241831,.20261438,2016,.78813982,.41289344,.66613281,.32436466,.68558532,.38375351,.6316449,.33769459,.86624652,.4509804,.69791669,.25
2717382,fc-stade-rennes,273,1,fc-nantes,995,1,0,0,0,0,8.1241827,6.4771242,2.9215686,1.8823529,2016,.38201997,.37276632,.87562501,.52231407,.37048724,.27765951,.90301901,.55457515,.60682541,.33333334,1.1336601,.59313726
2735501,as-saint-etienne,618,2,olympique-lyon,1041,0,35.166668,12.277778,15.777778,7.6666665,8.653595,25.104576,3.8692811,13.405229,2016,.74019247,.51669025,.82897627,.72918558,.67672503,.50092345,.93488777,.71329165,.67773366,.33333334,1.1486111,.65119046
2735502,fc-girondins-bordeaux,40,1,fc-stade-rennes,273,1,5,6.2222223,1.6666666,2,5.4117646,7.0849671,2.0196078,2.490196,2016,.7616722,.44394106,.42141593,.34887812,.78634161,.36858466,.43782178,.3208037,.67962962,.27500001,.59327734,.35294119
2735503,osc-lille,1082,0,fc-lorient,1158,1,.14285715,0,0,0,3.8021977,3.6190476,1.7912087,1.0952381,2016,.77597749,.41220316,.57389486,.54395604,.83066005,.508017,.52070707,.58722222,.76721615,.58205128,.47999999,.63999999
2735504,hsc-montpellier,969,2,sc-bastia,595,1,0,6.6111112,0,3.0555556,13.838235,9.5294113,5.727941,3.3921568,2016,.72871548,.54790944,.4304525,.24865516,.70591825,.53646123,.38539761,.24300638,.97759104,.9588235,.39484128,.19259259
2735505,fco-dijon,2969,1,fc-paris-saint-germain,583,3,0,0,0,0,1.1699346,19.61438,.41176471,14.143791,2016,.66986966,.46380523,.97974885,.74308634,.70626104,.46662256,.92292452,.74651337,1.137037,.68518519,1.0521826,.9203704
2735506,fc-toulouse,415,4,sco-angers,1420,0,4.3333335,10.666667,2.3333333,3.8888888,9.1699343,3.6470587,2.8496733,1.3725491,2016,1.0020852,.53181523,1.0401748,.39204824,1.1310698,.61802053,1.0191022,.4130291,1.1009804,.37450981,1.3458995,.6111111
2735507,as-monaco,162,3,ogc-nizza,417,0,26.166666,0,12.888889,0,10.274509,2.8496733,5.3921571,1.3137255,2016,.86693937,.5178563,.67285818,.50502676,.67817277,.45833009,.62162006,.54515344,.80939156,.4611111,1.0214286,.76249999
2735508,fc-nantes,995,0,as-nancy-lorraine,1159,2,0,9.8888893,0,3.3888888,9.5228758,.83660132,3.1176472,.26797387,2016,.86827207,.51391071,.80229598,.40587741,.89671648,.54617178,1.0035053,.48597884,1.1140523,.57352942,1.375,.58333331
2735509,ea-guingamp,855,0,sm-caen,1162,1,2,29.333334,.83333331,10.222222,9.7777777,12.679739,3.1111112,5,2016,.61589259,.49355656,.68202752,.38672638,.53832942,.4323633,.67918152,.34852892,.49074075,.47222221,.54551822,.2990196
2735510,fc-metz,347,1,olympique-marseille,244,0,0,5.0555553,0,2.1666667,1.6078432,3.986928,.20261438,1.3071896,2016,.66424161,.43342996,.67280585,.58731019,.6530112,.46624649,.68843782,.65556204,.63529414,.33333334,.5152778,.31944445
2735511,fc-lorient,1158,1,fc-toulouse,415,1,0,4.3333335,0,2.3333333,4.7516341,9.1699343,1.4575163,2.8496733,2016,.83760041,.45961452,1.0020852,.53181523,.79891098,.39518848,1.1310698,.61802053,.66979164,.184375,1.1009804,.37450981
2735512,hsc-montpellier,969,1,as-monaco,162,2,0,23.222221,0,11.222222,12.431373,8.2026148,5.1307192,4.1699347,2016,.66819918,.44423771,.85305047,.42217728,.69401538,.49052027,.69458687,.39772403,.8862434,.86851853,.84272486,.3611111
2735513,ogc-nizza,417,1,as-saint-etienne,618,0,0,30.833334,0,13.833333,1.7581699,8.3267975,.81045753,3.6535947,2016,.65169805,.48323187,.68357873,.49461049,.59106451,.51242107,.62363863,.46958444,.92976189,.61666667,.63606703,.31944445
2735514,olympique-marseille,244,2,ea-guingamp,855,0,5.0555553,2,2.1666667,.83333331,4.6993465,10.019608,1.5686275,3.2679739,2016,.66757709,.55603105,.63673502,.52011335,.68473411,.61296946,.56821156,.43776456,.52916664,.33333334,.55555558,.51851851
2735515,olympique-lyon,1041,4,as-nancy-lorraine,1159,0,11,9.8888893,6.8888888,3.3888888,17.59477,.81045753,9.4575167,.26797387,2016,.74176222,.66013795,.83200705,.49414098,.83957189,.6371733,1.0741215,.59859943,1.000463,.49563491,1.75,1.0882353
2735516,fc-paris-saint-germain,583,2,osc-lille,1082,1,0,.16666667,0,0,20.503267,4.6209149,14.888889,1.9150326,2016,1.0772147,.92827153,.60175931,.4034197,1.0374026,.95695108,.63559258,.43794882,1.1494048,.96203703,.61904764,.49607843
2735517,sc-bastia,595,2,fc-nantes,995,2,0,0,0,0,5.346405,10.732026,1.993464,3.5882354,2016,.42353868,.28965518,.83392364,.49329665,.40666988,.28357074,.86078775,.52376544,.58333331,.37037036,1.0706791,.56018519
2735518,sco-angers,1420,0,fc-stade-rennes,273,0,13.444445,6.2222223,4.8333335,2,4.6078429,4.8692808,1.7320261,1.7843137,2016,1.0559644,.39899269,.54608142,.34795573,1.051201,.43772045,.60754675,.32627061,1.3690476,.62962961,.89460319,.42222223
2735519,sm-caen,1162,0,fc-girondins-bordeaux,40,4,31.944445,5,11.277778,1.6666666,16.254902,6.8235292,6.4248366,2.6078432,2016,.68202752,.38672638,.71198088,.43994686,.67918152,.34852892,.7358532,.35896927,.54551822,.2990196,.63611114,.29166666
2735520,fc-metz,347,2,fco-dijon,2969,1,0,0,0,0,1.3725491,1.1699346,.30718955,.41176471,2016,.63482988,.37291771,.69103366,.40770024,.5667367,.28449687,.73994708,.42032629,.48823529,.21568628,1.1780423,.60185188
2735521,as-nancy-lorraine,1159,0,hsc-montpellier,969,3,7.8888888,0,2.7222223,0,.33986929,7.3921571,.11111111,2.8823528,2016,.8247596,.51518083,.66385192,.51062971,.97608829,.55476189,.67451733,.50252974,1.6805556,1,.88244045,.89375001
2735522,as-saint-etienne,618,4,fc-lorient,1158,0,48.333332,0,22.388889,0,16.143791,8.0196075,7.5490198,2.4183006,2016,.58881092,.43736762,.69072604,.40216532,.52966624,.43590516,.64668745,.40053689,.44757494,.25185186,.59607846,.29117647
2735523,fc-girondins-bordeaux,40,0,fc-paris-saint-germain,583,3,5,0,1.6666666,0,6.013072,19.810457,2.3398693,14.30719,2016,.71647018,.43686044,1.0444998,.90698624,.7426908,.35469577,1.0048496,.94575858,.65462965,.29166666,1.1494048,.94351852
2735524,osc-lille,1082,1,sco-angers,1420,2,.22222222,13.444445,0,4.8333335,3.8039215,4.6078429,1.5882353,1.7320261,2016,.60676062,.42205447,1.0559644,.39899269,.63855243,.45639205,1.051201,.43772045,.60416669,.52708334,1.3690476,.62962961
2735525,fco-dijon,2969,2,sm-caen,1162,0,0,29.5,0,10.333333,.73202616,12.156863,.22875817,4.7908497,2016,.73291677,.41388294,.65462106,.37843764,.72760141,.41106701,.6319744,.32017297,1.1132275,.57407409,.39845937,.26960784
2735526,fc-toulouse,415,4,sc-bastia,595,1,3.7222223,6.1666665,2,3.0555556,7.2156863,8.039216,2.0784314,2.986928,2016,1.0108117,.52502793,.44942695,.3112253,1.097968,.58041549,.41238177,.31443495,1.0911765,.35490197,.50595236,.3037037
2735527,fc-stade-rennes,273,2,ogc-nizza,417,2,6.2222223,0,2,0,5.9542484,2.8169935,2.0261438,1.3071896,2016,.48463866,.28457591,.62884486,.52517921,.54118311,.25497738,.59485811,.54093766,.81785715,.4375,.98095238,.80588233
2735528,as-monaco,162,5,fc-metz,347,0,27.5,0,13.555555,0,12.679739,.83006537,6.5620914,.17647059,2016,.88532054,.50780511,.71531117,.40788504,.68194771,.44696647,.64612335,.31811032,.77420634,.42777777,1.137255,.4509804
2735529,fc-nantes,995,3,olympique-marseille,244,2,0,2.4444444,0,1,8.7843142,4.1176472,2.9084966,1.2875817,2016,.8175779,.43192852,.69370532,.59564352,.8383131,.51395893,.70944917,.66019166,1.0326798,.57843137,.54305553,.3611111
2735530,ea-guingamp,855,2,olympique-lyon,1041,1,2,10.777778,.83333331,6.7777777,6.647059,19.803921,2.0196078,10.75817,2016,.65403193,.52102911,.70764625,.52972859,.58617508,.44797179,.82413977,.53313291,.54166669,.5462963,1.0375,.48730159
2735531,fc-lorient,1158,0,ogc-nizza,417,1,0,0,0,0,7.3071895,2.0457516,2.2941177,.97385621,2016,.75705916,.35868868,.67480075,.49296635,.80564576,.3446649,.60008687,.49756274,.76666665,.20092593,.68683475,.60000002
2735532,fc-girondins-bordeaux,40,3,ea-guingamp,855,0,5,2,1.6666666,.83333331,5.0588236,7.5294118,1.9084967,2.3267975,2016,.69440228,.42802164,.57314569,.44461477,.68788481,.33000442,.48468399,.33282629,.64259261,.27222222,.43518519,.42592594
2735533,hsc-montpellier,969,2,as-saint-etienne,618,1,0,35.388889,0,16.055555,11.921569,11.934641,4.7450981,5.4052286,2016,.74839514,.56796294,.69377595,.49934706,.74660456,.55221754,.68445927,.53239197,.98739493,.9588235,.48395061,.30462962
2735534,olympique-marseille,244,2,fc-stade-rennes,273,0,5.0555553,6.2222223,2.1666667,2,3.1960785,6.3071895,.98039216,2.2745099,2016,.55704504,.59358531,.47860548,.29928181,.58524287,.68022531,.52997863,.2717841,.43287036,.33333334,.79285717,.4375
2735535,olympique-lyon,1041,4,fco-dijon,2969,2,9.5555553,0,6.0555553,0,17.575163,1.1699346,9.4313726,.41176471,2016,.76283866,.56544292,.63631988,.39090824,.87933224,.56884718,.65723103,.38884479,1.1041666,.55396825,1.1613756,.6574074
2735536,fc-paris-saint-germain,583,0,fc-toulouse,415,0,0,4.5,0,2.4444444,24.40523,9.320261,17.464052,2.9738562,2016,1.0222435,.79334986,.98700219,.51746488,.92172068,.79219913,1.0759093,.57600373,.98829365,.73518521,1.0617647,.33529413
2735537,sc-bastia,595,1,as-monaco,162,1,7,25.333334,3.2777777,12.5,8.7124186,9.7647057,3.0718954,5.1503267,2016,.41521236,.27224422,.88723856,.50674516,.36764872,.26214218,.6984719,.44721898,.27314815,.14814815,.84642857,.44722223
2735538,sco-angers,1420,1,as-nancy-lorraine,1159,0,11.722222,9.8888893,4.1111112,3.3888888,4.1241832,.79738563,1.4444444,.25490198,2016,1.0778103,.40376645,.69177216,.51424813,1.1486597,.43738976,.81378669,.58201057,1.1699735,.53703701,1.3796296,1.3333334
2735539,sm-caen,1162,0,osc-lille,1082,1,28.111111,.22222222,9.7777777,0,12.660131,8.4509802,4.9542484,3.6601307,2016,.69539648,.40250179,.55630547,.35202008,.68379515,.33676422,.595456,.38397592,.48669466,.24019608,.59107143,.44374999
2735540,fc-metz,347,1,fc-nantes,995,1,0,0,0,0,.73202616,9.3137255,.24183007,3.1960785,2016,.64914984,.28536651,1.0619488,.57949662,.56046438,.20674221,1.0904139,.68482727,1.09375,.375,1.2679739,.69607842
2735541,as-nancy-lorraine,1159,0,fc-toulouse,415,0,7.8888888,2.2777777,2.7222223,1.0555556,.33333334,8.0326796,.11111111,2.4379084,2016,.66387415,.47988662,1.0538982,.56230646,.82084137,.55158728,1.1483619,.62450397,1.4074074,1.3055556,1.14375,.37708333
2735542,as-saint-etienne,618,0,sm-caen,1162,1,26.833334,21.666666,12.722222,7.6111112,7.3790851,9.346405,3.5620916,3.7908497,2016,.66222006,.39703602,.60118741,.3828665,.70236218,.44234133,.57579702,.32447866,.57465279,.26458332,.53273809,.25520834
2735543,osc-lille,1082,2,fc-girondins-bordeaux,40,3,.11111111,5,0,1.6666666,6.6797385,4.0653596,3.0326798,1.5228758,2016,.75612098,.52349931,.69440228,.42802164,.79040223,.53069139,.68788481,.33000442,.68179274,.55784315,.64259261,.27222222
2735544,ogc-nizza,417,2,hsc-montpellier,969,1,0,0,0,0,1.7777778,13.568627,.81699347,5.640523,2016,.71904099,.47794217,.72544748,.56261533,.72426987,.46904224,.70983982,.54381418,.65742296,.60000002,.98739493,.9588235
2735545,olympique-marseille,244,1,fc-paris-saint-germain,583,5,5.0555553,0,2.1666667,0,2.5294118,17.431372,.92810458,12.575164,2016,.54662073,.5858857,1.0920149,.96948624,.56960845,.64739704,1.0031612,.98729295,.43194443,.33333334,1.1494048,.99351853
2735546,olympique-lyon,1041,5,fc-metz,347,0,10.111111,0,6.2222223,0,18.725491,.84313726,10.045752,.14379086,2016,.7336731,.61675173,.50861591,.25536883,.82828254,.61935228,.55135208,.317507,.94490743,.60489416,1.2156863,.41176471
2735547,sco-angers,1420,3,sc-bastia,595,0,8.166667,6.1111112,2.8333333,2.9444444,2.359477,6.1503267,.79084969,2.3529413,2016,1.1166447,.42228496,.38167676,.27576628,1.2204189,.46979716,.36196089,.26690409,1.1977513,.56481481,.44444445,.25925925
2735548,fc-stade-rennes,273,1,fc-lorient,1158,0,0,0,0,0,6.1045752,7.013072,2.3398693,2.2156863,2016,.45821011,.24194771,.74857146,.33831832,.49936539,.23603749,.80518275,.33355379,.82708335,.48958334,.76666665,.20092593
2735549,fc-nantes,995,3,fco-dijon,2969,1,0,0,0,0,8.3398695,.73202616,2.7908497,.22875817,2016,.87071735,.52795875,.75575131,.44169819,.86427015,.57698411,.73981482,.47224426,.82973856,.56372547,1.1428572,.76851851
2735550,ea-guingamp,855,1,as-monaco,162,2,2,24.5,.83333331,11.833333,8.1764708,8.5555553,2.7385621,4.2679739,2016,.65998435,.53690213,.89742374,.43370858,.59026545,.46384481,.78433049,.41641089,.58796299,.58333331,.88809526,.37777779
2735551,fc-lorient,1158,1,olympique-marseille,244,4,0,5.0555553,0,2.1666667,6.9542484,4.6143789,2.2026143,1.5555556,2016,.90696132,.3974351,.55466413,.57990277,.94809014,.35448179,.58103037,.65707719,.81764704,.14215687,.4375,.31944445
2735552,fc-girondins-bordeaux,40,1,olympique-lyon,1041,1,5,12.388889,1.6666666,7.7222223,6.4771242,23.333334,2.4248366,12.248366,2016,.77773565,.47480527,.72221148,.60061419,.80594033,.39944884,.79684067,.59140611,.7027778,.31666666,.85231483,.51600528
2735553,hsc-montpellier,969,1,ea-guingamp,855,1,0,2,0,.83333331,16.163399,10.065359,6.6143789,3.2222223,2016,.69556153,.53135896,.61561364,.554479,.68429315,.51360232,.53479087,.47397292,.96031743,.90555555,.53431374,.58823532
2735554,fc-paris-saint-germain,583,1,as-nancy-lorraine,1159,0,0,13.388889,0,4.8888888,13.392157,.80392158,9.5947714,.28758171,2016,1.0366937,.84741831,.55664313,.35551059,.92725354,.85614634,.73667133,.42857143,1.0594577,1.0148149,.72549021,.7352941
2735555,sc-bastia,595,0,as-saint-etienne,618,0,0,37.944443,0,17.944445,5.4705882,8.2287579,1.9869281,4.026144,2016,.45638236,.2952773,.63328487,.37288827,.45510143,.31789845,.63566053,.39323419,.59313726,.35294119,.42956349,.19895834
2735556,fco-dijon,2969,0,ogc-nizza,417,1,0,0,0,0,.19607843,1.9044118,.052287582,.86764705,2016,.73395801,.40150419,.72364128,.44413421,.73315698,.44252646,.71343178,.45898989,1.1224868,.7962963,.60285717,.42444444
2735557,fc-toulouse,415,1,osc-lille,1082,1,4,0,2.1666667,0,9.2614384,9.4836597,2.862745,4.3006535,2016,1.00661,.52922958,.70901579,.45257205,1.095517,.58776844,.73217291,.46108353,1.0911765,.35490197,.64257705,.47941175
2735558,as-monaco,162,4,fc-nantes,995,0,27.833334,0,13.555555,0,11.019608,7.5882354,5.6666665,2.6274509,2016,.68876642,.47330222,.99318427,.5478934,.62776482,.42777455,1.0338528,.65378153,.83902115,.46944445,1.2238562,.65196079
2735559,sm-caen,1162,2,sco-angers,1420,3,21.666666,9.4444447,7.6111112,3.2777777,9.346405,3.0653596,3.7908497,1.0522876,2016,.60118741,.3828665,1.1152223,.35764652,.57579702,.32447866,1.1911616,.43044531,.53273809,.25520834,1.4384921,.62037039
2735560,fc-metz,347,1,fc-stade-rennes,273,1,0,0,0,0,1.1568627,5.6209149,.34640524,2.143791,2016,.70736814,.45879003,.51008922,.30747539,.67847627,.50018317,.55954635,.30994397,.64705884,.33333334,.86874998,.46875
2735561,as-nancy-lorraine,1159,1,osc-lille,1082,2,15.388889,0,5.5555553,0,1.8496732,9.1895428,.65359479,4.1699347,2016,.57746118,.33593106,.67880189,.44945788,.75255287,.35966387,.67008138,.44539726,1.3284314,.91176468,.54845941,.33235294
2735562,as-saint-etienne,618,2,fc-metz,347,2,41.166668,0,18.666666,0,10.248366,.94117647,4.7189541,.28758171,2016,.99928707,.64704472,.69475037,.41225225,.97186404,.64841431,.61739028,.33575737,.91928107,.45196077,1.0470588,.4509804
2735563,fc-lorient,1158,1,fc-paris-saint-germain,583,2,0,0,0,0,6.1111112,9.7320261,1.8039216,7.1633987,2016,.73346853,.33777365,1.063378,.91471833,.79912215,.30423281,.99540359,.92702359,.6388889,.09259259,1.0888227,.9675926
2735564,hsc-montpellier,969,2,fc-nantes,995,3,0,0,0,0,13.490196,8.6928101,5.4967322,2.7843137,2016,.68630224,.50821078,.87606496,.52795875,.66312915,.48185626,.8708061,.57698411,.98809522,.90555555,.82973856,.56372547
2735565,ogc-nizza,417,2,sm-caen,1162,2,0,24.277779,0,8.7222223,1.8104575,9.9803925,.83006537,4.0653596,2016,.70428979,.42497623,.58477324,.36298013,.71621335,.43931746,.57579702,.33906198,.65267855,.61458331,.59523809,.31770834
2735566,olympique-marseille,244,3,sco-angers,1420,0,5.0555553,12.277778,2.1666667,4.3333335,5.1307192,3.7450981,1.7712418,1.3137255,2016,.69065398,.58513153,1.2235644,.39753765,.70325261,.63485497,1.2906986,.4431217,.5152778,.31944445,1.5218254,.62962961
2735567,olympique-lyon,1041,4,fc-toulouse,415,0,12.277778,4,7.6666665,2.1111112,26.457516,8.3921566,14.20915,2.3856208,2016,.82897627,.72918558,.89407724,.4729917,.93488777,.71329165,1.0151196,.54596174,1.1486111,.65119046,.94607842,.33529413
2735568,fc-stade-rennes,273,1,fco-dijon,2969,1,0,0,0,0,8.0457516,.19607843,2.9803922,.052287582,2016,.53111106,.30134794,.75864935,.46975815,.58591998,.30270416,.77138448,.49623016,.80784315,.43137255,1.1740741,.82407409
2735569,as-monaco,162,2,fc-girondins-bordeaux,40,1,26.444445,5,13,1.6666666,11.954248,6.6732025,6.1503267,2.6078432,2016,.90132678,.51716185,.77144098,.47789168,.70468789,.46110788,.80671197,.40099207,.85013229,.46944445,.71203703,.33055556
2735570,ea-guingamp,855,5,sc-bastia,595,0,2,0,.83333331,0,7.8758168,4.1372547,2.6143792,1.5359477,2016,.56047273,.46745768,.44936365,.28458211,.53054321,.41523367,.44417706,.30109173,.47685185,.47222221,.47549018,.23529412
2735571,as-nancy-lorraine,1159,2,fc-lorient,1158,3,15.388889,0,5.5555553,0,1.7843137,7.9084969,.60784316,2.4771242,2016,.60384446,.34701881,.91667074,.43848667,.79790562,.3952381,.95333093,.38910934,1.0972222,.58333331,.81666666,.17870371
2735572,fc-girondins-bordeaux,40,5,hsc-montpellier,969,1,5,0,1.6666666,0,6.7777777,16.803921,2.6993463,6.6339869,2016,.74980354,.47304159,.70847106,.51326132,.77800828,.3976852,.69229585,.48979276,.69814813,.33055556,.98809522,.90555555
2735573,osc-lille,1082,0,olympique-marseille,244,0,0,5.0555553,0,2.1666667,8.1830063,4.1503267,3.6274509,1.5163399,2016,.64811134,.43707398,.68552899,.61710083,.65403861,.4277502,.70929658,.69127166,.5827381,.35312501,.52916664,.33333334
2735574,fc-paris-saint-germain,583,2,olympique-lyon,1041,1,0,12.888889,0,8,27.294117,26.013071,19.777779,13.79085,2016,1.1303364,1.0275981,.75423312,.63394749,1.0524489,1.0521891,.83696413,.63181019,1.1494048,1.012037,.93379629,.60489416
2735575,fco-dijon,2969,0,as-saint-etienne,618,1,0,35.333332,0,16.055555,.4379085,11.163399,.18300654,4.986928,2016,.73813438,.47876251,.88542151,.59282839,.77998239,.53619927,.85841864,.58048713,1.1132275,.82407409,.77222222,.37843138
2735576,fc-toulouse,415,0,fc-stade-rennes,273,0,2.6666667,6.2222223,1.3333334,2,8,7.8954248,2.3921568,2.9477124,2016,.83295327,.4601565,.54511666,.34252441,.97729331,.49486461,.6144405,.33211592,1.0127451,.28431374,.80784315,.43137255
2735577,sco-angers,1420,3,ea-guingamp,855,0,12.5,2,4.4444447,.83333331,3.9738562,7.8758168,1.4509804,2.6143792,2016,1.200816,.33317563,.56047273,.46745768,1.2729738,.3934083,.53054321,.41523367,1.4523809,.4537037,.47685185,.47222221
2735578,fc-nantes,995,1,ogc-nizza,417,1,0,0,0,0,7.0522876,1.614379,2.1307189,.74509805,2016,.93911046,.50675815,.80819607,.509004,.92402738,.521662,.76829666,.50442159,1.0601307,.5,.5422619,.63749999
2735579,sm-caen,1162,0,as-monaco,162,3,27.333334,25.388889,9.6111107,12.611111,11.326797,9.4705887,4.5620914,5.0457516,2016,.55037487,.34162834,.64437515,.44241771,.54192662,.31911716,.58451176,.38863313,.56022412,.2990196,.75198412,.39166668
2735580,fc-metz,347,1,sc-bastia,595,0,0,0,0,0,.96732026,5.7124181,.32026145,1.9673202,2016,.71016926,.47606686,.33051282,.17803624,.65886843,.48841843,.35636273,.23492064,.61764705,.33333334,.25520834,.041666668
2735581,fc-lorient,1158,1,sm-caen,1162,0,0,26.333334,0,9.1111107,7.9084969,9.8954248,2.4771242,3.8039215,2016,.95332426,.46428001,.55334049,.37860513,.99176216,.41199812,.50808871,.32031199,.83529413,.18921569,.57440478,.31770834
2735582,hsc-montpellier,969,0,fc-toulouse,415,1,0,4,0,2.1111112,9.7450981,9,4.019608,2.6209149,2016,.71387231,.52252054,1.0852512,.5884912,.70142281,.51459438,1.1901029,.65352184,.92328042,.90555555,1.1177083,.39791667
2735583,ogc-nizza,417,2,fc-girondins-bordeaux,40,1,0,5,0,1.6666666,1.5947713,5.6339869,.73202616,2.1895425,2016,.81501698,.48960429,.74742258,.46388409,.78247941,.49638307,.78356379,.39327601,.55619049,.59111112,.69351852,.31203705
2735584,olympique-marseille,244,1,fco-dijon,2969,1,5.0555553,0,2.1666667,0,4.1895423,.19607843,1.503268,.052287582,2016,.71188229,.66024464,.61680633,.40750745,.72903609,.73679101,.66926807,.44854498,.51990741,.34722221,1.0206349,.76851851
2735585,sc-bastia,595,0,osc-lille,1082,1,0,0,0,0,9.0980396,8.1830063,3.3006537,3.6274509,2016,.43932596,.3011243,.71452439,.48543704,.39650872,.29856193,.74554187,.4875541,.39484128,.19259259,.68179274,.55784315
2735586,fc-stade-rennes,273,1,olympique-lyon,1041,1,6.2222223,11.111111,2,6.8333335,6.4967322,21.352942,2.2810457,11.379085,2016,.55301476,.35453421,.74124885,.62468827,.63165933,.34517345,.83333302,.62440276,.83445376,.44117647,.94490743,.60489416
2735587,as-monaco,162,2,as-saint-etienne,618,0,25.388889,39.444443,12.166667,18.055555,10.928104,11.490196,5.3790851,5.2679739,2016,.92077124,.45719713,.82857895,.55446899,.80443537,.4505018,.79603881,.53953785,.90568781,.4138889,.639229,.30833334
2735588,fc-nantes,995,2,sco-angers,1420,1,0,10.166667,0,3.6666667,10.405229,3.5228758,3.3333333,1.2941177,2016,.83173418,.46567503,1.1988981,.38781542,.77416748,.47404295,1.2927048,.46516755,.71699345,.47058824,1.489418,.64814812
2735589,ea-guingamp,855,1,as-nancy-lorraine,1159,0,0,15.388889,0,5.5555553,9.3529415,1.7777778,2.9542484,.60130721,2016,.53830659,.38875398,.67880034,.37725171,.53203553,.37370732,.89534831,.49920633,.48888889,.39814815,1.2638888,.94444442
2735590,fc-metz,347,2,fc-paris-saint-germain,583,3,0,0,0,0,1.3986928,25.470589,.18954249,18.189543,2016,.68874067,.41235039,.97962105,.97291493,.69318217,.49565825,.9036364,1.0277352,.68627453,.33333334,.94384921,1.1324074
2735591,as-nancy-lorraine,1159,3,fc-stade-rennes,273,0,15.388889,0,5.5555553,0,1.5359477,6.986928,.54901963,2.359477,2016,.8126055,.47429886,.4885132,.26249129,1.0039241,.58518517,.53591192,.24223228,1.3842592,.97222221,.7609244,.45588234
2735592,as-saint-etienne,618,1,fc-nantes,995,1,38.777779,0,17.888889,0,11.928104,9.1437912,5.4248366,2.8431373,2016,.65861368,.48191428,.91506749,.5472371,.61945987,.48317695,.89391536,.59309059,.37586367,.26078433,.85424834,.58823532
2735593,fc-girondins-bordeaux,40,3,fc-metz,347,0,5,0,1.6666666,0,6.9281044,.47712418,2.7254901,.13725491,2016,.77619243,.4809781,.70087463,.48911753,.80439717,.40562171,.66328019,.50928682,.7027778,.33055556,1.2372549,.56862748
2735594,osc-lille,1082,1,ogc-nizza,417,2,0,0,0,0,6.8562093,1.6535947,3.1045752,.751634,2016,.75612098,.52349931,.78282839,.46594846,.79040223,.53069139,.75440776,.47317162,.68179274,.55784315,.52142859,.55416667
2735595,olympique-lyon,1041,1,fc-lorient,1158,4,11.888889,0,7.3888888,0,24.934641,4.6732025,13.385621,1.4509804,2016,.83402675,.73712212,.82868922,.38293111,.93993831,.71935225,.85509861,.32799825,1.1671296,.68822753,.79444444,.18240741
2735596,fc-paris-saint-germain,583,4,ea-guingamp,855,0,0,0,0,0,17.013071,8.5359478,12.352942,2.6862745,2016,1.141078,1.1300783,.55991155,.41891271,1.063183,1.1579279,.5003404,.37202382,1.2890873,1.3342593,.44722223,.3611111
2735597,fco-dijon,2969,1,sc-bastia,595,2,0,0,0,0,.19607843,4.7581701,.052287582,1.5620915,2016,.7617358,.48827666,.39668944,.24160461,.7729277,.5170635,.41766325,.29742062,1.1740741,.87962961,.30877978,.091666669
2735598,fc-toulouse,415,0,olympique-marseille,244,0,4.5,5.0555553,2.3888888,2.1666667,10.869281,2.8823528,3.1699347,1.1045752,2016,1.0214128,.55387408,.68783933,.63033015,1.1200969,.61507934,.70294183,.68628591,1.0519608,.37450981,.49583334,.33333334
2735599,sco-angers,1420,0,as-monaco,162,1,14.722222,26.444445,5.3888888,13,5.4967322,11.954248,2.1633987,6.1503267,2016,1.3209254,.44284189,.90132678,.51716185,1.4047062,.5022046,.70468789,.46110788,1.5449735,.64814812,.85013229,.46944445
2735600,sm-caen,1162,0,hsc-montpellier,969,2,22.444445,0,8,0,8.7647057,11.248366,3.4313726,4.4901962,2016,.76001668,.36880398,.70366335,.53135896,.72518152,.29947865,.68892282,.51360232,.69940478,.27604166,.96031743,.90555555
2735601,hsc-montpellier,969,2,fc-lorient,1158,0,0,0,0,0,14.169934,7.2222223,5.7124181,2.2418301,2016,.70366335,.53135896,.74920279,.3458941,.68892282,.51360232,.79592353,.33355379,.96031743,.90555555,.73333335,.17870371
2735602,ogc-nizza,417,3,as-nancy-lorraine,1159,1,0,13.388889,0,4.8888888,1.9803921,.83006537,.94117647,.28758171,2016,.71626699,.45574185,.8288092,.52985442,.71210903,.45017093,1.0201279,.64074075,.4895238,.55777776,1.3935186,1.0277778
2735603,olympique-marseille,244,4,as-saint-etienne,618,0,5.0555553,40.5,2.1666667,18.944445,2.7320261,12.013072,1.0522876,5.6209149,2016,.65103573,.63246691,.71167392,.50915676,.6547215,.70716137,.70279318,.54237753,.50879627,.37962964,.46409896,.30000001
2735605,sco-angers,1420,0,fc-paris-saint-germain,583,2,14.111111,0,5.1111112,0,4.980392,25.509804,1.8888888,18.156862,2016,1.2553796,.4076567,.9919861,.98890817,1.3320566,.47442681,.92651218,1.0365875,1.5449735,.64814812,.97440475,1.1324074
2735606,fc-stade-rennes,273,2,osc-lille,1082,0,0,0,0,0,4.4379086,6.5163398,1.496732,3.013072,2016,.50730675,.29692805,.73230833,.50156212,.56725013,.30284899,.7717877,.50805598,.81974792,.45588234,.62916666,.50937498
2735607,as-monaco,162,2,fco-dijon,2969,1,28,0,13.611111,0,11.973856,1.1699346,6.1568627,.41176471,2016,.87102377,.49669403,.7128123,.48318389,.66765088,.43585536,.69290382,.50989729,.76679891,.4138889,1.1078432,.88235295
2735608,fc-nantes,995,0,fc-girondins-bordeaux,40,1,0,5,0,1.6666666,6.6274509,6.5424838,2.1111112,2.4575164,2016,1.0756651,.63481879,.61910176,.34141913,1.0922562,.68459386,.63847834,.35701057,1.2954248,.67647058,.59814817,.27500001
2735609,ea-guingamp,855,2,fc-toulouse,415,1,0,4.6111112,0,2.4444444,8.7124186,10.836601,2.7973857,3.1830065,2016,.61617255,.46710154,1.0214128,.55387408,.57247847,.41461641,1.1200969,.61507934,.57222223,.47222221,1.0519608,.37450981
2735610,fc-metz,347,2,sm-caen,1162,2,0,21.833334,0,7.8333335,1.1568627,8.039216,.34640524,3.0326798,2016,.70736814,.45879003,.74430811,.38120928,.67847627,.50018317,.74167454,.32031199,.64705884,.33333334,.7879464,.33854166
2735611,as-nancy-lorraine,1159,0,olympique-marseille,244,0,13.388889,5.0555553,4.8888888,2.1666667,.84313726,2.7385621,.30065361,.96732026,2016,.74715817,.44169182,.56040841,.58790934,.9114418,.47328043,.5801757,.64647114,1.2083334,.58333331,.47916666,.375
2735612,as-saint-etienne,618,1,fc-stade-rennes,273,1,28.666666,0,12.777778,0,8.4052286,4.4444447,3.7189543,1.6732026,2016,.65137452,.4882465,.5011037,.30204502,.6468693,.51870906,.55904907,.3140924,.39264551,.26222223,.81092435,.44117647
2735613,fc-lorient,1158,5,fc-metz,347,1,0,0,0,0,8.9346409,1.1830065,2.6797385,.30718955,2016,.75537562,.35035041,.70469433,.35290766,.79823834,.31062609,.67259389,.38085541,.76111114,.17870371,1.254902,.47058824
2735614,fc-girondins-bordeaux,40,2,sc-bastia,595,0,5,0,1.6666666,0,7.006536,8.5751638,2.6732025,3.0392158,2016,.69902605,.40623394,.45094207,.31365967,.71486723,.42182541,.42540956,.3237808,.67870373,.35833332,.46568626,.27450982
2735615,osc-lille,1082,3,ea-guingamp,855,0,0,2,0,.83333331,2.2026143,7.9281044,1.006536,2.5228758,2016,.80682057,.5363363,.59859908,.40869698,.83031088,.54980522,.57166874,.38701499,.71904761,.58214283,.55833334,.4537037
2735616,olympique-lyon,1041,1,as-monaco,162,2,8.2222223,27.722221,5.0555553,13.611111,10.45098,11.921569,5.3071895,6.2745099,2016,1.1350701,.68956441,.84358269,.46278879,1.1934521,.6764791,.63558018,.39482,1.2393519,.67711639,.74457669,.37222221
2735617,fc-paris-saint-germain,583,2,hsc-montpellier,969,0,0,0,0,0,24.104576,11.849673,17.300653,5.0849671,2016,1.0398062,1.0352931,.71387231,.52252054,.93924892,1.0740315,.70142281,.51459438,.99384922,1.187963,.92328042,.90555555
2735618,fco-dijon,2969,3,sco-angers,1420,2,0,10.277778,0,3.7222223,1.1699346,4.2091503,.41176471,1.6601307,2016,.77025348,.48203886,1.0744103,.34058303,.76618165,.5125882,1.1542653,.37356701,1.1687831,.7962963,1.3134921,.37962964
2735619,fc-toulouse,415,1,ogc-nizza,417,1,3.9444444,0,2.1111112,0,9.0980396,2.9346404,2.5620916,1.3921568,2016,1.0236753,.58239454,.75148559,.43853971,1.1168289,.63958919,.7165668,.44533798,1.0960784,.43333334,.4907563,.52156866
2735620,sm-caen,1162,0,fc-nantes,995,2,22.888889,0,7.9444447,0,8.320261,7.9607844,3.1960785,2.6209149,2016,.80024672,.39440101,.7516374,.50237674,.78186029,.3278566,.7804063,.50933707,.84047621,.3611111,1.0601307,.57843137
2735621,hsc-montpellier,969,0,osc-lille,1082,3,0,0,0,0,14.169934,2.2026143,5.7124181,1.0196079,2016,.70366335,.53135896,.74816519,.49198341,.68892282,.51360232,.78384626,.54525971,.96031743,.90555555,.71309525,.65357143
2735622,ogc-nizza,417,3,fc-paris-saint-germain,583,1,0,0,0,0,1.751634,25.30719,.79738563,18.111111,2016,.77462572,.48559856,.99293756,.94522578,.72310275,.48210269,.94006592,.99161392,.4907563,.60000002,1.0021825,1.1157408
2735623,sc-bastia,595,1,fc-stade-rennes,273,0,0,0,0,0,8.5490198,7.8758168,3.0326798,2.8496733,2016,.46309513,.32709831,.45453161,.26537561,.43651193,.33665717,.49781334,.2553317,.49206349,.3037037,.59629631,.26851851
2735624,fco-dijon,2969,0,fc-girondins-bordeaux,40,0,0,5,0,1.6666666,1.1699346,7.0718956,.41176471,2.6666667,2016,.80412459,.52465433,.69563687,.44394106,.79607844,.55639589,.68847835,.35006613,1.1787115,.872549,.62314814,.25833333
2735625,sco-angers,1420,1,olympique-lyon,1041,2,14.111111,11.833333,5.1111112,7.3333335,4.980392,23.856209,1.8888888,12.477124,2016,1.2553796,.4076567,.4667072,.48515522,1.3320566,.47442681,.47280812,.47995833,1.5449735,.64814812,.6722222,.53981483
2735626,as-monaco,162,3,fc-toulouse,415,1,24.833334,4.5,12.166667,2.3888888,10.594771,10.745098,5.4509802,3.1307189,2016,.85991263,.49669403,.93770248,.56367797,.65653974,.43585536,.99509686,.61227822,.7509259,.4138889,.99313724,.4137255
2735627,fc-nantes,995,1,fc-lorient,1158,0,0,0,0,0,9.7189541,7.1045752,3.137255,2.1960785,2016,.88629514,.48799339,.81785709,.42141822,.87332714,.58678806,.8419112,.41796738,.82679737,.60784316,.80370373,.31203705
2735628,sm-caen,1162,1,olympique-marseille,244,5,26.444445,2.4444444,9.166667,1,10.875817,2.7124183,4.1764708,.92810458,2016,.56936008,.40256345,.70718265,.59346491,.52956265,.32239532,.71999049,.63906372,.5691964,.31770834,.55694443,.375
2735629,ea-guingamp,855,0,as-saint-etienne,618,2,2,36.111111,.83333331,17,11.300653,12.215686,3.5163398,5.7581701,2016,.62343568,.44497091,.70143741,.50943148,.57287127,.38359788,.68144,.53300691,.53055555,.42592594,.44623017,.29270834
2735630,fc-metz,347,2,as-nancy-lorraine,1159,1,0,15.388889,0,5.5555553,.81045753,1.5424837,.22222222,.55555558,2016,.66477835,.39327678,.73145473,.46026969,.59736049,.31460893,.90747356,.56137568,1.1588235,.4509804,1.2361112,.97222221
2735631,as-nancy-lorraine,1159,0,as-monaco,162,3,15.388889,29.388889,5.5555553,14.277778,1.6993464,11.993464,.61437911,6.0980392,2016,.8104021,.51372439,.94888568,.51897091,1.0564744,.68683475,.7976172,.47007251,1.890625,1.59375,.90568781,.47222221
2735632,as-saint-etienne,618,2,fc-girondins-bordeaux,40,2,32.222221,5,14.888889,1.6666666,10.69281,6.7450981,4.9346404,2.6601307,2016,.63662261,.48102236,.66910177,.35945031,.64099884,.51961404,.68911934,.37089947,.41944444,.28020832,.6564815,.33055556
2735633,fc-lorient,1158,1,sco-angers,1420,1,0,14.277778,0,5.1111112,8.6601305,5.8039217,2.6078432,2.1307189,2016,.83704114,.49556848,1.1584015,.39547721,.77696407,.45359346,1.2397727,.45160934,.61296296,.25277779,1.3829365,.5925926
2735634,osc-lille,1082,0,fc-metz,347,2,0,0,0,0,2.2026143,.7647059,1.0196079,.17647059,2016,.74816519,.49198341,.62684202,.27238035,.78384626,.54525971,.54293448,.18322344,.71309525,.65357143,1.2244444,.40000001
2735635,olympique-marseille,244,2,ogc-nizza,417,1,2.4444444,0,1,0,2.7124183,1.751634,.92810458,.79738563,2016,.70718265,.59346491,.77462572,.48559856,.71999049,.63906372,.72310275,.48210269,.55694443,.375,.4907563,.60000002
2735636,olympique-lyon,1041,3,fc-nantes,995,2,11.111111,0,6.8333335,0,21.30719,10.03268,11.189543,3.2745099,2016,.79455918,.70405334,.88629514,.48799339,.89917433,.68363798,.87332714,.58678806,1.0893519,.62156087,.82679737,.60784316
2735637,fc-paris-saint-germain,583,5,sc-bastia,595,0,0,0,0,0,25.150328,6.7189541,17.980392,2.4183006,2016,.99695313,.79455239,.4539783,.31320944,.88947672,.79956245,.41887525,.30887941,.89107144,.90185183,.45039684,.3037037
2735638,fc-toulouse,415,0,sm-caen,1162,1,4.6111112,18.111111,2.4444444,6.4444447,9.2026148,6.6013074,2.7450981,2.5555556,2016,1.0312169,.58132505,.81863058,.41106769,1.1299008,.64253032,.80190384,.32193068,1.0666667,.4137255,.84047621,.3611111
2735639,fc-stade-rennes,273,1,hsc-montpellier,969,0,0,0,0,0,7.980392,9.2205887,2.7777777,3.7352941,2016,.46789441,.27873841,.74162126,.57069546,.51391017,.27050266,.69517702,.537624,.73148149,.39814815,.95535713,.89375001
2735640,ea-guingamp,855,4,fco-dijon,2969,0,2,0,.83333331,0,9.2679739,1.1699346,2.9673202,.41176471,2016,.62608117,.48200795,.82117939,.49870551,.57472312,.42063493,.82173723,.5264771,.54907405,.46296296,1.2335979,.82407409
2735641,as-saint-etienne,618,0,fc-paris-saint-germain,583,5,46.833332,0,21.666666,0,19.254902,18.725491,8.9803925,13.287581,2016,.84971362,.56355327,.91755825,.72141552,.78687912,.54916382,.84670079,.74085325,.63672841,.33888888,.8640756,.86666667
2735642,fc-girondins-bordeaux,40,1,olympique-marseille,244,1,5,5.0555553,1.6666666,2.1666667,7.3137255,3.4052289,2.8954248,1.2091503,2016,.66394305,.37280005,.69607151,.61928189,.68927199,.38633156,.70874709,.67610073,.66944444,.3287037,.52916664,.34722221
2735643,hsc-montpellier,969,1,olympique-lyon,1041,3,0,11,0,6.8888888,6.6143789,24.052288,2.6797385,12.862745,2016,.70555955,.53712517,.78993124,.69391221,.666049,.50599909,.90085948,.67614239,.91386557,.84117645,1.1226852,.64378309
2735644,ogc-nizza,417,0,sco-angers,1420,2,0,8,0,2.9285715,2.0761905,1.3736264,1.0285715,.52747256,2016,.68591738,.47505549,1.296621,.42389455,.56672359,.47571388,1.3874511,.444161,.53055555,.61388886,1.3911564,.58333331
2735645,sc-bastia,595,2,fc-lorient,1158,0,0,0,0,0,7.993464,6.5816994,2.8431373,1.9803921,2016,.42104718,.29584831,.81976515,.47127578,.41490701,.31443495,.76585299,.42458114,.46891534,.26666668,.64629632,.27500001
2735646,fco-dijon,2969,2,as-nancy-lorraine,1159,0,0,15.388889,0,5.5555553,1.1699346,1.6993464,.41176471,.61437911,2016,.7834897,.48365024,.91331214,.58948195,.85196078,.54904294,1.118769,.73597884,1.2963586,.84313726,1.8333334,1.4722222
2735647,as-monaco,162,4,osc-lille,1082,0,25.388889,0,12.166667,0,10.928104,3.4771242,5.3790851,1.6535947,2016,.92077124,.45719713,.63666338,.35590607,.80443537,.4505018,.70071346,.43240261,.90568781,.4138889,.70765305,.5404762
2735648,fc-nantes,995,4,ea-guingamp,855,1,0,2,0,.83333331,6.8954248,9.2483664,2.1830065,2.9607842,2016,.88629514,.48799339,.63719231,.48597619,.87332714,.58678806,.59324163,.42757937,.82679737,.60784316,.57685184,.49074075
2735649,sm-caen,1162,0,fc-stade-rennes,273,1,15.444445,0,5.4444447,0,4.8692808,7.6601305,1.8104575,2.7124183,2016,.7628175,.37995657,.49541759,.29513478,.76148993,.31018463,.54414022,.28641456,.84047621,.3611111,.77450979,.42156863
2735650,fc-metz,347,1,fc-toulouse,415,1,0,3.2222223,0,1.8888888,.66666669,6.0784316,.1503268,1.9477124,2016,.50543416,.33131811,1.0129756,.56559741,.50448716,.28427199,1.1276342,.63804561,1.1583333,.41666666,1.1333333,.43958333
2735651,as-nancy-lorraine,1159,3,as-saint-etienne,618,1,10.111111,33.1875,3.7222223,14.625,.75816995,10.208333,.26143792,4.6166668,2016,.74564338,.4248876,.95113587,.63535571,1.0454566,.55854344,.92186821,.62407464,1.7843137,1.0882353,.80826718,.38055557
2735652,fc-lorient,1158,1,fc-girondins-bordeaux,40,1,0,5,0,1.6666666,8.6993465,5.5816994,2.6470587,2.1960785,2016,.85567868,.5002045,.6472764,.34235629,.80158943,.45936042,.6752305,.3585538,.66960782,.29117647,.66574073,.31203705
2735653,osc-lille,1082,3,fc-nantes,995,0,0,0,0,0,3.9542484,8.4379082,1.8823529,2.7058823,2016,.66234809,.4065786,.87811929,.52477151,.72332513,.45448458,.85814226,.56807762,.70047617,.52111113,.82530862,.57407409
2735654,olympique-marseille,244,1,sc-bastia,595,0,1.7777778,0,.6111111,0,3.1960785,6.5882354,1.0915033,2.3398693,2016,.59104508,.44716859,.39718902,.28391343,.58825648,.47828931,.40292609,.27924976,.39027777,.18055555,.52910054,.32222223
2735655,olympique-lyon,1041,3,ogc-nizza,417,3,11.777778,0,7.3888888,0,22.941177,1.6535947,12.274509,.75816995,2016,.72166252,.58474118,.55593818,.39939564,.80383366,.58029503,.51005465,.40137362,.83379632,.47896826,.43095237,.52619046
2735656,fc-paris-saint-germain,583,1,sm-caen,1162,1,0,13.944445,0,5.1666665,19.196079,5.0849671,13.771242,2,2016,1.0545094,1.0427942,.59095603,.3232899,.95791715,1.0575933,.57644087,.21864063,1.0140756,1.1872549,.6722222,.34444445
2735657,fc-toulouse,415,0,fco-dijon,2969,0,1.9444444,0,.77777779,0,11.013072,.97385621,3.2287581,.35947713,2016,.91100121,.54679048,.73536134,.45578647,.88480699,.55975723,.78333336,.50982726,.94901961,.45294118,1.2492998,.84313726
2735658,sco-angers,1420,2,hsc-montpellier,969,0,12.055555,0,4.3888888,0,4.3202615,6.1699347,1.6274509,2.5490196,2016,1.2393539,.4044821,.68623179,.53026241,1.3227974,.46781304,.64167923,.50179738,1.5449735,.64814812,.9579832,.89999998
2735659,fc-stade-rennes,273,2,as-monaco,162,3,0,23.833334,0,11.333333,9.2549019,7.6797385,3.1764705,3.8888888,2016,.46447107,.22506559,.88985795,.42329189,.51737678,.20424837,.77236468,.40946645,.75882351,.44117647,.88346559,.37222221
2735660,ea-guingamp,855,1,fc-metz,347,0,2,0,.83333331,0,7.1437907,.4379085,2.3006537,.098039217,2016,.47614479,.36750421,.61565697,.41453362,.41334319,.26645657,.60099208,.35464418,.41470587,.34313726,1.1880952,.47619048
2817414,fc-metz,347,0,olympique-lyon,1041,3,0,12.888889,0,8,.64705884,28.300653,.065359481,15.039216,2016,.45306361,.30455115,.62746942,.56728083,.48242632,.37556252,.67299807,.55032867,1.2619047,.5,.89629632,.57314813
2848788,sc-bastia,595,0,olympique-lyon,1041,0,0,8.1111107,0,5.1111112,7.352941,9.6339865,2.5424836,4.9084969,2016,.42104718,.29584831,1.1043062,.519472,.41490701,.31443495,1.1893431,.53048128,.46891534,.26666668,1.2808824,.5669468
2890514,as-monaco,162,3,fc-toulouse,415,2,31,15,19.888889,4.2777777,14.150327,13.934641,9.7254906,3.7320261,2017,.99145758,.63672745,.5766291,.31907421,.97276032,.64191687,.49834147,.33458117,1.2928572,1.0129629,.3848545,.16388889
2890515,fc-paris-saint-germain,583,2,sc-amiens,1416,0,24.444445,0,17.333334,0,24.424837,0,17.69281,0,2017,.92702425,.81410432,.58735037,.54550266,.88806057,.78096426,.76752645,.79158247,1.3148148,.82685184,.94117647,1.1176471
2890516,olympique-lyon,1041,4,racing-strassburg,667,0,25.333334,3.5555556,13.833333,.83333331,16.588236,.039215688,8.4248362,.026143791,2017,.90982765,.48139593,1.0379323,.50897002,.95198661,.50128073,1.1369488,.61186266,.72685188,.48518518,1.1138889,.65277779
2890517,fc-metz,347,1,ea-guingamp,855,3,7.1111112,21.5,2.0555556,7.8888888,9.9673204,15.379085,3,5.4117646,2017,.60434169,.38705862,.58047378,.43962973,.54916394,.27055591,.58285326,.46775693,.55882353,.40686274,.80925924,.59444445
2890518,hsc-montpellier,969,1,sm-caen,1162,0,0,30.888889,0,9.8888893,10.895425,11.96732,3.6078432,3.7777777,2017,.75074768,.47363895,.77586615,.46129203,.66092944,.43417367,.77672261,.47981957,.58496732,.32899159,.99439776,.63725489
2890519,as-saint-etienne,618,1,ogc-nizza,417,0,0,20.222221,0,11.777778,12.764706,10.869281,4.8039217,6.1111112,2017,.62666112,.39973211,.43030781,.33474368,.5936029,.41807267,.45417529,.42347082,.46309525,.33333334,.49907407,.42962962
2890520,es-troyes-ac,1095,1,fc-stade-rennes,273,1,0,11.777778,0,3.2777777,.7647059,6.1764708,.20261438,1.7581699,2017,.84033722,.50339508,.75907761,.40600541,.98972183,.59144622,.9579891,.49867725,.95648146,.64351851,1.0138888,.6574074
2890521,osc-lille,1082,3,fc-nantes,995,0,0,0,0,0,2.5947711,16.836601,.98692811,5.986928,2017,.64460182,.39479843,.83532262,.43642411,.67323118,.44872662,.68163288,.39709395,.7829293,.35396826,.66666669,.32222223
2890522,sco-angers,1420,2,fc-girondins-bordeaux,40,2,33.777779,22.444445,11.555555,8.7777777,14.627451,9.8954248,4.8366013,4.1111112,2017,.78336126,.36808094,.66750634,.36378032,.8493827,.44708994,.62479156,.34943116,1.1925926,.78703701,.77592593,.4968254
2890523,olympique-marseille,244,3,fco-dijon,2969,0,22.444445,11.5,10.444445,2.4444444,11.941176,6.1895423,4.8496733,1.2875817,2017,.83833545,.76974392,.60578465,.3524915,.73547751,.7151947,.6721561,.43167388,.97751325,.80740738,.5112434,.26759258
2891822,ogc-nizza,417,1,es-troyes-ac,1095,2,19.5,0,11.222222,0,11.385621,1.0915033,6.3071895,.26797387,2017,.42433786,.351735,.82434392,.47814253,.47555578,.45246914,.97517157,.56763667,.57314813,.47592592,.97037035,.64351851
2891823,fc-stade-rennes,273,1,olympique-lyon,1041,2,12.222222,25.333334,3.3888888,13.833333,6.6666665,16.588236,1.9019607,8.4248362,2017,.75907761,.40600541,.90982765,.48139593,.9579891,.49867725,.95198661,.50128073,1.0138888,.6574074,.72685188,.48518518
2891824,fc-nantes,995,0,olympique-marseille,244,1,0,19.5,0,9,8.9411764,13.267974,3.137255,5.5424838,2017,.67863363,.35751688,.76013827,.61635703,.55136085,.36909172,.65032303,.51889837,.57407409,.31481481,.93955028,.68518519
2899539,ea-guingamp,855,0,fc-paris-saint-germain,583,3,22.777779,25.666666,8.4444447,18.166666,16.549019,33.137257,6.013072,23.61438,2017,.51751077,.43169323,1.2241898,1.0219344,.53523421,.43865642,1.3350003,1.0876441,.80925924,.60370368,1.612963,1.2416667
2899540,fco-dijon,2969,1,as-monaco,162,4,16.333334,38.5,3.3333333,24.111111,8.3986931,15.163399,1.7581699,10.20915,2017,.40564221,.26981953,1.0611095,.66955572,.50099206,.35230881,1.0285804,.67432427,.39550266,.19351852,1.3373016,1.062963
2899541,racing-strassburg,667,3,osc-lille,1082,0,3.5555556,0,.83333331,0,.039215688,2.5947711,.026143791,.98692811,2017,1.0379323,.50897002,.64460182,.39479843,1.1369488,.61186266,.67323118,.44872662,1.1138889,.65277779,.7829293,.35396826
2900824,sc-amiens,1416,0,sco-angers,1420,2,0,28.166666,0,9.6111107,0,12.189543,0,4.0522876,2017,.63488126,.44828042,.84817606,.39714077,.85085976,.74158251,.92160493,.48082012,1.1176471,1.0294118,1.7203704,.81481481
2900825,fc-girondins-bordeaux,40,2,fc-metz,347,0,21.666666,12.944445,8.5,3.6111112,8.9346409,7.359477,3.7647059,2.1633987,2017,.7622357,.41545087,.51133645,.37155059,.71485889,.39549005,.46085858,.25649646,.93333334,.58015871,.44999999,.36764705
2900826,sm-caen,1162,0,as-saint-etienne,618,1,35.222221,0,11.111111,0,14.24183,11.79085,4.5555553,4.4967322,2017,.77757555,.46592164,.7002722,.43147814,.78413004,.48676401,.66503149,.43659118,.97478992,.63725489,.55568784,.35185185
2900827,fc-toulouse,415,1,hsc-montpellier,969,0,14.888889,0,4.2222223,0,12.496732,10.411765,3.2418301,3.4705882,2017,.65568888,.35190248,.74051845,.42488298,.57099104,.35983369,.68399268,.40388006,.54474789,.25196078,.78518516,.34722221
2901015,osc-lille,1082,0,sm-caen,1162,2,0,30.166666,0,9.4444447,1.9607843,9.960784,.74509805,3.1764705,2017,.62408322,.35127705,.83313113,.50758833,.63932538,.38369223,.83968562,.5284307,.75211811,.33163264,1.0630252,.66666669
2901016,olympique-lyon,1041,3,fc-girondins-bordeaux,40,3,24.555555,21.666666,13.277778,8.5,14.843137,8.9346409,7.5555553,3.7647059,2017,.89864439,.43642241,.7622357,.41545087,.97091216,.4799132,.71485889,.39549005,.7638889,.48518518,.93333334,.58015871
2901017,olympique-marseille,244,1,sco-angers,1420,1,18.444445,26.833334,8.5555553,9.2777777,11.568627,10.679739,4.8104577,3.6928105,2017,.73421234,.53404707,.87198561,.41380742,.65212679,.49197531,.92777777,.50462961,.92103177,.68518519,1.7388889,.81481481
2901018,fc-metz,347,0,as-monaco,162,1,6.1111112,30.5,1.6111112,19.222221,6.1503267,10.562092,1.751634,7.0915031,2017,.48546916,.33411744,.96230006,.89680028,.43291742,.20607628,.94889992,.91973537,.43125001,.328125,1.1882275,1.2203704
2901019,hsc-montpellier,969,1,racing-strassburg,667,1,0,3.5555556,0,.83333331,11.908497,.039215688,4.1437907,.026143791,2017,.84322822,.4995493,.86413789,.50753689,.7679556,.46358544,.86710805,.59720099,.84477127,.34859943,.80686277,.57156861
2901020,ogc-nizza,417,2,ea-guingamp,855,0,19.888889,22.055555,11.555555,7.9444447,11.320261,15.091503,6.359477,5.2026143,2017,.62665677,.49236435,.49780181,.41826221,.64453727,.59228396,.49370784,.40161937,.7953704,.75370371,.59629631,.45555556
2901021,fc-paris-saint-germain,583,6,fc-toulouse,415,2,23.277779,15.055555,16.555555,4.2777777,24.052288,15.294118,17.509804,4.019608,2017,1.2037634,1.0296109,.740345,.42945534,1.2681118,1.0341829,.68271947,.42906445,1.587963,1.275,.47744709,.29351851
2901022,fc-stade-rennes,273,2,fco-dijon,2969,2,19.444445,19.5,5.8888888,4,6.8758168,11.862745,2.1176472,2.5294118,2017,.68265414,.43962365,.56969452,.35597643,.80046141,.45485008,.66509461,.45508659,.87037039,.62962961,.50105822,.26759258
2901023,as-saint-etienne,618,3,sc-amiens,1416,0,0,0,0,0,11.79085,0,4.4967322,0,2017,.7002722,.43147814,.81363422,.68240738,.66503149,.43659118,1.1035053,1.0054713,.55568784,.35185185,1.4444444,1.2777778
2901024,es-troyes-ac,1095,0,fc-nantes,995,1,0,0,0,0,.88235295,7.4640522,.22222222,2.4183006,2017,.82434392,.47814253,.81956679,.49538401,.97517157,.56763667,.6619615,.55784833,.97037035,.64351851,.62685186,.47499999
2901090,as-monaco,162,6,olympique-marseille,244,1,38.722221,17.555555,24.722221,8.2222223,18.143791,12.006536,12.320261,4.9411764,2017,1.0132524,.66669822,.70475423,.57312292,1.0021254,.68322742,.60849077,.48275515,1.2789682,1.0407407,.83305323,.69607842
2901091,sc-amiens,1416,3,ogc-nizza,417,0,0,16.722221,0,9.666667,0,7.647059,0,4.2810459,2017,.81018358,.6883598,.52006543,.40323764,1.1008598,1.0092592,.54274535,.49624184,1.4351852,1.2777778,.56764704,.60196078
2901092,sco-angers,1420,1,osc-lille,1082,1,28.388889,0,9.7222223,0,11.562092,2.1764705,3.8104575,.82352942,2017,.69689065,.40716091,.57263142,.32566965,.70246911,.47949734,.57817912,.35752615,1.1555556,.4537037,.65197688,.24285714
2901093,fc-girondins-bordeaux,40,2,es-troyes-ac,1095,1,21.666666,0,8.5,0,8.9346409,1.0915033,3.7647059,.26797387,2017,.7622357,.41545087,.82434392,.47814253,.71485889,.39549005,.97517157,.56763667,.93333334,.58015871,.97037035,.64351851
2901094,sm-caen,1162,1,fc-metz,347,0,29.5,14.166667,9.0555553,4.0555553,8.6078434,6.7254901,2.7777777,2.0196078,2017,.70316315,.48933434,.44859132,.22554219,.76857769,.50440067,.46106866,.18590821,1.0532213,.66666669,.27500001,.265625
2901095,fco-dijon,2969,2,hsc-montpellier,969,1,15.055555,0,3.2222223,0,7.9673204,13.986928,1.6797385,4.993464,2017,.69153965,.41191354,.80349201,.48138651,.74636245,.5189755,.76982403,.46208113,.48716933,.26759258,.85339504,.36626983
2901096,ea-guingamp,855,2,racing-strassburg,667,0,21.944445,3.5555556,8,.83333331,16.117647,.039215688,5.6601305,.026143791,2017,.525684,.43070117,.9545989,.47193301,.53408784,.42821869,1.0017637,.55630714,.82314813,.62222224,1.0064815,.5787037
2901097,fc-nantes,995,0,olympique-lyon,1041,0,0,23.222221,0,12.777778,6.8366013,11.915032,2.2156863,6.1895423,2017,.63825148,.350256,.88035733,.43023998,.50629908,.42863247,.97333717,.48050675,.60648149,.42685184,.74768519,.5314815
2901098,fc-paris-saint-germain,583,3,as-saint-etienne,618,0,22.777779,0,16.166666,0,17.843138,14.163399,12.96732,5.7189541,2017,1.2414618,1.0257864,.65239209,.4188731,1.2988658,1.0110348,.61212146,.42312318,1.6171297,1.2472222,.49087301,.33333334
2901099,fc-toulouse,415,3,fc-stade-rennes,273,2,19.555555,19.277779,5.9444447,5.7222223,14.274509,6.7712417,3.6862745,1.8888888,2017,.70948076,.39473313,.64098746,.37039289,.65031201,.39335015,.75681061,.40238094,.4712185,.25196078,.77777779,.56481481
2901108,sm-caen,1162,2,fco-dijon,2969,1,22.222221,16.333334,6.7222223,3.4444444,5.5751634,7.4705882,1.7124183,1.5686275,2017,.75293165,.5001809,.64306468,.39501539,.81499422,.5145418,.67529762,.49422801,1.082633,.65196079,.38994709,.20833333
2901109,osc-lille,1082,0,fc-girondins-bordeaux,40,0,0,19.944445,0,7.9444447,1.8888888,7.8039217,.72549021,3.3202615,2017,.46335185,.25729844,.85387862,.47656199,.47010618,.27511552,.82319224,.47573698,.37181818,.26507938,1.1925926,.59867728
2901110,olympique-lyon,1041,2,ea-guingamp,855,1,20.333334,20.555555,11.166667,7.5555553,9.7777777,12.647058,5.006536,4.5098038,2017,.88452399,.43179277,.52875036,.38816962,.96760523,.48240611,.56138861,.39720017,.74768519,.5314815,.6703704,.47407407
2901111,olympique-marseille,244,1,fc-stade-rennes,273,3,22.555555,10.444445,10.555555,3.1666667,10.320261,4.2418299,4.4901962,1.3725491,2017,.72674114,.70825809,.78676271,.48358732,.67601222,.66870284,.9499169,.54797977,.82913166,.70784312,.99537039,.6574074
2901112,fc-metz,347,1,fc-paris-saint-germain,583,5,12,22.166666,3.4444444,15.666667,5.9411764,20.261438,1.8235294,14.640523,2017,.60945004,.42881864,1.2883383,.86953032,.49244228,.30957469,1.3692436,.86935794,.46203703,.34722221,1.8449074,1.3416667
2901113,hsc-montpellier,969,0,fc-nantes,995,1,0,0,0,0,15.921569,6.6143789,5.7058825,2.3725491,2017,.8142243,.48932302,.71274644,.40313122,.77831167,.47001764,.58531147,.47647199,.85339504,.38478836,.625,.46388888
2901114,ogc-nizza,417,4,as-monaco,162,0,14,35.777779,8.1111107,22.222221,7.006536,12.562092,3.8954248,8.3660135,2017,.61213851,.43978676,1.060554,.68122351,.65603089,.53758168,1.0662788,.70390642,.87647057,.57745099,1.5604497,1.0129629
2901115,as-saint-etienne,618,1,sco-angers,1420,1,0,28.833334,0,10,9.679739,13.124183,3.6013072,4.3725491,2017,.54547203,.3786228,.82692724,.39297199,.51360953,.39953411,.86280864,.45304233,.6564815,.47685185,1.2851852,.67592591
2901116,racing-strassburg,667,0,sc-amiens,1416,1,3.5555556,0,.83333331,0,.18954249,.4509804,.05882353,.13071896,2017,.82537186,.29203883,.89798647,.58854407,.91115522,.37112194,1.1017551,.83752203,.93703705,.375,1.375,.9861111
2901117,es-troyes-ac,1095,0,fc-toulouse,415,0,0,21.444445,0,6.5,.64705884,17.90196,.1503268,4.5294118,2017,.68850756,.33925363,.65366995,.38078487,.88434267,.43271604,.58252949,.3873978,.92870373,.50925928,.45892859,.29351851
2901118,sc-amiens,1416,0,olympique-marseille,244,2,0,21.055555,0,9.833333,.4509804,8.3660135,.13071896,3.6339869,2017,.95000666,.60495824,.75513208,.66854733,1.1422313,.83950615,.68703705,.62251389,1.4675926,1.0694444,.78306878,.58518517
2901119,sco-angers,1420,0,fc-metz,347,1,30.777779,2.7222223,10.722222,.83333331,13.464052,4.7777777,4.4836602,1.385621,2017,.77908778,.37271056,.5403617,.40317762,.84243828,.43915343,.49641055,.30031544,1.1740741,.78703701,.48921567,.36764705
2901120,fco-dijon,2969,0,as-saint-etienne,618,1,16.444445,0,3.4444444,0,8.6209154,10.620915,1.8758169,4.2810459,2017,.68058908,.40195984,.67346084,.42301565,.7408247,.5081169,.64509684,.3900066,.45476189,.20833333,.62314814,.45462963
2901121,ea-guingamp,855,1,osc-lille,1082,0,21.333334,0,7.8888888,0,15.339869,1.8888888,5.653595,.72549021,2017,.57518274,.46740752,.46090862,.27445167,.56698024,.44791567,.46811327,.29345655,.80925924,.60370368,.39837661,.2840136
2901122,as-monaco,162,3,racing-strassburg,667,0,28.111111,1.7222222,17.722221,.3888889,8.0784311,.1633987,5.4575162,.039215688,2017,1.0099367,.60115814,.96215844,.4604781,1.0007517,.60597193,1.0312792,.5542717,1.4771163,.8425926,1.0264705,.55392158
2901123,fc-nantes,995,1,sm-caen,1162,0,0,27.222221,0,8.333333,6.973856,8.0784311,2.3202615,2.5359478,2017,.80598652,.46852198,.7903533,.48548567,.65753365,.54327095,.7138921,.42459419,.70833331,.48240742,1.0581232,.59313726
2901124,fc-stade-rennes,273,0,ogc-nizza,417,1,17.222221,18.888889,5.1111112,11,5.013072,11.019608,1.4052287,6.1241832,2017,.71048069,.46506882,.54070991,.410566,.8028695,.47637486,.56741852,.49346405,.76851851,.5462963,.68529409,.48431373
2901125,fc-toulouse,415,0,fc-girondins-bordeaux,40,1,23,19.944445,6.8333335,7.9444447,20.333334,7.8039217,5.1307192,3.3202615,2017,.65366995,.38078487,.85387862,.47656199,.58252949,.3873978,.82319224,.47573698,.45892859,.29351851,1.1925926,.59867728
2901126,es-troyes-ac,1095,0,hsc-montpellier,969,1,0,0,0,0,.58823532,14.287581,.11764706,4.980392,2017,.65562356,.36147586,.70665556,.44626746,.78775173,.46049383,.66453499,.4329806,.85462964,.58796299,.63117284,.36626983
2901127,fc-paris-saint-germain,583,2,olympique-lyon,1041,0,22.166666,20.833334,15.666667,11.277778,20.117647,8.5882349,14.601307,4.4509802,2017,1.2883383,.86953032,.89146847,.58029705,1.3692436,.86935794,.9731608,.61087835,1.8449074,1.3416667,.76157409,.67962962
2901140,fc-girondins-bordeaux,40,3,ea-guingamp,855,1,19.944445,21.333334,7.9444447,7.8888888,7.8039217,15.771242,3.3202615,5.7581701,2017,.85387862,.47656199,.57518274,.46740752,.82319224,.47573698,.56698024,.44791567,1.1925926,.59867728,.80925924,.60370368
2901141,sm-caen,1162,1,sc-amiens,1416,0,31.833334,0,9.833333,0,12.522876,.4509804,3.9738562,.13071896,2017,.64002651,.41195625,.89798647,.58854407,.59918624,.35596675,1.1017551,.83752203,.53050596,.41145834,1.375,.9861111
2901142,osc-lille,1082,0,as-monaco,162,4,0,33.222221,0,20.611111,1.8888888,10.470589,.72549021,7.0326796,2017,.51741654,.31572151,.96487278,.60620958,.54488093,.35083029,.92738992,.60324168,.48766235,.35544217,1.1064814,.82407409
2901143,olympique-lyon,1041,3,fco-dijon,2969,3,19.111111,14.777778,10.555555,3.1111112,9.5686274,6.8823528,4.9411764,1.5228758,2017,.81423676,.60613555,.57212347,.35039291,.84658498,.64061064,.63596356,.44435427,.80208331,.70625001,.38730159,.21203704
2901144,olympique-marseille,244,2,fc-toulouse,415,0,21.055555,23,9.833333,6.8333335,9.6209154,20.117647,4.0784316,5.1111112,2017,.73705161,.63434422,.67904925,.39583105,.65938377,.56928104,.60209006,.40178254,.80462188,.50196081,.4712185,.31078431
2901145,fc-metz,347,0,es-troyes-ac,1095,1,12.166667,0,3.5555556,0,4.8888888,.33986929,1.4640523,.045751635,2017,.45907408,.29090908,.55840135,.24639651,.45443523,.25428367,.70534432,.32854939,.25370371,.2361111,.80185187,.4212963
2901146,hsc-montpellier,969,0,fc-paris-saint-germain,583,0,0,23.777779,0,16.888889,16.254902,24.202614,5.7385621,17.562092,2017,.76992714,.48453906,.97899485,.64650297,.69189191,.4514991,.9355315,.59713572,.63425928,.35833332,1.5078703,.91574073
2901147,ogc-nizza,417,2,sco-angers,1420,2,17,30.555555,9.833333,10.555555,8.3725491,14.111111,4.640523,4.7843137,2017,.61882937,.44137833,.76104409,.36889791,.61398715,.51062089,.78225309,.41931218,.64607841,.58235294,.74814814,.62037039
2901148,as-saint-etienne,618,2,fc-stade-rennes,273,2,0,17.5,0,5.2222223,9.9019604,5.1111112,3.6535947,1.4705882,2017,.68457198,.43888867,.64103621,.46506882,.64509684,.3900066,.73342508,.47637486,.62314814,.45462963,.69907409,.5462963
2901149,racing-strassburg,667,1,fc-nantes,995,2,0,0,0,0,.026143791,4.8954248,.019607844,1.6993464,2017,.95415974,.46902296,.82949078,.484395,.99845678,.5483706,.68531144,.55914396,1.0064815,.5787037,.74537039,.5009259
2901315,sco-angers,1420,3,olympique-lyon,1041,3,31.833334,21.777779,10.833333,11.888889,15.379085,11.150327,5.0457516,5.640523,2017,.83120078,.38834238,.92341292,.63615787,.86975306,.46097884,1.0030991,.68456662,1.3037037,.67592591,.83796299,.74444443
2901316,fco-dijon,2969,1,racing-strassburg,667,1,16.166666,0,3.3888888,0,7.1503267,.026143791,1.6078432,.019607844,2017,.57212347,.35039291,.95415974,.46902296,.63596356,.44435427,.99845678,.5483706,.38730159,.21203704,1.0064815,.5787037
2901317,ea-guingamp,855,1,fc-toulouse,415,1,22.428572,9.8571424,8.1428576,3.2857144,16.472527,6.7619047,5.8461537,1.8571428,2017,.61678082,.52546549,.42069596,.21794258,.62850362,.52556688,.37457874,.23622377,.9488095,.71428573,.73333335,.33333334
2901318,as-monaco,162,1,hsc-montpellier,969,1,36.555557,0,22.944445,0,15.725491,16.254902,10.300653,5.7385621,2017,1.030737,.68519175,.76992714,.48453906,1.038942,.70853609,.69189191,.4514991,1.5062169,.99444443,.63425928,.35833332
2901319,fc-nantes,995,1,fc-metz,347,0,0,9.833333,0,2.7222223,8.8692808,4.5555553,3.1895425,1.3137255,2017,.83191246,.46852198,.40574631,.25734428,.69086701,.54679829,.40196609,.22253765,.7361111,.48240742,.23981482,.2361111
2901320,ogc-nizza,417,2,olympique-marseille,244,4,19.888889,20.944445,11.555555,9.7777777,12.156863,9.4444447,6.7712417,4.013072,2017,.52394384,.38570097,.96586007,.71685648,.54519629,.45359477,.89463937,.6661647,.73235291,.48039216,1.0330688,.62962961
2901321,fc-paris-saint-germain,583,6,fc-girondins-bordeaux,40,2,22.555555,19.944445,16.111111,7.9444447,19.555555,7.8039217,14.202615,3.3202615,2017,1.3836627,1.0881866,.85387862,.47656199,1.4942834,1.0935745,.82319224,.47573698,1.9893519,1.4972222,1.1925926,.59867728
2901322,fc-stade-rennes,273,0,sm-caen,1162,1,16.388889,26.555555,4.8888888,8.1111107,4.4444447,8.5751638,1.3594772,2.6732025,2017,.67121786,.36084279,.7944383,.56195623,.83064729,.40291807,.80833656,.57001901,.85185188,.5,.70238096,.63020831
2901323,es-troyes-ac,1095,2,as-saint-etienne,618,1,0,0,0,0,.503268,13.843137,.078431375,5.2352943,2017,.64586824,.26147586,.72922528,.47018969,.8696962,.34938273,.68927372,.44099265,.89907408,.43518519,.73981482,.54351854
2903926,fc-girondins-bordeaux,40,1,fc-nantes,995,1,16.777779,0,6.6666665,0,4.9150329,7.019608,2.1241829,2.4248366,2017,.75589454,.46047738,.40803549,.32322282,.75788981,.4550584,.36833614,.39594355,1.1098039,.53585434,.31018519,.2824074
2903927,sm-caen,1162,0,sco-angers,1420,2,25.222221,23.777779,7.9444447,8.0555553,7.1503267,9.2810459,2.2810457,3.1241829,2017,.77875203,.53686976,.79098237,.39089239,.79223752,.57982296,.87669754,.47023809,1.0416666,.78645831,1.7342592,.8425926
2903928,fco-dijon,2969,1,fc-paris-saint-germain,583,2,16.944445,18.277779,3.5555556,13.055555,8.7320261,11.437908,1.9150326,8.2614384,2017,.58297873,.3622393,1.1235381,1.0828067,.63270503,.43740982,1.2176495,1.064881,.45767197,.26759258,1.4217592,1.375
2903929,ea-guingamp,855,2,fc-stade-rennes,273,0,18.611111,12.944445,6.8333335,3.7777777,12.509804,2.3333333,4.4248366,.69281048,2017,.58566695,.41451442,.63329047,.34100151,.5681448,.38654509,.80244213,.40291807,.60092592,.32592592,.85185188,.5
2903930,osc-lille,1082,2,es-troyes-ac,1095,2,0,0,0,0,1.7385621,.32026145,.66666669,.078431375,2017,.46681482,.28838173,.5957945,.33117285,.49058124,.32132083,.72714567,.42962962,.44232956,.31101191,.79907405,.56018519
2903931,olympique-lyon,1041,3,as-monaco,162,2,16.277779,29.055555,8.666667,18.388889,9.3725491,9.7254906,4.6339869,6.4901962,2017,.84779358,.60900593,.74330264,.52060288,.89920378,.65234911,.8036359,.526963,.77450979,.75882351,1.2506614,.7962963
2903932,hsc-montpellier,969,2,ogc-nizza,417,0,0,15.555555,0,9,15.202615,8.3267975,5.359477,4.640523,2017,.84745681,.4867647,.49060878,.37695432,.79556274,.47805789,.51583356,.45524693,.92450982,.42647058,.68888891,.46203703
2903933,as-saint-etienne,618,3,fc-metz,347,1,0,9.5555553,0,2.5,11.385621,3.1699347,4.0522876,.83006537,2017,.65636778,.49515235,.51724571,.29963151,.60905188,.45702291,.4449389,.24543202,.5472222,.47499999,.25392157,.25
2903934,racing-strassburg,667,3,olympique-marseille,244,3,0,22.555555,0,10.555555,0,10.320261,0,4.4901962,2017,.90018201,.4954308,.89709461,.71721959,1.0140412,.60910493,.84605831,.6752035,.90462965,.66018516,1.0330688,.71296299
2903935,fc-toulouse,415,1,sc-amiens,1416,0,21.222221,0,6.3333335,0,17.921568,.4509804,4.5294118,.13071896,2017,.59282339,.31316793,.86756319,.53298855,.53252953,.31730121,.98138481,.6708554,.5535714,.29607844,1.2361112,.70833331
2903936,sc-amiens,1416,1,fc-girondins-bordeaux,40,0,0,18.5,0,7.2222223,.4509804,5.7843137,.13071896,2.4705882,2017,.88003772,.55163932,.73954141,.44045088,1.0798416,.74029982,.7324515,.42977735,1.3842592,.9861111,1.0481482,.50608468
2903937,sco-angers,1420,0,fc-toulouse,415,1,32.388889,19.833334,10.833333,5.9444447,14.941176,15.091503,4.7254901,4.026144,2017,.80650944,.37111124,.55618322,.30947077,.8759259,.45171958,.516765,.30117846,1.5814815,.75,.41911766,.19803922
2903938,fc-metz,347,1,fco-dijon,2969,2,9.2222223,16.944445,2.5,3.5555556,3.0588236,8.7320261,.83660132,1.9150326,2017,.50155944,.30497909,.58297873,.3622393,.4169977,.24543202,.63270503,.43740982,.25392157,.25,.45767197,.26759258
2903939,as-monaco,162,2,sm-caen,1162,0,36.833332,25.277779,23.055555,7.7222223,13.156863,7.5163398,8.7450981,2.3986928,2017,.85134548,.54962724,.89860493,.58086383,.85296315,.54507452,.91101038,.60760075,1.4425926,.8296296,1.2023809,.81770831
2903940,fc-nantes,995,2,ea-guingamp,855,1,0,19.166666,0,7.0555553,8.6078434,12.169934,3.0653596,4.3986926,2017,.76586306,.45020697,.46146443,.38883099,.61741024,.52495593,.4619177,.38344866,.64814812,.4675926,.60092592,.42777777
2903941,ogc-nizza,417,1,racing-strassburg,667,2,14.888889,0,8.6111107,0,6.980392,0,3.8104575,0,2017,.51702166,.39858246,.90018201,.4954308,.53821009,.49058643,1.0140412,.60910493,.49444443,.55462962,.90462965,.66018516
2903942,fc-stade-rennes,273,1,osc-lille,1082,0,13.277778,0,4,0,7.1437907,1,2.3202615,.37908497,2017,.62042022,.27658945,.48340392,.29747701,.81601375,.37037036,.50561756,.32890338,.86574072,.51851851,.44515151,.31507936
2903943,as-saint-etienne,618,0,hsc-montpellier,969,1,0,0,0,0,10.980392,11.751634,4.2156863,4.0718956,2017,.69255197,.4986797,.72285926,.41147912,.64512694,.4553394,.69623017,.40520284,.63981479,.49351853,.85154319,.39219576
2903944,es-troyes-ac,1095,0,olympique-lyon,1041,5,0,21.777779,0,11.888889,.24183007,11.150327,.071895428,5.640523,2017,.52845442,.24531426,.91600549,.59382981,.67317742,.3214947,.99075341,.64444315,.73240739,.39351851,.80092591,.65185183
2903945,olympique-marseille,244,2,fc-paris-saint-germain,583,2,21.5,23.277779,10.111111,16.555555,10.071896,24.477123,4.3725491,17.810457,2017,.94919336,.6901021,1.3123492,1.0851665,.89247489,.68686068,1.3770862,1.0860348,1.056217,.71296299,1.7453704,1.3398148
2942650,fc-paris-saint-germain,583,3,ogc-nizza,417,0,23.555555,16.166666,16.944445,9.4444447,23.705883,7.9215684,17.241831,4.5359478,2017,1.1137637,.92796111,.57056105,.40296841,1.0841824,.86103481,.56598788,.46836421,1.6523148,1.0601852,.59629631,.53611112
2942651,fc-girondins-bordeaux,40,0,as-monaco,162,2,19.666666,35.944443,7.7222223,22.444445,6.9607844,11.568627,2.9477124,7.640523,2017,.74880069,.44508049,.77390957,.55954063,.74356264,.43533292,.82765448,.54436225,1.0481482,.50608468,1.3101852,.7962963
2942652,fco-dijon,2969,1,fc-nantes,995,0,14.722222,0,3.1666667,0,7.9084969,10.810457,1.7647059,3.9150326,2017,.68675679,.40841302,.83808529,.48909584,.71804875,.4905844,.69765711,.56816578,.55859786,.32777777,.72222221,.4861111
2942653,ea-guingamp,855,1,sc-amiens,1416,1,19.833334,0,7,0,11.973856,0,4.0849671,0,2017,.58387083,.45733425,.89401817,.58060759,.57892352,.4327091,1.1017551,.83752203,.65925926,.47407407,1.375,.9861111
2942654,hsc-montpellier,969,0,fc-stade-rennes,273,1,0,10.944445,0,3.2222223,11.797385,5.3790851,4.1764708,1.751634,2017,.76538038,.43568376,.41092947,.21248689,.73718488,.42903829,.51045823,.26543209,.90163398,.4152661,.54166669,.3888889
2942655,racing-strassburg,667,2,sco-angers,1420,2,0,27.833334,0,9.4444447,0,12.189543,0,4.006536,2017,.89513153,.49038029,.80650944,.37111124,1.00293,.59799385,.89290124,.46792328,.90462965,.66018516,1.7037038,.82407409
2942656,sm-caen,1162,1,es-troyes-ac,1095,0,29,0,8.9444447,0,9.9477119,.57516342,3.2222223,.12418301,2017,.89572144,.57718736,.58431524,.27561727,.90414762,.6010648,.73378348,.35235891,1.2023809,.81770831,.78796297,.4212963
2942657,olympique-lyon,1041,2,fc-metz,347,0,24,0,13,0,12.51634,4.6274509,6.3790851,1.3986928,2017,.91600549,.59382981,.44490197,.31336898,.99075341,.64444315,.44734317,.26924154,.80092591,.65185183,.26862746,.25
2942658,fc-toulouse,415,0,as-saint-etienne,618,0,20.055555,0,6,0,15.320261,15.477124,3.8431373,6.0522876,2017,.68144774,.3494927,.50876248,.33850944,.63129497,.345079,.48393464,.30163354,.52281743,.22407408,.37314814,.22685185
2942659,osc-lille,1082,0,olympique-marseille,244,1,0,18.222221,0,8.6111107,2.1568627,9.2745094,.83006537,4.0522876,2017,.47335076,.28838173,.84341335,.55073857,.50038517,.32132083,.77023602,.49526522,.44232956,.31101191,.99140209,.59074074
2942660,fc-stade-rennes,273,1,fc-girondins-bordeaux,40,0,11.166667,19.666666,3.2777777,7.7222223,5.4901962,6.7124181,1.7843137,2.856209,2017,.68968189,.36179245,.70334613,.42038915,.86515909,.43378228,.69417989,.4115234,.86574072,.5,.93703705,.4505291
2942661,sco-angers,1420,0,fc-paris-saint-germain,583,5,25.666666,21.277779,8.833333,15.388889,10.79085,17.274509,3.6209149,12.777778,2017,.81505644,.38500011,.99868429,.71885693,.89984566,.46792328,.96306562,.68496644,1.7037038,.82407409,1.511574,.94907409
2942662,as-monaco,162,6,ea-guingamp,855,0,29.444445,19.833334,18.222221,7.0555553,7.7385621,12.705882,5.0392156,4.2745099,2017,.96429759,.48908341,.52752161,.34683365,1.0077318,.50839359,.55389303,.39884669,1.4962963,.70185184,.62870371,.42777777
2942663,es-troyes-ac,1095,3,racing-strassburg,667,0,0,0,0,0,.16993465,0,.026143791,0,2017,.52845442,.24531426,.89676553,.32920814,.67317742,.3214947,1.0688031,.44455469,.73240739,.39351851,1.0574074,.49351853
2942664,fc-metz,347,0,osc-lille,1082,3,0,0,0,0,5.1241832,2.0653596,1.4575163,.79084969,2017,.45606336,.31336898,.46186832,.28426528,.45322552,.26924154,.482687,.31862119,.26862746,.25,.41631016,.2927171
2942665,fc-nantes,995,2,fc-toulouse,415,1,0,10.111111,0,3,9.1699343,8.2222223,3.4640522,2.4379084,2017,.86777657,.51786619,.59717727,.3155421,.71908796,.6015873,.51727378,.28026417,.7647059,.5147059,.47514006,.26666668
2942666,hsc-montpellier,969,1,sc-amiens,1416,1,0,0,0,0,11.882353,.49019608,4.1568627,.14379086,2017,.75526667,.46879834,.7881214,.50439376,.72009057,.45458555,.9140771,.67394179,.83796299,.39537036,1.2303921,.7352941
2942667,ogc-nizza,417,1,fco-dijon,2969,0,15.833333,17,9,3.6470587,7.0784316,9.5073528,3.8823528,2.1544118,2017,.55349272,.34123826,.58242136,.38756552,.55124205,.37826797,.63863212,.46902215,.57745099,.24901961,.55714285,.34705883
2942668,olympique-marseille,244,5,sm-caen,1162,0,17.611111,28.777779,8.3888893,8.7777777,8.3006535,9.8431368,3.7712419,3.0653596,2017,.82604671,.51046079,.7793082,.4140428,.77118993,.4738977,.73307747,.39135951,.9488095,.59074074,1.065873,.57222223
2942669,as-saint-etienne,618,0,olympique-lyon,1041,5,0,23.944445,0,13,16.653595,12.457517,6.4313726,6.3790851,2017,.4976514,.32263643,.87896842,.61234832,.48393464,.30163354,.9537164,.66296166,.37314814,.22685185,.7824074,.71666664
2942670,fco-dijon,2969,3,es-troyes-ac,1095,1,17.833334,0,3.7777777,0,10.104575,.49673203,2.2156863,.11764706,2017,.58091968,.37685663,.67049336,.48646384,.64729941,.45725107,.72260624,.57061285,.59100527,.32777777,.57037038,.64351851
2942671,ea-guingamp,855,1,sco-angers,1420,1,20.222221,28.666666,7.2222223,9.9444447,14.470589,13.111111,5.019608,4.4836602,2017,.54717869,.46712771,.90362144,.52701479,.54971665,.46069732,.91388887,.63855821,.81203705,.62222224,1.175926,.6388889
2942672,fc-toulouse,415,0,fc-metz,347,0,19.888889,0,6.0555553,0,13.013072,5.9673204,3.3986928,1.9215686,2017,.75434721,.40378565,.51770896,.46305385,.66343778,.38245273,.46183899,.33982977,.53763229,.23796296,.44509804,.36764705
2942673,fc-girondins-bordeaux,40,1,olympique-marseille,244,1,18.944445,22.833334,7.3888888,10.777778,6.359477,11.647058,2.6601307,5.1372547,2017,.77680498,.44987133,.92060339,.67580473,.76965451,.43741134,.86753803,.66216934,1.1098039,.53585434,1.0784391,.71296299
2942674,olympique-lyon,1041,0,hsc-montpellier,969,0,16.111111,0,8.5,0,5.9215684,5.8758168,2.9019608,2,2017,.75333714,.474776,.7880159,.4918929,.79596299,.48931009,.76195866,.5023343,.63657409,.5777778,.86764705,.41862744
2942675,osc-lille,1082,3,as-saint-etienne,618,1,0,0,0,0,2.2549019,11.352942,.8888889,4.7189541,2017,.51751852,.31979844,.52214158,.32656989,.54494596,.35844883,.51538581,.31511545,.47181818,.33174604,.40277779,.30833334
2942676,fc-paris-saint-germain,583,4,fc-nantes,995,1,21.222221,0,15.166667,0,21.326797,11.150327,15.490196,4.0784316,2017,1.4329702,1.1788299,.76485294,.39260462,1.5311027,1.1628866,.62358308,.42001763,2.0337963,1.5194445,.66666669,.3888889
2942677,racing-strassburg,667,2,fc-stade-rennes,273,1,1.8333334,0,.44444445,0,0,6.6013074,0,2.0653596,2017,.89240044,.49785894,.6240564,.30083132,.96377665,.6065917,.8157748,.35268959,.92450982,.64999998,.87037039,.37962964
2942678,sc-amiens,1416,1,as-monaco,162,1,0,33.833332,0,21.166666,.49019608,11.058824,.14379086,7.4117646,2017,.8276276,.58772707,1.003561,.58243799,1.0316036,.86005288,.97699308,.57320845,1.4558823,1.0882353,1.4271164,.76851851
2942679,sm-caen,1162,1,ogc-nizza,417,1,30.111111,14.888889,9.2777777,8.6111107,11.490196,8.0718956,3.6601307,4.4379086,2017,.78681296,.44291186,.51551408,.43936729,.73507291,.383423,.55842614,.56543207,1.0547619,.58888888,.59629631,.68425924
2942680,as-saint-etienne,618,2,racing-strassburg,667,2,0,0,0,0,13.568627,0,5.6797385,0,2017,.60091835,.37546757,1.0019243,.49878487,.59246618,.35443723,1.1352053,.62742501,.52450979,.34607843,1.1656862,.73823529
2942681,fco-dijon,2969,3,fc-toulouse,415,1,18.666666,9.9444447,4,2.9444444,10.666667,9.1568632,2.4509804,2.7581699,2017,.57963276,.36170512,.63368946,.33961615,.64283508,.44137806,.61861688,.35896787,.57248676,.30000001,.57317924,.29607844
2942682,es-troyes-ac,1095,3,sco-angers,1420,0,0,21.888889,0,7.6111112,.8888889,9.026144,.17647059,3.2026143,2017,.65821397,.46054995,.90599555,.49068195,.72525173,.55791444,.95787036,.57208997,.58425927,.5462963,1.75,.82407409
2942683,fc-metz,347,0,sc-amiens,1416,2,0,0,0,0,5.2418299,.49019608,1.5751634,.14379086,2017,.48215687,.33211493,.87901902,.57718045,.38851964,.26728076,1.0759616,.82561731,.20980392,.25,1.4558823,1.0441177
2942684,hsc-montpellier,969,3,osc-lille,1082,0,0,0,0,0,13.24183,3.137255,4.7254901,1.1830065,2017,.76047844,.44875565,.44589978,.24216323,.74208683,.4519141,.45602754,.25893223,.89509803,.42647058,.36107954,.24851191
2942685,ogc-nizza,417,0,olympique-lyon,1041,5,18.777779,19.277779,11,10.222222,11,7.1764708,6.1960783,3.5620916,2017,.54218757,.38775676,.71266252,.48599395,.56459898,.46141976,.74220484,.50934213,.63333333,.40648147,.51851851,.55925924
2942686,olympique-marseille,244,1,ea-guingamp,855,0,20,18.111111,9.2777777,6.4444447,9.5098038,13.078431,4.019608,4.4901962,2017,.95536619,.69663805,.56326056,.45406976,.89752537,.68686068,.56253713,.44866028,1.056217,.71296299,.78611112,.52962965
2942687,sm-caen,1162,1,fc-girondins-bordeaux,40,0,20.352942,18.222221,6.1176472,7.1111112,6.0808825,5.8431373,1.8602941,2.4575164,2017,.71262634,.45999548,.73546737,.42992899,.7147091,.39273146,.72967374,.42879698,1.1034226,.56770831,1.0342592,.49814814
2942688,fc-stade-rennes,273,2,fc-nantes,995,1,0,0,0,0,6.1111112,11.372549,1.9869281,4.1437907,2017,.72980314,.40524349,.88738441,.51786619,.92412323,.47782987,.7386958,.6015873,.94907409,.5462963,.7647059,.5147059
2942689,as-monaco,162,1,fc-paris-saint-germain,583,2,36.444443,21.611111,23.166666,15.444445,13.542483,19.59477,9.3006535,14.281046,2017,.92263514,.55295551,1.3209132,1.0943451,.93360686,.55967569,1.3995932,1.1156645,1.3808202,.76851851,1.8175926,1.4583334
2942690,ea-guingamp,855,0,hsc-montpellier,969,0,20.333334,0,7.3888888,0,13.640523,12.888889,4.7647057,4.5555553,2017,.53097498,.39101863,.76047844,.44875565,.55948466,.44250441,.74208683,.4519141,.7953704,.59444445,.89509803,.42647058
2942691,fc-metz,347,0,olympique-marseille,244,3,0,21.388889,0,10.055555,5.7124181,10.320261,1.7254902,4.5098038,2017,.48486584,.32010514,.95536619,.69663805,.39692301,.25823098,.89752537,.68686068,.18627451,.25,1.056217,.71296299
2942692,fc-nantes,995,1,as-monaco,162,0,0,30.333334,0,19.5,10.810457,10.084968,3.9150326,7,2017,.85601187,.50105947,.88662982,.50871283,.71516639,.5885154,.88068175,.51311594,.72549021,.49509802,1.3414565,.69999999
2942693,fc-toulouse,415,1,ogc-nizza,417,2,21.222221,19.222221,6.3888888,11.166667,16.82353,10.993464,4.5359478,6.1830068,2017,.69096226,.40028867,.49422312,.35257158,.66028357,.42112795,.48454848,.38271606,.49082634,.31078431,.59166664,.43425927
2942694,fc-girondins-bordeaux,40,3,as-saint-etienne,618,0,11.5,0,4.6111112,0,4.5686274,11.647058,1.8692811,4.8676472,2017,.56042951,.32580715,.58338493,.3277716,.54612511,.31022948,.60024208,.32718751,.70294118,.42941177,.50520831,.31770834
2942695,olympique-lyon,1041,1,osc-lille,1082,2,21.388889,0,11.5,0,12,2.6732025,5.993464,1,2017,.8307181,.58599395,.39374661,.25093195,.89498264,.63055426,.41878793,.27695453,.64814812,.66111112,.38529411,.28431374
2942696,fc-paris-saint-germain,583,2,es-troyes-ac,1095,0,20.888889,0,15.055555,0,14.954248,.751634,11.117647,.14379086,2017,1.3467067,1.1242273,.76368219,.47655523,1.4277887,1.1480719,.83969182,.56208116,1.8430556,1.4861112,.84074074,.66666669
2942697,racing-strassburg,667,0,sm-caen,1162,0,0,20.444445,0,6.1111112,0,5.7777777,0,1.7777778,2017,1.0169803,.48489597,.62565511,.48591781,1.1373457,.59887564,.70110822,.50234663,1.1175926,.65277779,.66031748,.55555558
2942698,sc-amiens,1416,2,fco-dijon,2969,1,0,18.222221,0,3.7777777,.49019608,8.3137255,.14379086,1.8169935,2017,.59515941,.41195679,.69341975,.40808234,.71418905,.58196652,.73904997,.49990982,.9852941,.77941179,.57341272,.32777777
2942699,sco-angers,1420,1,fc-stade-rennes,273,2,32.166668,0,10.611111,0,13.294118,5.0457516,4.2091503,1.6013072,2017,.86333233,.4705641,.70086795,.36079904,.92104375,.54442239,.88973171,.4463484,1.6092592,.75,.89351851,.51851851
2942700,as-monaco,162,1,sco-angers,1420,0,30.333334,30.444445,19.5,10.388889,10.03268,11.385621,6.9542484,3.8954248,2017,.94848377,.81378436,.88927865,.48407421,.94286615,.81794286,.94012344,.56283069,1.3780423,.99444443,1.7944444,.8425926
2942701,as-saint-etienne,618,1,fc-nantes,995,1,0,0,0,0,11.457517,10.660131,4.2614379,3.8431373,2017,.68808073,.42628363,.7244885,.4269571,.66361535,.39505711,.60144091,.52595705,.65092593,.45462963,.64705884,.49509802
2942702,fco-dijon,2969,3,fc-girondins-bordeaux,40,2,16.722221,12.777778,3.6111112,5.1666665,8.6013069,5.5816994,1.9869281,2.3137255,2017,.65485764,.3434456,.73546737,.42992899,.67979074,.40169552,.72967374,.42879698,.52156085,.25370371,1.0342592,.49814814
2942703,es-troyes-ac,1095,0,ea-guingamp,855,1,0,20.333334,0,7.2777777,.90196079,14.300653,.1503268,4.9607844,2017,.76368219,.47655523,.53636003,.40523821,.83969182,.56208116,.54757988,.45208743,.84074074,.66666669,.7814815,.57592595
2942704,hsc-montpellier,969,1,olympique-marseille,244,1,0,20,0,9.2777777,13.24183,9.5098038,4.7254901,4.019608,2017,.76047844,.44875565,.95536619,.69663805,.74208683,.4519141,.89752537,.68686068,.89509803,.42647058,1.056217,.71296299
2942705,ogc-nizza,417,3,fc-metz,347,1,18,0,10.444445,0,10.261438,4.346405,5.6339869,1.3202615,2017,.49755323,.38074219,.41343728,.28088945,.5347082,.46913579,.31195569,.22461754,.7027778,.47592592,.17156863,.25
2942706,osc-lille,1082,1,fc-toulouse,415,0,0,11.166667,0,3.3888888,2.7320261,9.0653591,1.0326798,2.7320261,2017,.39374661,.25093195,.67386287,.39166442,.41878793,.27695453,.63250577,.41831133,.38529411,.28431374,.4712185,.23235294
2942707,racing-strassburg,667,2,fc-paris-saint-germain,583,1,0,21.111111,0,15.055555,0,15.745098,0,11.431373,2017,.9852342,.45248857,1.3437648,1.1191767,1.1151235,.57804233,1.4217688,1.1352513,1.1175926,.65277779,1.824537,1.4583334
2942708,sm-caen,1162,1,olympique-lyon,1041,2,21,19.166666,6.2222223,10.277778,5.1372547,8.2091503,1.6013072,4.2222223,2017,.73834836,.51526028,.85997599,.57144457,.80561471,.53217846,.92802083,.61862606,1.1120448,.71078432,.64705884,.60196078
2942709,fc-stade-rennes,273,2,sc-amiens,1416,0,0,0,0,0,5.5032678,.4509804,1.7777778,.13071896,2017,.76684022,.43857682,.87329507,.57465518,.9611603,.51116323,1.0647181,.81529981,1.0046296,.60185188,1.3472222,.95833331
2942710,as-monaco,162,3,es-troyes-ac,1095,2,31.444445,0,20,0,10.941176,1.006536,7.5686274,.1503268,2017,.88918042,.54989547,.79512006,.51569664,.89590847,.57328475,.89066857,.62292767,1.3780423,.85000002,.86851853,.65277779
2942711,ea-guingamp,855,4,fco-dijon,2969,0,20.611111,17.222221,7.5,3.5,14.882353,7.3856211,5.1633987,1.496732,2017,.56393933,.43085149,.71735245,.42723218,.54086441,.44745779,.75839949,.51758659,.77037036,.56481481,.50661373,.32314816
2942712,fc-metz,347,1,fc-stade-rennes,273,1,3.6111112,0,1.3333334,0,4.3398695,5.359477,1.2941177,1.6470588,2017,.32840925,.22159907,.6378563,.29174042,.26930863,.18646125,.84311169,.37676367,.13235295,.2647059,.8888889,.51851851
2942713,fc-nantes,995,1,ogc-nizza,417,2,0,16.666666,0,9.6111107,12.019608,8.8823528,4.2287583,4.7908497,2017,.73964,.44862893,.49450514,.34989864,.61320561,.53085899,.53841192,.42839506,.64705884,.49509802,.71944445,.4537037
2942714,fc-toulouse,415,2,sm-caen,1162,0,16.888889,24.166666,5.1666665,7.2222223,10.960784,6.5032678,2.7908497,2.0653596,2017,.67267579,.3494927,.73602897,.53086382,.6257394,.345079,.77947444,.54387522,.5535714,.2372549,1.1120448,.71078432
2942715,fc-girondins-bordeaux,40,0,racing-strassburg,667,3,9.0555553,0,3.6111112,0,3.2156863,0,1.2941177,0,2017,.67712605,.39148262,1.0119772,.46887034,.67713296,.3964591,1.1193322,.56261021,1.0911111,.48666668,1.1735294,.73823529
2942716,olympique-marseille,244,3,as-saint-etienne,618,0,20,0,9.2777777,0,9.5098038,12.20915,4.019608,4.6993465,2017,.95536619,.69663805,.58623755,.37458575,.89752537,.68686068,.60462064,.36181873,1.056217,.71296299,.47745097,.32254902
2942717,fc-paris-saint-germain,583,3,osc-lille,1082,1,21.944445,0,15.722222,0,18.51634,2.8104575,13.392157,1.0849674,2017,1.0850281,.92038536,.44908172,.27500603,1.0547707,.84821427,.46772972,.30751008,1.5967592,1.0324074,.41336897,.2927171
2942718,sc-amiens,1416,1,olympique-lyon,1041,2,0,22.055555,0,12,.49019608,11.006536,.14379086,5.6339869,2017,.899221,.60243297,.82142878,.5968982,1.1077076,.86529982,.88524985,.63861096,1.4558823,1.0441177,.63725489,.67058825
2942719,sco-angers,1420,1,hsc-montpellier,969,1,32.277779,0,11,0,13.431373,15.490196,4.4705882,5.5098038,2017,.82271314,.44888902,.75639349,.44581449,.87654322,.51587301,.6828177,.41923437,1.2203704,.78703701,.65980393,.36764705
2942720,as-saint-etienne,618,0,as-monaco,162,4,0,34.166668,0,21.833334,6.4183006,12.803922,2.6143792,8.9019604,2017,.68391138,.44388947,.89910102,.56378436,.64916587,.38473129,.90582907,.58717364,.68229169,.48645833,1.3780423,.85000002
2942721,fco-dijon,2969,3,osc-lille,1082,0,18.555555,0,3.9444444,0,9.5163403,2.3267975,2.1307189,.93464053,2017,.61671788,.36876288,.43223867,.28426528,.66620368,.44020563,.45661861,.31862119,.47328043,.24907407,.41631016,.2927171
2942722,es-troyes-ac,1095,1,sc-amiens,1416,0,0,0,0,0,.86928105,0,.14379086,0,2017,.7706266,.47655523,.9309243,.59367949,.85358065,.56208116,1.1969254,.90542328,.85462964,.66666669,1.412037,1.0833334
2942723,fc-nantes,995,1,sco-angers,1420,0,0,28.235294,0,9.5294113,6.3660131,10.470589,2.3529413,3.4117646,2017,.7244885,.4269571,.87909836,.46564236,.60144091,.52595705,.84019607,.52170867,.64705884,.49509802,1.154902,.39215687
2942724,hsc-montpellier,969,1,fc-metz,347,3,0,0,0,0,12.947712,2.9411764,4.4967322,.88235295,2017,.54969412,.33764455,.44185266,.30033898,.53130251,.340803,.3514182,.220799,.62712419,.31722689,.15104167,.203125
2942725,ogc-nizza,417,1,fc-girondins-bordeaux,40,0,18.5,17.888889,10.722222,7.1666665,10.392157,6.7385621,5.7712417,2.8431373,2017,.508394,.35999963,.67216903,.4457418,.54268539,.42839506,.69727105,.45936793,.71944445,.4537037,1.0245098,.52745098
2942726,olympique-lyon,1041,2,olympique-marseille,244,0,21.777779,21.388889,11.888889,10.055555,11.150327,10.320261,5.640523,4.5098038,2017,.83134937,.591515,.95536619,.69663805,.89162487,.6309104,.89752537,.68686068,.6574074,.66111112,1.056217,.71296299
2942727,racing-strassburg,667,2,fc-toulouse,415,1,1.7222222,16.944445,.3888889,5.1666665,.1633987,11.30719,.039215688,3.0261438,2017,1.0639684,.51930159,.62241125,.34072077,1.1891223,.64250702,.59240603,.336532,1.1598039,.69117647,.43592438,.2372549
2942728,sm-caen,1162,0,ea-guingamp,855,0,25.222221,20.333334,7.6666665,7.3888888,5.4575162,13.013072,1.6928104,4.5032678,2017,.76033908,.53559756,.52634537,.41001815,.81975615,.53217846,.52895963,.44998303,1.1120448,.71078432,.78425926,.58333331
2942729,fc-stade-rennes,273,1,fc-paris-saint-germain,583,4,0,20,0,14.277778,5.980392,14.699347,1.8169935,10.647058,2017,.61903036,.33672497,1.2914299,1.0905669,.73651147,.36857063,1.3540128,1.0965049,.66666669,.4074074,1.7578703,1.4111111
2942730,as-monaco,162,2,fc-stade-rennes,273,1,36.444443,0,23.111111,0,15.620915,5.2810459,10.490196,1.6209151,2017,.89821917,.55866736,.66416925,.39466149,.89595252,.58122122,.79682893,.43338543,1.3462963,.83148146,.77777779,.49074075
2942731,ea-guingamp,855,2,as-saint-etienne,618,1,22.388889,0,8.1111107,0,17.281046,4.5032678,5.9215684,1.4640523,2017,.56393933,.44275624,.62061751,.38771498,.5313406,.45301333,.60798204,.35364482,.79814816,.58333331,.59313726,.4107843
2942732,fc-metz,347,3,racing-strassburg,667,0,3.6111112,1.7222222,1.3333334,.3888889,2.6143792,.1633987,.78431374,.039215688,2017,.44107139,.32889047,.98007274,.48427868,.36342627,.2600984,1.1105599,.5975529,.15686275,.22058824,1.0759259,.63425928
2942733,fc-toulouse,415,1,olympique-lyon,1041,2,17.333334,21.111111,5.5,11.388889,11.346405,10.163399,3.0653596,5.2156863,2017,.67267579,.3494927,.77050287,.57517511,.6257394,.345079,.81523597,.60954285,.52281743,.22407408,.58796299,.63333333
2942734,fc-girondins-bordeaux,40,0,hsc-montpellier,969,2,9.8888893,0,4.2777777,0,5.4444447,8.7777777,2.2941177,2.8169935,2017,.65862405,.43683597,.54839534,.37867486,.67835045,.45682842,.51793009,.36948854,1.015625,.51041669,.58950615,.31071427
2942735,olympique-marseille,244,3,es-troyes-ac,1095,1,20,0,9.2777777,0,9.5098038,.751634,4.019608,.14379086,2017,.95536619,.69663805,.78893471,.50180775,.89752537,.68686068,.86350131,.58589065,1.056217,.71296299,.84074074,.66666669
2942736,osc-lille,1082,1,ogc-nizza,417,1,0,17.277779,0,10,1.7189542,9.4444447,.627451,5.1699347,2017,.45376644,.27632877,.4062435,.32783589,.47235936,.30751008,.46861133,.42283949,.40454546,.2780112,.56203705,.4537037
2942737,fc-paris-saint-germain,583,3,sm-caen,1162,1,19.888889,26.166666,14.222222,8.0555553,14.124183,8.9934645,10.215686,2.8758171,2017,1.4145432,1.1592207,.78897387,.46972457,1.4790475,1.1241403,.79892284,.44884515,1.9060185,1.3981482,1.0728291,.65196079
2942738,sc-amiens,1416,0,fc-nantes,995,1,0,0,0,0,0,7.5098038,0,2.6143792,2017,.99829173,.65282977,.65336549,.40745246,1.2357939,.9208554,.51843435,.48510736,1.4583334,1.0694444,.53921568,.47549018
2942739,sco-angers,1420,2,fco-dijon,2969,1,29.722221,12.944445,10,2.7222223,11.941176,4.7777777,3.9150326,1,2017,.92976099,.63085079,.54372358,.31260189,.9631173,.6712963,.56942242,.35308442,1.2480392,.65686274,.4058201,.26759258
2942740,as-saint-etienne,618,2,fc-toulouse,415,0,0,19.444445,0,5.7222223,13.156863,12.235294,4.7843137,3.0261438,2017,.73054987,.49342328,.77144122,.41893715,.64826226,.46498254,.69518381,.41578606,.66772485,.48888889,.55615079,.23796296
2942741,fco-dijon,2969,1,fc-metz,347,1,15.222222,3.6111112,3.2222223,1.3333334,7.9281044,4.4509802,1.7777778,1.254902,2017,.72040385,.38973218,.48967084,.42482886,.78622812,.48385641,.42866904,.35318178,.5714286,.32314816,.30686274,.34999999
2942742,es-troyes-ac,1095,0,fc-girondins-bordeaux,40,1,0,17.611111,0,6.8333335,.84313726,5.9019608,.14379086,2.4640522,2017,.72003138,.43951818,.65883905,.32804719,.78876585,.51763666,.63004375,.33590868,.78518516,.55555558,1.0990196,.48823529
2942743,fc-nantes,995,0,fc-paris-saint-germain,583,1,0,23.777779,0,16.888889,8.4640522,22.61438,3.0522876,16.281046,2017,.80984432,.41569901,1.0974674,.86401504,.66026443,.44472456,1.0691497,.79913002,.70588237,.41176471,1.6523148,1.0601852
2942744,hsc-montpellier,969,0,as-monaco,162,0,0,36.777779,0,22.777779,13.777778,12.686275,4.7385621,8.4836597,2017,.57471114,.38237858,.83991909,.58246964,.54879427,.37742504,.88977969,.5943979,.60339504,.31071427,1.2363757,.81666666
2942745,ogc-nizza,417,1,sc-amiens,1416,0,18.277779,0,10.777778,0,10.124183,.039215688,5.7712417,.013071896,2017,.57831621,.39710775,.80342132,.50374442,.63759279,.46496913,.94097304,.67213804,.81388891,.46203703,1.2239584,.84375
2942746,olympique-lyon,1041,1,sco-angers,1420,1,21.777779,28.611111,11.888889,9.9444447,11.294118,12.699347,5.7647057,4.3071895,2017,.59630668,.56373721,.97698325,.58013529,.66322982,.60710084,.98101854,.66832012,.58796299,.63333333,1.387037,.71296299
2942747,racing-strassburg,667,0,ea-guingamp,855,2,1.7222222,21.222221,.3888889,7.6666665,.1633987,16.058823,.039215688,5.5359478,2017,.88572657,.34259197,.66422796,.47714779,1.0547158,.46823192,.64955044,.49606889,1.012037,.47962964,.86759257,.60185188
2942748,sm-caen,1162,0,osc-lille,1082,1,29.666666,0,9.2222223,0,11.039216,2.8104575,3.503268,1.0849674,2017,.82380551,.45901507,.45013991,.2723605,.77796775,.41899195,.47614723,.30346969,1.1138393,.56770831,.42807487,.2927171
2942749,fc-stade-rennes,273,0,olympique-marseille,244,3,0,20.888889,0,9.6111107,5.2352943,10.823529,1.7320261,4.5490198,2017,.6966657,.46326819,.9396255,.72441584,.79206705,.4926447,.86974758,.68686068,.74074072,.5462963,1.056217,.71296299
2942750,as-monaco,162,2,ogc-nizza,417,2,27.277779,14.277778,17.055555,8.3888893,7.2679739,5.8235292,4.8888888,3.359477,2017,.92044973,.63760382,.66962206,.39502954,.91971236,.6495719,.73534745,.45989582,1.4363756,.94629627,1.075,.57291669
2942751,ea-guingamp,855,0,olympique-lyon,1041,2,19.111111,21.722221,7.0555553,11.888889,12.862745,11.09804,4.6274509,5.640523,2017,.70920992,.55881917,.86785734,.60838008,.64744425,.55030173,.94754356,.65678883,.77037036,.51851851,.7824074,.71666664
2942752,fc-metz,347,3,as-saint-etienne,618,0,3.6111112,0,1.3333334,0,2.4640522,10.718954,.56862748,3.9803922,2017,.48766696,.42482886,.62420225,.38691455,.43455139,.35318178,.54659081,.35940295,.30686274,.34999999,.59365082,.36851853
2942753,fc-toulouse,415,1,fc-nantes,995,1,19.277779,0,5.6666665,0,11.777778,8.2091503,2.9542484,2.9542484,2017,.62656945,.34082267,.7681331,.39619437,.58208859,.33800828,.60666966,.40387487,.5226891,.24019608,.627451,.39215687
2942754,fc-girondins-bordeaux,40,0,sm-caen,1162,2,18.166666,27.888889,7,8.5555553,6.3137255,9.5359478,2.4640522,2.9542484,2017,.66016179,.3326768,.68001467,.40019155,.63004375,.34146425,.61424226,.35526645,1.0990196,.48823529,.61694676,.35784313
2942755,olympique-marseille,244,2,racing-strassburg,667,0,19.444445,1.7222222,9,.3888889,9.1307192,0,4.006536,0,2017,.90374029,.67580473,.75265777,.29941016,.83498722,.63924164,.90883839,.40804672,.98121691,.62962961,.90925926,.3824074
2942756,osc-lille,1082,1,fc-stade-rennes,273,2,0,0,0,0,2.1568627,7.0849671,.83660132,2.3267975,2017,.45654404,.2785778,.81721884,.46951818,.48077732,.30955613,1.0273132,.54096121,.42670456,.31101191,1.0833334,.68518519
2942757,fc-paris-saint-germain,583,8,fco-dijon,2969,0,21.722221,13.833333,15.444445,2.9444444,17.137255,6.7777777,12.411765,1.5163399,2017,1.3191671,1.0277188,.71596879,.39551923,1.4067361,1.0528338,.78437626,.48840189,1.8467592,1.4416667,.58730161,.34166667
2942758,sc-amiens,1416,1,hsc-montpellier,969,1,0,0,0,0,.4509804,14.352942,.13071896,5,2017,.95455813,.60766858,.8285917,.51346874,1.1611773,.86261421,.80329847,.5172736,1.4675926,1.0555556,.91339868,.44663864
2942759,sco-angers,1420,3,es-troyes-ac,1095,1,27.277779,0,9.6111107,0,11.470589,.86928105,4.0718956,.14379086,2017,1.0362425,.53569084,.7706266,.47655523,.99212962,.58597887,.85358065,.56208116,1.3962963,.67592591,.85462964,.66666669
2942760,as-monaco,162,3,fc-metz,347,1,32.333332,3.6111112,20.111111,1.3333334,11.294118,2.006536,7.5555553,.503268,2017,.95702666,.65982604,.51054275,.43953472,.96779829,.67933381,.49337491,.41200531,1.5474868,1.0129629,.24803922,.34999999
2942761,es-troyes-ac,1095,1,osc-lille,1082,0,0,0,0,0,.86928105,2.1699347,.14379086,.83660132,2017,.73997343,.47274792,.44705349,.2723605,.80036998,.53727955,.47258598,.30346969,.80370373,.57407409,.39318183,.27645501
2942762,fc-nantes,995,0,fc-girondins-bordeaux,40,1,0,0,0,0,11.294118,5.1960783,4.0784316,2.0980392,2017,.73964,.44862893,.68329382,.35601279,.61320561,.53085899,.67298746,.37707326,.64705884,.49509802,1.1052083,.48750001
2942763,hsc-montpellier,969,2,fc-toulouse,415,1,0,12.111111,0,3.3888888,14.313725,9.3529415,4.9281044,2.5686274,2017,.78683233,.49348968,.71089995,.41388664,.75867081,.48853615,.64105278,.41831133,.86265433,.42182541,.4712185,.23235294
2942764,ogc-nizza,417,1,as-saint-etienne,618,0,13.777778,0,8.0555553,0,5.5882354,11.333333,3.1176472,4.653595,2017,.55293733,.32720101,.83533359,.56706613,.59387016,.34739584,.70802778,.51861411,.9375,.52604169,.57976192,.45555556
2942765,olympique-lyon,1041,2,fc-paris-saint-germain,583,1,21.722221,22.722221,11.888889,16.277779,11.09804,19.274509,5.640523,14.156863,2017,.87896842,.61234832,1.0492681,.86749327,.9537164,.66296166,.99663514,.82029408,.7824074,.71666664,1.5097222,1.0046296
2942766,racing-strassburg,667,3,fco-dijon,2969,2,3.5555556,15.555555,.83333331,3.2222223,.045751635,5.980392,.019607844,1.2875817,2017,.88647354,.51487523,.696738,.39712179,.99816817,.63555998,.73530221,.47451299,.87870371,.66018516,.52248675,.34166667
2942767,sc-amiens,1416,3,ea-guingamp,855,1,0,21.333334,0,7.8888888,.4509804,16.392157,.13071896,5.986928,2017,.96581447,.61362094,.71098524,.57248759,1.1369607,.84039199,.65034407,.56551337,1.4583334,1.0277778,.82592595,.62037039
2942768,sm-caen,1162,0,olympique-marseille,244,2,30.666666,20.055555,9.4444447,9.2222223,12.281046,10.339869,3.8300653,4.3202615,2017,.62811154,.35607389,.88059771,.64663804,.56032068,.31114882,.79752541,.57574958,.5287115,.32843137,1.0006614,.51851851
2942769,fc-stade-rennes,273,1,sco-angers,1420,0,0,25.277779,0,8.666667,7.1633987,11.372549,2.4444444,3.8104575,2017,.76200157,.40892938,.96734273,.5699501,.96261871,.50330687,.92083335,.64748675,1.0138888,.6574074,.86388886,.6574074
2942770,as-saint-etienne,618,2,sm-caen,1162,1,0,28.611111,0,8.7777777,9.7058821,9.2091503,4,2.8823528,2017,.69779736,.48928839,.65311152,.46391705,.5579344,.45909029,.63921893,.46707785,.55661374,.43333334,.53361344,.51960784
2942771,fco-dijon,2969,2,fc-stade-rennes,273,1,16.388889,0,3.3888888,0,7.2614379,7.9281044,1.6405228,2.6078432,2017,.7344873,.40406623,.77339292,.47789305,.7954874,.48840189,.96083808,.5580768,.60582012,.34166667,.92592591,.62037039
2942772,ea-guingamp,855,0,fc-nantes,995,3,20.333334,0,7.3888888,0,13.640523,10.614379,4.7647057,3.7450981,2017,.65685683,.48816222,.71513021,.41431519,.62340409,.54581636,.58052588,.48510736,.83981484,.6388889,.627451,.45588234
2942773,fc-metz,347,2,ogc-nizza,417,1,3.6111112,13.388889,1.3333334,7.7222223,2.3267975,5.6143789,.61437911,3.0457516,2017,.58969873,.42707509,.54551339,.33914012,.59782195,.38492826,.58496869,.40468749,.33125001,.37187499,.859375,.44791666
2942774,fc-toulouse,415,1,es-troyes-ac,1095,0,0,0,0,0,6.6601305,.92810458,1.8562092,.17647059,2017,.55312729,.27088398,.80351061,.45433301,.46181318,.26763791,.95017159,.53430337,.49082634,.22254902,.92870373,.58796299
2942775,fc-girondins-bordeaux,40,3,olympique-lyon,1041,1,0,20.277779,0,11.166667,6.2156863,9.9215689,2.4248366,5.0784316,2017,.67097408,.34178987,.85119069,.59845942,.65226597,.35612473,.92593861,.64907277,1.0401961,.45882353,.74768519,.69814813
2942776,olympique-marseille,244,2,as-monaco,162,2,20.888889,35.277779,9.6111107,22.388889,10.823529,12.738562,4.5490198,8.6470585,2017,.9396255,.72441584,.98145348,.91379428,.86974758,.68686068,.98329824,.91473264,1.056217,.71296299,1.4916667,1.15
2942777,osc-lille,1082,2,racing-strassburg,667,1,0,3.5555556,0,.83333331,1.9542483,.19607843,.7647059,.052287582,2017,.443939,.28838173,.91971552,.49656022,.4709734,.32132083,1.0051788,.61175042,.44232956,.31101191,.97129631,.62314814
2942778,fc-paris-saint-germain,583,4,hsc-montpellier,969,0,22.722221,0,16.277779,0,20.535948,10.954248,15,3.9607842,2017,1.2033086,1.0045303,.82398844,.47271061,1.2823771,1.0221459,.80836576,.46279761,1.5560185,1.162037,.97395831,.40312499
2942779,sco-angers,1420,1,sc-amiens,1416,0,28.111111,0,9.2777777,0,11.843137,.4509804,3.7712419,.13071896,2017,.85965037,.52124882,.96581447,.61362094,.85360551,.60460758,1.1369607,.84039199,.62314814,.50925928,1.4583334,1.0277778
2942780,as-monaco,162,3,olympique-lyon,1041,2,33.611111,22.111111,21.166666,12,11.013072,10.954248,7.4183006,5.6274509,2017,.96571273,.8355431,.92341292,.62901497,.94361567,.80362153,.99816084,.67962831,1.4880953,.98888886,.81574076,.72222221
2942781,es-troyes-ac,1095,0,fco-dijon,2969,0,0,15.388889,0,3.2777777,.45751634,7.1437907,.11111111,1.6470588,2017,.59679377,.27114487,.74969679,.42252162,.72672099,.33779177,.80527574,.50766593,.77549022,.38725489,.56216931,.29537037
2942782,hsc-montpellier,969,2,sco-angers,1420,1,0,30.555555,0,10.666667,11.228758,13.437908,4.1045752,4.5359478,2017,.76170391,.45144007,1.0408721,.54427671,.7542789,.44211018,.96867281,.61044973,.874183,.38781512,.85000002,.56481481
2942783,ogc-nizza,417,0,fc-toulouse,415,1,11.5,0,6.5555553,0,4.9607844,7.1241832,2.7124183,2.0326798,2017,.41698912,.29235291,.67138129,.32031417,.48930758,.39722222,.73848867,.36300829,.56372547,.38627452,.6695767,.29166666
2942784,olympique-marseille,244,6,fc-metz,347,3,20.888889,3.6111112,9.6111107,1.3333334,10.823529,2.3267975,4.5490198,.61437911,2017,.9396255,.72441584,.58969873,.42707509,.86974758,.68686068,.59782195,.38492826,1.056217,.71296299,.33125001,.37187499
2942785,osc-lille,1082,0,fc-paris-saint-germain,583,3,0,20.222221,0,14.444445,1.1830065,15.464052,.46405229,11.183006,2017,.43941411,.27233893,1.1158867,.95465982,.45994398,.30322129,1.2071719,1.0080026,.39545456,.24851191,1.525463,1.25
2942786,racing-strassburg,667,0,fc-girondins-bordeaux,40,2,3.5555556,0,.83333331,0,.19607843,4.5686274,.052287582,1.7843137,2017,.86429799,.32129568,.81380981,.414938,1.0497555,.46128747,.79115486,.40550745,1.0314815,.49351853,1.2460784,.54705882
2942787,sc-amiens,1416,0,as-saint-etienne,618,2,0,0,0,0,0,11.439561,0,4.8681316,2017,.89653713,.47071427,.7438643,.5131712,1.1087302,.77636361,.62229389,.45961577,.38333333,.34999999,.7335034,.44999999
2942788,sm-caen,1162,3,fc-nantes,995,2,22.785715,0,7.9285712,0,10,8.333333,3.2637362,2.1904762,2017,.95826006,.58118498,.20454545,.15460527,.97602433,.64369661,.19236112,.090277776,1.4812925,.66666669,.041666668,.16666667
2942789,fc-stade-rennes,273,0,ea-guingamp,855,1,0,19.5,0,7.0555553,5.653595,10.764706,1.8104575,3.8823528,2017,.75394469,.45737651,.62263143,.52334231,.68474382,.438456,.5565629,.49628937,.51851851,.43518519,.57592595,.46296296
2942790,as-saint-etienne,618,2,olympique-marseille,244,2,0,21.5,0,10.111111,10.895425,9.2156858,4.1960783,4.019608,2017,.69165403,.44097295,.90203291,.66268742,.59057605,.40620029,.86048836,.67297179,.52563024,.2872549,1.0145502,.71296299
2942791,fco-dijon,2969,3,ogc-nizza,417,2,15.388889,11.111111,3.2777777,6.5,6.1176472,5.0980392,1.4640523,2.8104575,2017,.67780137,.33705151,.61707419,.35380831,.71268314,.38861832,.69298804,.41990742,.48809522,.2212963,.98888886,.50925928
2942792,ea-guingamp,855,0,sm-caen,1162,0,19.5,21,7.0555553,6.3888888,10.764706,4.7777777,3.8823528,1.4444444,2017,.62263143,.52334231,.78114063,.47359359,.5565629,.49628937,.84529728,.53151709,.57592595,.46296296,1.6150794,.6712963
2942793,fc-metz,347,0,hsc-montpellier,969,1,3.6111112,0,1.3333334,0,2.3267975,11.163399,.61437911,3.9803922,2017,.59356225,.42221344,.75100875,.45144007,.55101007,.34392348,.741207,.44211018,.37857142,.42500001,.85457516,.38781512
2942794,fc-nantes,995,2,osc-lille,1082,2,0,0,0,0,9.9019604,2.1699347,3.2091503,.83660132,2017,.76528102,.48155484,.4192757,.18902718,.61255199,.54766572,.44480821,.22013634,.61764705,.47549018,.3868984,.2044818
2942795,fc-toulouse,415,0,fc-paris-saint-germain,583,1,0,17.444445,0,12.666667,7.9150329,10.215686,2.2614379,7.5294118,2017,.83434421,.39054209,1.0557015,1.0396057,.84298605,.41578606,1.1393614,1.0684422,.76911378,.3212963,1.3023148,1.3583333
2942796,fc-girondins-bordeaux,40,3,sc-amiens,1416,2,0,0,0,0,6.3267975,0,2.5751634,0,2017,.73356289,.38993803,.88349032,.57309204,.70319188,.36970499,1.1484789,.86525977,1.0303922,.62549019,1.4537038,1.0555556
2942797,olympique-lyon,1041,0,fc-stade-rennes,273,2,21.722221,0,11.888889,0,10.725491,4.4052286,5.4901962,1.3986928,2017,.86507958,.59480447,.76139146,.43654183,.94445711,.65286064,.71529937,.45102212,.7824074,.71666664,.5462963,.4537037
2942798,racing-strassburg,667,2,es-troyes-ac,1095,1,4.5714288,0,1.0714285,0,.07692308,.7912088,.032967035,.12087912,2017,.88897598,.55404598,.88749158,.43572539,.9714002,.67032313,1.0882025,.53160429,.87380952,.67261904,1.0940477,.41666666
2942799,sco-angers,1420,0,as-monaco,162,4,26.833334,31.611111,9.666667,19.888889,10.660131,8.6862745,3.7712419,5.8300653,2017,.99522704,.49466151,.75426453,.56145513,.9290905,.54607582,.7950266,.56905365,.78055555,.52777779,.95661378,.8277778
2942800,as-monaco,162,4,fco-dijon,2969,0,36.444443,15.388889,22.666666,3.2777777,12.03268,6.1176472,7.8562093,1.4640523,2017,.75315338,.56111109,.67780137,.33705151,.84595251,.58139932,.71268314,.38861832,1.3232805,.88333333,.48809522,.2212963
2942801,es-troyes-ac,1095,1,fc-metz,347,0,0,3.6111112,0,1.3333334,.64705884,3.143791,.10457516,.90196079,2017,.71132594,.39048535,.72062683,.64786804,.80711448,.46279177,.6724599,.52797168,.85392159,.44607842,.55686277,.46764705
2942802,hsc-montpellier,969,1,ea-guingamp,855,1,0,17.222221,0,6.3888888,10.856209,8.4183006,3.8758171,3.1503267,2017,.7931391,.4700397,.6865586,.57678658,.78753245,.46974206,.62455046,.56956482,.9079861,.41205359,.77962965,.6111111
2942803,ogc-nizza,417,1,fc-nantes,995,1,14,0,8.2777777,0,6.0457516,7.7647057,3.3660131,2.7254901,2017,.61707419,.35380831,.81358761,.47462574,.69298804,.41990742,.66549319,.5047152,.98888886,.50925928,.95098037,.56862748
2942804,olympique-marseille,244,1,fc-girondins-bordeaux,40,0,21,0,9.666667,0,8.9084969,5.2549019,3.8431373,1.9738562,2017,.71346539,.64039236,.80365109,.42911381,.66000849,.62098765,.77589244,.42485356,.79232806,.66851854,1.1885417,.59375
2942805,osc-lille,1082,2,olympique-lyon,1041,2,0,18.833334,0,10.277778,2.2745099,8.6993465,.88235295,4.4117646,2017,.46680656,.2723605,.81613773,.58767509,.49281389,.30346969,.87137508,.6296894,.44572192,.2927171,.69351852,.66666669
2942806,fc-paris-saint-germain,583,5,racing-strassburg,667,2,20.777779,1.7222222,14.777778,.3888889,16.228758,0,11.803922,0,2017,1.2070702,.98803711,.98890114,.52235389,1.2843155,.98854804,1.1211841,.6487875,1.5337963,1.1361111,1.0601852,.69722223
2942807,sc-amiens,1416,0,fc-toulouse,415,0,0,0,0,0,.4509804,9.2026148,.13071896,2.4640522,2017,.89390844,.58889681,.78947246,.38930753,1.0619285,.82799822,.87473208,.46393421,1.125,.90277779,.79920638,.33796296
2942808,sco-angers,1420,0,as-saint-etienne,618,1,26.888889,0,9.2222223,0,11.326797,14.130719,3.7973857,5.6143789,2017,.83116066,.41604197,.70140064,.48732761,.80779421,.46141976,.56822157,.45403978,.79444444,.62037039,.59828043,.41944444
2942809,sm-caen,1162,2,fc-stade-rennes,273,2,19.333334,0,5.8888888,0,3.9542484,7.8954248,1.1830065,2.7581699,2017,.71060139,.45926338,.82485771,.42189234,.78854167,.5614984,.85033518,.45612875,1.6354166,.72395831,.81018519,.5925926
2942810,fco-dijon,2969,2,sm-caen,1162,0,15.555555,24.833334,3.2222223,7.7222223,7.5098038,6.1830068,1.6797385,1.9084967,2017,.70176327,.42128488,.80025756,.4765428,.73853189,.48313493,.82040387,.55108172,.51851851,.24537037,1.2648809,.59895831
2942811,ea-guingamp,855,2,fc-metz,347,2,19.277779,0,7.1666665,0,11.686275,3.2287581,4.1895423,.875817,2017,.63837218,.49259344,.65418535,.51105666,.51700062,.40678319,.64851642,.47148579,.56666666,.44444445,.37291667,.40312499
2942812,fc-nantes,995,0,sc-amiens,1416,1,0,0,0,0,5.5424838,.4509804,2.1111112,.13071896,2017,.88125527,.55512106,.8772338,.50808871,.74196374,.65667599,1.0417565,.73276013,1.0392157,.67156863,1.087963,.81944442
2942813,fc-toulouse,415,3,as-monaco,162,3,0,36.444443,0,22.666666,14.274509,12.03268,3.6797385,7.8562093,2017,.82121849,.38816792,.8031534,.61993462,.85268623,.4528231,.87835997,.63695484,.84318781,.34907407,1.3296297,.93888891
2942814,fc-girondins-bordeaux,40,0,ogc-nizza,417,0,0,11.055555,0,6.4444447,6.4836602,4.5555553,2.4509804,2.4771242,2017,.7508468,.38021579,.50608528,.33679608,.72990125,.37356302,.62158489,.44907406,1.172549,.54705882,.84537035,.5787037
2942815,olympique-lyon,1041,1,as-saint-etienne,618,1,15.555555,0,8.4444447,0,4.5620914,14.130719,2.3071895,5.6143789,2017,.91369069,.60807484,.70140064,.48732761,.9870497,.63865608,.56822157,.45403978,.86519605,.74901962,.59828043,.41944444
2942816,osc-lille,1082,1,sco-angers,1420,2,0,26.888889,0,9.2222223,1.614379,11.326797,.58169937,3.7973857,2017,.39016107,.23704481,.83116066,.41604197,.41189399,.25910366,.80779421,.46141976,.39375001,.23958333,.79444444,.62037039
2942817,fc-paris-saint-germain,583,3,olympique-marseille,244,0,21.666666,21.5,15.333333,10.111111,16.732027,9.3267975,12.156863,4.1764708,2017,1.2943718,1.0445186,.74463826,.6483289,1.3716171,1.0450295,.68992305,.64320987,1.7120371,1.3027778,.80621696,.66851854
2942818,racing-strassburg,667,0,hsc-montpellier,969,0,1.7222222,0,.3888889,0,0,11.163399,0,3.9803922,2017,.99200505,.4756296,.75100875,.45144007,1.1336601,.61260504,.741207,.44211018,1.1166667,.69117647,.85457516,.38781512
2942819,fc-stade-rennes,273,2,es-troyes-ac,1095,0,0,0,0,0,6.2745099,.4379085,2.0196078,.09150327,2017,.81471753,.50654554,.44576529,.20715199,.76290637,.50503445,.54144305,.26111111,.64351851,.53703701,.44215685,.30392158
2942820,as-monaco,162,2,fc-girondins-bordeaux,40,1,34.166668,0,21,0,10.620915,5.8888888,6.8366013,2.2026143,2017,.76920277,.61160129,.73096198,.36451915,.83467525,.62559122,.70496333,.36122358,1.2873015,.92407405,1.1416667,.51041669
2942821,as-saint-etienne,618,2,fco-dijon,2969,2,0,16.611111,0,3.4444444,10.150327,7.4509802,4.0784316,1.6797385,2017,.67809814,.45204321,.75202781,.43809399,.59247202,.4130345,.80527574,.52353895,.70210081,.39019608,.5899471,.32314816
2942822,es-troyes-ac,1095,0,fc-paris-saint-germain,583,2,0,18,0,12.722222,.77777779,9.3725491,.13725491,6.7581701,2017,.5556615,.40349782,.65656281,.61290902,.55113024,.46594304,.57740998,.54172266,.42745098,.44607842,.71527779,.63796294
2942823,fc-metz,347,1,fc-toulouse,415,1,3.6111112,0,1.3333334,0,2.8758171,12.385621,.83006537,3.1895425,2017,.58007824,.50287211,.90243542,.43944997,.56171083,.49132708,.95608127,.49448976,.31041667,.43437499,.84318781,.33055556
2942824,hsc-montpellier,969,1,olympique-lyon,1041,1,0,18.166666,0,9.8888893,13.568627,7.3790851,4.8758168,3.6732025,2017,.77061659,.47104791,.83508426,.53861648,.77061874,.47152194,.88236636,.57762784,.874183,.40742296,.72794116,.6607843
2942825,ogc-nizza,417,2,osc-lille,1082,1,14.222222,0,8.333333,0,7.4967322,1.9607843,4.2418299,.7647059,2017,.52212471,.33461639,.41233301,.25308761,.59993249,.41018519,.44057047,.2772032,.87314814,.52314812,.40294117,.28431374
2942826,olympique-marseille,244,1,fc-nantes,995,1,20.111111,0,9.333333,0,9.5947714,4.8888888,4.0653596,1.862745,2017,.74463826,.6483289,.73208481,.43676102,.68992305,.64320987,.64689541,.53529412,.80621696,.66851854,.95588237,.63235295
2942827,sc-amiens,1416,0,fc-stade-rennes,273,2,0,0,0,0,.4509804,5.8823528,.13071896,1.9084967,2017,1.027616,.63175398,.808236,.49790356,1.1678928,.805776,.75617236,.47787398,1.4398148,.95833331,.60185188,.48148149
2942828,sco-angers,1420,3,ea-guingamp,855,0,29.5,21.055555,10,7.7777777,13.529411,14.444445,4.4444447,5.2679739,2017,.83450764,.43695349,.69085759,.56752729,.83968252,.53935188,.64332336,.56803858,.77592593,.60185188,.83981484,.6388889
2942829,sm-caen,1162,2,racing-strassburg,667,0,20.555555,1.7222222,6.5,.3888889,5.3790851,.026143791,1.6209151,.019607844,2017,.80666786,.51820946,.83339989,.454629,.82040387,.59014422,.87673962,.53809726,1.3169643,.63020831,.77685183,.55833334
2942830,fco-dijon,2969,1,sc-amiens,1416,1,15,0,3,0,5.2483659,0,1.0522876,0,2017,.69434315,.39096203,1.0680922,.67937303,.76616639,.47393578,1.2604853,.9168871,.50661373,.26759258,1.550926,1.0694444
2942831,ea-guingamp,855,2,ogc-nizza,417,5,18.857143,17.642857,6.5,10.357142,11.274725,9.0219784,3.8681319,5.1978021,2017,.68288827,.61638647,.60132384,.40646973,.60343188,.59023416,.72177464,.52738094,.69047618,.59523809,.88690478,.63690478
2942832,fc-nantes,995,1,es-troyes-ac,1095,0,0,0,0,0,12.202615,.49673203,4.3202615,.098039217,2017,.72787529,.43182221,.73554981,.42737755,.60928404,.5177871,.83378351,.50950176,.60784316,.47549018,.81851852,.5138889
2942833,fc-toulouse,415,1,olympique-marseille,244,2,0,18.5,0,8.5555553,9.6274509,7.359477,2.3921568,3.1503267,2017,.82650948,.41152975,.83631861,.61184275,.88327909,.46393421,.79831904,.59426808,.79920638,.33796296,.77843916,.52777779
2942834,fc-girondins-bordeaux,40,0,sco-angers,1420,0,0,23.055555,0,7.7777777,7.4313726,8.6078434,2.8758171,2.6601307,2017,.78915644,.4224098,.84248483,.3412945,.7604568,.40787673,.75974429,.39914021,1.2509804,.60644257,.66666669,.2962963
2942835,olympique-lyon,1041,1,sm-caen,1162,0,19.666666,21.222221,10.611111,6.8333335,8.8039217,4.8954248,4.3071895,1.496732,2017,.81646842,.54012609,.72099078,.47146577,.85649413,.56952733,.73587435,.56063032,.70833331,.64259261,1.1979166,.59895831
2942836,osc-lille,1082,1,hsc-montpellier,969,1,0,0,0,0,.047619049,12.967033,.047619049,4.6483517,2017,.48218694,.37037036,.84391201,.48015001,.51851851,.42962962,.85490364,.49092969,.625,.375,1.0472223,.48044217
2942837,fc-paris-saint-germain,583,5,fc-metz,347,0,18.277779,0,13.111111,0,10.653595,2.1960785,7.7254901,.627451,2017,.77230358,.70294207,.61158216,.48818266,.70772046,.65283376,.58878785,.46482295,.95601851,.8435185,.31444445,.43000001
2942838,racing-strassburg,667,1,as-monaco,162,3,1.7222222,36.111111,.3888889,22.666666,.026143791,12.928104,.019607844,8.6732025,2017,.87916505,.48661554,.93824363,.64527577,.94525814,.59874541,.952434,.66544491,.86944443,.63240743,1.449074,.97222221
2942839,fc-stade-rennes,273,1,as-saint-etienne,618,1,0,0,0,0,6.8235292,12.424836,2.2026143,4.980392,2017,.78195399,.48175922,.70421898,.45147249,.72586936,.47170115,.61588466,.41459775,.58796299,.48148149,.65753967,.3824074
2942840,as-monaco,162,2,osc-lille,1082,1,28.444445,1.8333334,18.166666,.83333331,7.2091503,2.0849674,4.980392,.81045753,2017,.90254849,.62305355,.41041327,.25093195,.90522993,.635683,.43545458,.27695453,1.369709,.92407405,.40294117,.28431374
2942841,as-saint-etienne,618,2,ea-guingamp,855,0,0,17.888889,0,6.4444447,13.947712,11.875817,5.5424838,4.0915031,2017,.62115371,.44450352,.6093865,.4901633,.52501166,.39848423,.5404315,.47789818,.6040616,.37058824,.60833335,.4074074
2942842,fc-metz,347,1,fc-nantes,995,1,0,0,0,0,3.5816994,10.398693,.97385621,3.5490196,2017,.62494558,.48371291,.61715466,.36039364,.57976639,.40898579,.5118984,.43935573,.37291667,.40312499,.52941179,.33823529
2942843,fc-toulouse,415,2,racing-strassburg,667,2,0,0,0,0,9.5686274,.026143791,2.4444444,.019607844,2017,.87138128,.41276431,.91590744,.5005675,.85153306,.41578606,.96445709,.58244276,.76911378,.3212963,.84895831,.58645833
2942844,fc-girondins-bordeaux,40,0,fc-stade-rennes,273,2,0,0,0,0,3.9346404,9.7973852,1.5359477,3.4248366,2017,.8504765,.46665704,.76172978,.44764614,.82829881,.45961294,.69577676,.4207752,1.2614583,.64375001,.5324074,.42592594
2942845,hsc-montpellier,969,2,fco-dijon,2969,2,0,15.277778,0,3.1111112,11.522876,5.7450981,4.1372547,1.3071896,2017,.71938705,.42636007,.65207988,.33383307,.71237451,.41754851,.69892651,.40863997,.82561731,.36626983,.44841269,.21203704
2942846,ogc-nizza,417,1,fc-paris-saint-germain,583,2,15.055555,21.722221,8.833333,15.444445,8.0588236,17.163399,4.6601305,12.437908,2017,.59530979,.34830686,1.0078396,.77700651,.66323215,.41574073,.96144992,.73431522,.875,.49537036,1.4763889,.96018517
2942847,olympique-marseille,244,2,olympique-lyon,1041,3,21.5,19.611111,10.111111,10.611111,10.071896,8.7908497,4.3725491,4.3071895,2017,.94919336,.6901021,.81924623,.53615785,.89247489,.68686068,.86421019,.56335449,1.056217,.71296299,.72222221,.64259261
2942848,sc-amiens,1416,1,es-troyes-ac,1095,1,0,0,0,0,0,.49450549,0,.065934069,2017,1.2414123,.76167625,.8885141,.57924736,1.5555438,1.1105616,.9699356,.68299317,1.9743589,1.3269231,.96666664,.8214286
2942849,sco-angers,1420,3,sm-caen,1162,0,22.666666,24.5,7.8333335,7.5555553,9.4444447,5.2679739,3.1307189,1.6209151,2017,.87453616,.46419013,.81717551,.47666213,.83458996,.5552249,.79300046,.52859479,.80555558,.6388889,.99929971,.63235295
2942850,fco-dijon,2969,1,olympique-marseille,244,3,14.888889,18.444445,2.9444444,8.333333,6.5620914,7.2745099,1.4183006,3,2017,.70763546,.41583094,.86361837,.69277066,.78040802,.52213204,.81281143,.62670404,.52248675,.28611112,.83403361,.55882353
2942851,ea-guingamp,855,2,fc-girondins-bordeaux,40,1,11.714286,0,3.8571429,0,3.8571429,.72727275,1.0476191,.34545454,2017,.6366213,.40502355,.93168265,.56755906,.57630384,.46683672,.9320752,.55085748,.52380955,.40476191,1.5347222,.68055558
2942852,es-troyes-ac,1095,0,ogc-nizza,417,2,0,17.222221,0,10.166667,.96078432,8.5555553,.19607843,4.8888888,2017,.80024439,.50896263,.80945987,.42458552,.89701104,.61763668,.95750022,.50154322,.89907408,.68055558,1.1083333,.63425928
2942853,fc-nantes,995,0,as-saint-etienne,618,3,0,0,0,0,14.142858,9.0879126,4.9047618,3.8351648,2017,1.15967,.82491583,.64074188,.51014435,.9332211,.86596119,.49183756,.49478894,.87037039,.66666669,.64166665,.53928572
2942854,olympique-lyon,1041,2,fc-toulouse,415,0,19.666666,0,10.611111,0,8.7908497,8.8039217,4.3071895,2.2679739,2017,.58420348,.50838006,.82884866,.41152975,.63581514,.53954494,.89161241,.46393421,.65277779,.61481482,.81772488,.33796296
2942855,osc-lille,1082,0,sc-amiens,1416,1,1.8333334,0,.83333331,0,1.2026144,.4509804,.47712418,.13071896,2017,.3754054,.24063176,.92206055,.59207141,.40775502,.27407384,1.0799298,.75022048,.37666667,.2888889,1.4675926,.9861111
2942856,fc-paris-saint-germain,583,2,sco-angers,1420,1,19.722221,25.444445,14,8.7777777,14.444445,10.509804,10.48366,3.5751634,2017,1.0480397,.74661058,.905402,.52587843,.98250258,.67320412,.9029882,.62081128,1.511574,.90462965,.75925928,.58333331
2942857,racing-strassburg,667,2,fc-metz,347,2,0,0,0,0,.026143791,2.5882354,.019607844,.66013074,2017,.85560691,.45976371,.58617306,.44723782,.90308642,.54241824,.58095664,.39333117,.82314813,.5324074,.30686274,.32058823
2942858,sm-caen,1162,1,hsc-montpellier,969,3,23.444445,0,7.3333335,0,6.9215684,13.261438,2.1176472,4.7712417,2017,.82661873,.47764254,.77678686,.46199813,.80868673,.51784819,.78369063,.47152194,1.0728291,.68137252,.89379084,.40742296
2942859,fc-stade-rennes,273,1,as-monaco,162,1,0,34.611111,0,22.111111,8.7385616,11.993464,2.9411764,8.2287579,2017,.76265574,.46770787,.85893142,.51920366,.68904275,.41901153,.83989841,.56584853,.51851851,.4074074,1.0919312,.85740739
2942860,as-monaco,162,2,fc-nantes,995,1,36.666668,0,23.222221,0,13.385621,10.339869,9.1307192,3.856209,2017,.85737944,.60034114,.83808529,.48909584,.88916242,.62377822,.69765711,.56816578,1.4030423,.93518519,.72222221,.4861111
2942861,as-saint-etienne,618,1,fc-paris-saint-germain,583,1,0,20.166666,0,14.333333,13.346405,14.54902,5.5163398,10.633986,2017,.77362281,.51872855,1.0216106,.73240101,.64322156,.49372232,.96985239,.68934166,.62050265,.43333334,1.4069444,.79166669
2942862,ea-guingamp,855,4,es-troyes-ac,1095,0,17.888889,0,6.4444447,0,10.712419,.56862748,3.7254901,.11764706,2017,.60773307,.4769358,.61197275,.32342133,.56582832,.47875288,.72108507,.40864196,.60833335,.4074074,.75740743,.50462961
2942863,fc-metz,347,0,olympique-lyon,1041,5,3.6111112,16.722221,1.3333334,9,3.6535947,6.647059,.97385621,3.2483661,2017,.66568178,.53088945,.71395522,.49600846,.6724599,.49603891,.73843861,.52038199,.36568627,.40882352,.59722221,.58703703
2942864,fc-toulouse,415,0,fco-dijon,2969,1,0,16.055555,0,3.2222223,11.915032,6.8823528,3.0653596,1.3594772,2017,.78633851,.36478451,.67633456,.39209518,.76102632,.35720021,.7615037,.4898088,.63948411,.24722221,.47883597,.26759258
2942865,fc-girondins-bordeaux,40,2,osc-lille,1082,1,0,1.8333334,0,.83333331,3.9346404,.25490198,1.5359477,.078431375,2017,.8504765,.46665704,.42210191,.25336772,.82829881,.45961294,.44245288,.29030478,1.2614583,.64375001,.38607955,.26413691
2942866,ogc-nizza,417,1,fc-stade-rennes,273,1,18.222221,0,10.777778,0,9.5490198,5.3202615,5.5359478,1.7320261,2017,.7697773,.400776,.88169318,.48688778,.91120392,.47376543,.89022118,.49855298,.96944445,.55092591,.77314812,.53703701
2942867,olympique-marseille,244,0,hsc-montpellier,969,0,15.611111,0,7.1111112,0,6.9673204,13.568627,3.1307189,4.8758168,2017,.81220245,.66637492,.73790556,.44487858,.7711795,.59519398,.7401523,.44532627,.73214287,.52777779,.84413582,.38478836
2942868,sc-amiens,1416,3,sm-caen,1162,0,0,25,0,7.4444447,.4509804,7.5163398,.13071896,2.2156863,2017,.91296959,.56681889,.72123116,.47520351,1.0561203,.71053791,.76895183,.51115119,1.4675926,.9861111,1.0565476,.66145831
2942869,sco-angers,1420,1,racing-strassburg,667,1,21.444445,1.7222222,7.6111112,.3888889,7.6143789,.026143791,2.6470587,.019607844,2017,.9867267,.47349188,.88922548,.47745034,.94838935,.5262605,.9385621,.56648207,.95588237,.63725489,.85196078,.54411763
2942870,es-troyes-ac,1095,2,olympique-marseille,244,3,0,20,0,9.166667,1.0261438,6.7124181,.1503268,2.9477124,2017,.78801894,.49717814,.91566998,.73041737,.87606746,.59700179,.86750185,.6949113,.85462964,.56944442,1.0105042,.75490195
2942871,fc-nantes,995,1,fco-dijon,2969,1,0,16.222221,0,3.2222223,12.614379,6.5816994,4.5228758,1.3202615,2017,.81791532,.47232315,.51996845,.31238002,.6988917,.53908223,.58667135,.38479754,.7175926,.42685184,.31092438,.20490196
2942872,hsc-montpellier,969,1,fc-girondins-bordeaux,40,3,0,0,0,0,6.6666665,.90476191,2.1969697,.38095239,2017,.65916717,.39588928,1.1606754,.56397057,.62847221,.41600528,1.0728632,.62352693,.67314816,.36607143,1.8361111,.75
2942873,olympique-lyon,1041,3,sc-amiens,1416,0,21.722221,0,11.888889,0,11.09804,.4509804,5.640523,.13071896,2017,.87896842,.61234832,.83027309,.54958779,.9537164,.66296166,.99873322,.72552907,.7824074,.71666664,1.3935186,.97222221
2942874,osc-lille,1082,2,ea-guingamp,855,2,1.8333334,18.277779,.83333331,6.5,1.5359477,10.934641,.54248369,3.7712419,2017,.43358651,.22395594,.62284029,.50173736,.43151775,.23540284,.55608803,.47314122,.35170454,.23288691,.53888887,.37037036
2942875,fc-paris-saint-germain,583,7,as-monaco,162,1,21.055555,36.833332,14.944445,23.055555,16.830065,14.150327,12.267974,9.5490198,2017,1.0690231,.86396301,.84552759,.87149125,.99246848,.78140515,.83313203,.88247633,1.4875,.96018517,1.0845238,1.1574074
2942876,sco-angers,1420,1,ogc-nizza,417,1,22.666666,13.833333,7.8333335,8,9.4444447,6.5294118,3.1307189,3.7450981,2017,.8785044,.37530124,.61333889,.33621332,.85619491,.42824075,.75582474,.44074073,.8888889,.60185188,.87037039,.5787037
2942877,sm-caen,1162,0,fc-toulouse,415,0,22.888889,0,7.1666665,0,6.0392156,9.5032682,1.8562092,2.2679739,2017,.47439402,.30745798,.87774402,.40504825,.49650922,.32095274,.92296159,.4376716,1.0147059,.32843137,.84689152,.3351852
2942878,fc-stade-rennes,273,1,fc-metz,347,2,0,4.6428571,0,1.7142857,6.8095236,3.3406594,2,.96703297,2017,1.1594261,.2212888,.57727879,.43008754,.92196971,.24166666,.48486513,.34012866,.5,.033333335,.20512821,.28846154
2942879,racing-strassburg,667,0,as-saint-etienne,618,1,1.7222222,0,.3888889,0,.026143791,10.79085,.019607844,4.1176472,2017,.88855207,.49479097,.73550558,.50596792,.93315971,.58626217,.62157655,.49100283,.83333331,.5625,.5899471,.42500001
2942880,as-saint-etienne,618,2,es-troyes-ac,1095,1,0,0,0,0,8.0522881,.81699347,3.1307189,.10457516,2017,.77862376,.50005442,.812711,.50480503,.6625818,.46875656,.89492106,.60270774,.65476191,.44351852,.89313728,.60294116
2942881,fco-dijon,2969,2,olympique-lyon,1041,5,15.888889,21.722221,3.2222223,11.888889,6.5098038,10.647058,1.3071896,5.4313726,2017,.4090111,.27941298,.64392573,.58457053,.50703335,.34950343,.72532129,.63915211,.35504201,.20490196,.71296299,.68888891
2942882,ea-guingamp,855,3,as-monaco,162,1,18.166666,30.222221,6.5555553,19,11.261438,7.7712417,4.019608,5.4183006,2017,.65865898,.53004932,.69654846,.81546229,.61128283,.52196276,.74365979,.80943823,.74722224,.53703701,.91693121,1.0462962
2942883,fc-metz,347,1,sm-caen,1162,1,3.6111112,20.111111,1.3333334,6.2222223,5.0849671,4.6274509,1.4052287,1.3725491,2017,.61087316,.50147772,.50423831,.3692227,.57245988,.43721539,.58311051,.44676974,.36568627,.40882352,1,.47549018
2942884,fc-nantes,995,1,fc-stade-rennes,273,1,0,0,0,0,6.2026143,7.7647057,2.3071895,2.5163398,2017,.95927984,.55406529,.63256311,.31360736,.81059122,.63778639,.57607979,.28805918,.86764705,.55000001,.4074074,.28703704
2942885,fc-toulouse,415,2,sco-angers,1420,0,0,24.777779,0,8.6111107,12.90196,10.882353,3.2418301,3.6339869,2017,.89039838,.4432427,.89209384,.40155399,.89732057,.47302511,.82893431,.4230859,.84583336,.31203705,.58823532,.48039216
2942886,fc-girondins-bordeaux,40,0,fc-paris-saint-germain,583,1,0,21.111111,0,15.055555,4.359477,16.026144,1.8039216,11.686275,2017,.89109272,.48346376,1.0002401,.61374933,.86710513,.47641966,.9255169,.5627442,1.3552083,.68541664,1.4152777,.80462962
2942887,ogc-nizza,417,1,hsc-montpellier,969,0,17.5,0,10.333333,0,9.5032682,11.323529,5.4313726,4.1176472,2017,.71152115,.38302907,.81451875,.44319674,.85503107,.4601852,.80365348,.44295636,.96944445,.55092591,.96006942,.3703869
2942888,olympique-marseille,244,5,osc-lille,1082,1,20.5,1.8333334,9.4444447,.83333331,9.0522881,1.5359477,3.8366013,.54248369,2017,.96586007,.72518981,.47537139,.27632877,.90257591,.69241625,.49087787,.30751008,1.0654762,.71296299,.43395722,.2780112
2942889,sc-amiens,1416,3,racing-strassburg,667,1,0,1.8333334,0,.44444445,.4509804,.05882353,.13071896,.03267974,2017,.79243088,.54886156,.8521437,.47314754,.96881866,.72641093,.9078483,.56411135,1.375,.9861111,.81944442,.5324074
2942890,as-monaco,162,0,sc-amiens,1416,0,34.111111,0,21,0,11.633986,0,7.6143789,0,2017,.97114486,.85316068,.755193,.51083452,.94112283,.83365476,1.0453382,.81367242,1.3074074,1.0833334,1.2407408,1.0277778
2942891,es-troyes-ac,1095,3,sm-caen,1162,1,0,21.888889,0,6.8333335,.50980395,4.8823528,.05882353,1.5098039,2017,.74084079,.42737755,.85325789,.52666211,.84304273,.50950176,.91685665,.56931877,.83240741,.5138889,1.7100841,.71078432
2942892,fc-girondins-bordeaux,40,3,fco-dijon,2969,1,0,12.722222,0,2.6111112,4.9607844,3.8169935,2,.80392158,2017,.8360669,.49762118,.29847705,.20006035,.8229875,.51250046,.34095806,.22490723,1.2979167,.69434524,.15731293,.15357143
2942893,hsc-montpellier,969,0,as-saint-etienne,618,1,0,0,0,0,11.575164,6.4640522,4.2156863,2.4836602,2017,.81072354,.45144007,.72227454,.50304502,.79839653,.44211018,.59948659,.46478829,.96241832,.38781512,.63253969,.42962962
2942894,olympique-lyon,1041,2,fc-nantes,995,0,21.722221,0,11.888889,0,10.647058,7.3921571,5.4313726,2.7320261,2017,.87896842,.61234832,.61177611,.43641824,.9537164,.66296166,.57039511,.51425701,.7824074,.71666664,.54901963,.3735294
2942895,osc-lille,1082,3,fc-metz,347,1,1.8333334,3.6111112,.83333331,1.3333334,1.3006536,4.8562093,.45751634,1.3464053,2017,.46842694,.26938432,.65727842,.53088945,.48294136,.29957357,.6606952,.49603891,.41925132,.26330534,.36568627,.40882352
2942896,fc-paris-saint-germain,583,2,ea-guingamp,855,2,21.222221,17.055555,15.055555,6.3333335,16.588236,11.143791,12,4.0718956,2017,1.1034147,.83773923,.69073576,.55518162,1.0207909,.75932539,.62455046,.5464167,1.5263889,.94629627,.75648147,.51851851
2942897,racing-strassburg,667,1,ogc-nizza,417,1,1.7222222,14.222222,.3888889,8.333333,.18954249,7.7712417,.05882353,4.5098038,2017,1.0130384,.51203644,.67225629,.32006612,1.1189594,.61371452,.778552,.34907407,1.0694444,.61574072,.90277779,.50925928
2942898,sco-angers,1420,1,olympique-marseille,244,1,24.722221,19.166666,8.6111107,8.7777777,10.222222,7.5032678,3.4444444,3.137255,2017,.85629296,.38429594,.95042795,.71130097,.83292651,.42967373,.89463937,.68447971,.76666665,.56481481,1.0654762,.71296299
2942899,fc-stade-rennes,273,2,fc-toulouse,415,1,0,0,0,0,9,12.176471,2.993464,3.0522876,2017,.76172978,.44764614,.8604126,.42884392,.69577676,.4207752,.89197868,.46923724,.5324074,.42592594,.7135582,.25648147
2942900,as-saint-etienne,618,1,fc-girondins-bordeaux,40,3,0,0,0,0,11.581699,5.2156863,4.647059,2.1699347,2017,.74928075,.49993265,.877666,.50546432,.6211316,.46750781,.84945804,.47328478,.66309524,.43796295,1.1625,.73601192
2942901,fco-dijon,2969,3,ea-guingamp,855,1,13.111111,18.333334,2.7222223,6.5555553,5.1307192,9.6013069,1.0849674,3.3790851,2017,.4785786,.28415889,.57313269,.47473121,.53156084,.33491343,.5331943,.47103682,.31349206,.23222223,.56203705,.46296296
2942902,fc-metz,347,1,sco-angers,1420,2,3.6111112,24.888889,1.3333334,8.666667,3.1699347,10.797385,.875817,3.7320261,2017,.58201277,.43218762,.91769648,.4250367,.55489039,.39242598,.86467254,.43893299,.27604166,.296875,.76666665,.56481481
2942903,fc-nantes,995,0,hsc-montpellier,969,2,0,0,0,0,10.156863,2.0653596,3.4509804,.58169937,2017,.81219143,.38680297,.70539981,.40232372,.67481762,.39622506,.70509195,.36728895,.65277779,.27407408,.97916669,.36145833
2942904,fc-toulouse,415,2,osc-lille,1082,3,0,1.8333334,0,.83333331,18.705883,1.7973856,4.7973857,.69934642,2017,.81703067,.43008664,.48347324,.28426528,.84221274,.45513469,.5012055,.31862119,.657493,.34999999,.44572192,.2927171
2942905,olympique-lyon,1041,3,es-troyes-ac,1095,0,20.833334,0,11.277778,0,7.8431373,.39869282,4.026144,.05882353,2017,.87896842,.61234832,.72258687,.40268621,.9537164,.66296166,.81835139,.48172399,.7824074,.71666664,.83240741,.5138889
2942906,olympique-marseille,244,2,ogc-nizza,417,1,16.277779,17.5,7.4444447,10.333333,9.1699343,9.5032682,3.8300653,5.4313726,2017,.76768887,.70008814,.71152115,.38302907,.71599185,.67362279,.85503107,.4601852,.8634454,.70784312,.96944445,.55092591
2942907,sc-amiens,1416,2,fc-paris-saint-germain,583,2,0,20.222221,0,14.222222,.4509804,16.300653,.13071896,11.699347,2017,.8699671,.6095525,.96158379,.78231317,1.0866961,.87848723,.89442927,.72096562,1.3935186,1.0555556,1.3625,.90462965
2942908,sm-caen,1162,1,as-monaco,162,2,21.888889,26.333334,6.8333335,16.111111,4.8823528,6.0588236,1.5098039,3.9281046,2017,.85325789,.52666211,.7577669,.79853106,.91685665,.56931877,.78995049,.78430599,1.7100841,.71078432,1.0177249,1.0055555
2942909,fc-stade-rennes,273,2,racing-strassburg,667,1,0,1.7222222,0,.3888889,7.1764708,.1633987,2.4313726,.039215688,2017,.4694446,.38794175,1.0050255,.51666605,.52015841,.410097,1.1050706,.6229738,.52777779,.53703701,1.0694444,.65277779
2942910,as-monaco,162,1,as-saint-etienne,618,0,30.833334,0,19.666666,0,10.477124,14.130719,7.2549019,5.6143789,2017,.9729526,.88957113,.70140064,.48732761,.9792859,.90442199,.56822157,.45403978,1.2853174,1.1944444,.59828043,.41944444
2942911,ea-guingamp,855,3,olympique-marseille,244,3,24,14.666667,8.7222223,6.8333335,21.267973,8.2810459,7.4183006,3.6339869,2017,.57214642,.50563782,.58227593,.51031226,.51852006,.44983873,.53681809,.43039215,.81481481,.6111111,.72619045,.57843137
2942912,fc-girondins-bordeaux,40,4,fc-toulouse,415,2,0,0,0,0,5.2483659,11.777778,2,2.9673202,2017,.84171832,.46000251,.74499053,.38835353,.81695431,.44739237,.66023266,.36856383,1.2666667,.61309522,.58886552,.25196078
2942913,hsc-montpellier,969,1,es-troyes-ac,1095,1,0,0,0,0,2.5620916,.82352942,.79738563,.11764706,2017,.66390568,.37865761,.7581383,.42637363,.66361594,.34568372,.86397588,.51006067,.92156863,.34019607,.89313728,.54411763
2942914,ogc-nizza,417,4,sm-caen,1162,1,17.5,18.888889,10.333333,5.5555553,9.5032682,4.2222223,5.4313726,1.2418301,2017,.63003969,.33858463,.8696292,.54451156,.77354962,.41574073,.96710527,.61184561,.86759257,.49537036,1.8714286,.80555558
2942915,osc-lille,1082,2,fco-dijon,2969,1,1.8333334,13.111111,.83333331,2.6111112,.84313726,3.496732,.30718955,.69934642,2017,.46611214,.27632877,.68351108,.34841201,.47805735,.30751008,.71873581,.43026438,.42219251,.2780112,.3537415,.24880952
2942916,fc-paris-saint-germain,583,0,fc-stade-rennes,273,2,19.111111,0,13.5,0,12.535948,7.2941175,8.973856,2.4313726,2017,.81554002,.76244783,.53888905,.38794175,.72480881,.67599207,.58960283,.410097,.88749999,.71944445,.59722221,.53703701
2942917,racing-strassburg,667,3,olympique-lyon,1041,2,5.3333335,22.857143,1.25,12.714286,.45454547,6.1904764,.12121212,3.2857144,2017,.73476434,.61911422,.29217687,.14084965,.77172619,.72711939,.33577096,.21573566,.6111111,.60416669,.26785713,.16666667
2942918,sc-amiens,1416,2,fc-metz,347,0,0,0,0,0,0,4.3428574,0,1.2190477,2017,.84116226,.58177471,.53633112,.37772325,1.0818121,.87848723,.50934619,.33937728,1.375,1.0555556,.20512821,.23076923
2942919,sco-angers,1420,0,fc-nantes,995,2,28.444445,0,9.8888893,0,12.529411,8.9281044,4.1568627,2.9803922,2017,.84858984,.38468075,.6745069,.3863245,.81396705,.42702821,.55136085,.46059898,.60000002,.47222221,.54166669,.40833333
2942920,as-saint-etienne,618,5,osc-lille,1082,0,0,1.8333334,0,.83333331,14.535948,.82352942,5.7516341,.28758171,2017,.72267252,.44029719,.49353048,.29258341,.64242792,.45051244,.50617838,.32559893,.54642856,.31296295,.42219251,.2780112
2942921,fco-dijon,2969,2,sco-angers,1420,1,8.166667,23.777779,1.6666666,8.0555553,3.359477,9.7712421,.71241832,3.2483661,2017,.5664115,.28191599,.79090506,.33535415,.65070862,.34608069,.75666988,.33344355,.43112245,.21309523,.60925925,.31481481
2942922,es-troyes-ac,1095,0,as-monaco,162,3,0,30.833334,0,19.666666,.83660132,10.477124,.12418301,7.2549019,2017,.75482118,.42184874,.98036003,.84571153,.87302566,.51006067,.97399485,.84459293,.89313728,.54411763,1.289947,1.1111112
2942923,fc-metz,347,0,fc-girondins-bordeaux,40,4,0,0,0,0,2.8333333,5.9215684,.79166669,2.3006537,2017,.40537038,.30587745,.88420194,.49460459,.37262386,.25603175,.86597389,.47680414,.16111112,.2,1.3083333,.66309524
2942924,fc-nantes,995,1,racing-strassburg,667,0,0,3.5555556,0,.83333331,8.8039217,.071895428,2.8888888,.039215688,2017,.78766227,.41410229,.86153036,.48304781,.65012628,.48529032,.88434541,.55198616,.64351851,.40833333,.79074073,.60000002
2942925,fc-toulouse,415,2,ea-guingamp,855,1,0,19.722221,0,7.0555553,15.470589,13.03268,3.9542484,4.6143789,2017,.80941546,.39637822,.72944361,.62936592,.85153306,.43060088,.63688993,.59173095,.78068781,.33796296,.77962965,.62962961
2942926,olympique-lyon,1041,3,ogc-nizza,417,2,19.444445,17.5,10.611111,10.333333,8.6862745,9.5032682,4.4640522,5.4313726,2017,.85615098,.59254158,.63003969,.33858463,.93189096,.64144152,.77354962,.41574073,.72824073,.67592591,.86759257,.49537036
2942927,olympique-marseille,244,2,sc-amiens,1416,1,13.277778,0,6.1666665,0,8.2941179,.4509804,3.4771242,.13071896,2017,.86116314,.52431142,.81163377,.53812391,.8113423,.49687207,1.0168549,.79515392,1.0399159,.62549019,1.2546296,.8611111
2942928,sm-caen,1162,0,fc-paris-saint-germain,583,0,18.333334,19.5,5.3333335,13.944445,3.8104575,14.052288,1.0980393,10.189543,2017,.78983307,.51091778,.66834974,.646047,.87595946,.57191509,.58591992,.56659037,1.2269841,.73888886,.66898149,.50833333
2942929,fc-stade-rennes,273,1,hsc-montpellier,969,1,0,0,0,0,7.2941175,6.2549019,2.4313726,2.2156863,2017,.6787526,.37058061,.69176948,.38257918,.62864715,.37077522,.69629568,.35408708,.50462961,.39814815,.93627453,.34019607
2975240,sc-amiens,1416,3,osc-lille,1082,0,0,0,0,0,.49019608,1.3660131,.14379086,.52941179,2017,.8280881,.52703613,.50615078,.32293651,.96393466,.69863313,.52433121,.36183262,1.2598039,.75,.45194805,.2840136
3047431,sco-angers,1420,3,olympique-nimes,1160,4,44.555557,0,13.166667,0,20.150328,0,5.6666665,0,2018,.70337957,.45586225,1.1529717,.56977415,.81845641,.55181378,1.3062731,.71565259,.75555557,.6240741,1.2296296,.66666669
3047432,fc-girondins-bordeaux,40,0,racing-strassburg,667,2,8.2222223,15.444445,4.6666665,3.5,9.8758173,4.7124181,4.2810459,.99346405,2018,.74076182,.46230164,.705764,.50016278,.78657579,.45729116,.80102515,.55427688,.66851854,.30092594,.82314813,.48148149
3047433,osc-lille,1082,3,fc-stade-rennes,273,1,9.3888893,4.4444447,2.6111112,2.0555556,7.6143789,7.9346404,2.2287581,3.2483661,2018,.55634564,.2882275,.68414742,.48261693,.60029721,.31618905,.65264875,.47671959,.95392156,.74803919,.76111114,.59722221
3047434,olympique-lyon,1041,2,sc-amiens,1416,0,32,15.642858,18.857143,4.9285712,5.1428571,6.2417583,3.2380953,2.0659342,2018,.55652905,.37946114,1.0764091,.57425779,.62777901,.43571427,1.0762737,.6166833,.61500001,.79166669,1.2948718,.75128204
3047435,olympique-marseille,244,4,fc-toulouse,415,0,42.055557,4.7777777,22.222221,1.5555556,24.09804,9.4836597,12.869281,2.4509804,2018,.96260762,.72941577,.648148,.44428155,.99410588,.69153577,.55233163,.40720701,1.2054232,.77870369,.49915966,.48235294
3047436,hsc-montpellier,969,1,fco-dijon,2969,2,20.055555,26.833334,5.8333335,8.2777777,16.568628,11.48366,5.1960783,3.6732025,2018,.73616248,.46702909,.68177849,.4161613,.7422027,.4406279,.68127704,.36965454,.76018518,.47592592,.75,.34313726
3047437,fc-nantes,995,1,as-monaco,162,3,0,18.111111,0,12.333333,11.718954,3.6601307,4.3333335,2.4379084,2018,.52532446,.24064612,.76917988,.36917749,.56353515,.30021009,.84985834,.37471139,.65158731,.40000001,.8839947,.34444445
3047438,ogc-nizza,417,0,stade-reims,1421,1,0,.27777779,0,.055555556,12.058824,.23529412,5.0653596,.026143791,2018,.32515574,.18463218,.55364704,.30125383,.36095572,.19579186,.63724053,.37857744,.24484126,.23941799,.90833336,.64814812
3047439,fc-paris-saint-germain,583,3,sm-caen,1162,0,0,0,0,0,12.196078,4.7124181,8.7647057,1.0588236,2018,.90549856,.82692945,.9014374,.58778977,.95933944,.8784734,.89674264,.55184621,.88525134,.76111114,.68627453,.48039216
3047440,as-saint-etienne,618,2,ea-guingamp,855,1,9,42.444443,4.647059,14,13.213235,25.816994,5.5808825,8.2745094,2018,.56909019,.40539107,.61520743,.39007863,.55823225,.38088179,.6424455,.45122656,.50222224,.23111111,.68981481,.35648149
3047441,sc-amiens,1416,1,hsc-montpellier,969,2,14,16.777779,4.4444447,4.8888888,4.7450981,14.346405,1.5620915,4.5359478,2018,.89316434,.66061783,.78583181,.47292042,.92387319,.83152533,.7511313,.43031043,1.1078432,1.2215686,.76018518,.43888888
3047442,sm-caen,1162,1,ogc-nizza,417,1,0,0,0,0,4.7581701,14.104575,1.0588236,6.0653596,2018,.83918822,.54951173,.39065355,.21231093,.79936469,.50004607,.42850083,.22588445,.61388886,.39814815,.2987434,.23941799
3047443,fco-dijon,2969,2,fc-nantes,995,0,26.111111,0,7.8333335,0,11.091503,7.5098038,3.3921568,2.856209,2018,.77057272,.46141016,.54575503,.25612599,.76657116,.42847806,.58967894,.31751111,.7647059,.34313726,.65158731,.40000001
3047444,ea-guingamp,855,1,fc-paris-saint-germain,583,3,40.611111,0,13.388889,0,23.653595,14.882353,7.6209149,10.830066,2018,.68354958,.43477371,.98218423,.86196733,.75860715,.50678211,1.0558307,.92662156,.80092591,.4675926,1.0241402,.81203705
3047445,as-monaco,162,0,osc-lille,1082,0,25.166666,10.333333,16.777779,2.8333333,6.6928105,8.9019604,4.3660131,2.6078432,2018,.75472713,.40530476,.5827865,.29864419,.82230949,.40889943,.62403458,.32968113,.79788357,.41111112,.90886241,.7175926
3047446,olympique-nimes,1160,3,olympique-marseille,244,1,0,46.833332,0,24.722221,.13725491,27.803921,.026143791,15.006536,2018,1.1529717,.58458894,.95064384,.72043711,1.2994829,.73108464,.96908385,.66686648,1.1601852,.66666669,1.1535715,.77499998
3047447,stade-reims,1421,1,olympique-lyon,1041,0,.27777779,41.111111,.055555556,23.888889,.23529412,18.575163,.026143791,10.960784,2018,.58723581,.32987335,.88046205,.52002001,.69835162,.44339225,.86156744,.5460698,1.0055555,.64814812,1.3398148,.93703705
3047448,fc-stade-rennes,273,1,sco-angers,1420,0,5.2222223,49.777779,2.4444444,15.055555,9.3660135,23.816994,4.1568627,6.9150329,2018,.69312853,.48234853,.80592585,.5430029,.66430187,.48515406,.80281383,.61221939,.79411763,.63235295,.62777776,.55000001
3047449,racing-strassburg,667,1,as-saint-etienne,618,1,15.166667,10.277778,3.5,5.3333335,4.5228758,13.849673,1,5.9607844,2018,.57378513,.4657186,.67035538,.47679856,.5740546,.48492062,.64631009,.44082993,.59705883,.4509804,.57401961,.29215688
3047450,fc-toulouse,415,2,fc-girondins-bordeaux,40,1,4.7777777,.55555558,1.5555556,.5,9.1241827,8.4117651,2.2679739,3.5686274,2018,.72554737,.5169459,.69584626,.57518184,.6156801,.46068296,.78475785,.60462022,.54621851,.5264706,.71944445,.41666666
3047451,sc-amiens,1416,4,stade-reims,1421,1,15.111111,.11111111,4.8333335,0,5.2483659,.20261438,1.7124183,.026143791,2018,1.1137669,.8527528,.5533734,.31135485,1.1886845,1.0611231,.63724053,.40867004,1.2592592,1.3620371,.97777778,.64814812
3047452,fc-girondins-bordeaux,40,2,as-monaco,162,1,.55555558,21.388889,.5,14.388889,8.9019604,6.6797385,3.9673202,4.4313726,2018,.71705842,.57981151,.83775663,.50358516,.79354227,.59447068,.89720267,.51865077,.73055553,.42777777,.89973545,.51111114
3047453,osc-lille,1082,3,ea-guingamp,855,0,9.9444447,39.611111,2.7222223,12.833333,7.2810459,18.686274,2.0784314,5.9281044,2018,.60562599,.28718033,.60387123,.4039095,.62221521,.30600387,.64749604,.43138528,.95383596,.58425927,.75462961,.45833334
3047454,olympique-lyon,1041,2,racing-strassburg,667,0,42.833332,13.388889,25.166666,3.0555556,24.294117,3.2679739,14.267974,.70588237,2018,.98603088,.59620583,.59205604,.34807155,.97386688,.60559362,.7295168,.38688141,1.562037,.97407407,.77352941,.41176471
3047455,olympique-marseille,244,2,fc-stade-rennes,273,2,44.777779,12.833333,24.055555,6.1666665,25.339869,9.6339865,13.973856,4.2222223,2018,.95064384,.72043711,.79906583,.51994532,.96908385,.66686648,.78057081,.52764553,1.1535715,.77499998,1.0277778,.74537039
3047456,hsc-montpellier,969,0,as-saint-etienne,618,0,16.722221,8.3888893,4.8888888,4.2777777,15.477124,8.9803925,4.9607844,3.7647059,2018,.78583181,.47292042,.7716276,.49245372,.7511313,.43031043,.66445529,.42901492,.76018518,.43888888,.56822914,.27291667
3047457,fc-nantes,995,1,sm-caen,1162,1,0,0,0,0,6.3660131,5.3790851,2.509804,1.2679739,2018,.63227463,.29791948,.80832404,.50982922,.6416074,.35120946,.76850051,.46036357,.60305059,.3392857,.58611113,.3425926
3047458,ogc-nizza,417,0,fco-dijon,2969,4,0,27.888889,0,8.333333,12.764706,11.679739,5.6928105,3.5751634,2018,.51678991,.21799275,.76705337,.50273746,.42850083,.2328289,.75921822,.46769375,.27791005,.23941799,.67647058,.3137255
3047459,fc-paris-saint-germain,583,3,sco-angers,1420,1,0,45.944443,0,14,22.836601,20.470589,17.320261,5.980392,2018,1.313257,1.0026006,.75839502,.52080172,1.4311208,1.0814716,.80049902,.60632718,1.5009921,1.0268519,.79444444,.71666664
3047460,fc-toulouse,415,1,olympique-nimes,1160,0,4.7777777,0,1.5555556,0,9.1241827,0,2.2679739,0,2018,.72554737,.5169459,1.1660436,.58250558,.6156801,.46068296,1.3340508,.73417109,.54621851,.5264706,1.187963,.66666669
3047461,sco-angers,1420,1,osc-lille,1082,0,45.277779,8.2222223,13.666667,2.2777777,19.20915,5.653595,5.5686274,1.6405228,2018,.90345675,.55175412,.46334204,.21244489,.96407926,.64005733,.48493966,.23975608,1.1166667,.81851852,.82282913,.54705882
3047462,fco-dijon,2969,0,sm-caen,1162,2,26.555555,0,8.1111107,0,11.333333,5.7516341,3.6013072,1.3006536,2018,.77509761,.48705119,.89108753,.53796309,.76341993,.44318393,.78779709,.46863076,.74509805,.34313726,.60555553,.3425926
3047463,ea-guingamp,855,1,fc-toulouse,415,2,31.166666,3.1111112,9.9444447,1.1111112,11.915032,9.5882349,3.6078432,2.2156863,2018,.68907148,.46591136,.78552735,.53413707,.75343305,.51655847,.68889523,.47873107,.83333331,.515625,.63445377,.6009804
3047464,olympique-lyon,1041,0,ogc-nizza,417,1,47.555557,0,27.944445,0,28.313726,13.594771,16.69281,5.993464,2018,.78535748,.57495826,.48537931,.25552082,.79108483,.58912539,.57233983,.26271799,1.3074074,.89074075,.47420636,.22275132
3047465,as-monaco,162,2,olympique-marseille,244,3,15.444445,43.444443,10.555555,23.388889,4.0718956,23.764706,2.7843137,13.104575,2018,.82963252,.5265699,.98536605,.74810243,.87087208,.46779609,1.0014913,.71007633,.7914021,.41111112,1.1674603,.77499998
3047466,olympique-nimes,1160,2,fc-paris-saint-germain,583,4,0,0,0,0,0,19.019608,0,14.222222,2018,1.037231,.52656424,1.2872497,.95203078,1.1805155,.66858464,1.4034817,1.0250744,1.0907408,.62962961,1.4718915,.98981482
3047467,stade-reims,1421,0,hsc-montpellier,969,1,.055555556,17.611111,0,5.1111112,.03267974,16.137255,.0065359478,5.1176472,2018,.63963884,.34905183,.80435032,.49143893,.7300474,.45133054,.7696498,.44882894,1.0843138,.66666669,.77870369,.45740741
3047468,fc-stade-rennes,273,2,fc-girondins-bordeaux,40,0,6.5,.5,3.0555556,.44444445,12.647058,7.640523,5.3660131,3.4183006,2018,.71152145,.53034794,.67261398,.5631448,.7720238,.57548499,.74909782,.57780397,.96296299,.73148149,.69351852,.40925926
3047469,as-saint-etienne,618,0,sc-amiens,1416,0,9.2777777,14.388889,4.7777777,4.6111112,9.8169937,5.3725491,4.2026143,1.7777778,2018,.84388483,.52230942,1.0929337,.83886391,.77522963,.51302242,1.1688432,1.0492184,.64264709,.28627452,1.287037,1.4175926
3047470,racing-strassburg,667,2,fc-nantes,995,3,13.444445,0,3,0,3.3006537,8.0196075,.72549021,3.1111112,2018,.76846343,.48915344,.64317656,.33325478,.84727734,.54398149,.65308899,.38443953,.88611114,.44907406,.62632275,.41666666
3047471,sc-amiens,1416,2,osc-lille,1082,3,12.333333,9.2222223,3.9444444,2.5555556,3.7581699,7.2549019,1.2614379,2.0784314,2018,.83188641,.79455155,.60942465,.29670414,.90099734,.97928447,.60532111,.32187688,.81862748,1.2362745,.83300263,.58888888
3047472,fc-girondins-bordeaux,40,3,olympique-nimes,1160,3,.55555558,0,.5,0,8.9934645,.13725491,3.8235295,.026143791,2018,.74257565,.59532076,.86057001,.29299945,.85825753,.65361011,.96368045,.35994267,.7490741,.41666666,.87037039,.4074074
3047473,sm-caen,1162,2,olympique-lyon,1041,2,0,40.611111,0,23.722221,5.1895423,20.20915,1.2418301,11.810457,2018,.92620152,.57001442,.89647245,.61276019,.84180945,.51261222,.93944764,.66088462,.69814813,.37962964,1.4564815,1.0455027
3047474,fco-dijon,2969,1,sco-angers,1420,3,26.555555,38.888889,8.1111107,11.555555,11.352942,14.065359,3.5620916,3.9084966,2018,.7678147,.51473284,.84172833,.40985894,.75279897,.45999065,.9257195,.48727953,.74509805,.34313726,.94999999,.51296294
3047475,olympique-marseille,244,4,ea-guingamp,855,0,38.944443,41.833332,20.5,13.722222,18.666666,22.535948,9.973856,7.0718956,2018,.97951812,.79748511,.54743379,.36944836,.99038017,.78090966,.55911219,.40360752,1.1322751,.83055556,.64351851,.34722221
3047476,hsc-montpellier,969,1,racing-strassburg,667,1,17.666666,13.611111,5,2.8888888,13.738562,4.3006535,4.2745099,.86274511,2018,.7372207,.47007141,.77243167,.49576721,.65005106,.4091464,.86209214,.55925924,.64907408,.43888888,.88611114,.44907406
3047477,fc-nantes,995,0,stade-reims,1421,0,0,.055555556,0,0,6.1437907,.10457516,2.3790851,.019607844,2018,.64317656,.33325478,.61093956,.35250127,.65308899,.38443953,.69861621,.45495015,.62632275,.41666666,1.0478836,.68518519
3047478,ogc-nizza,417,2,fc-stade-rennes,273,1,0,4.2777777,0,1.8888888,11.24183,8.1176472,4.7843137,3.6078432,2018,.35945341,.22157019,.8224147,.59811354,.40196949,.24419947,.92757934,.65187389,.23346561,.19497354,1.0784314,.77450979
3047479,fc-paris-saint-germain,583,4,as-saint-etienne,618,0,0,9.5,0,4.8888888,21,13.640523,15.496732,5.8039217,2018,.9775278,.73723692,.79620254,.51683867,1.0215507,.70032686,.74933726,.50553578,1.1144841,.74351853,.64791667,.27291667
3047480,fc-toulouse,415,1,as-monaco,162,1,4.7777777,25.722221,1.5555556,16.666666,8.2026148,5.2549019,2.1111112,3.4183006,2018,.66053188,.48580402,.67171127,.4728542,.59003907,.43970391,.69437003,.44081196,.56092435,.53627449,.50462961,.27777779
3047511,sco-angers,1420,0,fc-toulouse,415,0,38.055557,4.7777777,11.388889,1.5555556,14.490196,10.366014,4.0915031,2.5294118,2018,.74913573,.44672763,.83613563,.55586451,.7965709,.53126103,.70286494,.50346369,.61666667,.42037037,.5109244,.51764709
3047512,ea-guingamp,855,1,fc-girondins-bordeaux,40,3,39.222221,.5,12.833333,.5,21.143791,7.0849671,6.7058825,3.1307189,2018,.57997352,.35612801,.65230691,.49884549,.57577884,.37274331,.71811032,.55249178,.64351851,.31018519,.57037038,.39074075
3047513,osc-lille,1082,2,fc-nantes,995,1,9.2222223,0,2.5555556,0,7.2549019,6.7581701,2.0784314,2.6535947,2018,.60942465,.29670414,.64433396,.34066221,.60532111,.32187688,.66234827,.40200835,.83300263,.58888888,.62632275,.41666666
3047514,olympique-lyon,1041,4,olympique-marseille,244,2,42.722221,40.777779,24.777779,21.5,20.248365,22.509804,11.568627,12.078431,2018,.89647245,.61276019,.9792549,.76763988,.93944764,.66088462,.9906888,.70266896,1.4564815,1.0455027,1.1489418,.75277776
3047515,as-monaco,162,1,olympique-nimes,1160,1,25.666666,0,16.722221,0,5.6993465,.13725491,3.8039215,.026143791,2018,.79393137,.52837706,1.0746294,.39546856,.79529595,.43365553,1.2111552,.47491181,.67566139,.30000001,1.1064814,.48148149
3047516,hsc-montpellier,969,1,ogc-nizza,417,0,18.722221,0,5.3333335,0,15.261438,11.300653,4.6666665,4.9281044,2018,.72788364,.41104364,.48537931,.25552082,.64806688,.35786435,.57233983,.26271799,.63055557,.40185186,.47420636,.22275132
3047517,stade-reims,1421,0,fco-dijon,2969,0,.055555556,28.055555,0,8.2777777,.13725491,10.686275,.026143791,3.359477,2018,.613931,.34566367,.64256281,.37144476,.70456856,.44602156,.63879341,.33940244,.99232805,.57407409,.72058821,.3137255
3047518,fc-stade-rennes,273,1,fc-paris-saint-germain,583,3,12.444445,0,5.9444447,0,7.5490198,15.51634,3.3006537,11.69281,2018,.8224147,.59811354,1.2768512,.99184781,.92757934,.65187389,1.354107,1.0235592,1.0784314,.77450979,1.3737434,.96574074
3047519,as-saint-etienne,618,2,sm-caen,1162,1,9.333333,0,4.8333335,0,13.084968,4.1699347,5.6078429,1.0457517,2018,.77329659,.53562206,.89106381,.54752761,.78356498,.55007362,.78582144,.48165986,.66225493,.32156864,.71203703,.35185185
3047520,racing-strassburg,667,3,sc-amiens,1416,1,15,14.166667,3.1666667,4.5555553,5.6078429,4.8562093,1.0653595,1.614379,2018,.74280202,.46719578,.97201246,.9113583,.73378527,.49907407,1.0667304,1.1449708,.68240738,.39351851,1.0686275,1.417647
3047521,sc-amiens,1416,2,fc-stade-rennes,273,1,14.166667,12,4.5555553,5.7777777,5.0718956,7.9150329,1.6928104,3.5882354,2018,.87642425,.85253477,.8224147,.59811354,.98269671,1.0920296,.92757934,.65187389,.83333331,1.2803922,1.0784314,.77450979
3047522,fc-girondins-bordeaux,40,1,osc-lille,1082,0,.6111111,9.2222223,.55555558,2.5555556,7.9477124,7.2549019,3.5294118,2.0784314,2018,.76081163,.57425594,.60942465,.29670414,.8615706,.60878044,.60532111,.32187688,.7185185,.31666666,.83300263,.58888888
3047523,sm-caen,1162,2,hsc-montpellier,969,2,0,18.555555,0,5.2777777,2.7320261,15.084968,.63398695,4.6209149,2018,.90796357,.57412696,.79084659,.42447466,.79802036,.51196289,.76334471,.38520122,.68518519,.37407407,.74166667,.40185186
3047524,fco-dijon,2969,0,olympique-lyon,1041,3,20.222221,37.333332,6.5555553,21.944445,6.980392,17.803921,2.3725491,10.535948,2018,.75149405,.43537593,.69196773,.49172381,.74628639,.37070495,.65859336,.52287757,.78921568,.38235295,1.0537037,.84179896
3047525,olympique-marseille,244,3,racing-strassburg,667,2,39,14.833333,21,3.1666667,21.915033,5.6078429,11.75817,1.1045752,2018,.96690923,.81084979,.71899253,.45132276,.97064912,.76854193,.70045191,.47685185,1.0915344,.7972222,.68240738,.39351851
3047526,as-monaco,162,0,sco-angers,1420,1,25.666666,42.666668,16.777779,13.055555,5.640523,16.869282,3.8300653,5.019608,2018,.81278545,.45094526,.90793365,.46120539,.84805846,.41578144,.98520559,.56030142,.7451058,.35555556,.8611111,.47222221
3047527,fc-nantes,995,1,ogc-nizza,417,2,0,0,0,0,6.3790851,9.6209154,2.496732,3.9281046,2018,.64702451,.36346921,.38260153,.22157019,.66003346,.43455607,.42511764,.24419947,.63002646,.43055555,.23346561,.19497354
3047528,olympique-nimes,1160,0,ea-guingamp,855,0,0,41.055557,0,13.388889,.03267974,22.013071,.013071896,6.8366013,2018,1.1654032,.44597363,.54170191,.37905571,1.4097663,.57808644,.53891015,.39249641,1.3768518,.57407409,.64351851,.34722221
3047529,fc-paris-saint-germain,583,4,stade-reims,1421,1,0,.11111111,0,0,21.464052,.20261438,16.045752,.026143791,2018,1.2552463,.96715647,.62963104,.3529886,1.333905,1.0084076,.70978838,.45395806,1.3737434,.96574074,1.0617725,.68518519
3047530,fc-toulouse,415,2,as-saint-etienne,618,3,4.7777777,9.5,1.5555556,4.8888888,8.2745094,14.176471,2.1045752,6.0392156,2018,.80889845,.55751777,.81432498,.53328604,.70392543,.51263994,.7689451,.53359008,.55848217,.56041664,.61041665,.31666666
3047531,sco-angers,1420,0,ea-guingamp,855,1,34.555557,39.111111,10.611111,12.722222,12.019608,18.542484,3.5294118,5.7189541,2018,.89802462,.47020224,.56139886,.35436434,.97532904,.57881993,.55418795,.36075035,.83888888,.49444443,.625,.2638889
3047532,sm-caen,1162,1,sc-amiens,1416,0,0,12.055555,0,3.8888888,3.4117646,3.5294118,.81699347,1.1568627,2018,.93700397,.57556993,1.1108882,.98394316,.85252374,.52054876,1.2226866,1.2361742,.69351852,.37962964,1.2291666,1.4854167
3047533,osc-lille,1082,3,olympique-marseille,244,0,8.7777777,37.166668,2.4444444,19.888889,5.8300653,20.065359,1.6535947,10.666667,2018,.59608614,.30305335,.8821789,.73895431,.60804576,.32187688,.89020181,.68773389,.93452382,.59814817,.98703706,.77499998
3047534,olympique-lyon,1041,1,fc-nantes,995,1,44.111111,0,25.777779,0,22.941177,4.9673204,13.267974,1.8888888,2018,.87239379,.57669997,.49327701,.30641839,.90542692,.62316018,.5027805,.36616394,1.4009259,.97142857,.41218486,.36764705
3047535,hsc-montpellier,969,3,olympique-nimes,1160,0,16.944445,0,4.8888888,0,10.261438,.22222222,3,.05882353,2018,.77417988,.42813766,1.161435,.42880189,.76612246,.38961038,1.4140873,.55824512,.76018518,.42037037,1.324074,.53703701
3047536,ogc-nizza,417,0,fc-paris-saint-germain,583,3,0,0,0,0,11.300653,18.424837,4.9281044,13.562092,2018,.48537931,.25552082,1.3347499,.97374558,.57233983,.26271799,1.4024501,1.0087444,.47420636,.22275132,1.4570767,.96111113
3047537,stade-reims,1421,0,fc-girondins-bordeaux,40,0,.055555556,.66666669,0,.6111111,.13725491,9.8169937,.026143791,4.0915031,2018,.62504214,.35492292,.63790196,.42736641,.69986773,.44602156,.72523284,.44467139,.99232805,.57407409,.54259259,.20555556
3047538,fc-stade-rennes,273,1,fc-toulouse,415,1,10.611111,4.7777777,5.1111112,1.5555556,6.6274509,10.013072,2.9411764,2.4444444,2018,.87797022,.65366906,.91456699,.59329766,.98313493,.70742947,.76659042,.51326764,1.137255,.83333331,.56974792,.51764709
3047539,as-saint-etienne,618,2,as-monaco,162,0,8.4444447,23.611111,4.3333335,15.333333,12.581699,4.5620914,5.3790851,3.0196078,2018,.89819771,.60139751,.81868696,.52463913,.84002352,.58788872,.83613765,.45599309,.72708333,.36666667,.84232807,.3888889
3047540,racing-strassburg,667,3,fco-dijon,2969,0,13.055555,24.833334,2.8888888,7.7777777,3.9673202,10.862745,.75816995,3.4836602,2018,.733275,.44061625,.59690452,.4257434,.7155112,.46183473,.61562049,.39626518,.69901961,.41666666,.69117647,.38235295
3047541,sc-amiens,1416,1,fco-dijon,2969,0,13.888889,22.333334,4.5,6.8333335,4.6928105,8.8431368,1.5490196,2.7973857,2018,1.0048178,.89438999,.57370192,.40682605,1.1079832,1.1313726,.55736995,.35599905,1.0784314,1.3196079,.63725489,.40196079
3047542,sco-angers,1420,2,racing-strassburg,667,2,41.833332,15.555555,12.833333,3.5,16.254902,5.5620914,4.8235292,1.1437908,2018,.83320981,.47020224,.73075294,.46841678,.90518314,.57981199,.71897048,.48456791,.79444444,.56851852,.71944445,.41203704
3047543,fc-girondins-bordeaux,40,3,fc-nantes,995,0,.5,0,.5,0,8.1176472,5.4771242,3.490196,2.2287581,2018,.73617709,.54924232,.65491593,.3523581,.84959179,.59052092,.67623717,.4222104,.7185185,.31666666,.64854497,.43055555
3047544,ea-guingamp,855,1,hsc-montpellier,969,1,40,16.944445,13.111111,4.8888888,20.379086,10.261438,6.3660131,3,2018,.47182995,.31974074,.77417988,.42813766,.47236004,.36825398,.76612246,.38961038,.47685185,.3287037,.76018518,.42037037
3047545,osc-lille,1082,3,as-saint-etienne,618,1,9.166667,8.5555553,2.5555556,4.4444447,5.980392,12.699347,1.7843137,5.3725491,2018,.60534543,.30305335,.89955223,.59355438,.62193465,.32187688,.84084052,.58135277,.93452382,.59814817,.72708333,.34583333
3047546,olympique-marseille,244,2,sm-caen,1162,0,39.111111,0,20.833334,0,18.908497,2.8823528,10.104575,.65359479,2018,.89771169,.72867614,.90281594,.5477922,.91687727,.70704603,.81008548,.48351172,1.0277778,.80833334,.61944443,.3425926
3047547,as-monaco,162,1,fc-stade-rennes,273,2,31.833334,4.5,20.166666,2.1666667,7.7189541,6.4771242,4.9281044,2.9084966,2018,.8131755,.56827331,.80204427,.64020103,.86690772,.54565156,.89064407,.67965168,.7126984,.39259258,.88235295,.69607842
3047548,olympique-nimes,1160,0,stade-reims,1421,0,0,.055555556,0,0,.13725491,.13725491,.026143791,.026143791,2018,1.0930586,.40152919,.62504214,.35492292,1.3403499,.53772044,.69986773,.44602156,1.2546296,.5462963,.99232805,.57407409
3047549,fc-paris-saint-germain,583,5,olympique-lyon,1041,0,0,45.666668,0,26.722221,16.196079,25.555555,12.124183,14.928104,2018,1.3558636,1.0429841,.88094079,.60905647,1.4313835,1.0769984,.92092913,.65718096,1.4871693,1.0194445,1.4009259,.97142857
3047550,fc-toulouse,415,1,ogc-nizza,417,1,4.7777777,0,1.5555556,0,9.1176472,9.8169937,2.2418301,4.0653596,2018,.8099556,.57374358,.31555608,.17791939,.70207483,.4874126,.32473883,.20253281,.54062498,.56354165,.21726191,.15793651
3047551,sm-caen,1162,0,ea-guingamp,855,0,0,25.611111,0,8.2222223,3.7712419,7.7908497,.81045753,2.3137255,2018,.82368487,.42181012,.57556516,.37274274,.80391258,.44647467,.58435732,.39862433,.68425924,.26851851,.48888889,.3611111
3047552,fco-dijon,2969,1,osc-lille,1082,2,28.666666,9.2222223,8.666667,2.5555556,11.653595,6.7254901,3.7058823,2,2018,.54919213,.39568523,.57746243,.28784171,.53005898,.3423436,.59352553,.30104357,.57843137,.36274511,.88161373,.53333336
3047553,olympique-lyon,1041,2,olympique-nimes,1160,0,32.611111,0,19.055555,0,13.24183,0,7.6732025,0,2018,.66000229,.45535493,1.2097253,.5922699,.61817527,.47343874,1.4952883,.80006611,.94722223,.61031747,1.4166666,.73148149
3047554,fc-nantes,995,4,fc-toulouse,415,0,0,5.2777777,0,1.6666666,9.8496733,11.071896,3.6797385,2.6470587,2018,.69814569,.36758274,.81367582,.58456612,.67303205,.41452241,.70371175,.50328559,.541336,.36640212,.54062498,.54791665
3047555,hsc-montpellier,969,2,fc-girondins-bordeaux,40,0,18.611111,.44444445,5.3333335,.3888889,16.333334,6.9673204,5.1045752,3.0261438,2018,.7167725,.40310714,.74330109,.62295234,.63140023,.34551868,.82757491,.64439297,.61203706,.38333333,.70740741,.40925926
3047556,ogc-nizza,417,0,olympique-marseille,244,1,0,34.388889,0,17.944445,11.712419,12.372549,5.4509802,6.5490198,2018,.43015972,.21231093,.79578239,.65094256,.51517093,.21686262,.79292643,.61326295,.4700397,.18386243,.73968256,.57499999
3047557,fc-paris-saint-germain,583,5,sc-amiens,1416,0,0,13.888889,0,4.5,13,4.6928105,9.4771242,1.5490196,2018,1.0947714,.78680414,.99301177,.89128286,1.1297984,.74212575,1.0930054,1.1173401,1.2626323,.82685184,1.1064814,1.3620371
3047558,stade-reims,1421,1,sco-angers,1420,1,.055555556,36,0,10.944445,.098039217,13.019608,.019607844,3.8169935,2018,.63729954,.32753527,.94318134,.50970161,.69643396,.40608168,1.0289485,.60428292,.98207283,.56862748,1.2981482,.83703703
3047559,as-saint-etienne,618,1,fc-stade-rennes,273,1,7.5555553,3.6111112,3.8333333,1.7222222,6.8954248,6.2679739,2.9084966,2.7254901,2018,.86928385,.51224542,.69598371,.56083596,.80780846,.51582044,.78458345,.6002866,.66197914,.28333333,.7911765,.59313726
3047560,racing-strassburg,667,2,as-monaco,162,1,12.444445,0,2.8888888,0,3.0522876,3.4052289,.67320263,2.1045752,2018,.63481557,.44975221,.83783203,.63972908,.59949815,.4712885,.88422167,.59227347,.62450981,.41666666,.82103175,.45925927
3047561,sc-amiens,1416,1,fc-nantes,995,2,13.888889,0,4.5,0,4.4901962,7.647059,1.4836601,2.9019608,2018,.99301177,.89128286,.7233882,.39663976,1.0930054,1.1173401,.70775425,.46250218,1.1064814,1.3620371,.63763225,.45436507
3047562,sco-angers,1420,1,olympique-lyon,1041,2,38.833332,40.833332,11.611111,24.055555,15.398693,22.535948,4.3071895,13.431373,2018,.88012338,.52891457,.69398791,.49569207,.91320783,.60764992,.6531921,.52596402,1.0111111,.72592592,.97962964,.70291007
3047563,fc-girondins-bordeaux,40,0,ogc-nizza,417,1,.55555558,0,.5,0,6.8758168,14.294118,3.0261438,6.6078429,2018,.65752876,.5037533,.44775233,.21231093,.73704541,.54016012,.53831911,.21686262,.65185183,.26111111,.4700397,.18386243
3047564,ea-guingamp,855,1,racing-strassburg,667,1,31,15.166667,10.055555,3.3888888,12.496732,4.3006535,3.8823528,.91503268,2018,.43314978,.28042158,.64875442,.45582011,.49831575,.31815475,.64092815,.48101851,.46875,.36458334,.68240738,.44907406
3047565,osc-lille,1082,1,sm-caen,1162,0,8.2222223,0,2.2777777,0,5.3725491,3.4117646,1.6013072,.81699347,2018,.62747359,.3501848,.8783145,.54565543,.63726556,.36155942,.79381162,.49585739,.85615081,.64444447,.66759259,.37962964
3047566,olympique-marseille,244,0,fc-paris-saint-germain,583,2,37,0,20,0,18.444445,12.535948,9.9411764,9.320261,2018,.97425491,.79263502,1.1351081,1.0189637,.98621351,.77674299,1.166347,1.0328425,1.121164,.81944442,1.1885582,.96388888
3047567,as-monaco,162,2,fco-dijon,2969,2,0,23.444445,0,7.3333335,1.6928104,10.254902,1.137255,3.3464053,2018,.70252925,.45601025,.67967767,.41425979,.71681225,.37554267,.67590827,.38246965,.58703703,.15185185,.79901963,.41176471
3047568,olympique-nimes,1160,1,as-saint-etienne,618,1,0,8.333333,0,4.3333335,.13725491,8.7973852,.026143791,3.6078432,2018,1.2482353,.62425643,.8397758,.5181427,1.5341771,.83216488,.77774346,.51138842,1.3888888,.74074072,.66225493,.29607844
3047569,fc-stade-rennes,273,0,stade-reims,1421,2,4.9444447,.11111111,2.3333333,.055555556,7.3986926,.084967323,3.2679739,.026143791,2018,.74648875,.58464551,.63529855,.36703119,.83508855,.6240961,.72540194,.47379935,.82352942,.63725489,.99232805,.57407409
3047570,fc-toulouse,415,0,hsc-montpellier,969,3,4.7777777,18.333334,1.5555556,5.2777777,9.4967318,16.058823,2.2810457,5.0522876,2018,.8973155,.60648167,.76227516,.43241116,.77523953,.5301953,.73834467,.39754689,.54062498,.54791665,.76018518,.42037037
3047571,sm-caen,1162,1,fc-stade-rennes,273,2,0,8.833333,0,4.3333335,4.346405,3.7058823,.98692811,1.4379085,2018,.86905527,.53639615,.7976073,.5974521,.78587508,.48792088,.895854,.64473104,.66759259,.37962964,1.0892156,.75980395
3047572,fco-dijon,2969,0,olympique-nimes,1160,4,23.222221,0,7.1111112,0,9.1176472,.13725491,2.8235295,.026143791,2018,.63965124,.33771378,1.2839496,.63435745,.66166919,.32994863,1.5695306,.83910936,.79901963,.41176471,1.4444444,.75925928
3047573,olympique-lyon,1041,1,fc-girondins-bordeaux,40,1,45.333332,.55555558,26.611111,.5,25.535948,6.9542484,14.980392,2.856209,2018,.89908296,.622284,.67364228,.46101823,.93167228,.66644019,.74815655,.49495596,1.3824074,.90661377,.5935185,.20555556
3047574,hsc-montpellier,969,3,olympique-marseille,244,0,16.611111,44.777779,4.8333335,24.166666,13.137255,26.529411,4.1895423,14.601307,2018,.75800163,.42813766,.98536605,.74810243,.73140025,.39060244,1.0014913,.71007633,.74166667,.40185186,1.1674603,.77499998
3047575,fc-nantes,995,5,ea-guingamp,855,0,0,35.388889,0,11.5,9.7908497,16.058823,3.6797385,4.973856,2018,.7233882,.39663976,.46572995,.30483732,.70775425,.46250218,.44377339,.32689077,.63763225,.45436507,.38725489,.24019608
3047576,ogc-nizza,417,1,sc-amiens,1416,0,0,12.111111,0,3.9444444,12.058824,3.4705882,5.4901962,1.1568627,2018,.41732302,.19715941,.87227982,.85028565,.49286455,.19602928,.97242594,1.0771836,.44920635,.18386243,1.0539216,1.4068627
3047577,fc-paris-saint-germain,583,2,osc-lille,1082,1,0,8.2222223,0,2.2777777,14.888889,5.3725491,11.150327,1.6013072,2018,1.1476667,1.0262101,.62747359,.3501848,1.1924908,1.0447472,.63726556,.36155942,1.1978174,.96388888,.85615081,.64444447
3047578,stade-reims,1421,1,as-monaco,162,0,0,0,0,0,.084967323,3.0457516,.026143791,2.013072,2018,.65306121,.38126832,.76003414,.53952932,.74846476,.49431697,.76499093,.45646793,1.0065826,.58823532,.70529103,.34814814
3047579,as-saint-etienne,618,4,sco-angers,1420,3,9.3888893,33.166668,4.8888888,9.833333,13.522876,10.457517,5.7908497,2.8758171,2018,.91991419,.60424954,.89464045,.41029459,.8637163,.58135277,.87785029,.43359011,.72107846,.32549021,.83529413,.53333336
3047580,racing-strassburg,667,1,fc-toulouse,415,1,15.277778,4.7777777,3.3888888,1.5555556,4.3725491,9.013072,.91503268,2.1503267,2018,.62494487,.444709,.79881072,.55398989,.6171186,.4699074,.64002317,.46201351,.62685186,.39351851,.51473212,.48124999
3047581,sco-angers,1420,1,hsc-montpellier,969,0,31.777779,16.666666,9.6111107,4.7777777,9.6013069,13.20915,2.7516339,4.1503267,2018,.87950611,.47923025,.83284205,.44491887,.88511741,.53344959,.80089438,.40050718,.81666666,.5777778,.76568627,.40588236
3047582,fc-girondins-bordeaux,40,0,sm-caen,1162,0,.3888889,0,.3888889,0,6.5228758,5.1568627,2.9607842,1.1111112,2018,.71933007,.55398333,.86967254,.53212267,.79959184,.59647328,.78445059,.48097643,.7046296,.43240741,.69537038,.37962964
3047583,ea-guingamp,855,2,olympique-lyon,1041,4,0,46,0,26.833334,23.568628,24.666666,7.4117646,14.222222,2018,.48770297,.33728462,.63527578,.47230026,.47236004,.36825398,.60510623,.5127365,.47685185,.3287037,.74351853,.68439156
3047584,osc-lille,1082,0,racing-strassburg,667,0,8.2222223,13.222222,2.2777777,2.8333333,5.3725491,3.0718954,1.6013072,.58169937,2018,.62747359,.3501848,.66590804,.44901961,.63726556,.36155942,.64186507,.45049021,.85615081,.64444447,.6637255,.39705881
3047585,olympique-marseille,244,2,fco-dijon,2969,0,44.777779,18.611111,24.166666,5.7777777,26.745098,6.7908497,14.712419,2.1568627,2018,.98536605,.74810243,.61350745,.33379221,1.0014913,.71007633,.63225746,.32504669,1.1674603,.77499998,.71078432,.38235295
3047586,as-monaco,162,0,fc-paris-saint-germain,583,4,0,0,0,0,1.137255,18.529411,.79738563,14,2018,.61844844,.35067728,1.3943189,1.0739825,.63344759,.3098155,1.4834,1.1208656,.52843916,.25555557,1.5523148,1.0861111
3047587,olympique-nimes,1160,0,ogc-nizza,417,1,0,0,0,0,.13725491,10.522876,.026143791,4.8888888,2018,1.2839496,.63435745,.37042132,.14984415,1.5695306,.83910936,.43250129,.12995183,1.4444444,.75925928,.40257937,.12037037
3047588,fc-stade-rennes,273,1,fc-nantes,995,1,2.7222223,0,1.3888888,0,4.9542484,9.7908497,2.1699347,3.6797385,2018,.90574801,.65829867,.7233882,.39663976,1.0290751,.71615964,.70775425,.46250218,1.1823529,.80392158,.63763225,.45436507
3047589,as-saint-etienne,618,2,stade-reims,1421,0,10.333333,.055555556,5.3333335,0,15.084968,.052287582,6.4967322,.019607844,2018,.87922454,.57808751,.64646584,.37008291,.8219049,.55522823,.73866087,.48562711,.69953704,.32592592,1.0448179,.63725489
3047590,fc-toulouse,415,0,sc-amiens,1416,1,5.2777777,12.777778,1.6666666,4.1666665,10.117647,3.8300653,2.503268,1.2875817,2018,.84052157,.56456745,.96456057,.85355258,.70957685,.52069485,1.0184022,1.0490861,.52563024,.52745098,1.1805556,1.412037
3047591,sc-amiens,1416,1,olympique-marseille,244,3,10.833333,44.111111,3.5,23.666666,2.856209,26.503267,.93464053,14.006536,2018,.98012298,.90376157,.96888053,.75145417,1.0278882,1.110797,1.0174634,.74578059,1.25,1.495098,1.1787037,.86388886
3047592,sm-caen,1162,0,as-monaco,162,1,0,0,0,0,2.7254901,.84967321,.61437911,.56209153,2018,.8839519,.53936309,.65191197,.44689006,.8216821,.48688355,.67250007,.38987246,.73431373,.3137255,.5738095,.23703703
3047593,fco-dijon,2969,0,fc-girondins-bordeaux,40,0,25,.5,7.6111112,.44444445,9.6143789,7.7516341,3.0915034,3.4313726,2018,.64470547,.40860367,.8042199,.60861439,.66344965,.41538283,.91041803,.64150697,.69607842,.33333334,.77407408,.42777777
3047594,olympique-lyon,1041,1,as-saint-etienne,618,0,40.277779,9.4444447,23.444445,4.9444447,20.163399,11.875817,11.875817,5.0784316,2018,.89875722,.60561734,.8889268,.59661281,.93281186,.65532911,.82907581,.57024169,1.3962963,.96216929,.7406863,.34509805
3047595,hsc-montpellier,969,2,fc-stade-rennes,273,2,18.333334,12.5,5.2777777,5.9444447,16.058823,8.8039217,5.0522876,3.8169935,2018,.76227516,.43241116,.89483529,.65499181,.73834467,.39754689,1.0082418,.71615964,.76018518,.42037037,1.1039215,.78431374
3047596,fc-nantes,995,1,sco-angers,1420,1,0,33.444443,0,9.9444447,8.1895428,11.895425,3.137255,3.2941177,2018,.6956104,.37441754,.95490295,.52394664,.67303205,.43075615,.99222016,.60428292,.60985452,.41732803,1.0388889,.72592592
3047597,ogc-nizza,417,2,osc-lille,1082,0,0,6.0555553,0,1.7222222,13.888889,2.7450981,6.3267975,.75816995,2018,.42782873,.23447703,.65651399,.30543172,.50337023,.23334689,.63057363,.31118464,.48789683,.26719576,.93419313,.61851853
3047598,fc-paris-saint-germain,583,1,fc-toulouse,415,0,0,5.2777777,0,1.6666666,26.183006,8.2222223,19.411764,2.0457516,2018,1.0354599,.80068892,.8738234,.58280748,1.0837742,.79033405,.73048794,.55323827,1.2097223,.86574072,.55848217,.56041664
3047599,stade-reims,1421,2,ea-guingamp,855,1,.055555556,14.666667,0,4.9444447,.071895428,14.980392,.013071896,4.7973857,2018,.60913247,.32499859,.47438353,.3169452,.67290455,.38682395,.45223838,.34831348,.91834736,.54901963,.41666666,.30729166
3047600,racing-strassburg,667,0,olympique-nimes,1160,1,8.0555553,0,1.6666666,0,1.1045752,0,.19607843,0,2018,.76517272,.44901961,1.2903035,.65422279,.83490896,.47850141,1.5850189,.8650353,.91470587,.45588234,1.4888889,.78703701
3047601,sco-angers,1420,1,sm-caen,1162,1,33.5,0,9.9444447,0,11.960784,4.1372547,3.2941177,.96732026,2018,.94564366,.50294799,.74374664,.40149587,1.0292572,.61227953,.66862565,.32001963,.87222224,.5314815,.70925927,.3611111
3047602,fc-girondins-bordeaux,40,2,fc-paris-saint-germain,583,2,.6111111,0,.55555558,0,9.4901962,15.287581,4.0522876,11.509804,2018,.76497829,.57666993,1.3855951,1.0644141,.8706032,.6229884,1.4721587,1.0997497,.7185185,.31666666,1.5175925,1.0527778
3047603,ea-guingamp,855,0,ogc-nizza,417,0,15.5,0,5.1666665,0,16.48366,15.686275,5.0784316,7.1176472,2018,.5442332,.34768099,.46046275,.22185077,.59020519,.40714285,.53328478,.21431038,.55092591,.4212963,.51567459,.26719576
3047604,osc-lille,1082,2,olympique-lyon,1041,2,8.7777777,43.277779,2.4444444,25.388889,5.8104577,23.032681,1.6470588,13.594771,2018,.58556426,.30768299,.89527625,.59604943,.59983867,.32882133,.92641455,.63512707,.93716931,.61666667,1.3777778,.92513227
3047605,olympique-marseille,244,0,stade-reims,1421,0,46.388889,.055555556,25.055555,0,28.640522,.071895428,15.673203,.013071896,2018,.99650401,.74810243,.65487802,.35077673,1.0207464,.71007633,.74391294,.44704804,1.1740741,.77499998,1.0359944,.54901963
3047606,as-monaco,162,1,hsc-montpellier,969,2,0,17.944445,0,5.2777777,1.5555556,13.477124,1.006536,4.3333335,2018,.62876385,.41125593,.72381359,.39822313,.6518029,.35407001,.70659864,.36580086,.52751321,.14444445,.74166667,.38333333
3047607,olympique-nimes,1160,3,sc-amiens,1416,0,0,12.777778,0,4.1666665,0,3.9346404,0,1.3202615,2018,1.305455,.66769081,.94041711,.87434983,1.5880492,.87244266,.98587132,1.0755029,1.4444444,.75925928,1.1323529,1.4558823
3047608,fc-stade-rennes,273,1,racing-strassburg,667,4,12.055555,11.5,5.7777777,2.5,9.7124186,2.4705882,4.2941175,.5163399,2018,.81491846,.59149975,.75127852,.47086835,.89107007,.63977075,.8329832,.5255602,1.0564815,.74074072,.89999998,.47549018
3047609,as-saint-etienne,618,3,fc-nantes,995,0,8.3888893,0,4.3888888,0,11.039216,6.6797385,4.6143789,2.3856208,2018,.88346332,.60028929,.66103846,.35571811,.83077264,.57514364,.66209424,.41866159,.76029414,.37450981,.6040616,.41666666
3047610,fc-toulouse,415,2,fco-dijon,2969,2,1.6666666,29.555555,.44444445,8.7777777,7.653595,13.418301,1.8235294,4.0980392,2018,.89301741,.56633019,.76028401,.45030361,.78955853,.51750594,.76412022,.44759572,.64598215,.56041664,.79411763,.35294119
3047611,sc-amiens,1416,0,as-monaco,162,2,12.777778,0,4.1666665,0,3.8300653,2.8235295,1.2875817,1.8758169,2018,.91694152,.67678493,.57636482,.31768867,.99427468,.76765978,.58877379,.26468253,1.1323529,.84803921,.43121693,.1
3047612,fc-girondins-bordeaux,40,3,as-saint-etienne,618,2,.6111111,7.4444447,.6111111,3.9444444,8.3790846,7.1568627,3.6601307,2.9084966,2018,.68154746,.44896758,.797759,.50266284,.78199923,.48429379,.73656702,.49374139,.63518518,.21944444,.66225493,.29607844
3047613,sm-caen,1162,1,olympique-nimes,1160,2,0,0,0,0,3.4248366,.13725491,.875817,.026143791,2018,.76788861,.40550545,1.201138,.64041805,.68834877,.31923649,1.4817641,.84883159,.73137254,.36274511,1.3194444,.73148149
3047614,fco-dijon,2969,2,ea-guingamp,855,1,32.5,15.5,9.666667,5.1666665,16.222221,16.372549,4.993464,5.013072,2018,.77699816,.52446777,.54011244,.38670865,.76413465,.50124007,.57198197,.43109244,.80208331,.39583334,.52450979,.44607842
3047615,olympique-lyon,1041,0,fc-stade-rennes,273,2,38.611111,0,22.666666,0,19.111111,9.2091503,11.300653,4.1241832,2018,.82204396,.55803776,.89483529,.65499181,.83164328,.58353978,1.0082418,.71615964,1.2805556,.81402117,1.1039215,.78431374
3047616,hsc-montpellier,969,0,osc-lille,1082,1,16.222221,8.7222223,4.8333335,2.3333333,10.830066,6.352941,3.5424836,1.7647059,2018,.71954012,.39394963,.61770928,.32284793,.69965422,.35885641,.59143221,.32187688,.72314817,.36481482,.83300263,.58888888
3047617,fc-nantes,995,3,olympique-marseille,244,2,0,44.611111,0,24,8.986928,26.90196,3.3071895,14.575164,2018,.62043405,.34392512,1.0008249,.74016589,.60281599,.40297839,1.0146858,.69896525,.57990193,.39285713,1.1722223,.7638889
3047618,ogc-nizza,417,0,sco-angers,1420,0,0,34.277779,0,10.111111,12.79085,12.464052,5.6339869,3.3790851,2018,.46046275,.22185077,.97033507,.49501145,.53328478,.21431038,1.057035,.59839064,.51567459,.26719576,1.0944444,.61481482
3047619,stade-reims,1421,0,fc-toulouse,415,1,.11111111,4.7777777,0,1.5555556,.13071896,6.2549019,.013071896,1.5294118,2018,.5797382,.32325327,.93592441,.58529764,.64716119,.40561754,.76640934,.53826892,.95992064,.5925926,.63571429,.56444442
3047620,racing-strassburg,667,1,fc-paris-saint-germain,583,1,10,0,2.2222223,0,2.0784314,18.647058,.44444445,14.156863,2018,.75127852,.47086835,.98922873,.65153199,.8329832,.5255602,1.009493,.68328923,.89999998,.47549018,1.096627,.81944442
3047651,sco-angers,1420,1,fc-girondins-bordeaux,40,2,39,.44444445,11.833333,.3888889,14.143791,6.7320261,4.1307192,2.9084966,2018,.9998765,.57119453,.691782,.56921762,1.0618851,.6641314,.79282546,.6337027,.92777777,.69814813,.60740739,.36296296
3047652,ea-guingamp,855,1,sc-amiens,1416,2,14.333333,13.333333,4.8333335,4.3333335,17.921568,4.3006535,5.6928105,1.4248366,2018,.52582675,.33241001,.92542475,.59585273,.55874664,.35546219,.9668237,.66471863,.49509802,.32843137,1.1078432,.80392158
3047653,osc-lille,1082,1,stade-reims,1421,1,8.7222223,.11111111,2.3333333,0,6.352941,.22222222,1.7647059,.039215688,2018,.62326485,.3501848,.59468901,.34546256,.63032115,.36155942,.67910564,.44827625,.8700397,.64444447,.98769844,.64814812
3047654,as-monaco,162,1,ogc-nizza,417,1,0,0,0,0,3.6666667,7.3660131,2.3790851,3.0392158,2018,.79957521,.52633178,.28183243,.15394954,.87554514,.52501667,.32759863,.17393333,.8506614,.41111112,.18816526,.16526611
3047655,olympique-nimes,1160,1,fc-nantes,995,0,0,0,0,0,0,11.20915,0,4.3071895,2018,1.1943439,.60843152,.69187582,.36605114,1.4590368,.80145502,.67071724,.41221729,1.3194444,.68518519,.59530425,.38029101
3047656,fc-paris-saint-germain,583,5,hsc-montpellier,969,1,0,18.388889,0,5.2777777,12.441176,14.712419,9.1911764,4.5686274,2018,.82594401,.77539563,.61227512,.35463339,.84502864,.73567837,.63834471,.35714287,.98921567,.78529412,.66759259,.32777777
3047657,fc-stade-rennes,273,2,fco-dijon,2969,0,0,31.833334,0,9.4444447,6.986928,14.830066,3.1895425,4.5555553,2018,.89031589,.65829867,.75203145,.50431192,1.0151862,.71615964,.75023133,.4938142,1.1705883,.80392158,.81372547,.41176471
3047658,as-saint-etienne,618,2,olympique-marseille,244,1,10.333333,38.444443,5.3888888,20.666666,16.300653,22.013071,7.0588236,11.640523,2018,.87828636,.60507399,.88882977,.78390032,.81721056,.59279072,.90734327,.75207371,.68431371,.37450981,1.1537037,.83888888
3047659,racing-strassburg,667,2,sm-caen,1162,2,11.444445,0,2.6111112,0,2.2418301,2.0653596,.50980395,.46405229,2018,.78618115,.48263305,.91315728,.51071066,.87167364,.53732491,.86939138,.43293875,.9735294,.53431374,.84791666,.42708334
3047660,fc-toulouse,415,2,olympique-lyon,1041,2,1.6666666,41.111111,.44444445,24.055555,8.0588236,20.124184,1.9738562,11.633986,2018,.76671529,.51633018,.89456326,.61985898,.70969743,.47583926,.93561447,.66290486,.48973215,.52916664,1.4518518,1.0640211
3047689,sc-amiens,1416,0,sco-angers,1420,0,12.777778,39.555557,4.1666665,11.777778,3.9346404,15.607843,1.3202615,4.4248366,2018,.73355776,.61635184,.9535802,.50722146,.84570259,.88334686,1.0354301,.61227953,1.0677084,1.3385416,.87222224,.5314815
3047690,sm-caen,1162,2,fc-toulouse,415,1,0,5.2777777,0,1.6666666,3.8431373,9.7189541,.88235295,2.3856208,2018,.79730034,.44899464,.90735239,.53532666,.75608492,.38132799,.76926422,.48520213,.75098038,.40196079,.64598215,.47187501
3047691,fco-dijon,2969,0,fc-paris-saint-germain,583,4,0,0,0,0,10.816994,15.514706,3.3921568,11.330882,2018,.76315629,.4593868,.81117952,.74273807,.79043162,.43650794,.82925516,.7010209,.85416669,.30208334,.95700282,.67647058
3047692,ea-guingamp,855,2,fc-stade-rennes,273,1,14.333333,0,4.8333335,0,17.921568,6.6078429,5.7516341,2.8692811,2018,.57388884,.37079787,.83398873,.62721401,.63297582,.39884561,.9313187,.67171514,.6712963,.34722221,1.0098039,.75490195
3047693,olympique-lyon,1041,3,as-monaco,162,0,34.111111,0,20,0,15.274509,2.6928105,8.960784,1.8039216,2018,.83695495,.58303773,.65257335,.41522419,.85263097,.61826199,.66767591,.36266789,1.3546296,.95291007,.56455028,.18888889
3047694,olympique-marseille,244,1,fc-girondins-bordeaux,40,0,33.5,.3888889,18.055555,.33333334,18.274509,6.0392156,9.6470585,2.6535947,2018,.62582606,.41809309,.72430366,.59277445,.64894378,.37878835,.81420588,.6308127,.77870369,.34444445,.7185185,.4138889
3047695,fc-nantes,995,2,hsc-montpellier,969,0,0,18.388889,0,5.2777777,9.9281044,14.915032,3.6797385,4.6209149,2018,.70148581,.38731089,.76227516,.43241116,.68306291,.45356974,.73834467,.39754689,.65085977,.45436507,.76018518,.42037037
3047696,ogc-nizza,417,1,as-saint-etienne,618,1,0,6.6111112,0,3.3888888,9.4967318,7.3790851,3.986928,2.9673202,2018,.3728365,.20305167,.72137332,.43080097,.41068375,.2166252,.68703318,.45503762,.27493387,.23941799,.4642857,.1952381
3047697,olympique-nimes,1160,2,osc-lille,1082,3,0,8.7777777,0,2.4444444,0,5.8169932,0,1.6535947,2018,1.1943439,.60843152,.52533036,.32148108,1.4590368,.80145502,.55539423,.32882133,1.3194444,.68518519,.853836,.61666667
3047698,stade-reims,1421,2,racing-strassburg,667,1,.055555556,11.777778,0,2.6111112,.12418301,2.3921568,.03267974,.50980395,2018,.46670881,.2812762,.76097107,.47086835,.50780934,.33358771,.84646356,.5255602,.67288357,.43518519,.91470587,.47549018
3047700,sco-angers,1420,1,olympique-marseille,244,1,32.111111,41.555557,9.4444447,22.388889,10.071896,23.503267,2.7712419,12.522876,2018,.9600116,.52800822,1.0060881,.79748511,1.1571814,.67117178,1.0146858,.78090966,1.2411765,.73921567,1.1481482,.83055556
3047701,fc-girondins-bordeaux,40,1,sc-amiens,1416,1,.5,12.777778,.44444445,4.1666665,6.7450981,3.9346404,3.0915034,1.3202615,2018,.81239891,.64092261,.90647978,.73951751,.91249651,.68285447,1.0312495,1.0078559,.77407408,.42777777,1.2107843,1.4509804
3047702,osc-lille,1082,1,fc-toulouse,415,2,8.7777777,4.7777777,2.4444444,1.5555556,5.647059,10,1.614379,2.4248366,2018,.56940717,.31051329,.84381074,.56819439,.56852555,.295488,.71145177,.47905895,.88161373,.53333336,.62723213,.52812499
3047703,as-monaco,162,0,ea-guingamp,855,2,0,15.222222,0,5.1111112,1.8169935,17.169935,1.2156863,5.647059,2018,.6084215,.37500036,.63350546,.35115704,.63409215,.32826278,.67794937,.37106782,.60251325,.22592592,.70833331,.3287037
3047704,hsc-montpellier,969,1,olympique-lyon,1041,1,18.388889,32.444443,5.2777777,18.944445,14.915032,13.679739,4.6209149,7.9607844,2018,.76227516,.43241116,.81314546,.51954567,.73834467,.39754689,.82882142,.55476993,.76018518,.42037037,1.422549,.99719888
3047705,fc-paris-saint-germain,583,1,fc-nantes,995,0,0,0,0,0,14.424836,10.320261,10.75817,3.8823528,2018,1.1335487,.8543964,.62084758,.30432275,1.1827,.83442974,.62778795,.36990961,1.3138889,.88611114,.51197088,.29695767
3047706,stade-reims,1421,2,sm-caen,1162,2,.055555556,0,0,0,.12418301,3.6470587,.03267974,.80392158,2018,.45709342,.2855497,.66321629,.41976514,.50185692,.34152421,.71615535,.38236606,.65899473,.43518519,.74791664,.42708334
3047707,fc-stade-rennes,273,4,olympique-nimes,1160,0,0,0,0,0,8.7385616,.13725491,3.7254901,.026143791,2018,.80660003,.59943628,1.2570543,.64917231,.9033035,.64671516,1.5375441,.85392416,1.0254902,.7647059,1.4055556,.75925928
3047708,as-saint-etienne,618,3,fco-dijon,2969,0,6.6111112,26.277779,3.3888888,8.166667,7.6666665,12.196078,3.0784314,3.8823528,2018,.79533565,.50844055,.74235272,.4274278,.68567538,.45576406,.77383763,.4230859,.58666664,.30222222,1.0147059,.47058824
3047709,racing-strassburg,667,2,ogc-nizza,417,0,11.166667,0,2.4444444,0,2.4117646,7.1568627,.49673203,2.9084966,2018,.66532552,.45661494,.35541838,.18014719,.72134686,.49425769,.38967237,.18401429,.90980393,.49509802,.20203081,.13921569
3047711,sc-amiens,1416,0,fc-paris-saint-germain,583,3,12.777778,0,4.1666665,0,3.9346404,18.039215,1.3202615,13.45098,2018,.77940512,.65487385,1.1651845,.89227515,.84570259,.88334686,1.2259098,.87609643,1.0677084,1.3385416,1.3694445,.91944444
3047712,sm-caen,1162,1,osc-lille,1082,3,0,8.5,0,2.3888888,3.6013072,5.0849671,.96078432,1.4901961,2018,.81123221,.45452505,.58389515,.30781266,.76397902,.38251635,.57963663,.29310703,.76666665,.38235295,.88161373,.53333336
3047713,fco-dijon,2969,1,hsc-montpellier,969,1,0,19.470589,0,5.5882354,12.660131,16.779411,3.9542484,5.1985292,2018,.59052891,.35667327,.68064427,.42423368,.64723271,.3810626,.67673469,.38563788,.88425928,.42592594,.74607843,.44509804
3047714,ea-guingamp,855,0,as-saint-etienne,618,1,15.222222,8.6111107,5.1111112,4.3888888,13.575164,14.026144,4.3790851,5.7320261,2018,.69038379,.43528402,.90279615,.60507399,.71414465,.49199936,.84382117,.59279072,.75,.49537036,.7235294,.37450981
3047715,olympique-lyon,1041,1,stade-reims,1421,1,39.555557,0,23.277779,0,19.019608,0,11.274509,0,2018,.90693128,.61528021,.61312944,.35203481,.94100487,.65974826,.67584032,.42568952,1.4518518,1.0640211,.9330532,.64705884
3047716,olympique-marseille,244,1,as-monaco,162,1,44.611111,0,24,0,26.90196,2.7058823,14.575164,1.7426471,2018,1.0008249,.74016589,.63093442,.61827785,1.0146858,.69896525,.61094677,.48866981,1.1722223,.7638889,.65098041,.3764706
3047717,fc-nantes,995,0,fc-stade-rennes,273,1,0,0,0,0,9.0326796,6.2614379,3.503268,2.6143792,2018,.69882029,.36605114,.83398873,.62721401,.67766166,.41221729,.9313187,.67171514,.59530425,.38029101,1.0098039,.75490195
3047718,ogc-nizza,417,1,fc-girondins-bordeaux,40,0,0,.55555558,0,.5,9.4183006,8.7124186,4.0457516,3.6274509,2018,.28831068,.15394954,.74257565,.61315697,.31940776,.1682515,.84097362,.67259163,.19551821,.16526611,.68148148,.4138889
3047719,olympique-nimes,1160,3,sco-angers,1420,1,0,37.777779,0,11.5,0,13.071896,0,3.8758171,2018,1.1687306,.60338104,.97572064,.58621836,1.4459054,.80562168,1.0406888,.68359011,1.3194444,.69444442,.97058821,.71568626
3047720,fc-toulouse,415,1,racing-strassburg,667,2,4.7777777,14.222222,1.5555556,3.1111112,10.509804,4.2418299,2.5620916,.84313726,2018,.72503138,.5238663,.67992532,.46375781,.61454886,.47137812,.76149625,.50770307,.57563025,.56568629,.78921568,.4509804
3047721,sco-angers,1420,1,fc-nantes,995,0,34.388889,0,10.277778,0,11.562092,5.8758168,3.2483661,2.2156863,2018,.91939539,.51795948,.46528682,.30060875,.92827046,.58718485,.43148029,.33793595,.82549018,.63137257,.37121847,.37324929
3047722,fc-girondins-bordeaux,40,1,fco-dijon,2969,0,.44444445,0,.3888889,0,6.8169932,11.862745,2.9215686,3.6993463,2018,.74257565,.61315697,.6252659,.37765405,.84097362,.67259163,.68530524,.40347806,.68148148,.4138889,.93627453,.4509804
3047723,sm-caen,1162,0,olympique-marseille,244,1,0,37.388889,0,19.555555,4.2091503,20.039215,1.0457517,10.111111,2018,.74873495,.43889877,.9388659,.77967435,.7501561,.37280619,.9603647,.73713863,.71041667,.38958332,1.062963,.77499998
3047724,osc-lille,1082,2,sc-amiens,1416,1,7.5555553,10.833333,2.1111112,3.5,4.6209149,2.856209,1.3333334,.93464053,2018,.58307445,.31654283,.73565513,.65487385,.58165687,.30977371,.84493989,.94223666,.86970901,.58888888,1.1388888,1.4277778
3047725,as-monaco,162,1,racing-strassburg,667,5,0,13.111111,0,3,4.2483659,3.4117646,2.7777777,.73202616,2018,.83922273,.70115536,.75609136,.47916397,.8506164,.60590488,.85136557,.5263772,.930291,.5,.95392156,.49509802
3047726,olympique-nimes,1160,0,fc-toulouse,415,1,0,3.1111112,0,1.1111112,.13725491,6.8954248,.026143791,1.5163399,2018,1.2498994,.64546859,.76446927,.49360424,1.5201479,.84466493,.66985184,.45183358,1.3472222,.72222221,.6449405,.59166664
3047727,fc-paris-saint-germain,583,9,ea-guingamp,855,0,0,13.277778,0,4.3888888,19.326797,17.20915,14.529411,5.5163398,2018,1.4730549,1.1554331,.67697525,.42124251,1.5635167,1.2043793,.68252075,.46885121,1.6287037,1.1416667,.75462961,.47685185
3047728,stade-reims,1421,1,ogc-nizza,417,1,0,0,0,0,.071895428,6.7058825,.013071896,2.8366013,2018,.61847705,.36273,.26423985,.15394954,.68424368,.44249624,.30445048,.17393333,.96246499,.70588237,.18816526,.16526611
3047729,fc-stade-rennes,273,0,hsc-montpellier,969,0,0,16.277779,0,4.6666665,2.6797385,14.281046,1.0457517,4.5816994,2018,.87488556,.64490658,.76227516,.43241116,.98443043,.69838935,.73834467,.39754689,1.1645833,.84375,.76018518,.42037037
3047730,as-saint-etienne,618,1,olympique-lyon,1041,2,11.166667,38.833332,5.8333335,22.722221,17.294117,19.169935,7.5686274,11.313725,2018,.84872347,.58155978,.9101873,.62104946,.79341489,.5598579,.94740218,.66984928,.68101853,.35370371,1.4518518,1.0640211
3047731,sc-amiens,1416,0,olympique-lyon,1041,1,12.611111,38,4.0555553,22.055555,4.8496733,17.104576,1.6209151,9.8431368,2018,.91617465,.5552749,.8877005,.60041451,.95284539,.63126355,.92934662,.64068264,1.0677084,.68854165,1.437963,1.0084656
3047732,fco-dijon,2969,2,as-monaco,162,0,0,.85714287,0,.2857143,17.051283,1.3333334,5.474359,.85714287,2018,.79322618,.44818005,.57831055,.4839856,.85858053,.47784391,.58583331,.48846152,1.2430556,.58333331,.68833333,.31999999
3047733,ea-guingamp,855,0,stade-reims,1421,1,15.222222,0,5.1111112,0,16.686274,.071895428,5.4509802,.013071896,2018,.52618164,.27179196,.61847705,.36273,.60601205,.29545054,.68424368,.44249624,.70833331,.33333334,.96246499,.70588237
3047734,olympique-marseille,244,1,osc-lille,1082,2,32.722221,6.5555553,17.388889,1.8888888,17.013071,3.2091503,8.8431368,1.006536,2018,.91290903,.57546228,.58610475,.3207095,.96105915,.50943208,.58026797,.31294832,1.0769842,.50833333,.91534394,.60555553
3047735,hsc-montpellier,969,2,sm-caen,1162,0,13.333333,0,3.7777777,0,8.5163403,2.8954248,2.5555556,.69934642,2018,.73200238,.4113082,.82631516,.46055824,.69841546,.36962882,.77868491,.3874183,.7185185,.39444444,.76666665,.34313726
3047736,fc-nantes,995,1,as-saint-etienne,618,1,0,8.5,0,4.2777777,3.4313726,12.470589,1.3071896,5.2287583,2018,.39690816,.1917161,.86017567,.55100417,.39007312,.22878563,.81557095,.54001659,.26827732,.24579832,.71805555,.35370371
3047737,ogc-nizza,417,2,olympique-nimes,1160,0,0,0,0,0,8.5098038,.13725491,3.5163398,.026143791,2018,.3714228,.19715941,1.2267513,.64546859,.40891394,.21073294,1.4948953,.84466493,.28690475,.25350142,1.3194444,.72222221
3047738,fc-paris-saint-germain,583,4,fc-stade-rennes,273,1,0,0,0,0,18.143791,5.026144,13.470589,2.2875817,2018,1.1480905,.85449737,.88043255,.66410899,1.2073914,.85017049,1.0209438,.7351774,1.3472222,.89722222,1.18125,.85416669
3047739,racing-strassburg,667,1,fc-girondins-bordeaux,40,0,10.777778,.6111111,2.2777777,.55555558,2.3006537,10.712419,.45751634,4.8039217,2018,.78513706,.51231056,.68226421,.49078014,.84866947,.56858075,.77408248,.54054677,.91960782,.57352942,.66111112,.29351851
3047740,fc-toulouse,415,0,sco-angers,1420,0,3.1111112,33.388889,1.1111112,10,6.9607844,11.111111,1.6013072,3.1568627,2018,.77454227,.55096889,.91939539,.51795948,.65444624,.4919107,.92827046,.58718485,.60431546,.58541667,.82549018,.63137257
3047741,sco-angers,1420,1,fco-dijon,2969,0,40.055557,0,12.055555,0,15.03268,10.470589,4.3725491,3.3660131,2018,.90114611,.49928495,.65215665,.37765405,.93049181,.57678574,.70899802,.40347806,.94629627,.65185183,.93627453,.4509804
3047742,fc-girondins-bordeaux,40,0,ea-guingamp,855,0,.5,10,.44444445,3.3333333,7.0457516,16.973856,2.8888888,5.4183006,2018,.55193537,.40595987,.57326639,.43081009,.60444158,.47013435,.64135772,.51404524,.37777779,.26574075,.7361111,.6111111
3047743,sm-caen,1162,0,fc-nantes,995,1,0,0,0,0,3.5359478,6.026144,.94771242,2.4379084,2018,.66628432,.40795642,.52447045,.31646562,.553895,.305511,.48679465,.33768025,.4254902,.2647059,.29041004,.25529101
3047744,osc-lille,1082,4,ogc-nizza,417,0,6.5555553,0,1.8888888,0,3.6274509,9.1176472,1.0915033,3.7647059,2018,.67351735,.35404283,.35374603,.22493719,.6469878,.35263085,.39395666,.24492097,.93419313,.65185183,.27096561,.23941799
3047745,olympique-lyon,1041,2,fc-paris-saint-germain,583,1,41.5,0,24.277779,0,20.758169,14.960784,12.183006,11.176471,2018,.90436715,.61985898,1.1385006,.85674208,.94416147,.66290486,1.2197371,.88072604,1.4518518,1.0640211,1.3583333,1.0166667
3047746,as-monaco,162,2,fc-toulouse,415,1,19.444445,3.1111112,12.833333,1.1111112,3.5686274,6.2745099,2.4248366,1.4509804,2018,1.1679615,.81431544,.91781151,.58947897,1.1477081,.70328146,.79507124,.5544107,1.1085317,.6703704,.67931545,.62291664
3047747,olympique-nimes,1160,1,hsc-montpellier,969,1,0,11.611111,0,3.1666667,.13725491,7.6339869,.026143791,2.2941177,2018,1.201138,.64041805,.73894686,.4113082,1.4817641,.84883159,.71076113,.36962882,1.3194444,.73148149,.7185185,.39444444
3047748,stade-reims,1421,2,olympique-marseille,244,1,0,29.222221,0,15.944445,.09150327,14.274509,.026143791,7.6209149,2018,.6256479,.39891538,.82243913,.50118428,.63914567,.48367271,.87301785,.45465815,.74187672,.59803921,1.0777777,.38333333
3047749,fc-stade-rennes,273,1,sc-amiens,1416,0,0,13.888889,0,4.5,4.4771242,4.5098038,1.9607843,1.4901961,2018,.87562829,.5738461,.79589546,.49434584,.9827432,.6506834,.8723613,.58404636,1.2019608,.75980395,.877451,.5745098
3047750,as-saint-etienne,618,2,racing-strassburg,667,1,7.3888888,8.7222223,3.6666667,1.6666666,7.1895423,1.2287582,3,.18300654,2018,.72821802,.41872209,.67321956,.33079797,.6575734,.41950795,.77734596,.35534546,.66250002,.31666666,.81666666,.45588234
3047751,sc-amiens,1416,1,sm-caen,1162,0,13.833333,0,4.6111112,0,4.4444447,3.4379084,1.5490196,.92810458,2018,1.0674012,.67404729,.87082976,.4741329,1.1063949,.75295389,.79128993,.38786393,1.1421568,.81470591,.76372552,.38235295
3047752,fco-dijon,2969,1,olympique-marseille,244,2,0,35.611111,0,19.111111,11.222222,21.464052,3.6013072,11.09804,2018,.71592569,.35667327,.83367103,.62298387,.78072035,.3810626,.9049623,.55559611,1.0231482,.42592594,1.1555556,.55000001
3047753,ea-guingamp,855,0,osc-lille,1082,2,16.388889,7,5.4444447,2,12.143791,2.7843137,3.986928,.82352942,2018,.62158805,.39978555,.70466214,.36098728,.67733657,.4827401,.67602819,.36056736,.76851851,.58333331,.97387564,.66296297
3047754,hsc-montpellier,969,2,as-monaco,162,2,18.388889,19.444445,5.2777777,12.833333,14.176471,3.5686274,4.4052286,2.4248366,2018,.7223891,.44523168,1.1679615,.81431544,.63670325,.39321789,1.1477081,.70328146,.63055557,.40185186,1.1085317,.6703704
3047755,fc-nantes,995,2,olympique-nimes,1160,4,0,0,0,0,6.1895423,.13725491,2.4313726,.026143791,2018,.65186042,.3720212,1.2408205,.66769081,.6353336,.40838733,1.5127966,.87561727,.45152116,.33862433,1.4277778,.78703701
3047756,ogc-nizza,417,1,olympique-lyon,1041,0,0,38.833332,0,22.722221,7.4575162,19.156862,3.3137255,11.313725,2018,.29860699,.15320148,.9101873,.62104946,.33322021,.17114584,.94740218,.66984928,.22182539,.13396825,1.4518518,1.0640211
3047757,fc-paris-saint-germain,583,1,fc-girondins-bordeaux,40,0,0,.27777779,0,.27777779,13.352942,4.3921571,10.044118,2.0522876,2018,.93355405,.61441255,.69369274,.47736266,.98523444,.67745095,.78157836,.51392341,1.0478991,.82647061,.66018516,.31666666
3047758,fc-stade-rennes,273,3,as-saint-etienne,618,0,0,8.5,0,4.2777777,3.7450981,12.359477,1.8692811,5.1307192,2018,.91515815,.61438912,.83064228,.50122696,1.0503556,.70366478,.79299605,.4860009,1.2145833,.765625,.59583336,.30925927
3047759,racing-strassburg,667,1,sco-angers,1420,2,11.388889,38.705883,2.4444444,11.705882,2.2287581,13.691176,.44444445,4.0661764,2018,.8043884,.51101774,.92851609,.45862541,.88273811,.58328664,.95478934,.53430057,.93431371,.61274511,.96875,.64583331
3047760,fc-toulouse,415,1,stade-reims,1421,1,3.1111112,.055555556,1.1111112,0,7.1503267,.09150327,1.6535947,.026143791,2018,.77454227,.55096889,.56856591,.36823487,.65444624,.4919107,.56659663,.44089195,.60431546,.58541667,.66344535,.55882353
3047761,sco-angers,1420,3,ogc-nizza,417,0,39.833332,0,11.944445,0,15.313725,9.013072,4.4052286,3.7712419,2018,.90114611,.49928495,.3479268,.18014719,.93049181,.57678574,.37662524,.18401429,.94629627,.65185183,.20203081,.13921569
3047762,fc-girondins-bordeaux,40,2,fc-toulouse,415,1,.44444445,0,.3888889,0,5.1307192,6.7385621,2.1241829,1.5294118,2018,.63322622,.47312257,.86405909,.48190036,.71656281,.52480608,.77132934,.41814697,.56759262,.30277777,.6449405,.41979167
3047763,sm-caen,1162,0,racing-strassburg,667,0,0,10.666667,0,2.2777777,3.5490196,2.143791,.95424837,.41830066,2018,.83633924,.44779217,.80690944,.5193134,.76121825,.36631593,.88273811,.58328664,.73518521,.3611111,.9735294,.63235295
3047764,osc-lille,1082,0,hsc-montpellier,969,0,7.0555553,12.647058,2,3.5882354,3.6993463,13.794118,1.0326798,4.4558825,2018,.67132878,.34987617,.6648826,.3920854,.64269483,.34945625,.68837208,.39597657,.89054233,.63518518,.68725491,.32745099
3047765,olympique-lyon,1041,2,ea-guingamp,855,1,38.833332,10.888889,22.722221,3.6111112,18.960785,13.477124,11.065359,4.2941175,2018,.9101873,.62104946,.54857498,.367356,.94740218,.66984928,.55922687,.43194646,1.4518518,1.0640211,.69907409,.5
3047766,olympique-marseille,244,2,sc-amiens,1416,0,42.555557,12.611111,22.388889,4.0555553,25.653595,3.6339869,13.300653,1.1699346,2018,.94021863,.76595843,1.0672061,.67479467,1.0147507,.73849344,1.0985,.75001204,1.3361111,.87777776,1.2083334,.80648148
3047767,as-monaco,162,1,fc-nantes,995,0,15.166667,0,9.8888893,0,2.9738562,5.3398695,1.9738562,2.0849674,2018,1.2685878,.93898612,.56446981,.32593623,1.2333562,.80733788,.58377957,.36460403,1.3539021,.75925928,.47072828,.33333334
3047768,olympique-nimes,1160,2,fco-dijon,2969,0,0,0,0,0,.13725491,10.843137,.026143791,3.3921568,2018,1.201138,.64041805,.70598483,.35768971,1.4817641,.84883159,.76618761,.37651727,1.3194444,.73148149,.93627453,.38235295
3047769,stade-reims,1421,2,fc-stade-rennes,273,0,0,0,0,0,.09150327,7.0147057,.026143791,3.1176472,2018,.5568012,.35843095,.70085949,.45797199,.57157403,.44089195,.81998885,.5271942,.66344535,.55882353,.88854164,.53645831
3047770,as-saint-etienne,618,0,fc-paris-saint-germain,583,1,7.6111112,0,3.7777777,0,11.764706,12.779411,4.8562093,9.4852943,2018,.92968184,.60862631,.76201612,.71925879,.88455415,.59699237,.83331633,.73491442,.7406863,.37450981,.94803923,.82549018
3047771,sc-amiens,1416,1,ogc-nizza,417,0,12.611111,0,4.0555553,0,3.8366013,8.2549019,1.2352941,3.4705882,2018,1.0672061,.67479467,.32982627,.22358307,1.0985,.75001204,.37388307,.24653973,1.2083334,.80648148,.24943978,.2417367
3047772,fco-dijon,2969,0,as-saint-etienne,618,1,0,5.5555553,0,2.7222223,12.202615,5.1764708,3.8823528,2.1503267,2018,.77557999,.43606621,.76825947,.46108603,.82533789,.46965453,.66606814,.41944852,1.0098039,.38235295,.5422222,.25777778
3047773,ea-guingamp,855,1,sco-angers,1420,0,10.888889,39.055557,3.6111112,11.777778,17.078432,14.535948,5.4836602,4.2483659,2018,.50756973,.29513377,.85608441,.50970161,.5415501,.32336059,.89160287,.59193724,.6574074,.33333334,1.0018518,.70740741
3047774,as-monaco,162,2,olympique-lyon,1041,0,15.166667,35.055557,9.8888893,20.444445,2.9738562,15.751634,1.9738562,9.3071899,2018,1.3098336,.98095375,.79608065,.5432027,1.2608184,.84305215,.78388041,.59160513,1.3585317,.75925928,1.1990196,.9697479
3047775,hsc-montpellier,969,2,stade-reims,1421,4,15,0,4.3333335,0,11.79085,.019607844,3.7777777,.013071896,2018,.76216829,.4321059,.78757727,.45105401,.73187506,.39523208,.83221829,.57254463,.76944447,.41296297,1.0752101,.7647059
3047776,fc-nantes,995,1,fc-girondins-bordeaux,40,0,0,.5,0,.44444445,6.5294118,6.993464,2.5228758,2.8888888,2018,.5796622,.32186374,.66520053,.58599651,.58992761,.35283178,.72807992,.61198556,.42235449,.30092594,.58703703,.38148147
3047777,fc-paris-saint-germain,583,3,olympique-nimes,1160,0,0,0,0,0,10.95,.13725491,8.1750002,.026143791,2018,.74242741,.61315042,1.2267513,.64546859,.74431956,.62999189,1.4948953,.84466493,.71458334,.75625002,1.3194444,.72222221
3047778,fc-stade-rennes,273,1,olympique-marseille,244,1,0,47.277779,0,24.833334,6.9019608,28.503267,3.0849674,14.993464,2018,.73436296,.51718515,.90466309,.68599206,.80178434,.56040567,.96907169,.64173418,.89166665,.56944442,1.2898148,.78888887
3047779,racing-strassburg,667,1,osc-lille,1082,1,12.388889,7.0555553,2.6666667,2,3.0261438,3.5359478,.59477127,.99346405,2018,.81454885,.52911729,.70026398,.34114599,.88396358,.59063959,.66878915,.3327896,.9588235,.63235295,.94609791,.5796296
3047780,fc-toulouse,415,1,sm-caen,1162,1,3.1111112,0,1.1111112,0,9.0915031,3.013072,2.0588236,.78431374,2018,.68420613,.51525456,.84435916,.461061,.57309705,.44615176,.80599582,.38786393,.61994046,.60104167,.77843136,.38235295
3047781,sco-angers,1420,2,as-monaco,162,2,38.333332,15.166667,11.555555,9.8888893,14.189543,2.9738562,4.0915031,1.9738562,2018,.85323846,.51039606,1.3098336,.98095375,.8814618,.58789682,1.2608184,.84305215,.97407407,.65185183,1.3585317,.75925928
3047782,fc-girondins-bordeaux,40,1,hsc-montpellier,969,2,.44444445,13.611111,.3888889,3.8888888,4.4052286,11.150327,2.0196078,3.5816994,2018,.60871905,.47090697,.76911277,.4321059,.6569261,.48866442,.74422073,.39523208,.51481479,.28425926,.76944447,.41296297
3047783,sm-caen,1162,1,fc-paris-saint-germain,583,2,0,0,0,0,2.3071895,13.48366,.48366013,9.9084969,2018,.94024056,.51979184,.87953293,.85027301,.84855807,.42512625,.92198831,.84514403,.83229166,.42708334,1.0564815,.94999999
3047784,ea-guingamp,855,0,fc-nantes,995,0,15.222222,0,5.1111112,0,14.51634,7.8169932,4.7581701,3.143791,2018,.55937064,.29838264,.56497967,.32497174,.63378984,.33513308,.5512287,.35643926,.7175926,.3611111,.42731482,.31547618
3047785,osc-lille,1082,1,fco-dijon,2969,0,7.2777777,0,2.2222223,0,3.5490196,13.908497,1.0915033,4.2222223,2018,.73341459,.3459546,.79984981,.45210901,.72232449,.37167847,.85311568,.4843604,1.0849868,.69074076,1.0392157,.41176471
3047786,olympique-lyon,1041,5,fc-toulouse,415,1,35.444443,3.1111112,20.611111,1.1111112,15.771242,9.9934645,9.2875814,2.3202615,2018,.8837108,.62620431,.86223876,.59768337,.90612799,.66866779,.76974499,.5462938,1.4539216,1.0481793,.58333331,.58437502
3047787,olympique-marseille,244,2,as-saint-etienne,618,0,41.722221,6.5,22.5,3.2777777,21.934641,9.2418299,12.091503,3.8823528,2018,.96682763,.83841372,.8213262,.51712304,1.0378637,.78911072,.7461285,.45607907,1.3433863,.89999998,.67239583,.30416667
3047788,ogc-nizza,417,1,racing-strassburg,667,0,0,6.6111112,0,1.5,8.2745094,1.0457517,3.509804,.21568628,2018,.30457374,.20052642,.79093033,.51441139,.33531469,.21482839,.88273811,.58410364,.23963585,.25350142,.9735294,.63235295
3047789,olympique-nimes,1160,3,fc-stade-rennes,273,1,0,0,0,0,.20261438,4.2941175,.039215688,1.993464,2018,1.2869688,.68250561,.6215871,.39999461,1.5534171,.87244266,.71463436,.45987394,1.4240741,.75925928,.70937502,.45833334
3047790,stade-reims,1421,2,sc-amiens,1416,2,.11111111,14.555555,.055555556,4.7222223,.071895428,5.2156863,.013071896,1.7320261,2018,.67055786,.38695145,1.0297061,.64701688,.69314265,.47870708,1.0588174,.71667868,.87422967,.78431374,1.0972222,.76944447
3047791,sc-amiens,1416,2,olympique-nimes,1160,1,12.611111,0,4.0555553,0,3.8366013,.13725491,1.2352941,.026143791,2018,1.0672061,.67479467,1.2267513,.64546859,1.0985,.75001204,1.4948953,.84466493,1.2083334,.80648148,1.3194444,.72222221
3047792,fco-dijon,2969,1,stade-reims,1421,1,0,.11111111,0,.055555556,13.640523,.065359481,4.1568627,.013071896,2018,.82812643,.472471,.7099244,.41440243,.83952391,.4712885,.74356282,.51232052,.94117647,.35294119,.91344535,.70588237
3047793,olympique-marseille,244,1,ogc-nizza,417,0,40.222221,0,21.722221,0,23.457516,8.4836597,12.54902,3.503268,2018,.97339767,.82578748,.30472881,.19715941,1.0467372,.78170335,.34688875,.2197887,1.3407408,.87777776,.18187831,.19497354
3047794,as-monaco,162,1,fc-girondins-bordeaux,40,1,17.111111,.3888889,11.277778,.3888889,3.5686274,4.352941,2.3790851,2.0196078,2018,1.2169104,.87276661,.71872258,.58676434,1.1827506,.73127967,.78299445,.59605241,1.2844577,.68148148,.67962962,.39537036
3047795,hsc-montpellier,969,2,sco-angers,1420,2,13.611111,42.888889,3.8888888,13.055555,10.352942,16.398693,3.3202615,4.8758168,2018,.77975261,.41130543,.84302223,.45243666,.75179935,.37730455,.88069022,.54131997,.8029412,.43725491,.84444445,.50370371
3047796,fc-nantes,995,3,fc-paris-saint-germain,583,2,0,0,0,0,3.7712419,4.4083333,1.3660131,3.3416667,2018,.45652509,.27669674,.53344989,.44174814,.45170012,.32084525,.53349996,.47733134,.35291004,.34722221,.59880954,.65833336
3047797,fc-stade-rennes,273,3,sm-caen,1162,1,0,0,0,0,7.6209149,2.3725491,3.4705882,.57516342,2018,.79085928,.53967196,.89685965,.50089127,.90827227,.61893737,.84827393,.4236269,.90784311,.60784316,.83541667,.38958332
3047798,as-saint-etienne,618,0,osc-lille,1082,1,5.5555553,6.5,2.8333333,1.8333334,6.3986926,3.1633987,2.6470587,.98692811,2018,.68634957,.43403751,.74267381,.3459546,.58651155,.36427149,.73621339,.37167847,.76845241,.34761906,1.0849868,.69074076
3047799,racing-strassburg,667,2,olympique-lyon,1041,2,10.944445,36.388889,2.3888888,21.277779,2.2875817,17.444445,.46405229,10.163399,2018,.78029877,.46655893,.90784812,.6294269,.85472691,.52808124,.95055878,.68310684,.89509803,.49509802,1.4703704,1.1010582
3047800,fc-toulouse,415,1,ea-guingamp,855,0,4.7777777,16.388889,1.5555556,5.4444447,10.333333,17.562092,2.5228758,5.6666665,2018,.76374662,.53549904,.49972659,.27044243,.6359309,.48947564,.53214842,.30021244,.60119045,.55937499,.68055558,.33333334
3047801,sco-angers,1420,0,sc-amiens,1416,0,35.333332,14.705882,10.777778,4.7647057,12.372549,5.2794118,3.6209149,1.7426471,2018,.89837736,.53078425,.94370842,.64420581,.93331367,.615394,1.0262074,.73698753,1.0333333,.72592592,1.0147059,.75098038
3047802,fc-girondins-bordeaux,40,1,fc-stade-rennes,273,1,0,0,0,0,8.6339865,6.8039217,3.6535947,3.0522876,2018,.67622745,.51788551,.69950932,.54521215,.74567252,.53816587,.77575237,.59733891,.59629631,.29814816,.85882354,.66666669
3047803,sm-caen,1162,0,as-saint-etienne,618,5,0,4.7222223,0,2.3888888,4.4183006,6.1176472,.98692811,2.4705882,2018,.75960004,.44800669,.59993839,.37365913,.70876503,.36745131,.5107975,.32701778,.77499998,.43125001,.61025643,.31282052
3047804,ea-guingamp,855,1,fco-dijon,2969,0,13.277778,0,4.3888888,0,11.90196,15.732026,3.7647059,4.7777777,2018,.54277611,.29315948,.87393224,.47400039,.6055491,.32366922,.90167999,.47597003,.7361111,.4074074,1.0555556,.4074074
3047805,osc-lille,1082,0,as-monaco,162,1,6.8333335,16.277779,2.0555556,10.611111,4.8888888,2.856209,1.4836601,1.8888888,2018,.66489607,.3336089,1.1347431,.79291654,.69176894,.37167847,1.0952201,.72003627,1.0016534,.69074076,1.1810185,.67592591
3047806,olympique-lyon,1041,3,hsc-montpellier,969,2,35.722221,14.722222,21.055555,4.2222223,15,11.444445,9.013072,3.6797385,2018,.87874758,.5953232,.7321595,.3670876,.90812051,.64908612,.6948812,.32503006,1.4148148,1.0825397,.73055553,.3351852
3047807,ogc-nizza,417,1,fc-toulouse,415,1,0,4.7777777,0,1.5555556,9.8104572,11,4.0653596,2.6862745,2018,.35783067,.20305167,.85238302,.58063793,.39532182,.2166252,.75672418,.5462938,.25410053,.23941799,.59583336,.58437502
3047808,olympique-nimes,1160,2,racing-strassburg,667,2,0,11.888889,0,2.6111112,.13725491,2.7516339,.026143791,.54248369,2018,1.2267513,.64546859,.75876516,.44975221,1.4948953,.84466493,.82433474,.50455183,1.3194444,.72222221,.89509803,.49509802
3047809,fc-paris-saint-germain,583,3,olympique-marseille,244,1,0,38.111111,0,20.5,15.189543,18.522877,11.196078,9.8888893,2018,.83606106,.79186285,.92085618,.79520386,.87795669,.79778957,.97069204,.75577742,1.0101852,.88055557,1.2526455,.84444445
3047810,stade-reims,1421,1,fc-nantes,995,0,.11111111,0,.055555556,0,.084967323,5.2483659,.026143791,1.9477124,2018,.7870425,.44998449,.58748651,.35402876,.83221829,.57254463,.57669163,.40441906,1.0457983,.70588237,.4912037,.40343916
3047811,sc-amiens,1416,0,fc-girondins-bordeaux,40,0,15.5,0,5.1111112,0,6.1045752,8.9215689,2.1045752,3.7973857,2018,.84815967,.52325362,.70293367,.5115847,.87480688,.55799592,.77777094,.51099914,.99509805,.64803922,.63137257,.31568629
3047812,fco-dijon,2969,0,ogc-nizza,417,1,0,0,0,0,12.281046,6.4640522,3.6928105,2.6339869,2018,.72850847,.39940831,.37980965,.1744042,.79134047,.40685627,.40562981,.16891034,.98148149,.33333334,.24122024,.19791667
3047813,olympique-marseille,244,2,sco-angers,1420,2,40.611111,35.611111,21.666666,11.111111,18.673203,11.660131,9.9150324,3.5490196,2018,.99771863,.83047724,.77007049,.48762184,1.0561087,.77799964,.79133832,.56777495,1.3574075,.8888889,.93333334,.70740741
3047814,as-monaco,162,0,sm-caen,1162,1,21.666666,0,13.5,0,4.2418299,3.4444444,2.6928105,.72549021,2018,1.1729045,.72624397,.66738296,.42276993,1.1836753,.65784293,.71615535,.38236606,1.3622354,.69259262,.77916664,.44791666
3047815,fc-nantes,995,2,osc-lille,1082,3,0,6.5555553,0,1.8333334,4.4967322,3.5294118,1.5816994,1.0718955,2018,.52587032,.31556723,.61135727,.32765394,.54517454,.36906555,.60804576,.32088482,.48425925,.37962964,.93915343,.61666667
3047816,fc-stade-rennes,273,0,olympique-lyon,1041,1,0,34.277779,0,20.111111,4.2091503,14.960784,1.9150326,8.8169937,2018,.74282211,.50618356,.87166601,.58334714,.80777848,.54610175,.88864434,.61981153,.79583335,.5625,1.4392157,.98935574
3047817,as-saint-etienne,618,2,olympique-nimes,1160,1,5.6111112,0,2.8888888,0,6.7777777,0,2.8104575,0,2018,.72574353,.46062741,1.3577367,.7069667,.6656782,.40814167,1.6547258,.92376286,.57055557,.2711111,1.5,.80392158
3047818,racing-strassburg,667,4,stade-reims,1421,0,9.666667,.11111111,2.1666667,.055555556,1.751634,0,.36601308,0,2018,.73928463,.46375781,.72852063,.41755614,.82881653,.53099906,.78620988,.54418325,.91470587,.53431374,1.0310924,.70588237
3047819,fc-toulouse,415,0,fc-paris-saint-germain,583,1,7.5555553,0,2.6666667,0,8.0326796,10.125,2,7.3583331,2018,.81403005,.45910624,.64853066,.5057655,.74270177,.39812946,.64903229,.51967442,.63556546,.39375001,.70119047,.640625
3047820,sc-amiens,1416,2,as-saint-etienne,618,2,15.5,6.5,5.1111112,3.2777777,6.0784316,9.1633987,2.0784314,3.8496733,2018,.8195582,.51887536,.83694482,.52265751,.85953987,.57144058,.75704724,.45779827,.97685188,.66759259,.67239583,.30416667
3047821,sco-angers,1420,3,fc-stade-rennes,273,3,38,0,11.294118,0,13.860294,7.5620914,3.9191177,3.5424836,2018,.80679035,.50120366,.7573244,.54034549,.89023465,.57019138,.87979275,.6281746,1.0705882,.70980394,.85520834,.58333331
3047822,fc-girondins-bordeaux,40,2,olympique-marseille,244,0,0,44.333332,0,23.388889,9.0588236,22.215687,3.8104575,11.856209,2018,.70293367,.5115847,.91300374,.77566862,.77777094,.51099914,.96884018,.76133293,.63137257,.31568629,1.2111111,.85555553
3047823,ea-guingamp,855,1,as-monaco,162,1,10.888889,16.722221,3.6111112,10.833333,11.215686,3.3398693,3.6601307,2.1241829,2018,.54182678,.2736913,1.1939956,.94260794,.61527133,.30735528,1.1874565,.84152901,.68055558,.3425926,1.0847223,.6703704
3047824,olympique-lyon,1041,1,fco-dijon,2969,3,34.055557,0,20,0,14.196078,9.3137255,8.4313726,2.9673202,2018,.89647245,.58895069,.69523734,.33240518,.93404645,.63696486,.76730168,.32784781,1.4564815,1.0455027,1.0245098,.35294119
3047825,ogc-nizza,417,1,hsc-montpellier,969,0,0,13.666667,0,3.8888888,10.254902,10.856209,4.3921571,3.490196,2018,.52346456,.223885,.7325387,.38855687,.44464517,.24440297,.68848282,.3399992,.26699737,.23941799,.72314817,.31666666
3047826,olympique-nimes,1160,2,sm-caen,1162,0,0,0,0,0,.20261438,3.7777777,.039215688,.82352942,2018,1.3122214,.70102412,.79141802,.45427367,1.5786697,.89096117,.74488044,.3823784,1.4351852,.75925928,.73627448,.40196079
3047827,fc-paris-saint-germain,583,2,racing-strassburg,667,2,0,11.166667,0,2.5,10.091666,2.1699347,7.7249999,.4509804,2018,.67271179,.55845934,.72854704,.4456439,.68459731,.58276963,.82951683,.51661998,.74880952,.71458334,.92941177,.61274511
3047828,stade-reims,1421,1,osc-lille,1082,1,.11111111,6.5555553,.055555556,1.8333334,.019607844,3.8039215,.013071896,1.1241831,2018,.75566995,.44018057,.69656026,.34114599,.8145712,.57254463,.66971505,.3327896,1.0310924,.70588237,.91832012,.5796296
3047829,fc-toulouse,415,1,fc-nantes,995,0,7.5555553,0,2.6666667,0,7.9542484,6.4183006,1.9673202,2.3725491,2018,.77543384,.4390204,.43985844,.28390828,.71258807,.38540527,.40519434,.31916174,.62759101,.40980393,.34596559,.35251322
3047830,sm-caen,1162,0,sco-angers,1420,1,0,37.833332,0,11.444445,3.006536,13.79085,.66013074,4.0457516,2018,.82352048,.48266578,.65844131,.39916033,.7722047,.40627706,.71612591,.44632435,.73541665,.42708334,.88333333,.61481482
3047831,fco-dijon,2969,0,sc-amiens,1416,0,0,15.5,0,5.1111112,13.228758,5.7320261,3.8954248,1.9542483,2018,.81397855,.45496386,.87511379,.51005697,.86541456,.48093033,.90312958,.54921836,1.1111112,.44444445,1.0046296,.6259259
3047832,osc-lille,1082,5,fc-paris-saint-germain,583,1,5.6111112,0,1.6111112,0,3.0915034,10.897058,.93464053,8.2205887,2018,.65163183,.3254714,.73799986,.65246302,.62510228,.32405943,.75413084,.68574399,.94080687,.6240741,.80280113,.82941175
3047833,olympique-marseille,244,2,olympique-nimes,1160,1,41.388889,0,21.888889,0,20.052288,.20261438,10.529411,.039215688,2018,.91024327,.80508041,1.2606341,.69597363,.96305317,.7659626,1.5064474,.88302469,1.2044973,.85555553,1.3907408,.75925928
3047834,as-monaco,162,0,stade-reims,1421,0,22.722221,.11111111,14.722222,.055555556,4.4901962,.084967323,2.8496733,.026143791,2018,1.2743528,.90649682,.59247237,.35194528,1.2777343,.80184644,.58712023,.41568187,1.2196429,.69259262,.63403362,.44117647
3047835,hsc-montpellier,969,2,fc-toulouse,415,1,15.555555,7.5555553,4.4444447,2.6666667,11.849673,7.4509802,3.7516339,1.8562092,2018,.78211135,.45204893,.70403004,.51210332,.75060403,.41901153,.61770177,.45582178,.76944447,.41296297,.58556545,.52812499
3047836,fc-nantes,995,2,olympique-lyon,1041,1,0,36.444443,0,21.388889,5.5816994,17.372549,2.1633987,10.267974,2018,.43179867,.26558563,.90784812,.60561734,.43549642,.30849957,.94515753,.65918714,.37857142,.36764705,1.4703704,1.1010582
3047837,fc-stade-rennes,273,0,ogc-nizza,417,0,0,0,0,0,4.8039217,8.7058821,2.2679739,3.6274509,2018,.83167005,.59703285,.28201157,.15940088,.9458881,.6677171,.28652552,.17495853,.94375002,.61979169,.23789683,.20238096
3047838,as-saint-etienne,618,3,fc-girondins-bordeaux,40,0,5.6111112,0,2.7777777,0,8.5490198,2.1764705,3.5294118,.97385621,2018,.80703408,.53069323,.5377695,.43273085,.72936869,.46583399,.58279186,.46224746,.65055555,.30222222,.50416666,.25729167
3047839,racing-strassburg,667,3,ea-guingamp,855,3,12.888889,9.7222223,2.9444444,3.2777777,3.1503267,12.679739,.69281048,4.0849671,2018,.84501374,.54730618,.54425919,.30249369,.95398068,.60565478,.54346347,.31026536,1.096875,.65104169,.64351851,.2361111
3047840,fco-dijon,2969,3,fc-stade-rennes,273,2,0,0,0,0,11.431373,2.6535947,3.2679739,1.3725491,2018,.83232689,.43981236,.84106207,.62154269,.88624787,.46704143,.960594,.67401963,1.0833334,.41666666,1.00625,.66145831
3047841,ea-guingamp,855,1,olympique-marseille,244,3,9.7222223,38.833332,3.2777777,20.388889,11.24183,18.196079,3.6470587,9.5751638,2018,.54832029,.28573886,.86900437,.76125324,.545147,.29359868,.87439573,.73725891,.60648149,.2175926,1.1230159,.81666666
3047842,olympique-lyon,1041,2,sco-angers,1420,1,39.833332,42,23.277779,12.444445,18.732027,16.960785,10.934641,4.8431373,2018,.89325607,.59208119,.59396797,.42755538,.9318158,.63204062,.6385622,.47363916,1.4518518,1.0640211,.76666665,.68888891
3047843,fc-nantes,995,3,sc-amiens,1416,2,0,14.166667,0,4.6111112,4.1503267,4.7973857,1.4705882,1.5947713,2018,.47217503,.2805891,.74185342,.43742785,.46356484,.31832811,.7701968,.47969186,.35014006,.35294119,.89705884,.54901963
3047844,ogc-nizza,417,0,sm-caen,1162,1,0,0,0,0,8.6339865,4.5098038,3.5620916,.99346405,2018,.29684088,.15849265,.67893767,.31495744,.30411205,.1789712,.71618867,.33099297,.19419643,.17767857,.72500002,.32708332
3047845,olympique-nimes,1160,2,fc-girondins-bordeaux,40,1,0,0,0,0,.20261438,6.4248366,.039215688,2.6339869,2018,1.2606341,.69597363,.65842003,.4917495,1.5064474,.88302469,.73054826,.50647825,1.3907408,.75925928,.57916665,.31979167
3047846,fc-paris-saint-germain,583,3,as-monaco,162,1,0,28.111111,0,17.833334,17.816668,5.7712417,13.291667,3.7777777,2018,1.3986855,1.1237305,1.1499279,.72822601,1.5529796,1.2265717,1.1454631,.65404797,1.678125,1.2895833,1.130754,.55925924
3047847,stade-reims,1421,0,as-saint-etienne,618,2,.11111111,5.6111112,.055555556,2.7777777,.065359481,8.5424833,.013071896,3.5163398,2018,.7099244,.41440243,.85703409,.54944319,.74356282,.51232052,.7793687,.484584,.91344535,.70588237,.69499999,.32444444
3047848,racing-strassburg,667,1,hsc-montpellier,969,3,12.666667,15.555555,2.6111112,4.4444447,3.006536,11.849673,.49673203,3.7516339,2018,.79333115,.49575362,.78211135,.45204893,.87304896,.52707231,.75060403,.41901153,.93796295,.54166669,.76944447,.41296297
3047849,fc-toulouse,415,0,osc-lille,1082,0,7.5555553,7,2.6666667,1.8888888,6.7516341,3.6797385,1.7058823,1.0392157,2018,.80674607,.52514482,.65581954,.33991143,.72729397,.49852747,.65767801,.34390071,.65112042,.57156861,.94609791,.60740739
3047850,sc-amiens,1416,0,racing-strassburg,667,0,12.277778,11.611111,3.9444444,2.5555556,3.6797385,2.4117646,1.1960784,.49019608,2018,1.0743489,.61725497,.6868273,.37701645,1.0813042,.62501204,.83764005,.41918766,1.199074,.72314817,.91470587,.49509802
3047851,sco-angers,1420,1,stade-reims,1421,1,40.722221,.11111111,12.055555,.055555556,15.124183,.084967323,4.2875819,.026143791,2018,.68259233,.44251263,.62640995,.37988731,.74361074,.51014709,.63413209,.45950761,.83888888,.70740741,.65806878,.42592594
3047852,fc-girondins-bordeaux,40,2,olympique-lyon,1041,3,0,41.5,0,24.277779,7.013072,20.771242,2.9084966,12.183006,2018,.56932509,.46103042,.90436715,.61985898,.61924154,.48106709,.94416147,.66290486,.5009259,.28425926,1.4518518,1.0640211
3047853,sm-caen,1162,1,fco-dijon,2969,0,0,0,0,0,3.0915034,10.464052,.67973858,3.1960785,2018,.75534493,.46484348,.83021784,.43644536,.76878309,.40558442,.87632722,.45315257,.74444443,.45555556,1.0925926,.44444445
3047854,osc-lille,1082,5,olympique-nimes,1160,0,5.3888888,0,1.6111112,0,3.137255,.20261438,.94117647,.039215688,2018,.70099252,.35386047,1.2492297,.66769081,.66499239,.34396207,1.5101511,.86080247,.94712883,.60196078,1.4462963,.78703701
3047855,olympique-marseille,244,1,fc-nantes,995,2,37.777779,0,20.444445,0,18.078432,4.6013074,9.8888893,1.8104575,2018,.83491671,.72730261,.52319175,.31515828,.88319206,.67403138,.49016166,.35619879,1.0637566,.72222221,.37374339,.37103173
3047856,hsc-montpellier,969,3,fc-paris-saint-germain,583,2,15.333333,0,4.3333335,0,11.633986,8.9044113,3.6601307,6.6176472,2018,.80062985,.47056744,1.0341885,.95437139,.76912254,.43753007,1.0898981,1.0084651,.78796297,.43148148,1.0460784,.97254902
3047857,ogc-nizza,417,3,ea-guingamp,855,0,0,9.7222223,0,3.2777777,8.666667,14.281046,3.4640522,4.7254901,2018,.3107264,.16531719,.4504942,.26380903,.32336488,.18525021,.43617263,.28602293,.24208683,.21428572,.38425925,.19907407
3047858,fc-stade-rennes,273,2,as-monaco,162,2,0,11.666667,0,7.9444447,7.9673204,2.2614379,3.6339869,1.4771242,2018,.68734783,.4034138,1.1894633,.78149682,.7952345,.47691411,1.1768745,.70350188,.75625002,.46354166,1.3066798,.65925926
3047859,as-saint-etienne,618,2,fc-toulouse,415,0,4.6666665,4.7777777,2.2777777,1.5555556,8.5555553,7.8758168,3.4183006,2.0326798,2018,.86287618,.54583448,.73661029,.47701648,.83389693,.54011267,.65523511,.46911567,.85178572,.38333333,.62759101,.54215688
3047860,fc-girondins-bordeaux,40,0,sco-angers,1420,1,0,34.277779,0,9.9444447,6.6862745,10.398693,2.8104575,2.8039215,2018,.63703942,.50651932,.67131412,.4496555,.70875955,.52557933,.74427211,.52125823,.59901959,.31568629,.83888888,.70740741
3047861,ea-guingamp,855,0,sm-caen,1162,0,15.222222,0,5.1111112,0,19.640522,2.9673202,6.4836602,.61437911,2018,.50951493,.26870552,.76503158,.46928793,.5931915,.2908209,.77378309,.40558442,.69907409,.33333334,.76666665,.45555556
3047862,olympique-lyon,1041,2,osc-lille,1082,2,41.5,6,24.277779,1.6111112,20.568628,2.7712419,12.104575,.75816995,2018,.90436715,.61985898,.68544918,.29670155,.94416147,.66290486,.65666795,.29451799,1.4518518,1.0640211,.98974866,.56296295
3047863,as-monaco,162,2,as-saint-etienne,618,3,22.666666,5.5555553,14.944445,2.7222223,6.1111112,8.320261,4.0980392,3.3921568,2018,1.2053362,.80072755,.82474244,.51298487,1.168938,.72356361,.76270205,.49909291,1.2742724,.7037037,.74531251,.33541667
3047864,hsc-montpellier,969,1,sc-amiens,1416,1,15.333333,14.111111,4.3333335,4.5555553,11.633986,5.013072,3.6601307,1.6405228,2018,.80062985,.47056744,1.1034495,.65627611,.76912254,.43753007,1.1487645,.73413903,.78796297,.43148148,1.2268518,.80648148
3047865,fc-nantes,995,3,fco-dijon,2969,0,0,0,0,0,4.6013074,10.294118,1.8104575,3.0915034,2018,.51814127,.31515828,.7938422,.3913793,.48321721,.35619879,.83774698,.40454143,.38102242,.39285713,1.0185186,.35185185
3047866,fc-paris-saint-germain,583,1,ogc-nizza,417,1,0,0,0,0,14.562092,8.8169937,10.895425,3.6078432,2018,1.1647835,.92670619,.46634138,.17133324,1.2867557,.99556094,.3454237,.19260314,1.2879629,.97037035,.24208683,.21428572
3047867,stade-reims,1421,0,olympique-nimes,1160,3,.11111111,0,.055555556,0,.084967323,.20261438,.026143791,.039215688,2018,.62388474,.36507249,1.1698602,.64546859,.62857652,.43299246,1.3078363,.77985007,.67288357,.4537037,1.1203704,.66666669
3047868,racing-strassburg,667,1,olympique-marseille,244,1,10.333333,39.944443,2.3333333,21.388889,2.509804,18.90196,.52941179,10.215686,2018,.81561518,.53682035,.83767724,.69789088,.92587537,.59565824,.88897908,.66940176,1.0127451,.59313726,1.0703703,.72222221
3047869,fc-toulouse,415,2,fc-stade-rennes,273,2,7.5555553,0,2.6666667,0,10.712419,5.9411764,2.6928105,2.8039215,2018,.81555766,.53426719,.79165798,.5501141,.73577809,.48783228,.87529987,.60364145,.62170869,.53235292,.9470588,.627451
3047870,sc-amiens,1416,0,fc-toulouse,415,0,12.722222,7.5555553,4.1111112,2.6666667,3.986928,8.1437912,1.3137255,2.0196078,2018,1.106095,.67479467,.81504166,.52157974,1.146119,.75001204,.73954886,.4789196,1.2083334,.80648148,.63641459,.54215688
3047871,sco-angers,1420,1,fc-paris-saint-germain,583,2,28.777779,0,8.2222223,0,7.7450981,11.398693,2.0522876,8.4836597,2018,.59724009,.31834236,1.2889664,1.0140078,.64109749,.34533229,1.3812001,1.069635,.78333336,.54074073,1.3805555,1.062963
3047872,sm-caen,1162,3,stade-reims,1421,2,0,.11111111,0,.055555556,2.0457516,.084967323,.47058824,.026143791,2018,.71751088,.43853801,.79722875,.45396137,.71647274,.37207568,.85450244,.58114064,.71666664,.39583334,1.0617725,.7037037
3047873,fco-dijon,2969,2,racing-strassburg,667,1,0,9.333333,0,2,12.039216,2.2745099,3.5751634,.4509804,2018,.69546002,.40795532,.78747666,.47846368,.76945496,.46241182,.86803222,.54488796,1.037037,.42592594,.91470587,.53431374
3047874,osc-lille,1082,1,fc-girondins-bordeaux,40,0,7,0,1.8888888,0,3.6993463,4.0392156,1.0326798,1.9150326,2018,.68730104,.34114599,.44674075,.37386757,.65582615,.3327896,.47389033,.38446969,.91832012,.5796296,.47291666,.25729167
3047875,olympique-marseille,244,0,olympique-lyon,1041,3,38.388889,44.5,20.555555,25.888889,19.59477,22.542484,10.503268,12.954248,2018,.94429815,.79946214,.88711572,.61055559,1.0159081,.78401816,.94639212,.6678291,1.3248677,.87777776,1.4564815,1.0455027
3047876,ogc-nizza,417,1,fc-nantes,995,1,0,0,0,0,7.0457516,5.2483659,2.8039215,1.9477124,2018,.47102052,.18737601,.56910336,.3098385,.36012957,.21466197,.55179113,.35958099,.22002801,.21428572,.50539213,.41246498
3047877,olympique-nimes,1160,1,as-monaco,162,0,0,16.055555,0,11.055555,.20261438,4.4575162,.039215688,3.013072,2018,.97095156,.66769081,1.2053362,.80072755,1.2373998,.85762787,1.168938,.72356361,1.087963,.7037037,1.2742724,.7037037
3047878,fc-stade-rennes,273,1,ea-guingamp,855,1,0,16.117647,0,5.4117646,7.8104577,20.610294,3.6339869,6.7941175,2018,.78177816,.62043697,.47366008,.25819594,.90830642,.69105977,.51311189,.26675156,.86041665,.66666669,.622549,.23529412
3047879,as-saint-etienne,618,0,hsc-montpellier,969,1,4.5,15.333333,2.1666667,4.3333335,4.2810459,11.633986,1.6601307,3.6601307,2018,.73224241,.41759014,.80062985,.47056744,.66174048,.41954747,.76912254,.43753007,.68388891,.29111111,.78796297,.43148148
3047880,fc-girondins-bordeaux,40,0,stade-reims,1421,1,0,.11111111,0,.055555556,5.3921571,.09150327,2.2679739,.026143791,2018,.53418738,.50398695,.73845679,.43239275,.57527536,.5310846,.78836489,.55660957,.5480392,.34509805,1.043254,.77777779
3047881,ea-guingamp,855,2,olympique-nimes,1160,2,7.7777777,0,2.5555556,0,11.862745,.20261438,3.856209,.039215688,2018,.43658644,.22652175,1.1955547,.49546859,.46017072,.22099991,1.4305215,.61318344,.56372547,.19607843,1.3425926,.57407409
3047882,osc-lille,1082,5,sco-angers,1420,0,7.2777777,31,2.1111112,8.7222223,4.4444447,9.8758173,1.3333334,2.5163398,2018,.65026397,.31257457,.57131588,.30550149,.61878914,.30421817,.60108423,.32187551,.90906084,.55185187,.74629629,.52222222
3047883,olympique-lyon,1041,4,sm-caen,1162,0,39.055557,0,22.611111,0,17.143791,2.7712419,9.7843142,.66666669,2018,.72878236,.50253093,.60723263,.41716096,.73932141,.55671799,.52518088,.32658955,1.137037,.89735448,.37604168,.30208334
3047884,as-monaco,162,2,sc-amiens,1416,0,10.277778,13.444445,7,4.3333335,2.3529413,4.4771242,1.5686275,1.4575163,2018,1.3055346,.92393625,.98122728,.63817847,1.2642906,.78352833,1.0646375,.71826601,1.3307539,.72592592,1.0416666,.72314817
3047885,hsc-montpellier,969,1,fc-nantes,995,1,12,0,3.3888888,0,7.8235292,4.8235292,2.4640522,1.745098,2018,.7790249,.46629393,.59760261,.31340942,.74387002,.43753007,.56813103,.34648162,.76574075,.43148148,.47150299,.36532739
3047886,fc-paris-saint-germain,583,4,fco-dijon,2969,0,0,0,0,0,9.2794113,11.568627,6.9044118,3.3398693,2018,1.2037436,.91087162,.81265581,.45033422,1.2940482,.94800329,.86188722,.47299382,1.4998599,1.1117647,1.1111112,.44444445
3047887,as-saint-etienne,618,3,ogc-nizza,417,0,4.7222223,0,2.2777777,0,6.8692808,6.9542484,2.7189543,2.7254901,2018,.66206551,.38789609,.46697015,.20076561,.62959599,.40445784,.36693862,.23265083,.57692307,.23589744,.21937831,.19126984
3047888,racing-strassburg,667,0,fc-stade-rennes,273,2,6.1666665,0,1.3333334,0,1.1176471,6.3006535,.24836601,2.8496733,2018,.74372798,.45188236,.67940521,.5403102,.81980819,.51461643,.75417686,.59733891,.86388886,.50462961,.78333336,.60784316
3047889,fc-toulouse,415,2,olympique-marseille,244,5,7.5555553,37.555557,2.6666667,20.222221,8.6339865,17.928104,2.1699347,9.6993465,2018,.7824927,.52781862,.86306357,.76887852,.68212587,.48248467,.88213384,.76100224,.54523808,.52745098,1.1359788,.8611111
3047890,sc-amiens,1416,2,ea-guingamp,855,1,15.277778,10.294118,4.9444447,3.4705882,4.8039217,16.911764,1.5555556,5.5735292,2018,.96270877,.61348712,.49681053,.32206151,1.0313042,.67382157,.5063383,.36865291,1.0046296,.66759259,.65196079,.41176471
3047891,sco-angers,1420,1,as-saint-etienne,618,1,36.388889,6.3888888,10.5,3.2222223,12.705882,7.9084969,3.4117646,3.4379084,2018,.61645478,.32402003,.81738949,.50907862,.64738053,.33422118,.75308663,.49388459,.78333336,.54074073,.75055557,.32444444
3047892,sm-caen,1162,0,fc-girondins-bordeaux,40,1,0,0,0,0,2.9346404,5.9542484,.68627453,2.7450981,2018,.82352048,.48266578,.54146314,.49346888,.7722047,.40627706,.58683413,.49747938,.73541665,.42708334,.58518517,.33981481
3047893,fco-dijon,2969,2,fc-toulouse,415,1,0,2.9411764,0,1.1764706,12,2.7867646,3.4444444,.67647058,2018,.84514737,.44486284,.8279798,.5577901,.89859354,.46704143,.79517704,.53323919,1.0833334,.41666666,.57454211,.59358972
3047894,olympique-marseille,244,1,hsc-montpellier,969,0,35.555557,15.333333,19.111111,4.3888888,16.287582,10.169934,8.8169937,3.1568627,2018,.98442161,.79946214,.70784158,.44004923,1.0664132,.78401816,.61337209,.38366863,1.3989418,.87777776,.56960785,.38627452
3047895,fc-nantes,995,0,racing-strassburg,667,1,0,8.3529415,0,1.8235294,3.3202615,1.8308823,1.1699346,.375,2018,.44060019,.20582387,.63551587,.43140486,.47144952,.25563672,.62433475,.46645659,.4179365,.33333334,.64019608,.47549018
3047896,ogc-nizza,417,2,as-monaco,162,0,0,5.9444447,0,4,8.8366013,1.3137255,3.5359478,.86274511,2018,.46223044,.19286047,1.2843707,.92101228,.34332749,.21609101,1.2365128,.77956009,.23789683,.20238096,1.3122355,.72592592
3047897,olympique-nimes,1160,2,olympique-lyon,1041,3,0,31.166666,0,18.111111,.20261438,10.849673,.039215688,6.3986926,2018,1.2866081,.69597363,.76236403,.51901966,1.5655383,.89512789,.77211571,.56807572,1.4351852,.76851851,1.1843138,.91092438
3047898,stade-reims,1421,3,fc-paris-saint-germain,583,1,.11111111,0,.055555556,0,.071895428,11.372549,.013071896,8.3856211,2018,.70895183,.41317147,1.1468941,.85848558,.76640719,.52731484,1.2275438,.86974722,.98240739,.81481481,1.4175926,.97962964
3047899,fc-stade-rennes,273,3,osc-lille,1082,1,0,7.4444447,0,2.1111112,7.4052286,3.509804,3.0915034,1.0915033,2018,.73805958,.53420842,.65952325,.31257457,.78454357,.54691875,.63267803,.30421817,.86862743,.60784316,.90906084,.55185187
3093276,hsc-montpellier,969,2,ea-guingamp,855,0,13.666667,15.777778,3.8888888,5.2222223,10.856209,11.20915,3.490196,3.5555556,2018,.7325387,.38855687,.44652596,.24867505,.68848282,.3399992,.51324141,.3037478,.72314817,.31666666,.5324074,.4074074
3195016,as-monaco,162,0,olympique-lyon,1041,3,25.222221,0,13.111111,0,8.1568632,19.267973,2.856209,10.594771,2019,.58509845,.55539143,.82022333,.52559203,.53053558,.49311438,.8809973,.62353498,.28227514,.28333333,.75767195,.56944442
3195017,sco-angers,1420,3,fc-girondins-bordeaux,40,1,49.555557,4.0555553,14.5,.94444442,17.941177,6.3660131,5.2352943,1.7843137,2019,.76914769,.38768825,.78104126,.45535541,.83095485,.45368674,.81951988,.43442383,.71296299,.30555555,.91865081,.31388888
3195018,fco-dijon,2969,1,as-saint-etienne,618,2,0,.77777779,0,.33333334,7.4771242,14.947712,1.9281045,6.8235292,2019,.60827106,.33410904,.91839069,.60850102,.46333927,.19934641,.97574031,.55858588,.44509804,.2009804,1.1453704,.5925926
3195019,osc-lille,1082,2,fc-nantes,995,1,12.555555,0,6.2222223,0,4.7581701,7.0849671,2.4052289,2.5555556,2019,.60222614,.37185282,.36840498,.26056665,.71382976,.46153739,.39469698,.29122204,.99705881,.64705884,.48425925,.3888889
3195020,hsc-montpellier,969,0,fc-stade-rennes,273,1,32.444443,9.1111107,11.611111,3.7222223,17.640522,5.7254901,6.4313726,2.0326798,2019,.58587509,.39546534,.58225691,.47486827,.5366174,.33584556,.57732052,.42348975,.64537036,.3425926,.48627451,.47941175
3195021,ogc-nizza,417,2,sc-amiens,1416,1,23.055555,0,9.1111107,0,19.065359,13.294118,8.1895428,3.5947711,2019,.42074516,.10836118,1.0143943,.62133968,.34198132,.11029742,1.0733762,.64686358,.2888889,.083333336,.84607846,.38235295
3195022,olympique-marseille,244,0,stade-reims,1421,2,0,19.111111,0,6.7222223,27.294117,8.0980396,13.660131,2.8366013,2019,.9292745,.78789479,.47918159,.29219648,.99717808,.77176845,.49239567,.32005349,.7640056,.66176468,.41176471,.2254902
3195023,fc-paris-saint-germain,583,3,olympique-nimes,1160,0,20.277779,8.333333,15.444445,3.1111112,24.339869,4.4705882,18.287582,1.6862745,2019,1.2447584,.93639684,.58887559,.55842072,1.4377873,1.0169109,.67535073,.67680776,1.4691799,1.1304233,.6574074,.56481481
3195024,stade-brest-29,3911,1,fc-toulouse,415,1,0,18.111111,0,4.4444447,.0065359478,10.287581,0,2.6470587,2019,.68272936,.49926168,.5986281,.42005375,.77455539,.59089506,.6775378,.46036839,1.2208333,.86574072,1.2764705,.89215684
3195025,racing-strassburg,667,1,fc-metz,347,1,31.5,0,8.333333,0,16.424837,.95424837,4.6993465,.13071896,2019,.76017362,.54841757,.82843745,.38605121,.80036676,.56726193,.80091053,.43126905,1.0111111,.7638889,1.1138889,.51851851
3195254,fc-metz,347,3,as-monaco,162,0,0,22.117647,0,12.058824,.89542484,4.7794118,.1503268,1.8382353,2019,.84368795,.38605121,.92494339,.52460134,.81515551,.43126905,.94442952,.55757737,1.1138889,.51851851,.752451,.50294119
3195255,fc-toulouse,415,1,fco-dijon,2969,0,18,0,4.2222223,0,12.352942,12.267974,2.9607842,3.1830065,2019,.67750508,.45465583,.59577453,.34517705,.77174461,.49566251,.46158811,.21604939,1.3696078,.92156863,.43425927,.2037037
3195256,olympique-lyon,1041,6,sco-angers,1420,0,0,53.222221,0,15.444445,16.627451,20.960785,9.0849676,6.0718956,2019,.85233009,.55336982,.89942479,.44782934,.91671163,.65131271,.98608303,.52438271,.80396825,.60277778,.82407409,.33333334
3195257,as-saint-etienne,618,1,stade-brest-29,3911,1,.77777779,0,.33333334,0,14.947712,.0065359478,6.8235292,0,2019,.91839069,.60850102,.71447539,.52062917,.97574031,.55858588,.80788869,.6155864,1.1453704,.5925926,1.2486111,.86574072
3195258,olympique-nimes,1160,1,ogc-nizza,417,2,12.722222,19.611111,4.9444447,7.5555553,4.3856211,14.163399,1.6535947,5.647059,2019,.85970891,.64572233,.3856782,.15395105,.98275816,.77680779,.34575799,.15028223,1.6574074,.8425926,.24901961,.098039217
3195259,fc-nantes,995,0,olympique-marseille,244,0,0,0,0,0,7.8431373,27.620914,2.9019608,13.849673,2019,.48174015,.29391524,.92394441,.77190059,.52012432,.33795926,.99270523,.74909443,.68796295,.46296296,.77711642,.64722222
3195260,sc-amiens,1416,1,osc-lille,1082,0,0,13,0,6.5555553,12.503268,5.6732025,3.6143792,2.993464,2019,1.1945604,.76645213,.66444838,.38111207,1.2420653,.76629317,.79463786,.47542626,.95392156,.37254903,1.0712963,.64814812
3195261,fc-girondins-bordeaux,40,1,hsc-montpellier,969,1,4.3333335,32.388889,.94444442,12,9.2875814,17.418301,2.8431373,6.8039217,2019,.69707441,.41308826,.58957881,.4013133,.71917117,.38442382,.54525936,.34378207,.8075397,.28055555,.6564815,.35370371
3195262,stade-reims,1421,0,racing-strassburg,667,0,19.111111,30.777779,6.7222223,8.2222223,8.0980396,15.352942,2.8366013,4.1895423,2019,.47918159,.29219648,.8568505,.58212572,.49239567,.32005349,.9082315,.60218358,.41176471,.2254902,1.1539216,.79411763
3195263,fc-stade-rennes,273,2,fc-paris-saint-germain,583,1,11.055555,17.166666,4.4444447,13.333333,8.3660135,19.48366,2.9411764,14.686275,2019,.57714242,.42798406,1.225762,.90481788,.59512091,.44471562,1.395812,.96135533,.44537038,.34166667,1.4441799,1.0693122
3199377,fc-paris-saint-germain,583,4,fc-toulouse,415,0,17.111111,17,13.333333,4,21.490196,10.45098,16.130718,2.490196,2019,1.1618376,.83663607,.6379143,.44197705,1.3341563,.88992673,.69600928,.47497731,1.3858466,.93042326,1.3191876,.92156863
3199378,sc-amiens,1416,1,fc-nantes,995,2,0,0,0,0,13.869281,6.7647057,3.7385621,2.4836602,2019,.94538069,.60934752,.54331028,.34694555,.95802236,.60228473,.57062936,.37836331,.73425925,.25925925,.71574074,.49074075
3199379,fco-dijon,2969,0,fc-girondins-bordeaux,40,2,0,5,0,1.1111112,7.6339869,10,1.8366013,3.0261438,2019,.37995502,.25455722,.77317089,.45034286,.3208259,.17320262,.81288302,.42609051,.33235294,.21568628,.90939152,.29537037
3199380,sco-angers,1420,3,fc-metz,347,0,58.277779,0,17.111111,0,24.444445,1.0261438,7.0522876,.15686275,2019,.90369833,.44782934,.82843745,.38605121,.98608303,.52438271,.80091053,.43126905,.82407409,.33333334,1.1138889,.51851851
3199381,as-monaco,162,2,olympique-nimes,1160,2,21.388889,5.8333335,11.444445,2.3333333,4.3921571,2.3267975,1.6535947,.83006537,2019,1.0723672,.53119516,.77270186,.60463303,1.0107349,.52233601,.89078283,.7630291,.74768519,.36388889,1.6225491,.77450979
3199382,ogc-nizza,417,1,olympique-marseille,244,2,21.722221,0,8.3888893,0,16.588236,28.366013,6.4509802,13.986928,2019,.55276507,.16970736,.85084313,.71142417,.41683644,.15273322,.92364866,.68727642,.45490196,.12745099,.64635855,.50882351
3199383,osc-lille,1082,3,as-saint-etienne,618,0,18.666666,.77777779,10.111111,.33333334,7.4575162,16.333334,4.3006535,7.5032678,2019,.68591768,.40484944,.91269267,.59692693,.81647587,.4980413,.96085286,.53366756,1.0898148,.6574074,1.187037,.63425928
3199384,hsc-montpellier,969,1,olympique-lyon,1041,0,25.555555,0,9.333333,0,13.130719,16.588236,5.1568627,9.0849676,2019,.66987759,.44369221,.83116609,.54940158,.6064266,.37850428,.89412308,.64490247,.78611112,.48333332,.84100527,.65277779
3199385,racing-strassburg,667,0,fc-stade-rennes,273,2,25.555555,3.3333333,6.6666665,1.2777778,10.679739,7.4967322,2.8104575,2.5294118,2019,.7628358,.36155173,.57714242,.42798406,.80249596,.40792525,.59512091,.44471562,1.0072917,.57291669,.44537038,.34166667
3199386,stade-brest-29,3911,1,stade-reims,1421,0,0,18.277779,0,6.4444447,.0065359478,7.1437907,0,2.5294118,2019,.7281763,.54428524,.46815217,.2891407,.85197705,.65879631,.48945451,.32540107,1.5125,.93981481,.41176471,.2254902
3199387,sco-angers,1420,2,fco-dijon,2969,0,55.944443,0,16.444445,0,22.431372,8.679739,6.4379086,2.1633987,2019,.9543156,.53116268,.41405812,.2499593,1.0257655,.61168432,.35531706,.171415,.87962961,.47222221,.41018519,.22777778
3199388,fc-toulouse,415,2,sc-amiens,1416,0,15.777778,0,3.7222223,0,8.0849676,10.359477,1.8562092,2.4836602,2019,.58660161,.38567674,.76000059,.54918957,.64146912,.41684365,.75695401,.5444144,1.1903439,.75925928,.48425925,.18518518
3199389,stade-reims,1421,2,osc-lille,1082,0,17.055555,18,5.9444447,9.6111107,6.346405,6.0849671,2.2745099,3.4052289,2019,.51859927,.28363901,.67184359,.40088117,.52832007,.31559715,.77816546,.48878205,.49019608,.30392158,1.0296296,.6388889
3199390,fc-stade-rennes,273,1,ogc-nizza,417,2,10.277778,17.388889,4.1666665,6.3888888,10.091503,10.058824,3.7712419,3.6601307,2019,.68463033,.48517358,.43214387,.17454481,.69479412,.48638228,.3888889,.16302733,.5472222,.35555556,.44583333,.11979166
3199391,fc-nantes,995,1,hsc-montpellier,969,0,0,32.055557,0,11.888889,5.3790851,17.326797,2.0784314,6.8104577,2019,.49070546,.26717347,.59275341,.41302353,.52290207,.29194355,.54525936,.35271063,.65555555,.37962964,.80462962,.48333332
3199392,olympique-lyon,1041,1,fc-girondins-bordeaux,40,1,0,4.1111112,0,.8888889,16.026144,7.2745099,8.7843142,2.0588236,2019,.83596975,.55777901,.68055391,.40703148,.89180827,.64721727,.70011848,.37053496,.84100527,.65277779,.77976191,.26203704
3199393,olympique-marseille,244,1,as-saint-etienne,618,0,0,.77777779,0,.33333334,29.875816,14.058824,14.941176,6.352941,2019,1.0565202,.87838209,.83459437,.55477697,1.2559628,.91660285,.89813888,.52187949,1.0787038,.81388891,1.0064815,.64814812
3199394,olympique-nimes,1160,3,stade-brest-29,3911,0,10.111111,0,3.8333333,0,2.6013072,.0065359478,.92810458,0,2019,.84535146,.63134241,.72262079,.54341382,.98337543,.79918432,.84734738,.65262347,1.6435186,.82407409,1.4615741,.93981481
3199395,fc-metz,347,0,fc-paris-saint-germain,583,2,0,16.833334,0,12.666667,.95424837,17.79085,.13071896,13.156863,2019,.82843745,.38605121,.7152797,.68313295,.80091053,.43126905,.71719497,.63939762,1.1138889,.51851851,.63121694,.58412701
3199396,racing-strassburg,667,2,as-monaco,162,2,26.5,14.444445,7.1666665,7.3333335,14.045752,3.1111112,4.1372547,1.1045752,2019,.80292892,.55144387,1.0566725,.55433708,.86061245,.60890627,.97416735,.54956663,1.0852941,.81372547,.7662037,.41944444
3199397,fco-dijon,2969,0,olympique-nimes,1160,0,0,10.111111,0,3.8333333,4.3725491,2.5163398,1.0196079,.90196079,2019,.35850257,.17493556,.81664664,.51915896,.32383558,.1390076,.97119302,.65992063,.43240741,.22777778,1.7760416,.83333331
3199398,fc-nantes,995,1,stade-reims,1421,0,0,13.055555,0,4.3333335,3.6797385,5.4640522,1.3660131,1.7647059,2019,.54972053,.33397242,.55336821,.27943733,.57012433,.3474991,.55184948,.28933665,.71574074,.49074075,.60294116,.30392158
3199399,hsc-montpellier,969,2,ogc-nizza,417,1,33.388889,18.055555,12.111111,6.8333335,18.712418,7.3333335,7.1437907,2.7124183,2019,.76497561,.5297246,.63846201,.25371474,.70019764,.46779001,.64973146,.27328843,.89537036,.5925926,.82549018,.2647059
3199400,stade-brest-29,3911,0,fc-stade-rennes,273,0,0,8.6111107,0,3.3333333,.0065359478,9.1111107,0,3.5555556,2019,.68844008,.47450247,.75303268,.58689779,.79946381,.57469136,.79618949,.5855239,1.2486111,.86574072,.70833331,.65277779
3199401,as-monaco,162,3,olympique-marseille,244,4,15.611111,0,8.3888893,0,3.5228758,19.620914,1.254902,9.6993465,2019,1.090331,.67666996,1.2970926,.94056159,1.019364,.65382773,1.3812153,.93680489,.80376983,.47962964,1.1898148,.85092592
3199402,as-saint-etienne,618,2,fc-toulouse,415,2,.77777779,18.111111,.33333334,3.9444444,18.019608,11.444445,8.1960783,2.8235295,2019,.9575848,.61842161,.65319926,.43204266,1.0016878,.56779456,.74623102,.4723992,1.2759259,.74537039,1.301455,.87037039
3199403,osc-lille,1082,2,sco-angers,1420,1,17,54.222221,9.0555553,15.666667,7.3660131,21.130718,4.1111112,6.0915031,2019,.54795468,.27819601,.83780861,.41387871,.64045501,.34526354,.91280264,.48999119,1.0803921,.65686274,.7962963,.41666666
3199404,fc-girondins-bordeaux,40,2,fc-metz,347,0,5.1666665,0,1.1111112,0,11.124183,.90849674,3.3464053,.19607843,2019,.74126822,.39378482,.77995259,.33376363,.76242006,.32381779,.77893251,.38365,.87169313,.21203704,1.0027778,.4074074
3199405,sc-amiens,1416,2,olympique-lyon,1041,2,0,0,0,0,7.9215684,15.601307,2.006536,8.4836597,2019,.68107641,.50659692,.81630886,.53238219,.63860166,.4650934,.88561541,.6416617,.54351854,.20925926,.86746031,.68611109
3199406,fc-paris-saint-germain,583,1,racing-strassburg,667,0,12.722222,29.777779,9.5,7.7777777,9.320261,15.993464,7.0849671,4.2222223,2019,1.4016507,1.0558439,.7858817,.52821553,1.3062723,1.0001984,.82999641,.58548379,1.0133598,.83134919,1.025,.74537039
3199407,stade-reims,1421,0,as-monaco,162,0,15.055555,23.444445,5.0555553,12.944445,6.7973857,4.9346404,2.1699347,1.9411764,2019,.6291852,.3206138,.80471843,.56528229,.63420242,.32021901,.81815791,.57233423,.70098037,.34313726,.58882272,.43148148
3199408,fc-metz,347,1,sc-amiens,1416,2,0,0,0,0,.90849674,10.078431,.19607843,2.6797385,2019,.7737366,.33376363,.76463419,.5171271,.72161329,.35190398,.75094736,.49104136,1.0583333,.42592594,.38611111,.20925926
3199409,olympique-lyon,1041,0,fc-paris-saint-germain,583,1,0,14.611111,0,11.111111,11.372549,13.477124,6.2026143,10.104575,2019,.83116609,.54940158,1.1910446,.8660292,.89412308,.64490247,1.1096191,.84826005,.84100527,.65277779,.94126981,.65542328
3199410,fc-girondins-bordeaux,40,2,stade-brest-29,3911,2,5.2777777,0,1.1111112,0,9.9281044,.0065359478,2.9411764,0,2019,.6942243,.37650084,.74334592,.498312,.71533012,.34738681,.84176719,.59320986,.85846561,.17870371,1.2893518,.86574072
3199411,racing-strassburg,667,2,fc-nantes,995,1,29.722221,0,7.8333335,0,15.96732,5.3071895,4.1830068,2.0326798,2019,.7858817,.52821553,.52061999,.31809941,.82999641,.58548379,.55623543,.3474991,1.025,.74537039,.67407405,.49074075
3199412,olympique-marseille,244,1,hsc-montpellier,969,1,0,34.277779,0,12.777778,19.620914,21.431372,9.6993465,8.3660135,2019,1.2970926,.94056159,.68696636,.45093203,1.3812153,.93680489,.65297544,.42623156,1.1898148,.85092592,.82314813,.52037036
3199413,olympique-nimes,1160,1,fc-toulouse,415,0,10.111111,18.944445,3.8333333,4.6111112,2.6013072,10.751634,.92810458,2.6862745,2019,.78979588,.49031678,.65723151,.43435746,.93575639,.62325835,.7444194,.4723992,1.7009804,.78431374,1.2945106,.87037039
3199414,sco-angers,1420,4,as-saint-etienne,618,1,54.611111,.77777779,15.833333,.33333334,20.856209,11.75817,5.8692808,5.4052286,2019,1.0005229,.52922016,.89381528,.56430161,1.0992224,.62094355,.95603544,.52031189,1.0648148,.5462963,1.1647059,.73039216
3199415,fc-stade-rennes,273,1,osc-lille,1082,1,8.833333,18.833334,3.5555556,10.166667,9.5098038,9.3986931,3.6862745,5.3071895,2019,.8398155,.64893484,.70859116,.40666822,.87994367,.64562488,.85103703,.53297395,.83055556,.71666664,1.1685185,.69444442
3199416,ogc-nizza,417,2,fco-dijon,2969,1,19.277779,0,7.1666665,0,9.8300657,7.0735292,3.6601307,1.7794118,2019,.6338324,.28380731,.45870388,.21715866,.64510179,.30338103,.38839871,.16679236,.80740738,.32407406,.43823528,.19705883
3199417,as-monaco,162,3,ogc-nizza,417,1,20.333334,19.277779,11.055555,7.1666665,4.2287583,9.8300657,1.5686275,3.6601307,2019,1.1048812,.65935391,.6338324,.28380731,1.0270801,.62666726,.64510179,.30338103,.78525132,.38703704,.80740738,.32407406
3199418,stade-brest-29,3911,2,olympique-lyon,1041,2,0,0,0,0,.0065359478,13.718954,0,7.4183006,2019,.71313149,.50536668,.78450888,.50493479,.8272416,.60941356,.8367157,.58163089,1.2671297,.90277779,.81322753,.56944442
3199419,fc-nantes,995,1,fc-stade-rennes,273,0,0,11.055555,0,4.5555553,4.5686274,10.437908,1.751634,4.0326796,2019,.53023535,.31809941,.85216123,.64352173,.56507379,.3474991,.89383256,.63602895,.69259262,.49074075,.86388886,.73055553
3199420,fc-paris-saint-germain,583,0,stade-reims,1421,2,12.5,15.555555,9.333333,5.2777777,8.039216,3.7189543,5.8758168,1.2614379,2019,1.3003385,.95396799,.56610203,.28728047,1.2193823,.94296908,.57537889,.28933665,1.1404762,.83320105,.65686274,.34313726
3199421,as-saint-etienne,618,0,fc-metz,347,1,.5,0,.16666667,0,6.7843137,.90849674,3.143791,.19607843,2019,.86172974,.55841929,.77995259,.33376363,.91681975,.51295894,.77893251,.38365,1.1352941,.73039216,1.0027778,.4074074
3199422,hsc-montpellier,969,1,olympique-nimes,1160,0,29.611111,10.166667,11.111111,3.8333333,18.130718,2.640523,7.019608,.93464053,2019,.69622564,.45323637,.78979588,.49031678,.63476557,.41164821,.93575639,.62325835,.77685183,.48333332,1.6064814,.74074072
3199423,fco-dijon,2969,0,olympique-marseille,244,0,0,0,0,0,5.352941,16.79085,1.3071896,8.4248362,2019,.53170514,.2662054,1.2722718,.79798955,.48040125,.21308167,1.3798811,.83018744,.58055556,.33888888,1.1911764,.85196078
3199424,fc-toulouse,415,0,sco-angers,1420,2,18.055555,56.611111,4.2222223,16.5,12.732026,22.470589,3.0457516,6.4640522,2019,.6526019,.43435746,.95495605,.44588682,.73978978,.4723992,1.0595398,.53364199,1.289881,.87037039,1.0092592,.4074074
3199425,osc-lille,1082,2,racing-strassburg,667,0,17.555555,22.722221,9.4444447,5.7777777,8.8954248,11.228758,4.986928,2.9084966,2019,.70859116,.40666822,.7235747,.39798465,.85103703,.53297395,.72444081,.41032949,1.1685185,.69444442,.79351854,.35648149
3199426,sc-amiens,1416,1,fc-girondins-bordeaux,40,3,0,4.3333335,0,.94444442,12.862745,6.1503267,3.2287581,1.745098,2019,.64021122,.46422222,.67183369,.36809349,.61230773,.44844878,.69033009,.33462024,.39351851,.20925926,.83928573,.26203704
3199427,ogc-nizza,417,1,osc-lille,1082,1,19.722221,18.888889,7.4444447,10.166667,11.882353,9.986928,4.5294118,5.6013074,2019,.64828539,.28529543,.68198055,.43097377,.66527379,.30148709,.81135446,.53297395,.7953704,.31018519,1.1546296,.69444442
3199428,fc-girondins-bordeaux,40,0,fc-paris-saint-germain,583,1,4.3333335,14.5,.94444442,11.277778,8.3660135,14.03268,2.4771242,10.679739,2019,.76120567,.42982188,1.5882369,1.1407977,.78556818,.37165728,1.6103137,1.1528236,.87632275,.29537037,1.5904762,1.1174604
3199429,sco-angers,1420,1,sc-amiens,1416,1,48.222221,0,13.888889,0,16.464052,9.8627453,4.5490198,2.4379084,2019,.89117539,.4790065,.68928534,.48412964,1.0060686,.57078922,.6956411,.48178211,.87037039,.49074075,.30092594,.17222223
3199430,as-monaco,162,4,stade-brest-29,3911,1,20.888889,0,11.5,0,4.7843137,.0065359478,1.8235294,0,2019,1.0532939,.64447296,.7713325,.51995701,.98811406,.61906993,.90715182,.63024694,.78293651,.47037038,1.5671296,.9212963
3199431,fc-metz,347,2,fc-toulouse,415,2,0,17.277779,0,3.7777777,1.1241831,10.69281,.20915033,2.6339869,2019,.84055865,.37820807,.67201489,.45745695,.81420588,.41738015,.77051908,.5001874,1.0953704,.48148149,1.3584033,.92156863
3199432,olympique-lyon,1041,0,fc-nantes,995,1,0,0,0,0,18.117647,4.5163398,10.006536,1.7385621,2019,.824745,.54413879,.53023535,.31809941,.87593526,.62340778,.56507379,.3474991,.84100527,.65277779,.69259262,.49074075
3199433,racing-strassburg,667,1,hsc-montpellier,969,0,27.333334,32.166668,7.2777777,11.888889,14.96732,18.071896,4.0653596,7.0588236,2019,.7858817,.52821553,.67423487,.41805118,.82999641,.58548379,.616247,.37503207,1.025,.74537039,.80462962,.51111114
3199434,olympique-marseille,244,1,fc-stade-rennes,273,1,0,8.4444447,0,3.2222223,16.79085,9.9019604,8.4248362,3.7385621,2019,1.2722718,.79798955,.80985135,.65181333,1.3798811,.83018744,.83799112,.64670444,1.1911764,.85196078,.84607846,.75882351
3199435,olympique-nimes,1160,0,as-saint-etienne,618,1,10.111111,.5,3.8333333,.16666667,2.6013072,12.143791,.92810458,5.6209149,2019,.78979588,.49031678,.8203494,.53295153,.93575639,.62325835,.87911284,.49140567,1.7009804,.78431374,1.0666667,.68981481
3199436,stade-reims,1421,1,fco-dijon,2969,2,13.444445,0,4.5555553,0,5.4183006,4.8235292,1.7581699,1.1633987,2019,.58374906,.28139812,.58610332,.26886448,.59302592,.2834543,.54521602,.20382242,.65686274,.34313726,.64722222,.33333334
3199437,fc-stade-rennes,273,0,stade-reims,1421,1,10.666667,13.944445,4.2222223,4.7777777,9.9346409,5.8823528,3.7973857,1.9803921,2019,.80985135,.65181333,.56889105,.30128607,.83799112,.64670444,.57390827,.30089128,.84607846,.75882351,.56862748,.28431374
3199438,fco-dijon,2969,1,racing-strassburg,667,0,0,27.277779,0,7.3333335,4.653595,15.045752,1.1045752,4.1045752,2019,.54912639,.2618098,.7858817,.52821553,.50663579,.20999525,.82999641,.58548379,.60555553,.31944445,1.025,.74537039
3199439,sc-amiens,1416,3,olympique-marseille,244,1,0,0,0,0,9.9411764,15.084968,2.5424836,7.6013074,2019,.763668,.49261728,1.2444079,.75387192,.74934477,.48178211,1.3462677,.77136391,.39351851,.20925926,1.1794118,.79313725
3199440,hsc-montpellier,969,3,as-monaco,162,1,33.222221,21,12.333333,11.611111,21.071896,4.7973857,8.1111107,1.8366013,2019,.69894892,.44513452,.91440505,.60654563,.64010745,.40238896,.84806776,.58808702,.80462962,.51111114,.62599206,.41296297
3199441,osc-lille,1082,2,olympique-nimes,1160,2,24.333334,10.111111,12.944445,3.8333333,12.078431,2.5163398,6.7843137,.90196079,2019,.6926828,.42456043,.78979588,.49031678,.82430816,.52757275,.93575639,.62325835,1.1296296,.67592591,1.7009804,.78431374
3199442,fc-paris-saint-germain,583,4,sco-angers,1420,0,12.611111,55.166668,9.5555553,16,9.8169937,21.156862,7.4967322,5.9673204,2019,1.4243779,1.0743625,.90308017,.48755351,1.3380183,1.0258394,1.0184143,.5777337,1.0451058,.85912699,.8888889,.50925928
3199443,fc-toulouse,415,1,fc-girondins-bordeaux,40,3,16.722221,3.8888888,3.7777777,.77777779,10.411765,7.2222223,2.6209149,2.1045752,2019,.657309,.45745695,.74728703,.38947099,.75581324,.5001874,.78863835,.35383198,1.3436974,.92156863,.9292717,.28333333
3199444,stade-brest-29,3911,2,fc-metz,347,0,0,0,0,0,.0065359478,1.0261438,0,.15686275,2019,.78367817,.51995701,.81833643,.3749401,.91613048,.63024694,.7885648,.41738015,1.5819445,.9212963,1.0953704,.48148149
3199445,as-saint-etienne,618,1,olympique-lyon,1041,0,9.6111107,0,3.8333333,0,11.594771,14.568627,5.4117646,8.0784311,2019,.86546028,.5462876,.76858616,.53565013,.86815929,.50731474,.82809573,.61150301,.96481484,.52314812,.74841267,.61666667
3199446,fc-nantes,995,1,ogc-nizza,417,0,0,22.111111,0,8.4444447,4.5163398,15.575164,1.7385621,6.019608,2019,.53023535,.31809941,.6298641,.27923861,.56507379,.3474991,.65330887,.30754769,.69259262,.49074075,.80925924,.33796296
3199447,stade-reims,1421,1,hsc-montpellier,969,0,16.388889,32.111111,5.3888888,11.611111,6.7843137,17.084967,2.1895425,6.4183006,2019,.61645269,.30280194,.70085526,.64786184,.62119114,.30242905,.67784315,.64628929,.66203701,.32407406,.71944445,.76851851
3199448,sco-angers,1420,0,stade-brest-29,3911,1,56.833332,0,16.611111,0,22.61438,0,6.4705882,0,2019,1.0141203,.56962419,.74647874,.4567295,1.1121854,.67418432,.84091246,.52098763,.9537037,.50925928,1.4236112,.71296299
3199449,fc-metz,347,1,fc-nantes,995,0,0,0,0,0,.90196079,1.3006536,.18300654,.55555558,2019,.77744138,.35043031,.5828653,.39647242,.73025525,.38960236,.69394588,.42022637,.93981481,.44444445,.73039216,.51960784
3199450,fc-toulouse,415,2,osc-lille,1082,1,0,19.944445,0,10.333333,9.8562088,9.9150324,2.5359478,5.2614379,2019,.67691684,.45745695,.63800907,.35842288,.77542108,.5001874,.74335581,.43004188,1.3633053,.92156863,1.1078432,.52450979
3199451,ogc-nizza,417,1,fc-paris-saint-germain,583,4,24.055555,15.222222,9.2777777,11.666667,20.535948,19.40523,8.0849676,14.437908,2019,.6043039,.25542909,1.5982016,.99084485,.61561048,.27556115,1.7517158,1.0207011,.62870371,.25462964,1.6346561,1.0702381
3199452,fc-girondins-bordeaux,40,0,as-saint-etienne,618,1,3.8888888,11.222222,.83333331,4.3888888,5.8758168,14.130719,1.7385621,6.4967322,2019,.69266707,.37999824,.78007483,.52971083,.71169764,.34850913,.8243289,.48446122,.85780424,.28055555,1.0388889,.68981481
3199453,olympique-nimes,1160,1,sc-amiens,1416,1,7.5,0,2.8333333,0,1.9281045,7.7320261,.67973858,1.9150326,2019,.52997404,.36247575,.83159679,.46967062,.59220141,.44161999,.80294877,.4378382,.59444445,.43333334,.72395831,.29791668
3199454,olympique-marseille,244,2,racing-strassburg,667,0,0,30.333334,0,8.1111107,16.424837,16.601307,8.1307192,4.6993465,2019,1.0613782,.6937803,.80876529,.55853963,1.1645968,.71398044,.84930855,.6103515,.9537037,.81851852,1.062037,.7638889
3199455,olympique-lyon,1041,0,fco-dijon,2969,0,0,0,0,0,11.862745,6.3790851,6.6143789,1.6078432,2019,.68223375,.39995113,.59125096,.31706011,.72745639,.41959384,.51126546,.22079772,.67433864,.3611111,.55000001,.28611112
3199456,as-monaco,162,3,fc-stade-rennes,273,2,28.611111,10.111111,16.555555,4.0555553,4.6143789,10.444445,2.4183006,4.019608,2019,.86690438,.5462957,.64411843,.41262314,.77527571,.48438331,.67582273,.4202275,.62242061,.4601852,.56764704,.3764706
3199457,racing-strassburg,667,1,ogc-nizza,417,0,29.555555,20.277779,8.333333,7.7777777,16.228758,13.235294,4.8300653,5.4183006,2019,.77776623,.52650613,.38343048,.14652255,.83594877,.58566016,.36693323,.13821548,1.0388889,.76851851,.65490198,.21568628
3199458,fc-stade-rennes,273,3,fc-toulouse,415,2,9.9444447,0,4.0555553,0,9.986928,9.6274509,3.8431373,2.2418301,2019,.7629326,.50071836,.55008477,.39936292,.80180311,.54368687,.62863839,.43906587,.59117645,.34705883,1.1949736,.8425926
3199459,as-saint-etienne,618,2,sc-amiens,1416,2,6.1111112,0,2.5555556,0,13.614379,9.0980396,6.1830068,2.4117646,2019,.75573623,.49796477,.76185644,.52039504,.80845588,.44477868,.74079776,.49104136,1.0166667,.5787037,.40462962,.20925926
3199460,stade-brest-29,3911,2,fco-dijon,2969,0,0,0,0,0,.0065359478,5.2222223,0,1.3006536,2019,.7757417,.51141,.56427795,.28244472,.90501934,.61790121,.52021605,.20999525,1.5541667,.88425928,.61944443,.25
3199461,olympique-lyon,1041,2,fc-metz,347,0,0,0,0,0,12.065359,.39215687,6.7058825,.065359481,2019,.70877862,.47539461,.84551424,.3644262,.71621305,.54449362,.81144673,.38555938,.74656087,.59722221,1.1450981,.52941179
3199462,fc-paris-saint-germain,583,4,olympique-marseille,244,0,15.444445,0,11.833333,0,14.392157,24.418301,10.745098,12.130719,2019,1.5979706,.98171186,1.1878333,.86278379,1.7571546,1.0132734,1.2709459,.86205739,1.6691799,1.1202381,1.0416666,.75833333
3199463,fc-nantes,995,0,as-monaco,162,1,0,27.722221,0,15.388889,3.3137255,5.3921571,1.3071896,2.4771242,2019,.48355523,.35778195,.91440505,.60654563,.57668352,.35058552,.84806776,.58808702,.51862746,.38235295,.62599206,.41296297
3199464,stade-reims,1421,0,olympique-nimes,1160,0,16.388889,7.7222223,5.3888888,2.8333333,6.7843137,2.3725491,2.1895425,.82352942,2019,.61645269,.30280194,.57619256,.3805753,.62119114,.30242905,.66409683,.47103176,.66203701,.32407406,.55729169,.40625
3199465,hsc-montpellier,969,0,sco-angers,1420,0,34,54.611111,12.444445,15.833333,18.281046,21.091503,7.026144,5.980392,2019,.75733674,.6439026,1.0005229,.52922016,.74265796,.65490222,1.0992224,.62094355,.99722224,.85185188,1.0648148,.5462963
3199466,osc-lille,1082,3,fc-girondins-bordeaux,40,0,18.222221,4.3333335,9.833333,.94444442,9.1503267,8.3660135,5.1241832,2.4771242,2019,.69800913,.40137723,.76120567,.42982188,.8504265,.52834433,.78556818,.37165728,1.1407408,.67592591,.87632275,.29537037
3199467,fc-girondins-bordeaux,40,2,fc-nantes,995,0,4,0,.94444442,0,9.013072,2.856209,2.6862745,1.0980393,2019,.79658931,.47426632,.58348262,.38445744,.82677191,.43226334,.70859236,.42578194,.9001323,.29537037,.71862745,.51960784
3199468,olympique-nimes,1160,0,fc-stade-rennes,273,1,10.111111,9.166667,3.8333333,3.7222223,2.6013072,7.1372547,.92810458,2.640523,2019,.84360743,.66007686,.78073263,.56880015,.97063279,.83443046,.81975853,.59086299,1.7401961,.872549,.69722223,.5777778
3199469,olympique-marseille,244,2,osc-lille,1082,1,0,19.555555,0,10.555555,24.169935,10.281046,11.986928,5.7647057,2019,1.1878333,.86278379,.67139852,.42568278,1.2709459,.86205739,.81074399,.52834433,1.0416666,.75833333,1.1268518,.67592591
3199470,as-saint-etienne,618,1,as-monaco,162,0,16.333334,26.5,6.5,14.166667,11.176471,5.2287583,5.1503267,2.1699347,2019,.73855925,.53601474,.80438679,.51833975,.79614025,.56223899,.78034115,.526667,.84907407,.69907409,.63525134,.50648147
3199471,fc-metz,347,2,hsc-montpellier,969,2,0,31.222221,0,11.5,1.2679739,15.797385,.22222222,6.1503267,2019,.77713817,.33133796,.77585524,.63464332,.71994346,.35299635,.76117647,.64564294,1.1009804,.43137255,1.025,.85185188
3199472,fc-toulouse,415,2,olympique-lyon,1041,3,0,0,0,0,7.6078429,9.9477119,1.7385621,5.3921571,2019,.56563598,.38924143,.81182086,.55495715,.64881045,.43127984,.87477785,.65045804,1.2064426,.77450979,.80000001,.68611109
3199473,fco-dijon,2969,2,fc-paris-saint-germain,583,1,0,14.833333,0,11,4.0392156,11.405229,1.0588236,8.1960783,2019,.56242609,.29184642,1.588619,.93951595,.53132719,.22542734,1.7571955,.98364365,.66388887,.3611111,1.6358466,1.1007936
3199474,sco-angers,1420,1,racing-strassburg,667,0,49.888889,29.555555,14.388889,8.333333,18.431372,16.228758,5.2222223,4.8300653,2019,1.0005229,.50144237,.77776623,.52650613,1.1093234,.59007937,.83594877,.58566016,1.037037,.49074075,1.0388889,.76851851
3199475,sc-amiens,1416,1,stade-brest-29,3911,0,0,0,0,0,8.359477,.0065359478,2.2875817,0,2019,.75907868,.49817285,.55955666,.37674713,.73408228,.45929533,.61169726,.44583333,.40462962,.20925926,1.0819445,.70833331
3199476,ogc-nizza,417,2,stade-reims,1421,0,21.944445,15.5,8.4444447,5.2777777,14.013072,6.1045752,5.5490198,1.9607843,2019,.62137645,.25146082,.54484773,.26391304,.64713603,.27976993,.5434134,.27326238,.7953704,.2824074,.56944442,.28703704
3199477,olympique-marseille,244,2,olympique-lyon,1041,1,0,0,0,0,20.254902,10.065359,9.8627453,5.3790851,2019,1.2137593,.87389493,.71920186,.44802532,1.297882,.87013817,.77085286,.48220405,1.0601852,.73981482,.73730159,.47777778
3199478,hsc-montpellier,969,3,fc-toulouse,415,0,25.166666,1.0555556,9.3888893,.27777779,13.653595,8.5163403,5.2875819,2.1241829,2019,.70045841,.62878102,.62330502,.46882662,.68802834,.64002126,.72567058,.51383549,.77685183,.70555556,1.3526785,.97916669
3199479,ogc-nizza,417,1,fc-girondins-bordeaux,40,1,23.333334,4.1666665,9.0555553,.94444442,18.104576,9.5882349,7.0392156,2.8235295,2019,.55729318,.24104416,.78253698,.46237549,.5731321,.26588103,.82522869,.42609051,.56666666,.22222222,.89550263,.28148147
3199480,as-monaco,162,1,fco-dijon,2969,0,21.611111,0,11.166667,0,4.013072,3.9084966,1.5620915,1.0718955,2019,1.0358683,.57655931,.53184813,.30797961,.90343368,.54639202,.4619281,.20600805,.78525132,.45833334,.5147059,.22058824
3199481,fc-stade-rennes,273,3,sc-amiens,1416,1,9.4444447,0,3.6666667,0,7.8496733,12.117647,2.9084966,3.0915034,2019,.69597483,.46568567,.74488115,.50558025,.73268586,.50626701,.7270276,.47622654,.55833334,.32777777,.37685186,.17592593
3199482,osc-lille,1082,0,fc-metz,347,0,21.944445,0,11.5,0,12.69281,1.1111112,6.8758168,.18954249,2019,.6833033,.43073326,.78951943,.32871312,.81795895,.53451717,.72161329,.35190398,1.1268518,.67592591,1.0583333,.42592594
3199483,stade-brest-29,3911,1,fc-paris-saint-germain,583,2,0,16,0,11.888889,.0065359478,16.078432,0,11.888889,2019,.69625682,.44533911,1.3865294,.85898459,.84155941,.55620915,1.4897935,.84660661,1.4828432,.75980395,1.105291,.87579364
3199484,stade-reims,1421,0,sco-angers,1420,0,15.222222,45.333332,5.2222223,13.222222,4.5555553,15.176471,1.4640523,4.3333335,2019,.52928847,.28473949,.81792343,.44359747,.52204585,.27608225,.91431779,.52680779,.4861111,.24074075,.7962963,.43518519
3199485,racing-strassburg,667,4,olympique-nimes,1160,1,30.333334,7.7222223,8.6111107,2.8333333,18.411764,2.3398693,5.4901962,.82352942,2019,.79998845,.53932667,.82195961,.60973746,.85446727,.5935967,.94016552,.75597441,1.0666667,.78703701,1.6813725,.85294116
3199486,fc-nantes,995,2,as-saint-etienne,618,3,0,11.222222,0,4.6666665,4.5555553,15.196078,1.8104575,6.7712417,2019,.5020107,.3011241,.82489079,.58916849,.54234654,.34244859,.91438621,.60450089,.65092593,.49074075,1.1231482,.7638889
3199487,fc-toulouse,415,0,olympique-marseille,244,2,1.0555556,0,.27777779,0,9.2091503,17.895424,2.2352941,9.2091503,2019,.66146827,.45745695,1.3600826,1.01938,.7665084,.5001874,1.4566426,1.0250866,1.3436974,.92156863,1.2696079,1.004902
3199488,fc-paris-saint-germain,583,2,osc-lille,1082,0,14.722222,21.222221,11.5,11.111111,14.071896,10.228758,10.745098,5.5555553,2019,1.8610121,1.1672667,.55235088,.3588638,1.9847009,1.2210776,.61604422,.41260359,1.8599206,1.2952381,.59444445,.52777779
3199489,olympique-lyon,1041,2,ogc-nizza,417,1,0,18.222221,0,7.2777777,12.594771,11.078431,6.9281044,4.5816994,2019,.66506243,.39800018,.5058161,.24699654,.71224475,.4266485,.50445926,.26356623,.65119046,.36666667,.46764705,.2647059
3199490,stade-brest-29,3911,1,fc-nantes,995,1,0,0,0,0,0,2.0718954,0,.74509805,2019,.64621538,.37816969,.46308678,.27496246,.77891946,.4635621,.49478763,.29110551,1.3857843,.59313726,.6564815,.49074075
3199491,fc-girondins-bordeaux,40,2,as-monaco,162,1,3.7777777,27.5,.77777779,14.944445,5.3921571,5.4901962,1.5751634,2.3464053,2019,.60687786,.36467066,.89343554,.62927288,.61925536,.36004111,.82370877,.58623517,.72791004,.2638889,.6371032,.4462963
3199492,fc-metz,347,1,stade-reims,1421,1,0,15.055555,0,5.2777777,1.2679739,5.3267975,.22222222,1.7712418,2019,.8664425,.38426867,.55559206,.2743119,.82655156,.43126905,.56702447,.28159571,1.1138889,.51851851,.62037039,.32407406
3199493,as-saint-etienne,618,0,hsc-montpellier,969,0,1.9444444,31.333334,.55555558,11.5,6,16.69281,2.6274509,6.4575162,2019,.5756017,.44742367,.82029969,.673859,.67544514,.50585425,.79204065,.6853255,.48627451,.37745097,.98796296,.8888889
3199494,sc-amiens,1416,0,racing-strassburg,667,4,0,30.777779,0,8.4444447,10.019608,15.588235,2.5882354,4.4967322,2019,.89272064,.55169499,.7435782,.44723424,.88076693,.5354858,.80221862,.49361873,.60833335,.23148148,1.0018518,.71296299
3199495,sco-angers,1420,1,olympique-nimes,1160,0,45.611111,5.5,13.333333,2,15.51634,2.0915034,4.4705882,.73202616,2019,.79208893,.44054496,.80170065,.61424839,.8640933,.50828922,.91547418,.77140653,.76851851,.4537037,1.6435186,.82407409
3199496,fco-dijon,2969,2,fc-stade-rennes,273,1,0,9.2222223,0,3.6666667,6.2810459,8.0784311,1.6993464,3.1503267,2019,.50949836,.32784647,.713817,.51853561,.42638889,.2170139,.73053294,.49333212,.46041667,.24062499,.62777776,.53611112
3199497,racing-strassburg,667,1,olympique-lyon,1041,2,25.777779,0,7.5,0,14.339869,9.1503267,4.4444447,4.9150329,2019,.78332174,.52890998,.61918849,.36402136,.84057838,.57772368,.67564863,.41712469,1.0481482,.75,.66044974,.36666667
3199498,stade-reims,1421,1,fc-girondins-bordeaux,40,1,18,4.3888888,6.0555553,.94444442,7.4117646,8.4313726,2.5620916,2.4705882,2019,.59662217,.33321884,.47834438,.33548856,.60479063,.34647951,.43964514,.31037781,.58823532,.34313726,.32579365,.18055555
3199499,as-monaco,162,1,fc-paris-saint-germain,583,4,0,10.388889,0,8.166667,5.1176472,9,1.9869281,7,2019,.8967424,.65553808,1.5418955,1.0961802,.849159,.60315436,1.5559682,1.0972884,.62784392,.46481481,1.5177249,1.1111112
3199500,olympique-nimes,1160,1,fc-metz,347,1,6.6666665,0,2.5555556,0,1.4052287,1.0392157,.503268,.1633987,2019,.83146256,.63134241,.8631745,.38426867,.96485692,.79918432,.82227802,.43126905,1.6018518,.82407409,1.1138889,.51851851
3199501,fc-nantes,995,2,fc-toulouse,415,1,0,0,0,0,4.5294118,10.267974,1.7777778,2.6339869,2019,.52470493,.30421051,.66383135,.46446842,.56086504,.34244859,.67519188,.49143144,.69259262,.49074075,1.284874,.92156863
3199502,fc-stade-rennes,273,2,as-saint-etienne,618,1,8,.66666669,3.1111112,.22222222,7.4183006,7.973856,2.640523,3.6993463,2019,.78073263,.56880015,.72032136,.43806332,.81975853,.59086299,.72659487,.41167983,.73823529,.61176473,.67870373,.24537037
3199503,olympique-marseille,244,2,stade-brest-29,3911,1,0,0,0,0,24.313726,0,12.091503,0,2019,1.1989444,.86476791,.74019021,.45521843,1.282057,.85927963,.85372633,.5248366,1.050926,.7490741,1.4926471,.73039216
3199504,hsc-montpellier,969,4,sc-amiens,1416,2,31.294117,0,11.529411,0,16.94853,9.8627453,6.5808825,2.4379084,2019,.83914083,.71349776,.61233127,.4970926,.80921954,.72563875,.6105271,.47252285,1.0166667,.94117647,.34907407,.17222223
3199505,osc-lille,1082,1,fco-dijon,2969,0,19.888889,0,10.777778,0,7.8431373,7.8758168,4.4444447,2.0261438,2019,.65811807,.42171451,.65629429,.36693242,.77260989,.51908511,.58022875,.2484917,1.0388889,.6574074,.65588236,.2647059
3199506,ogc-nizza,417,3,sco-angers,1420,1,17.722221,48.444443,6.8333335,13.777778,8.8104572,16.751635,3.4705882,4.6797385,2019,.66524774,.29659972,.75089151,.42734423,.68340147,.32143658,.83714455,.51423901,.90392154,.37254903,.70588237,.42156863
3199508,fc-paris-saint-germain,583,2,fc-nantes,995,0,13.333333,0,10.388889,0,13.045752,1.5514706,9.8562088,.58823532,2019,1.8895614,1.2006,.46194789,.26615655,2.0143306,1.2581146,.46150419,.27034664,1.8599206,1.3285714,.54215688,.34313726
3199509,fc-girondins-bordeaux,40,6,olympique-nimes,1160,0,4.3888888,6.6666665,.94444442,2.5555556,8.0915031,1.4052287,2.3986928,.503268,2019,.65526235,.36370724,.83146256,.63134241,.63573611,.3230041,.96485692,.79918432,.7054233,.15277778,1.6018518,.82407409
3199510,as-saint-etienne,618,4,ogc-nizza,417,1,6.7222223,17.388889,2.6666667,6.6666665,12.163399,8.0196075,5.5228758,3.137255,2019,.87792975,.64849353,.62468332,.27339065,.94381922,.64681053,.64587343,.29643658,1.0029411,.64705884,.84215689,.32843137
3199511,fco-dijon,2969,2,hsc-montpellier,969,2,0,25.333334,0,9.6111107,4.1437907,12.03268,.96732026,4.8366013,2019,.37917054,.18323837,.83631277,.70765233,.35747755,.12974834,.77882516,.6821509,.47129631,.1388889,.93425924,.83518517
3199512,sc-amiens,1416,1,stade-reims,1421,1,0,11.222222,0,3.8888888,11.274509,3.0653596,2.8431373,1.0457517,2019,.73601466,.45351052,.42609814,.21127263,.67918807,.39227593,.41424671,.21797138,.57129627,.26481482,.36574075,.21296297
3199513,olympique-lyon,1041,0,osc-lille,1082,1,0,18.444445,0,10,15.496732,8.8496733,8.4640522,5.0849671,2019,.85531503,.54251647,.69003731,.42480093,.90602785,.61403829,.82008463,.52602953,.85952383,.60277778,1.1574074,.69444442
3199514,sco-angers,1420,0,olympique-marseille,244,2,52.833332,0,15.333333,0,19.196079,24.248365,5.4248366,12.026144,2019,.74763685,.42582509,1.1878333,.86278379,.86841428,.53011465,1.2709459,.86205739,.75,.4537037,1.0416666,.75833333
3199515,stade-brest-29,3911,5,racing-strassburg,667,0,0,30.444445,0,8.1111107,0,16.941177,0,4.8496733,2019,.67178357,.43207121,.79998845,.53932667,.76959676,.4970679,.85446727,.5935967,1.3203703,.73148149,1.0666667,.78703701
3199516,fc-toulouse,415,1,as-monaco,162,2,0,27.722221,0,15.388889,9.5032682,5.3921571,2.3333333,2.4771242,2019,.71100384,.47341233,.79403466,.56157207,.76277357,.51010561,.78209555,.55778396,1.3436974,.92156863,.57969576,.41296297
3199517,fc-metz,347,0,fc-stade-rennes,273,1,0,8.8888893,0,3.3333333,1.1699346,7.7581701,.16993465,2.9150326,2019,.90325427,.39510801,.78073263,.56880015,.85757542,.44193193,.81975853,.59086299,1.1598039,.50980395,.69722223,.5777778
3199518,olympique-nimes,1160,0,olympique-lyon,1041,4,7.2222223,0,2.8888888,0,1.6535947,12.575164,.67973858,6.8758168,2019,.59657961,.57992786,.77762878,.49092919,.682091,.72904265,.82346612,.54360175,.63333333,.6111111,.76693124,.53333336
3199519,ogc-nizza,417,4,fc-metz,347,1,17.055555,0,6.4444447,0,11.026144,1.1699346,4.2875819,.16993465,2019,.63129711,.27298862,.90325427,.39510801,.64482123,.29429013,.85757542,.44193193,.8990196,.37254903,1.1598039,.50980395
3199520,hsc-montpellier,969,1,fc-paris-saint-germain,583,3,31.333334,13.166667,11.5,10.055555,16.69281,9.1699343,6.4575162,6.973856,2019,.82029969,.673859,1.6233505,1.1464838,.79204065,.6853255,1.6221278,1.1575855,.98796296,.8888889,1.6006614,1.1480159
3199521,fc-stade-rennes,273,2,sco-angers,1420,1,7.8888888,56.777779,2.9444444,16.444445,7.7385621,22.555555,2.7516339,6.2875819,2019,.79263741,.59440047,.75191033,.42582509,.79143608,.61077642,.86841428,.53011465,.77129632,.68888891,.75,.4537037
3199522,stade-reims,1421,3,as-saint-etienne,618,1,14.611111,6.7222223,4.8888888,2.6666667,5.6732025,15.509804,1.9150326,7.0588236,2019,.5873158,.31349429,.86156327,.60131288,.59533685,.32430395,.92092627,.58914143,.68229169,.34375,1.0166667,.62962961
3199523,fc-nantes,995,1,fco-dijon,2969,0,0,0,0,0,3.5686274,2.3398693,1.3986928,.54901963,2019,.51676846,.30421051,.42120972,.21507174,.54697615,.34244859,.38732639,.15291132,.67870373,.49074075,.51770836,.15625
3199524,racing-strassburg,667,4,fc-toulouse,415,2,31.166666,0,8.5555553,0,18.627451,10.078431,5.6078429,2.5294118,2019,.76758105,.51912463,.64695156,.45053652,.81911373,.57137448,.74312985,.48949221,1,.74537039,1.3289917,.92156863
3199525,olympique-marseille,244,3,fc-girondins-bordeaux,40,1,0,4.8888888,0,1.0555556,24.235294,9.9084969,12.052288,2.9346404,2019,.98783332,.79170537,.76705366,.43274584,.95983487,.78335369,.78556818,.37165728,.93981481,.73055553,.87632275,.29537037
3199526,as-monaco,162,3,sc-amiens,1416,0,27.5,0,15.222222,0,5.3267975,9.333333,2.3790851,2.490196,2019,.82531387,.61285412,.77411455,.5459488,.78302145,.57445067,.75416434,.51061809,.5908069,.4462963,.50185186,.2
3199527,osc-lille,1082,1,stade-brest-29,3911,0,20.888889,0,11.444445,0,9.3137255,0,5.3267975,0,2019,.69003731,.42480093,.70700502,.43847555,.82008463,.52602953,.8174082,.50802469,1.1574074,.69444442,1.4375,.72685188
3199528,olympique-nimes,1160,0,fc-nantes,995,1,2.5555556,0,.77777779,0,.77124184,4.5947714,.26143792,1.8169935,2019,.8468467,.66512132,.41668028,.24468671,.96306819,.81922126,.43265992,.2622017,1.8055556,.96666664,.51203704,.3611111
3199529,as-saint-etienne,618,0,fc-paris-saint-germain,583,4,5.4444447,13.944445,2.3333333,10.944445,7.6928105,12.875817,3.4248366,9.8496733,2019,.65807277,.42377573,1.5296097,1.0885383,.74530047,.4343392,1.5909463,1.123723,.76568627,.37254903,1.5599207,1.1035714
3199530,olympique-lyon,1041,0,fc-stade-rennes,273,1,0,8.7222223,0,3.2777777,15.48366,7.9542484,8.2614384,2.8954248,2019,.823569,.49092919,.70930403,.57303298,.87593526,.57376051,.73588049,.59490341,.87804234,.60277778,.68796295,.66111112
3199531,sco-angers,1420,0,as-monaco,162,0,54.611111,27.722221,15.833333,15.388889,21.039215,5.3921571,5.9411764,2.4771242,2019,.89446223,.46749178,.91440505,.60654563,1.0047779,.5733245,.84806776,.58808702,.9537037,.49074075,.62599206,.41296297
3199532,fc-girondins-bordeaux,40,0,racing-strassburg,667,1,4.8888888,32.277779,1.0555556,8.8888893,8.653595,18.673203,2.4183006,5.3856211,2019,.80353373,.47426632,.72057599,.52934051,.83371633,.43226334,.76589638,.58130252,.9001323,.29537037,.94117647,.74509805
3199533,fc-toulouse,415,0,stade-reims,1421,1,1.0555556,16.833334,.27777779,5.8333335,5.6797385,7.2156863,1.385621,2.4313726,2019,.40032926,.33332363,.58109927,.3113701,.4927187,.36534792,.58273178,.33492488,.83333331,.5925926,.622549,.36274511
3199534,osc-lille,1082,2,hsc-montpellier,969,1,20.111111,28.666666,10.888889,10.666667,10.405229,15.477124,5.9084969,5.9542484,2019,.69136006,.42480093,.84807748,.71035135,.81770366,.52602953,.78926289,.68810326,1.1574074,.69444442,.96018517,.8611111
3199535,fc-metz,347,1,olympique-marseille,244,1,0,0,0,0,.1633987,24.169935,.0065359478,11.986928,2019,.87763697,.34245852,1.1878333,.86278379,.850658,.37691873,1.2709459,.86205739,1.1125,.45833334,1.0416666,.75833333
3199536,sc-amiens,1416,1,fco-dijon,2969,1,0,0,0,0,9.0326796,4.4444447,2.3398693,1.1437908,2019,.86096889,.57141179,.57982367,.29905912,.85411686,.55585617,.5303179,.22234792,.49074075,.2,.64411765,.2647059
3199537,stade-brest-29,3911,0,ogc-nizza,417,0,0,18.388889,0,7.2777777,0,12.254902,0,5.019608,2019,.74052018,.48710445,.59988177,.24699654,.87011474,.59012347,.59621012,.26356623,1.5324074,.88425928,.71274507,.28431374
3199538,hsc-montpellier,969,4,stade-brest-29,3911,0,33.388889,0,12.388889,0,18.588236,.0065359478,7.3725491,0,2019,.80363303,.65356314,.56723517,.37083206,.78548795,.67937309,.63699728,.46419752,.98796296,.89999998,.99398148,.55092591
3199539,fco-dijon,2969,2,fc-metz,347,2,0,0,0,0,9.7777777,.70588237,2.5424836,.10457516,2019,.62909275,.36364129,.78712153,.37393829,.56095678,.24857549,.75970489,.43309432,.63055557,.2638889,1.0572916,.52083331
3199540,fc-stade-rennes,273,1,fc-girondins-bordeaux,40,0,8.833333,4,3.3888888,.83333331,6.1372547,9.3398695,2.1241829,2.8104575,2019,.76221412,.55597967,.53293931,.40843228,.80123997,.57571149,.51644951,.36095101,.69722223,.5777778,.31388888,.2212963
3199541,racing-strassburg,667,2,as-saint-etienne,618,1,31.111111,6.1111112,8.7222223,2.5555556,19.61438,7.9150329,5.6666665,3.5359478,2019,.79699278,.53764313,.46921024,.28182605,.84689152,.59606582,.46488124,.25374332,1.0277778,.75925928,.60000002,.30092594
3199542,as-monaco,162,5,osc-lille,1082,1,26.888889,20.5,15.111111,10.611111,4.6732025,10.411765,2.2483661,5.5751634,2019,.90646851,.60227215,.70882457,.39088538,.84343809,.58808702,.83841074,.50884378,.62599206,.41296297,1.1314815,.67592591
3199543,stade-reims,1421,1,olympique-lyon,1041,1,14,0,4.6666665,0,4.993464,11.627451,1.6993464,6.2941175,2019,.57611132,.31676227,.70850724,.39668316,.58273178,.33900985,.7554462,.41905963,.703125,.40625,.67433864,.31111112
3199544,fc-nantes,995,1,sco-angers,1420,2,0,58.944443,0,17.166666,3.0849674,25.078432,1.1960784,7.0980392,2019,.59106296,.33013645,.83021724,.46114257,.63956875,.36808962,.93132114,.57795417,.86851853,.60185188,.8287037,.41666666
3199545,ogc-nizza,417,3,fc-toulouse,415,0,20.277779,0,7.8888888,0,16.372549,6.7450981,6.5751634,1.6078432,2019,.60672891,.28320685,.35067156,.30328941,.6180355,.30333894,.43878353,.33628809,.64259261,.31018519,.78108466,.56481481
3199546,fc-paris-saint-germain,583,4,sc-amiens,1416,1,14.111111,0,11.111111,0,10.411765,10.130719,8.0784311,2.503268,2019,1.658687,1.1716822,.83001649,.48807842,1.6652519,1.1898606,.8206411,.47560927,1.6432539,1.1119047,.50925928,.22777778
3199547,olympique-marseille,244,3,olympique-nimes,1160,1,0,10.166667,0,3.8333333,17.40523,2.5620916,8.7254906,.90196079,2019,1.3572931,.97530049,.84089845,.64560437,1.439545,.95982546,.96605766,.80044353,1.267647,.92058825,1.637255,.85294116
3199548,fc-toulouse,415,2,stade-brest-29,3911,5,0,0,0,0,7.9411764,.0065359478,2.0718954,0,2019,.43273586,.31859729,.68625724,.44556534,.53251851,.35771668,.82159507,.54705882,.88941801,.58333331,1.3367647,.72058821
3199549,sc-amiens,1416,1,hsc-montpellier,969,2,0,27.722221,0,10.277778,12.346405,14.562092,3.2549019,5.6732025,2019,.94488174,.6170314,.82955897,.69878775,.93198961,.59351051,.79358387,.68879771,.79814816,.39444444,.97870368,.87037039
3199550,fc-girondins-bordeaux,40,1,olympique-lyon,1041,2,4,0,.94444442,0,7.9084969,17.019608,2.3267975,9.4444447,2019,.82087159,.50288475,.69942951,.39995113,.83391476,.45695469,.74310052,.41905963,.9325397,.3361111,.63730156,.31111112
3199551,sco-angers,1420,1,ogc-nizza,417,1,54.833332,16.388889,16.055555,6.6111112,21.267973,7.6274509,6.0915031,3.3006537,2019,.87452865,.48826858,.56449813,.24699654,.98610473,.61195147,.61472863,.28208473,.877451,.44117647,.72685188,.30555555
3199552,fc-stade-rennes,273,0,olympique-marseille,244,1,7.6111112,0,2.7777777,0,7.3856211,20.026144,2.6601307,9.7843142,2019,.67491251,.52805942,1.1989444,.85445046,.69884348,.55045897,1.2830672,.85069376,.66960782,.59705883,1.050926,.71203703
3199553,olympique-nimes,1160,2,stade-reims,1421,0,10.111111,14.555555,3.8888888,4.7777777,2.6666667,4.3790851,.95424837,1.4640523,2019,.7847839,.5107556,.43274054,.20121463,.92021263,.64815593,.43646893,.19837262,1.7009804,.78431374,.38425925,.19444445
3199554,fc-metz,347,1,racing-strassburg,667,0,0,26.222221,0,7.0555553,.78431374,12.993464,.18300654,3.7581699,2019,.82654715,.31260863,.55202395,.40135476,.76137596,.3116262,.617055,.4348973,1.0814815,.4074074,.83529413,.67156863
3199555,fco-dijon,2969,1,osc-lille,1082,0,0,18.611111,0,9.9444447,8.3267975,9.2614384,2.1895425,5.1437907,2019,.6121012,.35788265,.54507577,.25141028,.54591501,.23541981,.62934387,.30889991,.59705883,.24411765,1.0296296,.5
3199556,fc-paris-saint-germain,583,3,as-monaco,162,3,16.277779,0,12.722222,0,17.51634,3.6209149,13.398693,1.1633987,2019,1.8617243,1.2010939,.93510222,.65957594,1.986721,1.239596,.83973444,.60104996,1.8525132,1.2878307,.6371032,.4462963
3199557,as-saint-etienne,618,0,fc-nantes,995,2,16.333334,0,6.5,0,5.6601305,1.7189542,2.4183006,.60784316,2019,.58509284,.46518865,.64665812,.3323538,.66279423,.52581227,.65859675,.36836156,.91274512,.76960784,.81481481,.50925928
3199558,stade-brest-29,3911,2,sc-amiens,1416,1,0,0,0,0,.0065359478,7.3202615,0,1.9869281,2019,.7526843,.52204627,.89564234,.55173582,.88958728,.6402778,.87537646,.51230156,1.4847223,.90277779,.67777777,.21851853
3199559,as-monaco,162,1,racing-strassburg,667,3,0,27.055555,0,7.1111112,6.0653596,14.071896,2.6209149,4.0718956,2019,.77968496,.6190061,.62961805,.49870616,.70441437,.56512523,.67591143,.54184979,.57824075,.48888889,.90462965,.7638889
3199560,olympique-marseille,244,0,sco-angers,1420,0,0,57.277779,0,16.333334,13.326797,23.620914,6.7189541,6.6013074,2019,1.227999,.78427505,1.0381297,.57287097,1.3394644,.8294363,1.1424322,.68112874,1.1666666,.88333333,1.0648148,.5462963
3199561,hsc-montpellier,969,2,fco-dijon,2969,1,25.111111,0,9.333333,0,11.705882,7.352941,4.6143789,1.9019607,2019,.82255411,.76398385,.61513263,.36022249,.81079662,.80189294,.55817902,.2501187,1.0046296,.8888889,.63055557,.34166667
3199562,stade-reims,1421,0,fc-metz,347,1,12.777778,0,4.4444447,0,5.1437907,.48366013,1.8235294,.098039217,2019,.44622108,.25700292,.72295922,.2452381,.46067297,.27773321,.70293069,.27194363,.36764705,.24509804,1.027451,.35294119
3199563,fc-nantes,995,0,fc-girondins-bordeaux,40,1,0,3.7777777,0,.77777779,1.9542483,7.1633987,.73202616,2.0849674,2019,.62705028,.3323538,.76572138,.41516542,.64007825,.36836156,.7957812,.37852332,.77314812,.50925928,.9100529,.30833334
3199564,ogc-nizza,417,1,fc-stade-rennes,273,1,20.277779,7.1111112,8.0555553,2.6666667,13.980392,4.5294118,5.5947714,1.7647059,2019,.55358547,.22847803,.65649778,.4621864,.59621012,.26356623,.67497736,.45722103,.67314816,.26851851,.53888887,.42500001
3199565,olympique-lyon,1041,3,fc-toulouse,415,0,0,0,0,0,9.1960783,1.9477124,5.1895423,.503268,2019,.95128137,.48969471,.44331312,.32783881,.98198938,.54405963,.51538181,.35679412,.88730156,.44074073,.89999998,.6111111
3199566,osc-lille,1082,0,fc-paris-saint-germain,583,2,20.555555,11.888889,11.111111,9.2777777,10.79085,9.653595,6.0980392,7.5490198,2019,.53713924,.29902932,1.5765792,1.152498,.6341058,.37556657,1.581354,1.1536375,1.0435185,.6388889,1.5800265,1.1730158
3199567,as-saint-etienne,618,2,olympique-nimes,1160,1,11.833333,5.0555553,4.5,1.7222222,13.117647,1.2941177,5.9019608,.41830066,2019,.63564736,.4655014,.60461068,.39772418,.76201177,.53021282,.72587985,.50917107,.97777778,.78703701,1.4852941,.64705884
3199568,fc-stade-rennes,273,3,fc-nantes,995,2,9.1111107,0,3.6666667,0,7.7189541,1.2745098,3.006536,.41176471,2019,.76155275,.55808586,.58338648,.30272415,.80190134,.58292651,.60767084,.33844703,.69722223,.5777778,.76851851,.50925928
3199569,ogc-nizza,417,2,olympique-lyon,1041,1,14.888889,0,5.8888888,0,6.5228758,8.4575167,2.6274509,4.7647057,2019,.56451851,.32198638,.89225364,.46747249,.56261224,.31427169,.92296159,.52183741,.66388887,.3425926,.80000001,.44074073
3199570,fco-dijon,2969,3,stade-brest-29,3911,0,0,0,0,0,9.4248362,.0065359478,2.4379084,0,2019,.5892067,.34464794,.75413674,.50400263,.51929015,.22851378,.87415516,.60555553,.53055555,.21666667,1.4800926,.86574072
3199571,olympique-nimes,1160,3,as-monaco,162,1,3.5,0,1.2222222,0,.86274511,4.9411764,.26797387,1.8562092,2019,.53516626,.48168007,.83176225,.61711216,.62005973,.5993827,.78344786,.54749703,.48137254,.42156863,.59907407,.4462963
3199572,fc-paris-saint-germain,583,5,hsc-montpellier,969,0,13.5,27.611111,10.277778,10.277778,13.346405,13.379085,10.143791,5.2483659,2019,1.8617768,1.2306734,.79477632,.73457211,1.987259,1.2832671,.77660859,.76022625,1.8272487,1.3174603,.96018517,.83333331
3199573,sco-angers,1420,1,stade-reims,1421,4,55.833332,13.611111,15.888889,4.8333335,22.287582,4.1111112,6.1895423,1.5228758,2019,1.0403726,.5477457,.4127388,.2279267,1.1312028,.64276379,.4341079,.24040404,1.1274509,.57843137,.32291666,.19791667
3199574,racing-strassburg,667,1,osc-lille,1082,2,25.888889,21.333334,6.9444447,11.666667,11.039216,9.7450981,3.1568627,5.5686274,2019,.62660915,.52587533,.52788001,.29902932,.67883617,.5593676,.62855023,.37556657,.8843137,.76960784,1.0435185,.6388889
3199575,sc-amiens,1416,0,fc-toulouse,415,0,0,0,0,0,7.026144,2.3529413,1.9738562,.56862748,2019,.77580106,.52025437,.46939036,.34712344,.75327635,.47438273,.5456984,.37778202,.47407407,.19074073,.95294118,.64705884
3199576,fc-girondins-bordeaux,40,0,olympique-marseille,244,0,4.3333335,0,.8888889,0,8.1699343,24.169935,2.4183006,11.986928,2019,.77686036,.40539101,1.1878333,.86278379,.797104,.34796777,1.2709459,.86205739,.9100529,.25277779,1.0416666,.75833333
3199577,fc-metz,347,3,as-saint-etienne,618,1,0,11.833333,0,4.5,.48366013,12.620915,.098039217,5.6928105,2019,.81054091,.30934066,.74100447,.54922783,.79305416,.34337223,.85276854,.59917027,1.0862745,.41176471,1.0972222,.82407409
3199581,fc-nantes,995,1,fc-paris-saint-germain,583,2,0,14.055555,0,10.555555,2.2418301,13.084968,.83660132,9.7581701,2019,.51394206,.2737118,1.6009799,1.044274,.52896714,.31280601,1.7694535,1.0800265,.5925926,.39814815,1.6291006,1.1544974
3199582,fc-toulouse,415,0,racing-strassburg,667,1,0,22.5,0,6.2222223,2.3006537,10.052288,.54248369,2.9346404,2019,.49178281,.36881864,.71876603,.54693151,.5798046,.40139338,.77393425,.57464641,1.0125,.6875,.98235291,.77450979
3199583,as-saint-etienne,618,0,olympique-marseille,244,2,11.833333,0,4.5,0,14.764706,24.169935,6.7320261,11.986928,2019,.804232,.65232617,1.1878333,.86278379,.91511422,.66167027,1.2709459,.86205739,1.0972222,.85185188,1.0416666,.75833333
3199584,stade-reims,1421,1,ogc-nizza,417,1,15.388889,16.555555,5.3333335,6.5555553,4.7254901,9.3071899,1.5620915,3.7450981,2019,.54463297,.25227332,.52219045,.30462524,.58261406,.28512129,.52789003,.30038279,.41145834,.28125,.61944443,.3287037
3199585,olympique-nimes,1160,2,fco-dijon,2969,0,3.5,0,1.2222222,0,.86274511,5.3921571,.26797387,1.3921568,2019,.51517606,.50161082,.61929929,.33394045,.58594561,.62287581,.57577163,.28322756,.51145834,.44791666,.64166665,.34166667
3199586,hsc-montpellier,969,1,fc-metz,347,1,25.833334,0,9.666667,0,11.973856,.48366013,4.8039217,.098039217,2019,.8503319,.79012764,.760333,.30079365,.83216411,.81578183,.71721643,.3195627,1.0157408,.8888889,1.1450981,.47058824
3199587,osc-lille,1082,1,fc-stade-rennes,273,0,20.055555,7.6111112,10.944445,2.8333333,9.0915031,7.1307192,5.3006535,2.6993463,2019,.56756252,.29902932,.65573263,.51734513,.6682328,.37556657,.68098634,.54252243,1.0574074,.6388889,.66960782,.59705883
3199588,as-monaco,162,1,sco-angers,1420,0,0,55.944443,0,16.277779,4.1895423,22.620914,1.6405228,6.4444447,2019,.87395555,.57075572,.98257411,.51731539,.76853776,.48004368,1.0683582,.60705465,.59179896,.4138889,1.0648148,.5462963
3199589,olympique-lyon,1041,0,sc-amiens,1416,0,0,0,0,0,11.006536,6.5751634,5.9084969,1.745098,2019,.93924147,.47408107,.70256877,.47232407,.97735977,.53480041,.68691832,.44616401,.88730156,.44074073,.31666666,.17222223
3199590,stade-brest-29,3911,1,fc-girondins-bordeaux,40,1,0,3.8333333,0,.77777779,.0065359478,6.013072,0,1.7320261,2019,.73429549,.50699407,.76116371,.45301005,.85748851,.6123457,.79151386,.39241222,1.4384259,.8888889,.93320107,.39166668
3199591,fc-stade-rennes,273,0,stade-brest-29,3911,0,9.0555553,0,3.6666667,0,6.9150329,.0065359478,2.7124183,0,2019,.60187662,.50620025,.71634674,.42795098,.60959846,.51895344,.81582183,.50061727,.60686272,.56274509,1.5310185,.81944442
3199592,fc-paris-saint-germain,583,4,olympique-lyon,1041,2,12.611111,0,9.5555553,0,11.862745,13.464052,8.9019604,7.5686274,2019,1.557705,1.0288068,.86367452,.44207567,1.7382035,1.0720899,.89248323,.48056757,1.6291006,1.196164,.77619046,.37129629
3199593,hsc-montpellier,969,1,as-saint-etienne,618,0,22.111111,11.833333,8.2777777,4.5,8.1895428,7.6339869,3.2352941,3.4575164,2019,.77226365,.72785914,.67048556,.5343945,.75893182,.76408428,.76514173,.58655465,.91851854,.8611111,.80882353,.66666669
3199594,fco-dijon,2969,3,fc-nantes,995,3,0,0,0,0,8.6470585,1.4640523,2.2156863,.52287585,2019,.5915215,.31171823,.53127348,.26974356,.54243827,.2554498,.52534115,.28811467,.58611113,.23055555,.63425928,.37962964
3199595,sco-angers,1420,0,osc-lille,1082,2,55.944443,20.055555,16.277779,10.944445,22.379086,9.0915031,6.3921571,5.3006535,2019,.98257411,.51731539,.58928353,.44230419,1.0683582,.60705465,.66558725,.4619863,1.0648148,.5462963,1.0990741,.8888889
3199596,sc-amiens,1416,1,as-monaco,162,2,0,0,0,0,6.5751634,4.1895423,1.745098,1.6405228,2019,.70256877,.47232407,.87395555,.57075572,.68691832,.44616401,.76853776,.48004368,.31666666,.17222223,.59179896,.4138889
3199597,ogc-nizza,417,1,olympique-nimes,1160,3,16.555555,6.4444447,6.5555553,2.3333333,9.3071899,1.0588236,3.7450981,.33333334,2019,.52219045,.30462524,.74649531,.56980324,.52789003,.30038279,.85611367,.6911298,.61944443,.3287037,.73627448,.68627453
3199598,olympique-marseille,244,1,fc-toulouse,415,0,0,0,0,0,23.836601,1.745098,11.973856,.43137255,2019,1.0859815,.8778165,.437435,.26684496,1.057983,.86946481,.54409027,.32847673,1.0787038,.86944443,.90833336,.625
3199599,fc-metz,347,1,fc-girondins-bordeaux,40,2,0,4.1666665,0,.83333331,.48366013,7.8104577,.098039217,2.3464053,2019,.881248,.36489621,.69281352,.42198551,.84067321,.39099127,.71994346,.37354097,1.137037,.5,.82473546,.36944443
3199600,racing-strassburg,667,3,stade-reims,1421,0,21.055555,12.222222,5.8888888,4.1111112,10.620915,4.2222223,3.1830065,1.4901961,2019,.69704658,.51772541,.44770905,.25166407,.75824797,.56099099,.46759003,.2762942,1.0117648,.79411763,.40625,.28125
3199604,sc-amiens,1416,4,fc-paris-saint-germain,583,4,0,12.888889,0,9.666667,4.0915031,10.653595,1.0849674,7.9281044,2019,.80077189,.47452024,1.28518,.74415499,.78252721,.43705106,1.3760003,.73926538,.54814816,.22777778,.95701057,.70449734
3199605,fc-girondins-bordeaux,40,2,fco-dijon,2969,2,4.3333335,0,.8888889,0,8.1699343,6.6078429,2.4183006,1.6274509,2019,.77306044,.44579503,.63734633,.34515908,.80019039,.39735049,.55669934,.27047625,.95171958,.39166668,.57647061,.32352942
3199606,stade-brest-29,3911,3,as-saint-etienne,618,2,0,16.333334,0,6.5,.0065359478,8.8235292,0,4.0588236,2019,.68776768,.44305071,.62974292,.48982498,.80403733,.53518516,.70680445,.5314309,1.3550926,.7175926,.85277778,.6712963
3199607,fc-nantes,995,0,fc-metz,347,0,0,0,0,0,4.2941175,1.0130719,1.614379,.13725491,2019,.51063454,.340983,.87137145,.37729701,.4615061,.30260572,.82832754,.42571348,.53518516,.39814815,1.1509259,.5
3199608,fc-toulouse,415,0,ogc-nizza,417,2,0,15.222222,0,5.8888888,8.5816994,6.346405,2.0718954,2.5359478,2019,.60874522,.42131323,.54004759,.28836063,.67587566,.46018919,.53357184,.27538279,1.2611111,.8888889,.60833335,.25925925
3199609,olympique-lyon,1041,1,racing-strassburg,667,1,0,19.333334,0,5.2222223,10.614379,8.666667,5.7320261,2.5424836,2019,.97535545,.51093656,.76021665,.57053781,1.0025022,.56257814,.80668014,.58824039,.93174601,.49629629,1.0125,.80208331
3199610,as-monaco,162,1,hsc-montpellier,969,0,0,20.333334,0,7.3888888,3.8366013,8.8627453,1.5098039,3.4117646,2019,.82047325,.53203517,.69963747,.67623878,.75138384,.46205935,.6886456,.69962019,.60568786,.42777777,.75648147,.75925928
3199611,osc-lille,1082,1,olympique-marseille,244,2,16.166666,0,8.666667,0,5.3267975,19.895424,3.0915034,9.973856,2019,.59516066,.41305333,1.194447,.75167269,.64909697,.41092008,1.2960782,.78684372,1.0296296,.83796299,1.125,.81388891
3199612,olympique-nimes,1160,1,sco-angers,1420,0,8.5555553,44.111111,3.1666667,12.611111,2,14.869281,.69281048,4.2745099,2019,.82492667,.50381535,.96921116,.51380908,.94948435,.60044348,1.0536627,.60354811,.85392159,.67647058,1.0294118,.5
3199613,stade-reims,1421,1,fc-stade-rennes,273,0,14.555555,9.1111107,5.0555553,3.7222223,4.2287583,7.5032678,1.503268,2.8823528,2019,.44770905,.25166407,.7146709,.5579139,.46759003,.2762942,.75137347,.60144502,.40625,.28125,.61388886,.60092592
3199619,fc-metz,347,0,olympique-lyon,1041,2,0,0,0,0,.88235295,12.039216,.13071896,6.5424838,2019,.82423288,.33331448,.94304961,.5045163,.80310309,.39298233,.99063134,.59714603,1.128125,.41666666,.97989416,.5796296
3199620,fc-stade-rennes,273,2,olympique-nimes,1160,1,9.5555553,10.166667,3.7222223,3.8333333,9.1176472,2.856209,3.496732,1.0326798,2019,.71633869,.5743627,.82945156,.50984854,.73013163,.60270762,.96255624,.61678338,.65092593,.60092592,.79509807,.63725489
3199621,ogc-nizza,417,2,stade-brest-29,3911,2,16.555555,0,6.5555553,0,8.8169937,.0065359478,3.6013072,0,2019,.55062962,.29420859,.71079123,.42707953,.54872334,.2864939,.81119221,.49444443,.63611114,.28703704,1.4800926,.81944442
3199622,osc-lille,1082,3,fc-toulouse,415,0,19.611111,0,10.722222,0,8.7058821,6.1633987,5.1111112,1.5555556,2019,.59866303,.43613136,.67178816,.44400057,.67193645,.45504189,.7697764,.48295626,1.1018518,.8888889,1.3633053,.92156863
3199623,fco-dijon,2969,1,as-monaco,162,1,0,0,0,0,9.4836597,3.3986928,2.4248366,1.4248366,2019,.68324965,.37145731,.83489126,.52782643,.60384732,.2484917,.7201466,.4250223,.66470587,.24411765,.56124341,.38611111
3199624,as-saint-etienne,618,1,stade-reims,1421,1,16.333334,14.555555,6.5,5.0555553,6.3856211,4.2287583,2.8104575,1.503268,2019,.60659474,.49676943,.44770905,.25166407,.68674272,.5453198,.46759003,.2762942,.80185187,.64351851,.40625,.28125
3199625,olympique-marseille,244,1,fc-nantes,995,3,0,0,0,0,17.915033,4.6797385,8.7712421,1.8169935,2019,1.2637593,.88500601,.6186592,.40050682,1.3518503,.88503718,.58971119,.38285264,1.1731482,.87870371,.71574074,.52777779
3199626,fc-paris-saint-germain,583,4,fc-girondins-bordeaux,40,3,16.5,4.8888888,12.722222,1.0555556,19.875816,12.039216,14.986928,3.7450981,2019,1.865688,1.1923951,.63871557,.39274052,2.0064743,1.2462099,.65756994,.36775717,1.8219577,1.2656084,.8174603,.30648148
3199627,racing-strassburg,667,0,sc-amiens,1416,0,23.555555,0,6.3333335,0,11.366014,6.8366013,3.3137255,1.8758169,2019,.69704658,.51772541,.71806687,.50729138,.75824797,.56099099,.67457265,.4410494,1.0117648,.79411763,.4925926,.20925926
3199628,sco-angers,1420,1,hsc-montpellier,969,0,43.944443,27.277779,12.166667,10.055555,14.653595,13.699347,4.0326796,5.3267975,2019,.85948163,.35591567,.79477632,.76398385,.93577796,.41923437,.78301883,.80189294,.90686274,.46078432,.97685188,.8888889
3199629,olympique-lyon,1041,2,as-saint-etienne,618,0,0,16.333334,0,6.5,11.346405,5.5424838,6.2679739,2.5294118,2019,.86515403,.45233473,.61706674,.52599114,.90531391,.51910377,.70192927,.57739741,.85952383,.51018518,.81372547,.68137252
3199630,sc-amiens,1416,0,fc-metz,347,1,0,0,0,0,4.4313726,1.3267974,1.2418301,.28758171,2019,1.1173173,.67667651,.58729029,.26426461,1.1364554,.64737654,.55262178,.28447971,.87222224,.33888888,.64999998,.3137255
3199631,stade-brest-29,3911,0,sco-angers,1420,1,0,43.777779,0,12.166667,.0065359478,13.248366,0,3.5620916,2019,.71079123,.42707953,.89212543,.3703953,.81119221,.49444443,1.005059,.45894024,1.4800926,.81944442,.97549021,.5
3199632,fc-girondins-bordeaux,40,1,ogc-nizza,417,1,4.3888888,14.666667,.94444442,5.7777777,9.5490198,7.5555553,2.8954248,3.1176472,2019,.76928312,.45893633,.55062962,.29420859,.7844218,.41251025,.54872334,.2864939,.94708997,.29722223,.67352939,.30392158
3199633,fc-paris-saint-germain,583,4,fco-dijon,2969,0,14.166667,0,10.777778,0,13.091503,8.973856,9.6862745,2.2614379,2019,1.5489992,.95651162,.64697516,.33354881,1.7630596,1.0325855,.57042485,.21254399,1.6719577,1.2119048,.59117645,.21470588
3199634,fc-toulouse,415,0,fc-stade-rennes,273,2,0,9.1111107,0,3.6666667,5.8823528,7.6862745,1.5228758,2.9411764,2019,.64674729,.42586982,.78369725,.59995192,.75387305,.47199836,.81258512,.62796015,1.3107142,.8888889,.71574074,.61481482
3199635,as-monaco,162,1,stade-reims,1421,1,0,13.388889,0,4.6666665,3.8366013,3.8431373,1.5098039,1.3333334,2019,.82840973,.53203517,.49235001,.31136444,.75932038,.46205935,.45733073,.35481283,.61957669,.42777777,.44607842,.5
3199636,olympique-nimes,1160,2,olympique-marseille,244,3,6.2777777,0,2.1666667,0,1.1830065,13.633986,.33986929,6.7973857,2019,.72465038,.48496613,1.2744805,.87667269,.828834,.58648586,1.3571413,.86281496,.85392159,.63725489,1.199074,.87870371
3199637,hsc-montpellier,969,3,racing-strassburg,667,0,27.611111,21.666666,10.277778,6,13.745098,10.843137,5.3986926,3.2614379,2019,.84379596,.77276653,.71469361,.52949011,.8236171,.79263365,.76665133,.56939435,1.0157408,.8888889,1.0117648,.79411763
3199638,fc-nantes,995,0,osc-lille,1082,1,0,18.333334,0,10,4.6797385,7.7843137,1.8169935,4.5816994,2019,.6186592,.40050682,.61589414,.41799864,.58971119,.38285264,.70526981,.4619863,.71574074,.52777779,1.112963,.8888889
3199639,ogc-nizza,417,2,as-monaco,162,1,16.555555,0,6.5555553,0,9.2026148,4.1895423,3.6993463,1.6209151,2019,.55062962,.29420859,.8793357,.56486344,.54872334,.2864939,.77997565,.48057786,.63611114,.28703704,.60568786,.42777777
3199641,fco-dijon,2969,2,fc-toulouse,415,1,0,0,0,0,10.921569,4.0784316,2.8039215,1.0718955,2019,.63030851,.3513467,.62206239,.32133231,.56160128,.22888386,.76137304,.39752209,.59411764,.22941177,1.2456583,.7647059
3199642,osc-lille,1082,1,olympique-lyon,1041,0,18.166666,0,9.7777777,0,7.2745099,9.7843142,4.1960783,5.2679739,2019,.60935819,.42147085,.93140417,.5052166,.67749202,.43168327,.98523015,.60409051,1.0759259,.87037039,.94285715,.5796296
3199643,as-saint-etienne,618,1,fc-girondins-bordeaux,40,1,5.7777777,4.2222223,2.3333333,.8888889,4.2614379,7.3006535,1.8431373,2.2810457,2019,.63159478,.47338077,.65351319,.36865044,.72026843,.5083068,.66584563,.35591653,.80185187,.55092591,.91402113,.33333334
3199644,sco-angers,1420,2,fc-nantes,995,0,46.111111,0,13.333333,0,17.464052,4.2745099,5.026144,1.614379,2019,.86644852,.44980705,.61763042,.36145085,.98372805,.57191879,.56092131,.32397324,.82843137,.36274511,.6240741,.39814815
3199645,olympique-marseille,244,2,sc-amiens,1416,2,0,0,0,0,25.967319,4.9346404,12.777778,1.3986928,2019,1.3186414,.92465252,1.0312063,.66047275,1.5310137,.98278385,1.0346035,.63256174,1.3583333,.9527778,.71481484,.32037038
3199646,fc-metz,347,2,olympique-nimes,1160,1,0,5.0555553,0,1.7222222,.67973858,2.143791,.15686275,.71895427,2019,.59577793,.23995906,.7868197,.50206017,.53410321,.2358686,.9152537,.61426365,.63529414,.3137255,.83425927,.60185188
3199647,fc-stade-rennes,273,5,hsc-montpellier,969,0,9.833333,31.222221,3.8333333,11.5,8.9673204,16.026144,3.4640522,6.2614379,2019,.6885609,.5465849,.82527745,.78202581,.70235384,.57492983,.80972821,.80652255,.65092593,.60092592,1.0157408,.91666669
3199648,stade-reims,1421,1,stade-brest-29,3911,0,10.277778,0,3.4444444,0,3.0588236,.0065359478,1.0130719,0,2019,.41089019,.28677711,.63093013,.35670915,.37896946,.3545928,.72533363,.40555555,.30729166,.46875,1.2763889,.63425928
